external_id,module_number,chapter_number,chapter_title,objective_code,concept_code,question_family_code,question_type,question_style,difficulty,cognitive_level,question_text,choice_a,choice_b,choice_c,choice_d,correct_letter,short_explanation,explanation,choice_a_explanation,choice_b_explanation,choice_c_explanation,choice_d_explanation,memory_aid,remediation_text,source_document,source_pages,source_reference_text,visual_priority,visual_type,visual_display_mode,visual_asset_key,visual_group,visual_file_name,visual_storage_path,visual_status,show_visual_button,visual_brief,visual_caption,visual_alt_text,exam_likeness,distractor_difficulty,eligible_for_final_exam,final_exam_weight,content_origin,style_reference,review_status,reinforcement_question_ids,estimated_time_seconds,package_code
AD-M6-Q001,6,1,Unmanned Spacecraft,AD6-1-satellite_definition,AD6-1-satellite_definition,AD6-1-satellite_definition,multiple_choice,direct_exam_style,medium,recall,Which answer best matches this description: a natural or artificial object in space that orbits Earth?,satellite definition,a spacecraft that must carry a human crew,an object that can only orbit the Sun,a launch vehicle that always leaves Earth orbit,A,A natural or artificial object in space that orbits earth.,Satellite definition is the best answer because it refers to a natural or artificial object in space that orbits Earth.,Correct. A natural or artificial object in space that orbits earth.,"Not this one. A spacecraft that must carry a human crew is a related Module 6 term or fact, but it does not match the specific description. A natural or artificial object in space that orbits earth.","Not this one. An object that can only orbit the sun is a related Module 6 term or fact, but it does not match the specific description. A natural or artificial object in space that orbits earth.","Not this one. A launch vehicle that always leaves earth orbit is a related Module 6 term or fact, but it does not match the specific description. A natural or artificial object in space that orbits earth.",Satellite = an attendant that orbits.,"Review Module 6, Chapter 1, pages 1-2. Then explain satellite definition without looking at the choices.",Aerospace Dimensions Module 6: Spacecraft,1-2,"Module 6, Chapter 1, pages 1-2",high,educational_infographic,optional_after_answer,module6_spacecraft_basics,module6_spacecraft_basics,module6_spacecraft_basics.png,/assets/cap-visuals/module6_spacecraft_basics.png,approved,true,"Satellites, orbit, apogee, perigee, satellite types, probes, and Sputnik.","Satellites, orbit, apogee, perigee, satellite types, probes, and Sputnik.","Satellites, orbit, apogee, perigee, satellite types, probes, and Sputnik.",high,close,true,1.0,original_textbook_grounded,Mitchell_Aerospace_sample_style_analysis,draft,AD-M6-Q002,35,AD_M6_100
AD-M6-Q002,6,1,Unmanned Spacecraft,AD6-1-satellite_definition,AD6-1-satellite_definition,AD6-1-satellite_definition,multiple_choice,brief_application,medium_hard,application,"Which concept or answer best fits this situation? The Moon circles Earth naturally, while thousands of human-made objects also circle Earth.",an object that can only orbit the Sun,satellite definition,a launch vehicle that always leaves Earth orbit,a spacecraft that must carry a human crew,B,A natural or artificial object in space that orbits earth.,Satellite definition is the best answer because it refers to a natural or artificial object in space that orbits Earth.,"Not this one. An object that can only orbit the sun is a related Module 6 term or fact, but it does not match the specific description. A natural or artificial object in space that orbits earth.",Correct. A natural or artificial object in space that orbits earth.,"Not this one. A launch vehicle that always leaves earth orbit is a related Module 6 term or fact, but it does not match the specific description. A natural or artificial object in space that orbits earth.","Not this one. A spacecraft that must carry a human crew is a related Module 6 term or fact, but it does not match the specific description. A natural or artificial object in space that orbits earth.",Satellite = an attendant that orbits.,"Review Module 6, Chapter 1, pages 1-2. Then explain satellite definition without looking at the choices.",Aerospace Dimensions Module 6: Spacecraft,1-2,"Module 6, Chapter 1, pages 1-2",high,educational_infographic,optional_after_answer,module6_spacecraft_basics,module6_spacecraft_basics,module6_spacecraft_basics.png,/assets/cap-visuals/module6_spacecraft_basics.png,approved,true,"Satellites, orbit, apogee, perigee, satellite types, probes, and Sputnik.","Satellites, orbit, apogee, perigee, satellite types, probes, and Sputnik.","Satellites, orbit, apogee, perigee, satellite types, probes, and Sputnik.",high,close,false,0.8,original_textbook_grounded,Mitchell_Aerospace_sample_style_analysis,draft,AD-M6-Q001,45,AD_M6_100
AD-M6-Q003,6,1,Unmanned Spacecraft,AD6-1-natural_satellite,AD6-1-natural_satellite,AD6-1-natural_satellite,multiple_choice,direct_exam_style,medium,recall,"Which answer best matches this description: the Moon, Earth's only natural satellite?",GOES,Sputnik,natural satellite,LANDSAT,C,"The moon, earth's only natural satellite.","Natural satellite is the best answer because it refers to the Moon, Earth's only natural satellite.","Not this one. Goes is a related Module 6 term or fact, but it does not match the specific description. The moon, earth's only natural satellite.","Not this one. Sputnik is a related Module 6 term or fact, but it does not match the specific description. The moon, earth's only natural satellite.","Correct. The moon, earth's only natural satellite.","Not this one. Landsat is a related Module 6 term or fact, but it does not match the specific description. The moon, earth's only natural satellite.",Natural satellite = Moon.,"Review Module 6, Chapter 1, pages 1-2. Then explain natural satellite without looking at the choices.",Aerospace Dimensions Module 6: Spacecraft,1-2,"Module 6, Chapter 1, pages 1-2",high,educational_infographic,optional_after_answer,module6_spacecraft_basics,module6_spacecraft_basics,module6_spacecraft_basics.png,/assets/cap-visuals/module6_spacecraft_basics.png,approved,true,"Satellites, orbit, apogee, perigee, satellite types, probes, and Sputnik.","Satellites, orbit, apogee, perigee, satellite types, probes, and Sputnik.","Satellites, orbit, apogee, perigee, satellite types, probes, and Sputnik.",high,close,true,1.0,original_textbook_grounded,Mitchell_Aerospace_sample_style_analysis,draft,AD-M6-Q004,35,AD_M6_100
AD-M6-Q004,6,1,Unmanned Spacecraft,AD6-1-natural_satellite,AD6-1-natural_satellite,AD6-1-natural_satellite,multiple_choice,brief_application,medium_hard,application,Which concept or answer best fits this situation? A cadet is asked to identify the one satellite Earth did not need humans to build.,Sputnik,LANDSAT,GOES,natural satellite,D,"The moon, earth's only natural satellite.","Natural satellite is the best answer because it refers to the Moon, Earth's only natural satellite.","Not this one. Sputnik is a related Module 6 term or fact, but it does not match the specific description. The moon, earth's only natural satellite.","Not this one. Landsat is a related Module 6 term or fact, but it does not match the specific description. The moon, earth's only natural satellite.","Not this one. Goes is a related Module 6 term or fact, but it does not match the specific description. The moon, earth's only natural satellite.","Correct. The moon, earth's only natural satellite.",Natural satellite = Moon.,"Review Module 6, Chapter 1, pages 1-2. Then explain natural satellite without looking at the choices.",Aerospace Dimensions Module 6: Spacecraft,1-2,"Module 6, Chapter 1, pages 1-2",high,educational_infographic,optional_after_answer,module6_spacecraft_basics,module6_spacecraft_basics,module6_spacecraft_basics.png,/assets/cap-visuals/module6_spacecraft_basics.png,approved,true,"Satellites, orbit, apogee, perigee, satellite types, probes, and Sputnik.","Satellites, orbit, apogee, perigee, satellite types, probes, and Sputnik.","Satellites, orbit, apogee, perigee, satellite types, probes, and Sputnik.",high,close,true,0.8,original_textbook_grounded,Mitchell_Aerospace_sample_style_analysis,draft,AD-M6-Q003,45,AD_M6_100
AD-M6-Q005,6,1,Unmanned Spacecraft,AD6-1-sputnik,AD6-1-sputnik,AD6-1-sputnik,multiple_choice,direct_exam_style,medium,recall,"Which answer best matches this description: the first artificial satellite, launched by the Soviet Union in 1957?",Sputnik,Transit,Tiros I,Explorer 1,A,"The first artificial satellite, launched by the soviet union in 1957.","Sputnik is the best answer because it refers to the first artificial satellite, launched by the Soviet Union in 1957.","Correct. The first artificial satellite, launched by the soviet union in 1957.","Not this one. Transit is a related Module 6 term or fact, but it does not match the specific description. The first artificial satellite, launched by the soviet union in 1957.","Not this one. Tiros i is a related Module 6 term or fact, but it does not match the specific description. The first artificial satellite, launched by the soviet union in 1957.","Not this one. Explorer 1 is a related Module 6 term or fact, but it does not match the specific description. The first artificial satellite, launched by the soviet union in 1957.","Sputnik = first artificial satellite, 1957.","Review Module 6, Chapter 1, pages 2. Then explain Sputnik without looking at the choices.",Aerospace Dimensions Module 6: Spacecraft,2,"Module 6, Chapter 1, pages 2",high,educational_infographic,optional_after_answer,module6_spacecraft_basics,module6_spacecraft_basics,module6_spacecraft_basics.png,/assets/cap-visuals/module6_spacecraft_basics.png,approved,true,"Satellites, orbit, apogee, perigee, satellite types, probes, and Sputnik.","Satellites, orbit, apogee, perigee, satellite types, probes, and Sputnik.","Satellites, orbit, apogee, perigee, satellite types, probes, and Sputnik.",high,close,true,1.0,original_textbook_grounded,Mitchell_Aerospace_sample_style_analysis,draft,AD-M6-Q006,35,AD_M6_100
AD-M6-Q006,6,1,Unmanned Spacecraft,AD6-1-sputnik,AD6-1-sputnik,AD6-1-sputnik,multiple_choice,brief_application,medium_hard,application,Which concept or answer best fits this situation? A Soviet spacecraft launched in 1957 begins the era of artificial satellites.,Explorer 1,Sputnik,Transit,Tiros I,B,"The first artificial satellite, launched by the soviet union in 1957.","Sputnik is the best answer because it refers to the first artificial satellite, launched by the Soviet Union in 1957.","Not this one. Explorer 1 is a related Module 6 term or fact, but it does not match the specific description. The first artificial satellite, launched by the soviet union in 1957.","Correct. The first artificial satellite, launched by the soviet union in 1957.","Not this one. Transit is a related Module 6 term or fact, but it does not match the specific description. The first artificial satellite, launched by the soviet union in 1957.","Not this one. Tiros i is a related Module 6 term or fact, but it does not match the specific description. The first artificial satellite, launched by the soviet union in 1957.","Sputnik = first artificial satellite, 1957.","Review Module 6, Chapter 1, pages 2. Then explain Sputnik without looking at the choices.",Aerospace Dimensions Module 6: Spacecraft,2,"Module 6, Chapter 1, pages 2",high,educational_infographic,optional_after_answer,module6_spacecraft_basics,module6_spacecraft_basics,module6_spacecraft_basics.png,/assets/cap-visuals/module6_spacecraft_basics.png,approved,true,"Satellites, orbit, apogee, perigee, satellite types, probes, and Sputnik.","Satellites, orbit, apogee, perigee, satellite types, probes, and Sputnik.","Satellites, orbit, apogee, perigee, satellite types, probes, and Sputnik.",high,close,false,0.8,original_textbook_grounded,Mitchell_Aerospace_sample_style_analysis,draft,AD-M6-Q005,45,AD_M6_100
AD-M6-Q007,6,1,Unmanned Spacecraft,AD6-1-comsat,AD6-1-comsat,AD6-1-comsat,multiple_choice,direct_exam_style,medium,recall,Which answer best matches this description: a communications satellite used to relay communications signals?,LANDSAT,GNSS,COMSAT,GOES,C,A communications satellite used to relay communications signals.,Comsat is the best answer because it refers to a communications satellite used to relay communications signals.,"Not this one. Landsat is a related Module 6 term or fact, but it does not match the specific description. A communications satellite used to relay communications signals.","Not this one. Gnss is a related Module 6 term or fact, but it does not match the specific description. A communications satellite used to relay communications signals.",Correct. A communications satellite used to relay communications signals.,"Not this one. Goes is a related Module 6 term or fact, but it does not match the specific description. A communications satellite used to relay communications signals.",COMSAT = communications satellite.,"Review Module 6, Chapter 1, pages 2-4. Then explain COMSAT without looking at the choices.",Aerospace Dimensions Module 6: Spacecraft,2-4,"Module 6, Chapter 1, pages 2-4",high,educational_infographic,optional_after_answer,module6_unmanned_spacecraft_missions,module6_unmanned_spacecraft_missions,module6_unmanned_spacecraft_missions.png,/assets/cap-visuals/module6_unmanned_spacecraft_missions.png,approved,true,"Communications, navigation, weather, Earth-observing satellites, deep-space probes, and X-37 uses.","Communications, navigation, weather, Earth-observing satellites, deep-space probes, and X-37 uses.","Communications, navigation, weather, Earth-observing satellites, deep-space probes, and X-37 uses.",high,close,true,1.0,original_textbook_grounded,Mitchell_Aerospace_sample_style_analysis,draft,AD-M6-Q008,35,AD_M6_100
AD-M6-Q008,6,1,Unmanned Spacecraft,AD6-1-comsat,AD6-1-comsat,AD6-1-comsat,multiple_choice,brief_application,medium_hard,application,"Which concept or answer best fits this situation? A satellite receives a communications signal, amplifies it, and retransmits it toward its destination.",GNSS,LANDSAT,GOES,COMSAT,D,A communications satellite used to relay communications signals.,Comsat is the best answer because it refers to a communications satellite used to relay communications signals.,"Not this one. Gnss is a related Module 6 term or fact, but it does not match the specific description. A communications satellite used to relay communications signals.","Not this one. Landsat is a related Module 6 term or fact, but it does not match the specific description. A communications satellite used to relay communications signals.","Not this one. Goes is a related Module 6 term or fact, but it does not match the specific description. A communications satellite used to relay communications signals.",Correct. A communications satellite used to relay communications signals.,COMSAT = communications satellite.,"Review Module 6, Chapter 1, pages 2-4. Then explain COMSAT without looking at the choices.",Aerospace Dimensions Module 6: Spacecraft,2-4,"Module 6, Chapter 1, pages 2-4",high,educational_infographic,optional_after_answer,module6_unmanned_spacecraft_missions,module6_unmanned_spacecraft_missions,module6_unmanned_spacecraft_missions.png,/assets/cap-visuals/module6_unmanned_spacecraft_missions.png,approved,true,"Communications, navigation, weather, Earth-observing satellites, deep-space probes, and X-37 uses.","Communications, navigation, weather, Earth-observing satellites, deep-space probes, and X-37 uses.","Communications, navigation, weather, Earth-observing satellites, deep-space probes, and X-37 uses.",high,close,true,0.8,original_textbook_grounded,Mitchell_Aerospace_sample_style_analysis,draft,AD-M6-Q007,45,AD_M6_100
AD-M6-Q009,6,1,Unmanned Spacecraft,AD6-1-score,AD6-1-score,AD6-1-score,multiple_choice,direct_exam_style,medium,recall,"Which answer best matches this description: the first communications satellite, which relayed taped messages in 1958?",Score,Transit,Explorer 1,Telstar 1,A,"The first communications satellite, which relayed taped messages in 1958.","Score is the best answer because it refers to the first communications satellite, which relayed taped messages in 1958.","Correct. The first communications satellite, which relayed taped messages in 1958.","Not this one. Transit is a related Module 6 term or fact, but it does not match the specific description. The first communications satellite, which relayed taped messages in 1958.","Not this one. Explorer 1 is a related Module 6 term or fact, but it does not match the specific description. The first communications satellite, which relayed taped messages in 1958.","Not this one. Telstar 1 is a related Module 6 term or fact, but it does not match the specific description. The first communications satellite, which relayed taped messages in 1958.",Score scored first in COMSATs.,"Review Module 6, Chapter 1, pages 2. Then explain Score without looking at the choices.",Aerospace Dimensions Module 6: Spacecraft,2,"Module 6, Chapter 1, pages 2",high,educational_infographic,optional_after_answer,module6_unmanned_spacecraft_missions,module6_unmanned_spacecraft_missions,module6_unmanned_spacecraft_missions.png,/assets/cap-visuals/module6_unmanned_spacecraft_missions.png,approved,true,"Communications, navigation, weather, Earth-observing satellites, deep-space probes, and X-37 uses.","Communications, navigation, weather, Earth-observing satellites, deep-space probes, and X-37 uses.","Communications, navigation, weather, Earth-observing satellites, deep-space probes, and X-37 uses.",high,close,true,1.0,original_textbook_grounded,Mitchell_Aerospace_sample_style_analysis,draft,AD-M6-Q010,35,AD_M6_100
AD-M6-Q010,6,1,Unmanned Spacecraft,AD6-1-score,AD6-1-score,AD6-1-score,multiple_choice,brief_application,medium_hard,application,Which concept or answer best fits this situation? In 1958 a satellite operates only 13 days but excites the nation by sending taped messages from orbit.,Explorer 1,Score,Telstar 1,Transit,B,"The first communications satellite, which relayed taped messages in 1958.","Score is the best answer because it refers to the first communications satellite, which relayed taped messages in 1958.","Not this one. Explorer 1 is a related Module 6 term or fact, but it does not match the specific description. The first communications satellite, which relayed taped messages in 1958.","Correct. The first communications satellite, which relayed taped messages in 1958.","Not this one. Telstar 1 is a related Module 6 term or fact, but it does not match the specific description. The first communications satellite, which relayed taped messages in 1958.","Not this one. Transit is a related Module 6 term or fact, but it does not match the specific description. The first communications satellite, which relayed taped messages in 1958.",Score scored first in COMSATs.,"Review Module 6, Chapter 1, pages 2. Then explain Score without looking at the choices.",Aerospace Dimensions Module 6: Spacecraft,2,"Module 6, Chapter 1, pages 2",high,educational_infographic,optional_after_answer,module6_unmanned_spacecraft_missions,module6_unmanned_spacecraft_missions,module6_unmanned_spacecraft_missions.png,/assets/cap-visuals/module6_unmanned_spacecraft_missions.png,approved,true,"Communications, navigation, weather, Earth-observing satellites, deep-space probes, and X-37 uses.","Communications, navigation, weather, Earth-observing satellites, deep-space probes, and X-37 uses.","Communications, navigation, weather, Earth-observing satellites, deep-space probes, and X-37 uses.",high,close,false,0.8,original_textbook_grounded,Mitchell_Aerospace_sample_style_analysis,draft,AD-M6-Q009,45,AD_M6_100
AD-M6-Q011,6,1,Unmanned Spacecraft,AD6-1-telstar_1,AD6-1-telstar_1,AD6-1-telstar_1,multiple_choice,direct_exam_style,medium,recall,"Which answer best matches this description: the first commercial satellite, capable of retransmitting many two-way telephone conversations?",Score,Tiros I,Telstar 1,LANDSAT 4,C,"The first commercial satellite, capable of retransmitting many two-way telephone conversations.","Telstar 1 is the best answer because it refers to the first commercial satellite, capable of retransmitting many two-way telephone conversations.","Not this one. Score is a related Module 6 term or fact, but it does not match the specific description. The first commercial satellite, capable of retransmitting many two-way telephone conversations.","Not this one. Tiros i is a related Module 6 term or fact, but it does not match the specific description. The first commercial satellite, capable of retransmitting many two-way telephone conversations.","Correct. The first commercial satellite, capable of retransmitting many two-way telephone conversations.","Not this one. Landsat 4 is a related Module 6 term or fact, but it does not match the specific description. The first commercial satellite, capable of retransmitting many two-way telephone conversations.",Telstar = first commercial COMSAT.,"Review Module 6, Chapter 1, pages 2. Then explain Telstar 1 without looking at the choices.",Aerospace Dimensions Module 6: Spacecraft,2,"Module 6, Chapter 1, pages 2",high,educational_infographic,optional_after_answer,module6_unmanned_spacecraft_missions,module6_unmanned_spacecraft_missions,module6_unmanned_spacecraft_missions.png,/assets/cap-visuals/module6_unmanned_spacecraft_missions.png,approved,true,"Communications, navigation, weather, Earth-observing satellites, deep-space probes, and X-37 uses.","Communications, navigation, weather, Earth-observing satellites, deep-space probes, and X-37 uses.","Communications, navigation, weather, Earth-observing satellites, deep-space probes, and X-37 uses.",high,close,true,1.0,original_textbook_grounded,Mitchell_Aerospace_sample_style_analysis,draft,AD-M6-Q012,35,AD_M6_100
AD-M6-Q012,6,1,Unmanned Spacecraft,AD6-1-telstar_1,AD6-1-telstar_1,AD6-1-telstar_1,multiple_choice,brief_application,medium_hard,application,Which concept or answer best fits this situation? A 1962 spacecraft is remembered as the first commercial satellite.,Tiros I,Score,LANDSAT 4,Telstar 1,D,"The first commercial satellite, capable of retransmitting many two-way telephone conversations.","Telstar 1 is the best answer because it refers to the first commercial satellite, capable of retransmitting many two-way telephone conversations.","Not this one. Tiros i is a related Module 6 term or fact, but it does not match the specific description. The first commercial satellite, capable of retransmitting many two-way telephone conversations.","Not this one. Score is a related Module 6 term or fact, but it does not match the specific description. The first commercial satellite, capable of retransmitting many two-way telephone conversations.","Not this one. Landsat 4 is a related Module 6 term or fact, but it does not match the specific description. The first commercial satellite, capable of retransmitting many two-way telephone conversations.","Correct. The first commercial satellite, capable of retransmitting many two-way telephone conversations.",Telstar = first commercial COMSAT.,"Review Module 6, Chapter 1, pages 2. Then explain Telstar 1 without looking at the choices.",Aerospace Dimensions Module 6: Spacecraft,2,"Module 6, Chapter 1, pages 2",high,educational_infographic,optional_after_answer,module6_unmanned_spacecraft_missions,module6_unmanned_spacecraft_missions,module6_unmanned_spacecraft_missions.png,/assets/cap-visuals/module6_unmanned_spacecraft_missions.png,approved,true,"Communications, navigation, weather, Earth-observing satellites, deep-space probes, and X-37 uses.","Communications, navigation, weather, Earth-observing satellites, deep-space probes, and X-37 uses.","Communications, navigation, weather, Earth-observing satellites, deep-space probes, and X-37 uses.",high,close,true,0.8,original_textbook_grounded,Mitchell_Aerospace_sample_style_analysis,draft,AD-M6-Q011,45,AD_M6_100
AD-M6-Q013,6,1,Unmanned Spacecraft,AD6-1-tdrss,AD6-1-tdrss,AD6-1-tdrss,multiple_choice,direct_exam_style,medium,recall,Which answer best matches this description: a system of relay satellites providing communications coverage for NASA low-Earth-orbit spacecraft?,TDRSS,DSN,NAVSTAR GPS,LANDSAT,A,A system of relay satellites providing communications coverage for nasa low-earth-orbit spacecraft.,Tdrss is the best answer because it refers to a system of relay satellites providing communications coverage for NASA low-Earth-orbit spacecraft.,Correct. A system of relay satellites providing communications coverage for nasa low-earth-orbit spacecraft.,"Not this one. Dsn is a related Module 6 term or fact, but it does not match the specific description. A system of relay satellites providing communications coverage for nasa low-earth-orbit spacecraft.","Not this one. Navstar gps is a related Module 6 term or fact, but it does not match the specific description. A system of relay satellites providing communications coverage for nasa low-earth-orbit spacecraft.","Not this one. Landsat is a related Module 6 term or fact, but it does not match the specific description. A system of relay satellites providing communications coverage for nasa low-earth-orbit spacecraft.",TDRSS = tracking + data relay.,"Review Module 6, Chapter 1, pages 3. Then explain TDRSS without looking at the choices.",Aerospace Dimensions Module 6: Spacecraft,3,"Module 6, Chapter 1, pages 3",high,educational_infographic,optional_after_answer,module6_unmanned_spacecraft_missions,module6_unmanned_spacecraft_missions,module6_unmanned_spacecraft_missions.png,/assets/cap-visuals/module6_unmanned_spacecraft_missions.png,approved,true,"Communications, navigation, weather, Earth-observing satellites, deep-space probes, and X-37 uses.","Communications, navigation, weather, Earth-observing satellites, deep-space probes, and X-37 uses.","Communications, navigation, weather, Earth-observing satellites, deep-space probes, and X-37 uses.",high,close,true,1.0,original_textbook_grounded,Mitchell_Aerospace_sample_style_analysis,draft,AD-M6-Q014,35,AD_M6_100
AD-M6-Q014,6,1,Unmanned Spacecraft,AD6-1-tdrss,AD6-1-tdrss,AD6-1-tdrss,multiple_choice,brief_application,medium_hard,application,Which concept or answer best fits this situation? NASA needs continuous relay of data and communications between low-Earth-orbit spacecraft and Earth.,DSN,TDRSS,LANDSAT,NAVSTAR GPS,B,A system of relay satellites providing communications coverage for nasa low-earth-orbit spacecraft.,Tdrss is the best answer because it refers to a system of relay satellites providing communications coverage for NASA low-Earth-orbit spacecraft.,"Not this one. Dsn is a related Module 6 term or fact, but it does not match the specific description. A system of relay satellites providing communications coverage for nasa low-earth-orbit spacecraft.",Correct. A system of relay satellites providing communications coverage for nasa low-earth-orbit spacecraft.,"Not this one. Landsat is a related Module 6 term or fact, but it does not match the specific description. A system of relay satellites providing communications coverage for nasa low-earth-orbit spacecraft.","Not this one. Navstar gps is a related Module 6 term or fact, but it does not match the specific description. A system of relay satellites providing communications coverage for nasa low-earth-orbit spacecraft.",TDRSS = tracking + data relay.,"Review Module 6, Chapter 1, pages 3. Then explain TDRSS without looking at the choices.",Aerospace Dimensions Module 6: Spacecraft,3,"Module 6, Chapter 1, pages 3",high,educational_infographic,optional_after_answer,module6_unmanned_spacecraft_missions,module6_unmanned_spacecraft_missions,module6_unmanned_spacecraft_missions.png,/assets/cap-visuals/module6_unmanned_spacecraft_missions.png,approved,true,"Communications, navigation, weather, Earth-observing satellites, deep-space probes, and X-37 uses.","Communications, navigation, weather, Earth-observing satellites, deep-space probes, and X-37 uses.","Communications, navigation, weather, Earth-observing satellites, deep-space probes, and X-37 uses.",high,close,false,0.8,original_textbook_grounded,Mitchell_Aerospace_sample_style_analysis,draft,AD-M6-Q013,45,AD_M6_100
AD-M6-Q015,6,1,Unmanned Spacecraft,AD6-1-deep_space_network,AD6-1-deep_space_network,AD6-1-deep_space_network,multiple_choice,direct_exam_style,medium,recall,Which answer best matches this description: an international network of antennas placed about 120 degrees apart to support interplanetary spacecraft?,Transit,TDRSS,Deep Space Network,GOES,C,An international network of antennas placed about 120 degrees apart to support interplanetary spacecraft.,Deep space network is the best answer because it refers to an international network of antennas placed about 120 degrees apart to support interplanetary spacecraft.,"Not this one. Transit is a related Module 6 term or fact, but it does not match the specific description. An international network of antennas placed about 120 degrees apart to support interplanetary spacecraft.","Not this one. Tdrss is a related Module 6 term or fact, but it does not match the specific description. An international network of antennas placed about 120 degrees apart to support interplanetary spacecraft.",Correct. An international network of antennas placed about 120 degrees apart to support interplanetary spacecraft.,"Not this one. Goes is a related Module 6 term or fact, but it does not match the specific description. An international network of antennas placed about 120 degrees apart to support interplanetary spacecraft.",DSN = deep-space dishes around Earth.,"Review Module 6, Chapter 1, pages 3. Then explain Deep Space Network without looking at the choices.",Aerospace Dimensions Module 6: Spacecraft,3,"Module 6, Chapter 1, pages 3",high,educational_infographic,optional_after_answer,module6_unmanned_spacecraft_missions,module6_unmanned_spacecraft_missions,module6_unmanned_spacecraft_missions.png,/assets/cap-visuals/module6_unmanned_spacecraft_missions.png,approved,true,"Communications, navigation, weather, Earth-observing satellites, deep-space probes, and X-37 uses.","Communications, navigation, weather, Earth-observing satellites, deep-space probes, and X-37 uses.","Communications, navigation, weather, Earth-observing satellites, deep-space probes, and X-37 uses.",high,close,true,1.0,original_textbook_grounded,Mitchell_Aerospace_sample_style_analysis,draft,AD-M6-Q016,35,AD_M6_100
AD-M6-Q016,6,1,Unmanned Spacecraft,AD6-1-deep_space_network,AD6-1-deep_space_network,AD6-1-deep_space_network,multiple_choice,brief_application,medium_hard,application,Which concept or answer best fits this situation? Three major antenna facilities around Earth maintain communications with planetary missions.,Transit,GOES,TDRSS,Deep Space Network,D,An international network of antennas placed about 120 degrees apart to support interplanetary spacecraft.,Deep space network is the best answer because it refers to an international network of antennas placed about 120 degrees apart to support interplanetary spacecraft.,"Not this one. Transit is a related Module 6 term or fact, but it does not match the specific description. An international network of antennas placed about 120 degrees apart to support interplanetary spacecraft.","Not this one. Goes is a related Module 6 term or fact, but it does not match the specific description. An international network of antennas placed about 120 degrees apart to support interplanetary spacecraft.","Not this one. Tdrss is a related Module 6 term or fact, but it does not match the specific description. An international network of antennas placed about 120 degrees apart to support interplanetary spacecraft.",Correct. An international network of antennas placed about 120 degrees apart to support interplanetary spacecraft.,DSN = deep-space dishes around Earth.,"Review Module 6, Chapter 1, pages 3. Then explain Deep Space Network without looking at the choices.",Aerospace Dimensions Module 6: Spacecraft,3,"Module 6, Chapter 1, pages 3",high,educational_infographic,optional_after_answer,module6_unmanned_spacecraft_missions,module6_unmanned_spacecraft_missions,module6_unmanned_spacecraft_missions.png,/assets/cap-visuals/module6_unmanned_spacecraft_missions.png,approved,true,"Communications, navigation, weather, Earth-observing satellites, deep-space probes, and X-37 uses.","Communications, navigation, weather, Earth-observing satellites, deep-space probes, and X-37 uses.","Communications, navigation, weather, Earth-observing satellites, deep-space probes, and X-37 uses.",high,close,true,0.8,original_textbook_grounded,Mitchell_Aerospace_sample_style_analysis,draft,AD-M6-Q015,45,AD_M6_100
AD-M6-Q017,6,1,Unmanned Spacecraft,AD6-1-transit,AD6-1-transit,AD6-1-transit,multiple_choice,direct_exam_style,medium,recall,"Which answer best matches this description: the first navigational satellite, developed to help Polaris submarines determine accurate positions?",Transit,Explorer 6,Sputnik,GOES,A,"The first navigational satellite, developed to help polaris submarines determine accurate positions.","Transit is the best answer because it refers to the first navigational satellite, developed to help Polaris submarines determine accurate positions.","Correct. The first navigational satellite, developed to help polaris submarines determine accurate positions.","Not this one. Explorer 6 is a related Module 6 term or fact, but it does not match the specific description. The first navigational satellite, developed to help polaris submarines determine accurate positions.","Not this one. Sputnik is a related Module 6 term or fact, but it does not match the specific description. The first navigational satellite, developed to help polaris submarines determine accurate positions.","Not this one. Goes is a related Module 6 term or fact, but it does not match the specific description. The first navigational satellite, developed to help polaris submarines determine accurate positions.",Transit = first navigation satellite.,"Review Module 6, Chapter 1, pages 3-4. Then explain Transit without looking at the choices.",Aerospace Dimensions Module 6: Spacecraft,3-4,"Module 6, Chapter 1, pages 3-4",high,educational_infographic,optional_after_answer,module6_unmanned_spacecraft_missions,module6_unmanned_spacecraft_missions,module6_unmanned_spacecraft_missions.png,/assets/cap-visuals/module6_unmanned_spacecraft_missions.png,approved,true,"Communications, navigation, weather, Earth-observing satellites, deep-space probes, and X-37 uses.","Communications, navigation, weather, Earth-observing satellites, deep-space probes, and X-37 uses.","Communications, navigation, weather, Earth-observing satellites, deep-space probes, and X-37 uses.",high,close,true,1.0,original_textbook_grounded,Mitchell_Aerospace_sample_style_analysis,draft,AD-M6-Q018,35,AD_M6_100
AD-M6-Q018,6,1,Unmanned Spacecraft,AD6-1-transit,AD6-1-transit,AD6-1-transit,multiple_choice,brief_application,medium_hard,application,Which concept or answer best fits this situation? Polaris missile submarines need accurate fixes before modern GPS exists.,Sputnik,Transit,Explorer 6,GOES,B,"The first navigational satellite, developed to help polaris submarines determine accurate positions.","Transit is the best answer because it refers to the first navigational satellite, developed to help Polaris submarines determine accurate positions.","Not this one. Sputnik is a related Module 6 term or fact, but it does not match the specific description. The first navigational satellite, developed to help polaris submarines determine accurate positions.","Correct. The first navigational satellite, developed to help polaris submarines determine accurate positions.","Not this one. Explorer 6 is a related Module 6 term or fact, but it does not match the specific description. The first navigational satellite, developed to help polaris submarines determine accurate positions.","Not this one. Goes is a related Module 6 term or fact, but it does not match the specific description. The first navigational satellite, developed to help polaris submarines determine accurate positions.",Transit = first navigation satellite.,"Review Module 6, Chapter 1, pages 3-4. Then explain Transit without looking at the choices.",Aerospace Dimensions Module 6: Spacecraft,3-4,"Module 6, Chapter 1, pages 3-4",high,educational_infographic,optional_after_answer,module6_unmanned_spacecraft_missions,module6_unmanned_spacecraft_missions,module6_unmanned_spacecraft_missions.png,/assets/cap-visuals/module6_unmanned_spacecraft_missions.png,approved,true,"Communications, navigation, weather, Earth-observing satellites, deep-space probes, and X-37 uses.","Communications, navigation, weather, Earth-observing satellites, deep-space probes, and X-37 uses.","Communications, navigation, weather, Earth-observing satellites, deep-space probes, and X-37 uses.",high,close,false,0.8,original_textbook_grounded,Mitchell_Aerospace_sample_style_analysis,draft,AD-M6-Q017,45,AD_M6_100
AD-M6-Q019,6,1,Unmanned Spacecraft,AD6-1-gnss,AD6-1-gnss,AD6-1-gnss,multiple_choice,direct_exam_style,medium,recall,Which answer best matches this description: the general term for Global Navigation Satellite Systems?,GOES,ITSO,GNSS,TDRSS,C,The general term for global navigation satellite systems.,Gnss is the best answer because it refers to the general term for Global Navigation Satellite Systems.,"Not this one. Goes is a related Module 6 term or fact, but it does not match the specific description. The general term for global navigation satellite systems.","Not this one. Itso is a related Module 6 term or fact, but it does not match the specific description. The general term for global navigation satellite systems.",Correct. The general term for global navigation satellite systems.,"Not this one. Tdrss is a related Module 6 term or fact, but it does not match the specific description. The general term for global navigation satellite systems.",GNSS = general navigation-satellite family.,"Review Module 6, Chapter 1, pages 4. Then explain GNSS without looking at the choices.",Aerospace Dimensions Module 6: Spacecraft,4,"Module 6, Chapter 1, pages 4",high,educational_infographic,optional_after_answer,module6_unmanned_spacecraft_missions,module6_unmanned_spacecraft_missions,module6_unmanned_spacecraft_missions.png,/assets/cap-visuals/module6_unmanned_spacecraft_missions.png,approved,true,"Communications, navigation, weather, Earth-observing satellites, deep-space probes, and X-37 uses.","Communications, navigation, weather, Earth-observing satellites, deep-space probes, and X-37 uses.","Communications, navigation, weather, Earth-observing satellites, deep-space probes, and X-37 uses.",high,close,true,1.0,original_textbook_grounded,Mitchell_Aerospace_sample_style_analysis,draft,AD-M6-Q020,35,AD_M6_100
AD-M6-Q020,6,1,Unmanned Spacecraft,AD6-1-gnss,AD6-1-gnss,AD6-1-gnss,multiple_choice,brief_application,medium_hard,application,Which concept or answer best fits this situation? A textbook wants a broad term that includes satellite navigation systems rather than one U.S. system only.,ITSO,TDRSS,GOES,GNSS,D,The general term for global navigation satellite systems.,Gnss is the best answer because it refers to the general term for Global Navigation Satellite Systems.,"Not this one. Itso is a related Module 6 term or fact, but it does not match the specific description. The general term for global navigation satellite systems.","Not this one. Tdrss is a related Module 6 term or fact, but it does not match the specific description. The general term for global navigation satellite systems.","Not this one. Goes is a related Module 6 term or fact, but it does not match the specific description. The general term for global navigation satellite systems.",Correct. The general term for global navigation satellite systems.,GNSS = general navigation-satellite family.,"Review Module 6, Chapter 1, pages 4. Then explain GNSS without looking at the choices.",Aerospace Dimensions Module 6: Spacecraft,4,"Module 6, Chapter 1, pages 4",high,educational_infographic,optional_after_answer,module6_unmanned_spacecraft_missions,module6_unmanned_spacecraft_missions,module6_unmanned_spacecraft_missions.png,/assets/cap-visuals/module6_unmanned_spacecraft_missions.png,approved,true,"Communications, navigation, weather, Earth-observing satellites, deep-space probes, and X-37 uses.","Communications, navigation, weather, Earth-observing satellites, deep-space probes, and X-37 uses.","Communications, navigation, weather, Earth-observing satellites, deep-space probes, and X-37 uses.",high,close,true,0.8,original_textbook_grounded,Mitchell_Aerospace_sample_style_analysis,draft,AD-M6-Q019,45,AD_M6_100
AD-M6-Q021,6,1,Unmanned Spacecraft,AD6-1-navstar_gps,AD6-1-navstar_gps,AD6-1-navstar_gps,multiple_choice,direct_exam_style,medium,recall,Which answer best matches this description: the U.S. Global Positioning System that was the only fully operational GNSS as of the module's 2010 reference?,NAVSTAR GPS,LANDSAT,Transit,Tiros I,A,The u.s. global positioning system that was the only fully operational gnss as of the module's 2010 reference.,Navstar gps is the best answer because it refers to the U.S. Global Positioning System that was the only fully operational GNSS as of the module's 2010 reference.,Correct. The u.s. global positioning system that was the only fully operational gnss as of the module's 2010 reference.,"Not this one. Landsat is a related Module 6 term or fact, but it does not match the specific description. The u.s. global positioning system that was the only fully operational gnss as of the module's 2010 reference.","Not this one. Transit is a related Module 6 term or fact, but it does not match the specific description. The u.s. global positioning system that was the only fully operational gnss as of the module's 2010 reference.","Not this one. Tiros i is a related Module 6 term or fact, but it does not match the specific description. The u.s. global positioning system that was the only fully operational gnss as of the module's 2010 reference.",NAVSTAR GPS = U.S. position + time.,"Review Module 6, Chapter 1, pages 4. Then explain NAVSTAR GPS without looking at the choices.",Aerospace Dimensions Module 6: Spacecraft,4,"Module 6, Chapter 1, pages 4",high,educational_infographic,optional_after_answer,module6_unmanned_spacecraft_missions,module6_unmanned_spacecraft_missions,module6_unmanned_spacecraft_missions.png,/assets/cap-visuals/module6_unmanned_spacecraft_missions.png,approved,true,"Communications, navigation, weather, Earth-observing satellites, deep-space probes, and X-37 uses.","Communications, navigation, weather, Earth-observing satellites, deep-space probes, and X-37 uses.","Communications, navigation, weather, Earth-observing satellites, deep-space probes, and X-37 uses.",high,close,true,1.0,original_textbook_grounded,Mitchell_Aerospace_sample_style_analysis,draft,AD-M6-Q022,35,AD_M6_100
AD-M6-Q022,6,1,Unmanned Spacecraft,AD6-1-navstar_gps,AD6-1-navstar_gps,AD6-1-navstar_gps,multiple_choice,brief_application,medium_hard,application,"Which concept or answer best fits this situation? A receiver determines latitude, longitude, altitude, and precise time using the U.S. navigation constellation.",LANDSAT,NAVSTAR GPS,Tiros I,Transit,B,The u.s. global positioning system that was the only fully operational gnss as of the module's 2010 reference.,Navstar gps is the best answer because it refers to the U.S. Global Positioning System that was the only fully operational GNSS as of the module's 2010 reference.,"Not this one. Landsat is a related Module 6 term or fact, but it does not match the specific description. The u.s. global positioning system that was the only fully operational gnss as of the module's 2010 reference.",Correct. The u.s. global positioning system that was the only fully operational gnss as of the module's 2010 reference.,"Not this one. Tiros i is a related Module 6 term or fact, but it does not match the specific description. The u.s. global positioning system that was the only fully operational gnss as of the module's 2010 reference.","Not this one. Transit is a related Module 6 term or fact, but it does not match the specific description. The u.s. global positioning system that was the only fully operational gnss as of the module's 2010 reference.",NAVSTAR GPS = U.S. position + time.,"Review Module 6, Chapter 1, pages 4. Then explain NAVSTAR GPS without looking at the choices.",Aerospace Dimensions Module 6: Spacecraft,4,"Module 6, Chapter 1, pages 4",high,educational_infographic,optional_after_answer,module6_unmanned_spacecraft_missions,module6_unmanned_spacecraft_missions,module6_unmanned_spacecraft_missions.png,/assets/cap-visuals/module6_unmanned_spacecraft_missions.png,approved,true,"Communications, navigation, weather, Earth-observing satellites, deep-space probes, and X-37 uses.","Communications, navigation, weather, Earth-observing satellites, deep-space probes, and X-37 uses.","Communications, navigation, weather, Earth-observing satellites, deep-space probes, and X-37 uses.",high,close,false,0.8,original_textbook_grounded,Mitchell_Aerospace_sample_style_analysis,draft,AD-M6-Q021,45,AD_M6_100
AD-M6-Q023,6,1,Unmanned Spacecraft,AD6-1-landsat,AD6-1-landsat,AD6-1-landsat,multiple_choice,direct_exam_style,medium,recall,Which answer best matches this description: Earth-observing satellites that locate resources and monitor conditions on Earth's surface?,COMSAT,GOES,LANDSAT,TDRSS,C,Earth-observing satellites that locate resources and monitor conditions on earth's surface.,Landsat is the best answer because it refers to Earth-observing satellites that locate resources and monitor conditions on Earth's surface.,"Not this one. Comsat is a related Module 6 term or fact, but it does not match the specific description. Earth-observing satellites that locate resources and monitor conditions on earth's surface.","Not this one. Goes is a related Module 6 term or fact, but it does not match the specific description. Earth-observing satellites that locate resources and monitor conditions on earth's surface.",Correct. Earth-observing satellites that locate resources and monitor conditions on earth's surface.,"Not this one. Tdrss is a related Module 6 term or fact, but it does not match the specific description. Earth-observing satellites that locate resources and monitor conditions on earth's surface.",LANDSAT = land study.,"Review Module 6, Chapter 1, pages 4. Then explain LANDSAT without looking at the choices.",Aerospace Dimensions Module 6: Spacecraft,4,"Module 6, Chapter 1, pages 4",high,educational_infographic,optional_after_answer,module6_unmanned_spacecraft_missions,module6_unmanned_spacecraft_missions,module6_unmanned_spacecraft_missions.png,/assets/cap-visuals/module6_unmanned_spacecraft_missions.png,approved,true,"Communications, navigation, weather, Earth-observing satellites, deep-space probes, and X-37 uses.","Communications, navigation, weather, Earth-observing satellites, deep-space probes, and X-37 uses.","Communications, navigation, weather, Earth-observing satellites, deep-space probes, and X-37 uses.",high,close,true,1.0,original_textbook_grounded,Mitchell_Aerospace_sample_style_analysis,draft,AD-M6-Q024,35,AD_M6_100
AD-M6-Q024,6,1,Unmanned Spacecraft,AD6-1-landsat,AD6-1-landsat,AD6-1-landsat,multiple_choice,brief_application,medium_hard,application,"Which concept or answer best fits this situation? Urban planners, agriculture analysts, and coastal-resource managers use orbital imagery of Earth's surface.",COMSAT,GOES,TDRSS,LANDSAT,D,Earth-observing satellites that locate resources and monitor conditions on earth's surface.,Landsat is the best answer because it refers to Earth-observing satellites that locate resources and monitor conditions on Earth's surface.,"Not this one. Comsat is a related Module 6 term or fact, but it does not match the specific description. Earth-observing satellites that locate resources and monitor conditions on earth's surface.","Not this one. Goes is a related Module 6 term or fact, but it does not match the specific description. Earth-observing satellites that locate resources and monitor conditions on earth's surface.","Not this one. Tdrss is a related Module 6 term or fact, but it does not match the specific description. Earth-observing satellites that locate resources and monitor conditions on earth's surface.",Correct. Earth-observing satellites that locate resources and monitor conditions on earth's surface.,LANDSAT = land study.,"Review Module 6, Chapter 1, pages 4. Then explain LANDSAT without looking at the choices.",Aerospace Dimensions Module 6: Spacecraft,4,"Module 6, Chapter 1, pages 4",high,educational_infographic,optional_after_answer,module6_unmanned_spacecraft_missions,module6_unmanned_spacecraft_missions,module6_unmanned_spacecraft_missions.png,/assets/cap-visuals/module6_unmanned_spacecraft_missions.png,approved,true,"Communications, navigation, weather, Earth-observing satellites, deep-space probes, and X-37 uses.","Communications, navigation, weather, Earth-observing satellites, deep-space probes, and X-37 uses.","Communications, navigation, weather, Earth-observing satellites, deep-space probes, and X-37 uses.",high,close,true,0.8,original_textbook_grounded,Mitchell_Aerospace_sample_style_analysis,draft,AD-M6-Q023,45,AD_M6_100
AD-M6-Q025,6,1,Unmanned Spacecraft,AD6-1-goes,AD6-1-goes,AD6-1-goes,multiple_choice,direct_exam_style,medium,recall,Which answer best matches this description: weather satellites that provide Earth and cloud imagery useful for forecasting?,GOES,Explorer 1,LANDSAT,Transit,A,Weather satellites that provide earth and cloud imagery useful for forecasting.,Goes is the best answer because it refers to weather satellites that provide Earth and cloud imagery useful for forecasting.,Correct. Weather satellites that provide earth and cloud imagery useful for forecasting.,"Not this one. Explorer 1 is a related Module 6 term or fact, but it does not match the specific description. Weather satellites that provide earth and cloud imagery useful for forecasting.","Not this one. Landsat is a related Module 6 term or fact, but it does not match the specific description. Weather satellites that provide earth and cloud imagery useful for forecasting.","Not this one. Transit is a related Module 6 term or fact, but it does not match the specific description. Weather satellites that provide earth and cloud imagery useful for forecasting.",GOES = geostationary weather watcher.,"Review Module 6, Chapter 1, pages 4-5. Then explain GOES without looking at the choices.",Aerospace Dimensions Module 6: Spacecraft,4-5,"Module 6, Chapter 1, pages 4-5",high,educational_infographic,optional_after_answer,module6_unmanned_spacecraft_missions,module6_unmanned_spacecraft_missions,module6_unmanned_spacecraft_missions.png,/assets/cap-visuals/module6_unmanned_spacecraft_missions.png,approved,true,"Communications, navigation, weather, Earth-observing satellites, deep-space probes, and X-37 uses.","Communications, navigation, weather, Earth-observing satellites, deep-space probes, and X-37 uses.","Communications, navigation, weather, Earth-observing satellites, deep-space probes, and X-37 uses.",high,close,true,1.0,original_textbook_grounded,Mitchell_Aerospace_sample_style_analysis,draft,AD-M6-Q026,35,AD_M6_100
AD-M6-Q026,6,1,Unmanned Spacecraft,AD6-1-goes,AD6-1-goes,AD6-1-goes,multiple_choice,brief_application,medium_hard,application,Which concept or answer best fits this situation? Television weather reports use cloud images and Earth-surface observations from this satellite category.,Explorer 1,GOES,LANDSAT,Transit,B,Weather satellites that provide earth and cloud imagery useful for forecasting.,Goes is the best answer because it refers to weather satellites that provide Earth and cloud imagery useful for forecasting.,"Not this one. Explorer 1 is a related Module 6 term or fact, but it does not match the specific description. Weather satellites that provide earth and cloud imagery useful for forecasting.",Correct. Weather satellites that provide earth and cloud imagery useful for forecasting.,"Not this one. Landsat is a related Module 6 term or fact, but it does not match the specific description. Weather satellites that provide earth and cloud imagery useful for forecasting.","Not this one. Transit is a related Module 6 term or fact, but it does not match the specific description. Weather satellites that provide earth and cloud imagery useful for forecasting.",GOES = geostationary weather watcher.,"Review Module 6, Chapter 1, pages 4-5. Then explain GOES without looking at the choices.",Aerospace Dimensions Module 6: Spacecraft,4-5,"Module 6, Chapter 1, pages 4-5",high,educational_infographic,optional_after_answer,module6_unmanned_spacecraft_missions,module6_unmanned_spacecraft_missions,module6_unmanned_spacecraft_missions.png,/assets/cap-visuals/module6_unmanned_spacecraft_missions.png,approved,true,"Communications, navigation, weather, Earth-observing satellites, deep-space probes, and X-37 uses.","Communications, navigation, weather, Earth-observing satellites, deep-space probes, and X-37 uses.","Communications, navigation, weather, Earth-observing satellites, deep-space probes, and X-37 uses.",high,close,false,0.8,original_textbook_grounded,Mitchell_Aerospace_sample_style_analysis,draft,AD-M6-Q025,45,AD_M6_100
AD-M6-Q027,6,1,Unmanned Spacecraft,AD6-1-tiros_i,AD6-1-tiros_i,AD6-1-tiros_i,multiple_choice,direct_exam_style,medium,recall,"Which answer best matches this description: NASA's first weather satellite, launched in 1960 and returning hurricane imagery?",GOES 8,Mariner II,Tiros I,Explorer 6,C,"Nasa's first weather satellite, launched in 1960 and returning hurricane imagery.","Tiros i is the best answer because it refers to NASA's first weather satellite, launched in 1960 and returning hurricane imagery.","Not this one. Goes 8 is a related Module 6 term or fact, but it does not match the specific description. Nasa's first weather satellite, launched in 1960 and returning hurricane imagery.","Not this one. Mariner ii is a related Module 6 term or fact, but it does not match the specific description. Nasa's first weather satellite, launched in 1960 and returning hurricane imagery.","Correct. Nasa's first weather satellite, launched in 1960 and returning hurricane imagery.","Not this one. Explorer 6 is a related Module 6 term or fact, but it does not match the specific description. Nasa's first weather satellite, launched in 1960 and returning hurricane imagery.",Tiros I = first NASA weather eye.,"Review Module 6, Chapter 1, pages 5. Then explain Tiros I without looking at the choices.",Aerospace Dimensions Module 6: Spacecraft,5,"Module 6, Chapter 1, pages 5",high,educational_infographic,optional_after_answer,module6_unmanned_spacecraft_missions,module6_unmanned_spacecraft_missions,module6_unmanned_spacecraft_missions.png,/assets/cap-visuals/module6_unmanned_spacecraft_missions.png,approved,true,"Communications, navigation, weather, Earth-observing satellites, deep-space probes, and X-37 uses.","Communications, navigation, weather, Earth-observing satellites, deep-space probes, and X-37 uses.","Communications, navigation, weather, Earth-observing satellites, deep-space probes, and X-37 uses.",high,close,true,1.0,original_textbook_grounded,Mitchell_Aerospace_sample_style_analysis,draft,AD-M6-Q028,35,AD_M6_100
AD-M6-Q028,6,1,Unmanned Spacecraft,AD6-1-tiros_i,AD6-1-tiros_i,AD6-1-tiros_i,multiple_choice,brief_application,medium_hard,application,"Which concept or answer best fits this situation? On April 1, 1960, a spacecraft sends back a hurricane image on its first day in space.",Mariner II,GOES 8,Explorer 6,Tiros I,D,"Nasa's first weather satellite, launched in 1960 and returning hurricane imagery.","Tiros i is the best answer because it refers to NASA's first weather satellite, launched in 1960 and returning hurricane imagery.","Not this one. Mariner ii is a related Module 6 term or fact, but it does not match the specific description. Nasa's first weather satellite, launched in 1960 and returning hurricane imagery.","Not this one. Goes 8 is a related Module 6 term or fact, but it does not match the specific description. Nasa's first weather satellite, launched in 1960 and returning hurricane imagery.","Not this one. Explorer 6 is a related Module 6 term or fact, but it does not match the specific description. Nasa's first weather satellite, launched in 1960 and returning hurricane imagery.","Correct. Nasa's first weather satellite, launched in 1960 and returning hurricane imagery.",Tiros I = first NASA weather eye.,"Review Module 6, Chapter 1, pages 5. Then explain Tiros I without looking at the choices.",Aerospace Dimensions Module 6: Spacecraft,5,"Module 6, Chapter 1, pages 5",high,educational_infographic,optional_after_answer,module6_unmanned_spacecraft_missions,module6_unmanned_spacecraft_missions,module6_unmanned_spacecraft_missions.png,/assets/cap-visuals/module6_unmanned_spacecraft_missions.png,approved,true,"Communications, navigation, weather, Earth-observing satellites, deep-space probes, and X-37 uses.","Communications, navigation, weather, Earth-observing satellites, deep-space probes, and X-37 uses.","Communications, navigation, weather, Earth-observing satellites, deep-space probes, and X-37 uses.",high,close,true,0.8,original_textbook_grounded,Mitchell_Aerospace_sample_style_analysis,draft,AD-M6-Q027,45,AD_M6_100
AD-M6-Q029,6,1,Unmanned Spacecraft,AD6-1-explorer_1,AD6-1-explorer_1,AD6-1-explorer_1,multiple_choice,direct_exam_style,medium,recall,Which answer best matches this description: the first U.S. satellite and the spacecraft that discovered the Van Allen Radiation Belts?,Explorer 1,Mariner 10,Explorer 6,Sputnik,A,The first u.s. satellite and the spacecraft that discovered the van allen radiation belts.,Explorer 1 is the best answer because it refers to the first U.S. satellite and the spacecraft that discovered the Van Allen Radiation Belts.,Correct. The first u.s. satellite and the spacecraft that discovered the van allen radiation belts.,"Not this one. Mariner 10 is a related Module 6 term or fact, but it does not match the specific description. The first u.s. satellite and the spacecraft that discovered the van allen radiation belts.","Not this one. Explorer 6 is a related Module 6 term or fact, but it does not match the specific description. The first u.s. satellite and the spacecraft that discovered the van allen radiation belts.","Not this one. Sputnik is a related Module 6 term or fact, but it does not match the specific description. The first u.s. satellite and the spacecraft that discovered the van allen radiation belts.",Explorer 1 = first U.S. satellite + Van Allen.,"Review Module 6, Chapter 1, pages 5. Then explain Explorer 1 without looking at the choices.",Aerospace Dimensions Module 6: Spacecraft,5,"Module 6, Chapter 1, pages 5",high,educational_infographic,optional_after_answer,module6_unmanned_spacecraft_missions,module6_unmanned_spacecraft_missions,module6_unmanned_spacecraft_missions.png,/assets/cap-visuals/module6_unmanned_spacecraft_missions.png,approved,true,"Communications, navigation, weather, Earth-observing satellites, deep-space probes, and X-37 uses.","Communications, navigation, weather, Earth-observing satellites, deep-space probes, and X-37 uses.","Communications, navigation, weather, Earth-observing satellites, deep-space probes, and X-37 uses.",high,close,true,1.0,original_textbook_grounded,Mitchell_Aerospace_sample_style_analysis,draft,AD-M6-Q030,35,AD_M6_100
AD-M6-Q030,6,1,Unmanned Spacecraft,AD6-1-explorer_1,AD6-1-explorer_1,AD6-1-explorer_1,multiple_choice,brief_application,medium_hard,application,Which concept or answer best fits this situation? A 1958 U.S. spacecraft makes a major radiation discovery around Earth.,Explorer 6,Explorer 1,Mariner 10,Sputnik,B,The first u.s. satellite and the spacecraft that discovered the van allen radiation belts.,Explorer 1 is the best answer because it refers to the first U.S. satellite and the spacecraft that discovered the Van Allen Radiation Belts.,"Not this one. Explorer 6 is a related Module 6 term or fact, but it does not match the specific description. The first u.s. satellite and the spacecraft that discovered the van allen radiation belts.",Correct. The first u.s. satellite and the spacecraft that discovered the van allen radiation belts.,"Not this one. Mariner 10 is a related Module 6 term or fact, but it does not match the specific description. The first u.s. satellite and the spacecraft that discovered the van allen radiation belts.","Not this one. Sputnik is a related Module 6 term or fact, but it does not match the specific description. The first u.s. satellite and the spacecraft that discovered the van allen radiation belts.",Explorer 1 = first U.S. satellite + Van Allen.,"Review Module 6, Chapter 1, pages 5. Then explain Explorer 1 without looking at the choices.",Aerospace Dimensions Module 6: Spacecraft,5,"Module 6, Chapter 1, pages 5",high,educational_infographic,optional_after_answer,module6_unmanned_spacecraft_missions,module6_unmanned_spacecraft_missions,module6_unmanned_spacecraft_missions.png,/assets/cap-visuals/module6_unmanned_spacecraft_missions.png,approved,true,"Communications, navigation, weather, Earth-observing satellites, deep-space probes, and X-37 uses.","Communications, navigation, weather, Earth-observing satellites, deep-space probes, and X-37 uses.","Communications, navigation, weather, Earth-observing satellites, deep-space probes, and X-37 uses.",high,close,false,0.8,original_textbook_grounded,Mitchell_Aerospace_sample_style_analysis,draft,AD-M6-Q029,45,AD_M6_100
AD-M6-Q031,6,1,Unmanned Spacecraft,AD6-1-space_probe,AD6-1-space_probe,AD6-1-space_probe,multiple_choice,direct_exam_style,medium,recall,"Which answer best matches this description: a spacecraft that flies by, orbits, or lands on a celestial body other than Earth?",weather satellite,communications satellite,space probe,space station,C,"A spacecraft that flies by, orbits, or lands on a celestial body other than earth.","Space probe is the best answer because it refers to a spacecraft that flies by, orbits, or lands on a celestial body other than Earth.","Not this one. Weather satellite is a related Module 6 term or fact, but it does not match the specific description. A spacecraft that flies by, orbits, or lands on a celestial body other than earth.","Not this one. Communications satellite is a related Module 6 term or fact, but it does not match the specific description. A spacecraft that flies by, orbits, or lands on a celestial body other than earth.","Correct. A spacecraft that flies by, orbits, or lands on a celestial body other than earth.","Not this one. Space station is a related Module 6 term or fact, but it does not match the specific description. A spacecraft that flies by, orbits, or lands on a celestial body other than earth.",Probe = go examine another world.,"Review Module 6, Chapter 1, pages 5-6. Then explain space probe without looking at the choices.",Aerospace Dimensions Module 6: Spacecraft,5-6,"Module 6, Chapter 1, pages 5-6",high,educational_infographic,optional_after_answer,module6_unmanned_spacecraft_missions,module6_unmanned_spacecraft_missions,module6_unmanned_spacecraft_missions.png,/assets/cap-visuals/module6_unmanned_spacecraft_missions.png,approved,true,"Communications, navigation, weather, Earth-observing satellites, deep-space probes, and X-37 uses.","Communications, navigation, weather, Earth-observing satellites, deep-space probes, and X-37 uses.","Communications, navigation, weather, Earth-observing satellites, deep-space probes, and X-37 uses.",high,close,true,1.0,original_textbook_grounded,Mitchell_Aerospace_sample_style_analysis,draft,AD-M6-Q032,35,AD_M6_100
AD-M6-Q032,6,1,Unmanned Spacecraft,AD6-1-space_probe,AD6-1-space_probe,AD6-1-space_probe,multiple_choice,brief_application,medium_hard,application,Which concept or answer best fits this situation? An uncrewed craft travels to Mars and photographs its surface rather than remaining in Earth orbit.,space station,communications satellite,weather satellite,space probe,D,"A spacecraft that flies by, orbits, or lands on a celestial body other than earth.","Space probe is the best answer because it refers to a spacecraft that flies by, orbits, or lands on a celestial body other than Earth.","Not this one. Space station is a related Module 6 term or fact, but it does not match the specific description. A spacecraft that flies by, orbits, or lands on a celestial body other than earth.","Not this one. Communications satellite is a related Module 6 term or fact, but it does not match the specific description. A spacecraft that flies by, orbits, or lands on a celestial body other than earth.","Not this one. Weather satellite is a related Module 6 term or fact, but it does not match the specific description. A spacecraft that flies by, orbits, or lands on a celestial body other than earth.","Correct. A spacecraft that flies by, orbits, or lands on a celestial body other than earth.",Probe = go examine another world.,"Review Module 6, Chapter 1, pages 5-6. Then explain space probe without looking at the choices.",Aerospace Dimensions Module 6: Spacecraft,5-6,"Module 6, Chapter 1, pages 5-6",high,educational_infographic,optional_after_answer,module6_unmanned_spacecraft_missions,module6_unmanned_spacecraft_missions,module6_unmanned_spacecraft_missions.png,/assets/cap-visuals/module6_unmanned_spacecraft_missions.png,approved,true,"Communications, navigation, weather, Earth-observing satellites, deep-space probes, and X-37 uses.","Communications, navigation, weather, Earth-observing satellites, deep-space probes, and X-37 uses.","Communications, navigation, weather, Earth-observing satellites, deep-space probes, and X-37 uses.",high,close,true,0.8,original_textbook_grounded,Mitchell_Aerospace_sample_style_analysis,draft,AD-M6-Q031,45,AD_M6_100
AD-M6-Q033,6,1,Unmanned Spacecraft,AD6-1-viking_probes,AD6-1-viking_probes,AD6-1-viking_probes,multiple_choice,direct_exam_style,medium,recall,Which answer best matches this description: Mars probes that photographed and analyzed the surface with emphasis on the search for life?,Viking probes,Orbiting Solar Observatory,Ranger probes,Pioneer probes,A,Mars probes that photographed and analyzed the surface with emphasis on the search for life.,Viking probes is the best answer because it refers to Mars probes that photographed and analyzed the surface with emphasis on the search for life.,Correct. Mars probes that photographed and analyzed the surface with emphasis on the search for life.,"Not this one. Orbiting solar observatory is a related Module 6 term or fact, but it does not match the specific description. Mars probes that photographed and analyzed the surface with emphasis on the search for life.","Not this one. Ranger probes is a related Module 6 term or fact, but it does not match the specific description. Mars probes that photographed and analyzed the surface with emphasis on the search for life.","Not this one. Pioneer probes is a related Module 6 term or fact, but it does not match the specific description. Mars probes that photographed and analyzed the surface with emphasis on the search for life.",Viking = Mars life search.,"Review Module 6, Chapter 1, pages 6. Then explain Viking probes without looking at the choices.",Aerospace Dimensions Module 6: Spacecraft,6,"Module 6, Chapter 1, pages 6",high,educational_infographic,optional_after_answer,module6_unmanned_spacecraft_missions,module6_unmanned_spacecraft_missions,module6_unmanned_spacecraft_missions.png,/assets/cap-visuals/module6_unmanned_spacecraft_missions.png,approved,true,"Communications, navigation, weather, Earth-observing satellites, deep-space probes, and X-37 uses.","Communications, navigation, weather, Earth-observing satellites, deep-space probes, and X-37 uses.","Communications, navigation, weather, Earth-observing satellites, deep-space probes, and X-37 uses.",high,close,true,1.0,original_textbook_grounded,Mitchell_Aerospace_sample_style_analysis,draft,AD-M6-Q034,35,AD_M6_100
AD-M6-Q034,6,1,Unmanned Spacecraft,AD6-1-viking_probes,AD6-1-viking_probes,AD6-1-viking_probes,multiple_choice,brief_application,medium_hard,application,Which concept or answer best fits this situation? A 1975 probe series studies the Martian environment and searches for signs related to life.,Ranger probes,Viking probes,Pioneer probes,Orbiting Solar Observatory,B,Mars probes that photographed and analyzed the surface with emphasis on the search for life.,Viking probes is the best answer because it refers to Mars probes that photographed and analyzed the surface with emphasis on the search for life.,"Not this one. Ranger probes is a related Module 6 term or fact, but it does not match the specific description. Mars probes that photographed and analyzed the surface with emphasis on the search for life.",Correct. Mars probes that photographed and analyzed the surface with emphasis on the search for life.,"Not this one. Pioneer probes is a related Module 6 term or fact, but it does not match the specific description. Mars probes that photographed and analyzed the surface with emphasis on the search for life.","Not this one. Orbiting solar observatory is a related Module 6 term or fact, but it does not match the specific description. Mars probes that photographed and analyzed the surface with emphasis on the search for life.",Viking = Mars life search.,"Review Module 6, Chapter 1, pages 6. Then explain Viking probes without looking at the choices.",Aerospace Dimensions Module 6: Spacecraft,6,"Module 6, Chapter 1, pages 6",high,educational_infographic,optional_after_answer,module6_unmanned_spacecraft_missions,module6_unmanned_spacecraft_missions,module6_unmanned_spacecraft_missions.png,/assets/cap-visuals/module6_unmanned_spacecraft_missions.png,approved,true,"Communications, navigation, weather, Earth-observing satellites, deep-space probes, and X-37 uses.","Communications, navigation, weather, Earth-observing satellites, deep-space probes, and X-37 uses.","Communications, navigation, weather, Earth-observing satellites, deep-space probes, and X-37 uses.",high,close,false,0.8,original_textbook_grounded,Mitchell_Aerospace_sample_style_analysis,draft,AD-M6-Q033,45,AD_M6_100
AD-M6-Q035,6,1,Unmanned Spacecraft,AD6-1-satellite_system,AD6-1-satellite_system,AD6-1-satellite_system,multiple_choice,direct_exam_style,medium,recall,"Which answer best matches this description: people, environment, spacecraft/subsystems, command and control, and launch working together for a mission?",only the satellite's metal structure,only the launch rocket and payload,satellite system,only ground computers,C,"People, environment, spacecraft/subsystems, command and control, and launch working together for a mission.","Satellite system is the best answer because it refers to people, environment, spacecraft/subsystems, command and control, and launch working together for a mission.","Not this one. Only the satellite's metal structure is a related Module 6 term or fact, but it does not match the specific description. People, environment, spacecraft/subsystems, command and control, and launch working together for a mission.","Not this one. Only the launch rocket and payload is a related Module 6 term or fact, but it does not match the specific description. People, environment, spacecraft/subsystems, command and control, and launch working together for a mission.","Correct. People, environment, spacecraft/subsystems, command and control, and launch working together for a mission.","Not this one. Only ground computers is a related Module 6 term or fact, but it does not match the specific description. People, environment, spacecraft/subsystems, command and control, and launch working together for a mission.",Satellite system = people + environment + spacecraft + command + launch.,"Review Module 6, Chapter 1, pages 6-9. Then explain satellite system without looking at the choices.",Aerospace Dimensions Module 6: Spacecraft,6-9,"Module 6, Chapter 1, pages 6-9",high,educational_infographic,optional_after_answer,module6_satellite_systems_subsystems,module6_satellite_systems_subsystems,module6_satellite_systems_subsystems.png,/assets/cap-visuals/module6_satellite_systems_subsystems.png,approved,true,"Satellite system components, payload, structure, propulsion, attitude control, power, thermal control, command, and telemetry.","Satellite system components, payload, structure, propulsion, attitude control, power, thermal control, command, and telemetry.","Satellite system components, payload, structure, propulsion, attitude control, power, thermal control, command, and telemetry.",high,close,true,1.0,original_textbook_grounded,Mitchell_Aerospace_sample_style_analysis,draft,AD-M6-Q036,35,AD_M6_100
AD-M6-Q036,6,1,Unmanned Spacecraft,AD6-1-satellite_system,AD6-1-satellite_system,AD6-1-satellite_system,multiple_choice,brief_application,medium_hard,application,"Which concept or answer best fits this situation? A mission review considers the people, orbital environment, spacecraft, ground control, and launch rather than only the hardware in orbit.",only the launch rocket and payload,only the satellite's metal structure,only ground computers,satellite system,D,"People, environment, spacecraft/subsystems, command and control, and launch working together for a mission.","Satellite system is the best answer because it refers to people, environment, spacecraft/subsystems, command and control, and launch working together for a mission.","Not this one. Only the launch rocket and payload is a related Module 6 term or fact, but it does not match the specific description. People, environment, spacecraft/subsystems, command and control, and launch working together for a mission.","Not this one. Only the satellite's metal structure is a related Module 6 term or fact, but it does not match the specific description. People, environment, spacecraft/subsystems, command and control, and launch working together for a mission.","Not this one. Only ground computers is a related Module 6 term or fact, but it does not match the specific description. People, environment, spacecraft/subsystems, command and control, and launch working together for a mission.","Correct. People, environment, spacecraft/subsystems, command and control, and launch working together for a mission.",Satellite system = people + environment + spacecraft + command + launch.,"Review Module 6, Chapter 1, pages 6-9. Then explain satellite system without looking at the choices.",Aerospace Dimensions Module 6: Spacecraft,6-9,"Module 6, Chapter 1, pages 6-9",high,educational_infographic,optional_after_answer,module6_satellite_systems_subsystems,module6_satellite_systems_subsystems,module6_satellite_systems_subsystems.png,/assets/cap-visuals/module6_satellite_systems_subsystems.png,approved,true,"Satellite system components, payload, structure, propulsion, attitude control, power, thermal control, command, and telemetry.","Satellite system components, payload, structure, propulsion, attitude control, power, thermal control, command, and telemetry.","Satellite system components, payload, structure, propulsion, attitude control, power, thermal control, command, and telemetry.",high,close,true,0.8,original_textbook_grounded,Mitchell_Aerospace_sample_style_analysis,draft,AD-M6-Q035,45,AD_M6_100
AD-M6-Q037,6,1,Unmanned Spacecraft,AD6-1-satellite_payload,AD6-1-satellite_payload,AD6-1-satellite_payload,multiple_choice,direct_exam_style,medium,recall,Which answer best matches this description: the sensors and instruments that perform the satellite's mission?,satellite payload,the orbit's perigee,the launch window,the outer structure only,A,The sensors and instruments that perform the satellite's mission.,Satellite payload is the best answer because it refers to the sensors and instruments that perform the satellite's mission.,Correct. The sensors and instruments that perform the satellite's mission.,"Not this one. The orbit's perigee is a related Module 6 term or fact, but it does not match the specific description. The sensors and instruments that perform the satellite's mission.","Not this one. The launch window is a related Module 6 term or fact, but it does not match the specific description. The sensors and instruments that perform the satellite's mission.","Not this one. The outer structure only is a related Module 6 term or fact, but it does not match the specific description. The sensors and instruments that perform the satellite's mission.",Payload = mission tools.,"Review Module 6, Chapter 1, pages 8. Then explain satellite payload without looking at the choices.",Aerospace Dimensions Module 6: Spacecraft,8,"Module 6, Chapter 1, pages 8",high,educational_infographic,optional_after_answer,module6_satellite_systems_subsystems,module6_satellite_systems_subsystems,module6_satellite_systems_subsystems.png,/assets/cap-visuals/module6_satellite_systems_subsystems.png,approved,true,"Satellite system components, payload, structure, propulsion, attitude control, power, thermal control, command, and telemetry.","Satellite system components, payload, structure, propulsion, attitude control, power, thermal control, command, and telemetry.","Satellite system components, payload, structure, propulsion, attitude control, power, thermal control, command, and telemetry.",high,close,true,1.0,original_textbook_grounded,Mitchell_Aerospace_sample_style_analysis,draft,AD-M6-Q038,35,AD_M6_100
AD-M6-Q038,6,1,Unmanned Spacecraft,AD6-1-satellite_payload,AD6-1-satellite_payload,AD6-1-satellite_payload,multiple_choice,brief_application,medium_hard,application,"Which concept or answer best fits this situation? Designers first determine what cameras, sensors, or instruments must accomplish the mission.",the outer structure only,satellite payload,the launch window,the orbit's perigee,B,The sensors and instruments that perform the satellite's mission.,Satellite payload is the best answer because it refers to the sensors and instruments that perform the satellite's mission.,"Not this one. The outer structure only is a related Module 6 term or fact, but it does not match the specific description. The sensors and instruments that perform the satellite's mission.",Correct. The sensors and instruments that perform the satellite's mission.,"Not this one. The launch window is a related Module 6 term or fact, but it does not match the specific description. The sensors and instruments that perform the satellite's mission.","Not this one. The orbit's perigee is a related Module 6 term or fact, but it does not match the specific description. The sensors and instruments that perform the satellite's mission.",Payload = mission tools.,"Review Module 6, Chapter 1, pages 8. Then explain satellite payload without looking at the choices.",Aerospace Dimensions Module 6: Spacecraft,8,"Module 6, Chapter 1, pages 8",high,educational_infographic,optional_after_answer,module6_satellite_systems_subsystems,module6_satellite_systems_subsystems,module6_satellite_systems_subsystems.png,/assets/cap-visuals/module6_satellite_systems_subsystems.png,approved,true,"Satellite system components, payload, structure, propulsion, attitude control, power, thermal control, command, and telemetry.","Satellite system components, payload, structure, propulsion, attitude control, power, thermal control, command, and telemetry.","Satellite system components, payload, structure, propulsion, attitude control, power, thermal control, command, and telemetry.",high,close,false,0.8,original_textbook_grounded,Mitchell_Aerospace_sample_style_analysis,draft,AD-M6-Q037,45,AD_M6_100
AD-M6-Q039,6,1,Unmanned Spacecraft,AD6-1-telemetry,AD6-1-telemetry,AD6-1-telemetry,multiple_choice,direct_exam_style,medium,recall,Which answer best matches this description: information sent from a satellite to the ground that tells controllers how the satellite is functioning?,launch window,payload,telemetry,command,C,Information sent from a satellite to the ground that tells controllers how the satellite is functioning.,Telemetry is the best answer because it refers to information sent from a satellite to the ground that tells controllers how the satellite is functioning.,"Not this one. Launch window is a related Module 6 term or fact, but it does not match the specific description. Information sent from a satellite to the ground that tells controllers how the satellite is functioning.","Not this one. Payload is a related Module 6 term or fact, but it does not match the specific description. Information sent from a satellite to the ground that tells controllers how the satellite is functioning.",Correct. Information sent from a satellite to the ground that tells controllers how the satellite is functioning.,"Not this one. Command is a related Module 6 term or fact, but it does not match the specific description. Information sent from a satellite to the ground that tells controllers how the satellite is functioning.",Telemetry = satellite tells Earth.,"Review Module 6, Chapter 1, pages 9. Then explain telemetry without looking at the choices.",Aerospace Dimensions Module 6: Spacecraft,9,"Module 6, Chapter 1, pages 9",high,educational_infographic,optional_after_answer,module6_satellite_systems_subsystems,module6_satellite_systems_subsystems,module6_satellite_systems_subsystems.png,/assets/cap-visuals/module6_satellite_systems_subsystems.png,approved,true,"Satellite system components, payload, structure, propulsion, attitude control, power, thermal control, command, and telemetry.","Satellite system components, payload, structure, propulsion, attitude control, power, thermal control, command, and telemetry.","Satellite system components, payload, structure, propulsion, attitude control, power, thermal control, command, and telemetry.",high,close,true,1.0,original_textbook_grounded,Mitchell_Aerospace_sample_style_analysis,draft,AD-M6-Q040,35,AD_M6_100
AD-M6-Q040,6,1,Unmanned Spacecraft,AD6-1-telemetry,AD6-1-telemetry,AD6-1-telemetry,multiple_choice,brief_application,medium_hard,application,Which concept or answer best fits this situation? Controllers receive health and status information from orbit to see whether the spacecraft is operating correctly.,launch window,command,payload,telemetry,D,Information sent from a satellite to the ground that tells controllers how the satellite is functioning.,Telemetry is the best answer because it refers to information sent from a satellite to the ground that tells controllers how the satellite is functioning.,"Not this one. Launch window is a related Module 6 term or fact, but it does not match the specific description. Information sent from a satellite to the ground that tells controllers how the satellite is functioning.","Not this one. Command is a related Module 6 term or fact, but it does not match the specific description. Information sent from a satellite to the ground that tells controllers how the satellite is functioning.","Not this one. Payload is a related Module 6 term or fact, but it does not match the specific description. Information sent from a satellite to the ground that tells controllers how the satellite is functioning.",Correct. Information sent from a satellite to the ground that tells controllers how the satellite is functioning.,Telemetry = satellite tells Earth.,"Review Module 6, Chapter 1, pages 9. Then explain telemetry without looking at the choices.",Aerospace Dimensions Module 6: Spacecraft,9,"Module 6, Chapter 1, pages 9",high,educational_infographic,optional_after_answer,module6_satellite_systems_subsystems,module6_satellite_systems_subsystems,module6_satellite_systems_subsystems.png,/assets/cap-visuals/module6_satellite_systems_subsystems.png,approved,true,"Satellite system components, payload, structure, propulsion, attitude control, power, thermal control, command, and telemetry.","Satellite system components, payload, structure, propulsion, attitude control, power, thermal control, command, and telemetry.","Satellite system components, payload, structure, propulsion, attitude control, power, thermal control, command, and telemetry.",high,close,true,0.8,original_textbook_grounded,Mitchell_Aerospace_sample_style_analysis,draft,AD-M6-Q039,45,AD_M6_100
AD-M6-Q041,6,2,Manned Spacecraft,AD6-2-yuri_gagarin,AD6-2-yuri_gagarin,AD6-2-yuri_gagarin,multiple_choice,direct_exam_style,medium,recall,"Which answer best matches this description: the first human in space, completing one orbit in April 1961?",Yuri Gagarin,John Glenn,Alexei Leonov,Alan Shepard,A,"The first human in space, completing one orbit in april 1961.","Yuri gagarin is the best answer because it refers to the first human in space, completing one orbit in April 1961.","Correct. The first human in space, completing one orbit in april 1961.","Not this one. John glenn is a related Module 6 term or fact, but it does not match the specific description. The first human in space, completing one orbit in april 1961.","Not this one. Alexei leonov is a related Module 6 term or fact, but it does not match the specific description. The first human in space, completing one orbit in april 1961.","Not this one. Alan shepard is a related Module 6 term or fact, but it does not match the specific description. The first human in space, completing one orbit in april 1961.",Gagarin = first human in orbit.,"Review Module 6, Chapter 2, pages 16. Then explain Yuri Gagarin without looking at the choices.",Aerospace Dimensions Module 6: Spacecraft,16,"Module 6, Chapter 2, pages 16",high,educational_infographic,optional_after_answer,module6_manned_spaceflight_timeline,module6_manned_spaceflight_timeline,module6_manned_spaceflight_timeline.png,/assets/cap-visuals/module6_manned_spaceflight_timeline.png,approved,true,"Major Soviet, U.S., and international human-spaceflight milestones.","Major Soviet, U.S., and international human-spaceflight milestones.","Major Soviet, U.S., and international human-spaceflight milestones.",high,close,true,1.0,original_textbook_grounded,Mitchell_Aerospace_sample_style_analysis,draft,AD-M6-Q042,35,AD_M6_100
AD-M6-Q042,6,2,Manned Spacecraft,AD6-2-yuri_gagarin,AD6-2-yuri_gagarin,AD6-2-yuri_gagarin,multiple_choice,brief_application,medium_hard,application,Which concept or answer best fits this situation? A Soviet cosmonaut completes one orbit and becomes the first person to escape Earth's atmosphere.,Alan Shepard,Yuri Gagarin,Alexei Leonov,John Glenn,B,"The first human in space, completing one orbit in april 1961.","Yuri gagarin is the best answer because it refers to the first human in space, completing one orbit in April 1961.","Not this one. Alan shepard is a related Module 6 term or fact, but it does not match the specific description. The first human in space, completing one orbit in april 1961.","Correct. The first human in space, completing one orbit in april 1961.","Not this one. Alexei leonov is a related Module 6 term or fact, but it does not match the specific description. The first human in space, completing one orbit in april 1961.","Not this one. John glenn is a related Module 6 term or fact, but it does not match the specific description. The first human in space, completing one orbit in april 1961.",Gagarin = first human in orbit.,"Review Module 6, Chapter 2, pages 16. Then explain Yuri Gagarin without looking at the choices.",Aerospace Dimensions Module 6: Spacecraft,16,"Module 6, Chapter 2, pages 16",high,educational_infographic,optional_after_answer,module6_manned_spaceflight_timeline,module6_manned_spaceflight_timeline,module6_manned_spaceflight_timeline.png,/assets/cap-visuals/module6_manned_spaceflight_timeline.png,approved,true,"Major Soviet, U.S., and international human-spaceflight milestones.","Major Soviet, U.S., and international human-spaceflight milestones.","Major Soviet, U.S., and international human-spaceflight milestones.",high,close,false,0.8,original_textbook_grounded,Mitchell_Aerospace_sample_style_analysis,draft,AD-M6-Q041,45,AD_M6_100
AD-M6-Q043,6,2,Manned Spacecraft,AD6-2-valentina_tereshkova,AD6-2-valentina_tereshkova,AD6-2-valentina_tereshkova,multiple_choice,direct_exam_style,medium,recall,"Which answer best matches this description: the first woman in space, completing 48 orbits in 1963?",Sally Ride,Eileen Collins,Valentina Tereshkova,Chiaki Mukai,C,"The first woman in space, completing 48 orbits in 1963.","Valentina tereshkova is the best answer because it refers to the first woman in space, completing 48 orbits in 1963.","Not this one. Sally ride is a related Module 6 term or fact, but it does not match the specific description. The first woman in space, completing 48 orbits in 1963.","Not this one. Eileen collins is a related Module 6 term or fact, but it does not match the specific description. The first woman in space, completing 48 orbits in 1963.","Correct. The first woman in space, completing 48 orbits in 1963.","Not this one. Chiaki mukai is a related Module 6 term or fact, but it does not match the specific description. The first woman in space, completing 48 orbits in 1963.",Tereshkova = first woman in space.,"Review Module 6, Chapter 2, pages 17. Then explain Valentina Tereshkova without looking at the choices.",Aerospace Dimensions Module 6: Spacecraft,17,"Module 6, Chapter 2, pages 17",high,educational_infographic,optional_after_answer,module6_manned_spaceflight_timeline,module6_manned_spaceflight_timeline,module6_manned_spaceflight_timeline.png,/assets/cap-visuals/module6_manned_spaceflight_timeline.png,approved,true,"Major Soviet, U.S., and international human-spaceflight milestones.","Major Soviet, U.S., and international human-spaceflight milestones.","Major Soviet, U.S., and international human-spaceflight milestones.",high,close,true,1.0,original_textbook_grounded,Mitchell_Aerospace_sample_style_analysis,draft,AD-M6-Q044,35,AD_M6_100
AD-M6-Q044,6,2,Manned Spacecraft,AD6-2-valentina_tereshkova,AD6-2-valentina_tereshkova,AD6-2-valentina_tereshkova,multiple_choice,brief_application,medium_hard,application,Which concept or answer best fits this situation? A Soviet cosmonaut spends about three days in space and becomes the first woman to do so.,Chiaki Mukai,Eileen Collins,Sally Ride,Valentina Tereshkova,D,"The first woman in space, completing 48 orbits in 1963.","Valentina tereshkova is the best answer because it refers to the first woman in space, completing 48 orbits in 1963.","Not this one. Chiaki mukai is a related Module 6 term or fact, but it does not match the specific description. The first woman in space, completing 48 orbits in 1963.","Not this one. Eileen collins is a related Module 6 term or fact, but it does not match the specific description. The first woman in space, completing 48 orbits in 1963.","Not this one. Sally ride is a related Module 6 term or fact, but it does not match the specific description. The first woman in space, completing 48 orbits in 1963.","Correct. The first woman in space, completing 48 orbits in 1963.",Tereshkova = first woman in space.,"Review Module 6, Chapter 2, pages 17. Then explain Valentina Tereshkova without looking at the choices.",Aerospace Dimensions Module 6: Spacecraft,17,"Module 6, Chapter 2, pages 17",high,educational_infographic,optional_after_answer,module6_manned_spaceflight_timeline,module6_manned_spaceflight_timeline,module6_manned_spaceflight_timeline.png,/assets/cap-visuals/module6_manned_spaceflight_timeline.png,approved,true,"Major Soviet, U.S., and international human-spaceflight milestones.","Major Soviet, U.S., and international human-spaceflight milestones.","Major Soviet, U.S., and international human-spaceflight milestones.",high,close,true,0.8,original_textbook_grounded,Mitchell_Aerospace_sample_style_analysis,draft,AD-M6-Q043,45,AD_M6_100
AD-M6-Q045,6,2,Manned Spacecraft,AD6-2-alexei_leonov,AD6-2-alexei_leonov,AD6-2-alexei_leonov,multiple_choice,direct_exam_style,medium,recall,"Which answer best matches this description: the first person to perform a spacewalk, in March 1965?",Alexei Leonov,Yuri Gagarin,Ed White,John Glenn,A,"The first person to perform a spacewalk, in march 1965.","Alexei leonov is the best answer because it refers to the first person to perform a spacewalk, in March 1965.","Correct. The first person to perform a spacewalk, in march 1965.","Not this one. Yuri gagarin is a related Module 6 term or fact, but it does not match the specific description. The first person to perform a spacewalk, in march 1965.","Not this one. Ed white is a related Module 6 term or fact, but it does not match the specific description. The first person to perform a spacewalk, in march 1965.","Not this one. John glenn is a related Module 6 term or fact, but it does not match the specific description. The first person to perform a spacewalk, in march 1965.",Leonov = first EVA.,"Review Module 6, Chapter 2, pages 17. Then explain Alexei Leonov without looking at the choices.",Aerospace Dimensions Module 6: Spacecraft,17,"Module 6, Chapter 2, pages 17",high,educational_infographic,optional_after_answer,module6_manned_spaceflight_timeline,module6_manned_spaceflight_timeline,module6_manned_spaceflight_timeline.png,/assets/cap-visuals/module6_manned_spaceflight_timeline.png,approved,true,"Major Soviet, U.S., and international human-spaceflight milestones.","Major Soviet, U.S., and international human-spaceflight milestones.","Major Soviet, U.S., and international human-spaceflight milestones.",high,close,true,1.0,original_textbook_grounded,Mitchell_Aerospace_sample_style_analysis,draft,AD-M6-Q046,35,AD_M6_100
AD-M6-Q046,6,2,Manned Spacecraft,AD6-2-alexei_leonov,AD6-2-alexei_leonov,AD6-2-alexei_leonov,multiple_choice,brief_application,medium_hard,application,Which concept or answer best fits this situation? A Russian cosmonaut spends about 20 minutes outside his spacecraft before the first American spacewalk.,John Glenn,Alexei Leonov,Ed White,Yuri Gagarin,B,"The first person to perform a spacewalk, in march 1965.","Alexei leonov is the best answer because it refers to the first person to perform a spacewalk, in March 1965.","Not this one. John glenn is a related Module 6 term or fact, but it does not match the specific description. The first person to perform a spacewalk, in march 1965.","Correct. The first person to perform a spacewalk, in march 1965.","Not this one. Ed white is a related Module 6 term or fact, but it does not match the specific description. The first person to perform a spacewalk, in march 1965.","Not this one. Yuri gagarin is a related Module 6 term or fact, but it does not match the specific description. The first person to perform a spacewalk, in march 1965.",Leonov = first EVA.,"Review Module 6, Chapter 2, pages 17. Then explain Alexei Leonov without looking at the choices.",Aerospace Dimensions Module 6: Spacecraft,17,"Module 6, Chapter 2, pages 17",high,educational_infographic,optional_after_answer,module6_manned_spaceflight_timeline,module6_manned_spaceflight_timeline,module6_manned_spaceflight_timeline.png,/assets/cap-visuals/module6_manned_spaceflight_timeline.png,approved,true,"Major Soviet, U.S., and international human-spaceflight milestones.","Major Soviet, U.S., and international human-spaceflight milestones.","Major Soviet, U.S., and international human-spaceflight milestones.",high,close,false,0.8,original_textbook_grounded,Mitchell_Aerospace_sample_style_analysis,draft,AD-M6-Q045,45,AD_M6_100
AD-M6-Q047,6,2,Manned Spacecraft,AD6-2-project_mercury,AD6-2-project_mercury,AD6-2-project_mercury,multiple_choice,direct_exam_style,medium,recall,"Which answer best matches this description: the first U.S. manned spaceflight project, created to determine whether humans could survive space travel?",Project Skylab,Project Gemini,Project Mercury,Project Apollo,C,"The first u.s. manned spaceflight project, created to determine whether humans could survive space travel.","Project mercury is the best answer because it refers to the first U.S. manned spaceflight project, created to determine whether humans could survive space travel.","Not this one. Project skylab is a related Module 6 term or fact, but it does not match the specific description. The first u.s. manned spaceflight project, created to determine whether humans could survive space travel.","Not this one. Project gemini is a related Module 6 term or fact, but it does not match the specific description. The first u.s. manned spaceflight project, created to determine whether humans could survive space travel.","Correct. The first u.s. manned spaceflight project, created to determine whether humans could survive space travel.","Not this one. Project apollo is a related Module 6 term or fact, but it does not match the specific description. The first u.s. manned spaceflight project, created to determine whether humans could survive space travel.",Mercury = can humans survive space?,"Review Module 6, Chapter 2, pages 17-18. Then explain Project Mercury without looking at the choices.",Aerospace Dimensions Module 6: Spacecraft,17-18,"Module 6, Chapter 2, pages 17-18",high,educational_infographic,optional_after_answer,module6_us_space_projects,module6_us_space_projects,module6_us_space_projects.png,/assets/cap-visuals/module6_us_space_projects.png,approved,true,"Mercury, Gemini, Apollo, Skylab, Apollo-Soyuz, and Space Shuttle project purposes and achievements.","Mercury, Gemini, Apollo, Skylab, Apollo-Soyuz, and Space Shuttle project purposes and achievements.","Mercury, Gemini, Apollo, Skylab, Apollo-Soyuz, and Space Shuttle project purposes and achievements.",high,close,true,1.0,original_textbook_grounded,Mitchell_Aerospace_sample_style_analysis,draft,AD-M6-Q048,35,AD_M6_100
AD-M6-Q048,6,2,Manned Spacecraft,AD6-2-project_mercury,AD6-2-project_mercury,AD6-2-project_mercury,multiple_choice,brief_application,medium_hard,application,Which concept or answer best fits this situation? NASA's first crewed program asks basic questions about whether humans can survive and function in space.,Project Skylab,Project Gemini,Project Apollo,Project Mercury,D,"The first u.s. manned spaceflight project, created to determine whether humans could survive space travel.","Project mercury is the best answer because it refers to the first U.S. manned spaceflight project, created to determine whether humans could survive space travel.","Not this one. Project skylab is a related Module 6 term or fact, but it does not match the specific description. The first u.s. manned spaceflight project, created to determine whether humans could survive space travel.","Not this one. Project gemini is a related Module 6 term or fact, but it does not match the specific description. The first u.s. manned spaceflight project, created to determine whether humans could survive space travel.","Not this one. Project apollo is a related Module 6 term or fact, but it does not match the specific description. The first u.s. manned spaceflight project, created to determine whether humans could survive space travel.","Correct. The first u.s. manned spaceflight project, created to determine whether humans could survive space travel.",Mercury = can humans survive space?,"Review Module 6, Chapter 2, pages 17-18. Then explain Project Mercury without looking at the choices.",Aerospace Dimensions Module 6: Spacecraft,17-18,"Module 6, Chapter 2, pages 17-18",high,educational_infographic,optional_after_answer,module6_us_space_projects,module6_us_space_projects,module6_us_space_projects.png,/assets/cap-visuals/module6_us_space_projects.png,approved,true,"Mercury, Gemini, Apollo, Skylab, Apollo-Soyuz, and Space Shuttle project purposes and achievements.","Mercury, Gemini, Apollo, Skylab, Apollo-Soyuz, and Space Shuttle project purposes and achievements.","Mercury, Gemini, Apollo, Skylab, Apollo-Soyuz, and Space Shuttle project purposes and achievements.",high,close,true,0.8,original_textbook_grounded,Mitchell_Aerospace_sample_style_analysis,draft,AD-M6-Q047,45,AD_M6_100
AD-M6-Q049,6,2,Manned Spacecraft,AD6-2-alan_shepard,AD6-2-alan_shepard,AD6-2-alan_shepard,multiple_choice,direct_exam_style,medium,recall,"Which answer best matches this description: the first American in space, on a 15-minute suborbital Mercury flight in 1961?",Alan Shepard,John Glenn,Ed White,Neil Armstrong,A,"The first american in space, on a 15-minute suborbital mercury flight in 1961.","Alan shepard is the best answer because it refers to the first American in space, on a 15-minute suborbital Mercury flight in 1961.","Correct. The first american in space, on a 15-minute suborbital mercury flight in 1961.","Not this one. John glenn is a related Module 6 term or fact, but it does not match the specific description. The first american in space, on a 15-minute suborbital mercury flight in 1961.","Not this one. Ed white is a related Module 6 term or fact, but it does not match the specific description. The first american in space, on a 15-minute suborbital mercury flight in 1961.","Not this one. Neil armstrong is a related Module 6 term or fact, but it does not match the specific description. The first american in space, on a 15-minute suborbital mercury flight in 1961.","Shepard = first American, suborbital.","Review Module 6, Chapter 2, pages 17-18. Then explain Alan Shepard without looking at the choices.",Aerospace Dimensions Module 6: Spacecraft,17-18,"Module 6, Chapter 2, pages 17-18",high,educational_infographic,optional_after_answer,module6_manned_spaceflight_timeline,module6_manned_spaceflight_timeline,module6_manned_spaceflight_timeline.png,/assets/cap-visuals/module6_manned_spaceflight_timeline.png,approved,true,"Major Soviet, U.S., and international human-spaceflight milestones.","Major Soviet, U.S., and international human-spaceflight milestones.","Major Soviet, U.S., and international human-spaceflight milestones.",high,close,true,1.0,original_textbook_grounded,Mitchell_Aerospace_sample_style_analysis,draft,AD-M6-Q050,35,AD_M6_100
AD-M6-Q050,6,2,Manned Spacecraft,AD6-2-alan_shepard,AD6-2-alan_shepard,AD6-2-alan_shepard,multiple_choice,brief_application,medium_hard,application,Which concept or answer best fits this situation? Freedom 7 carries an astronaut on a brief suborbital mission rather than an orbital flight.,John Glenn,Alan Shepard,Neil Armstrong,Ed White,B,"The first american in space, on a 15-minute suborbital mercury flight in 1961.","Alan shepard is the best answer because it refers to the first American in space, on a 15-minute suborbital Mercury flight in 1961.","Not this one. John glenn is a related Module 6 term or fact, but it does not match the specific description. The first american in space, on a 15-minute suborbital mercury flight in 1961.","Correct. The first american in space, on a 15-minute suborbital mercury flight in 1961.","Not this one. Neil armstrong is a related Module 6 term or fact, but it does not match the specific description. The first american in space, on a 15-minute suborbital mercury flight in 1961.","Not this one. Ed white is a related Module 6 term or fact, but it does not match the specific description. The first american in space, on a 15-minute suborbital mercury flight in 1961.","Shepard = first American, suborbital.","Review Module 6, Chapter 2, pages 17-18. Then explain Alan Shepard without looking at the choices.",Aerospace Dimensions Module 6: Spacecraft,17-18,"Module 6, Chapter 2, pages 17-18",high,educational_infographic,optional_after_answer,module6_manned_spaceflight_timeline,module6_manned_spaceflight_timeline,module6_manned_spaceflight_timeline.png,/assets/cap-visuals/module6_manned_spaceflight_timeline.png,approved,true,"Major Soviet, U.S., and international human-spaceflight milestones.","Major Soviet, U.S., and international human-spaceflight milestones.","Major Soviet, U.S., and international human-spaceflight milestones.",high,close,false,0.8,original_textbook_grounded,Mitchell_Aerospace_sample_style_analysis,draft,AD-M6-Q049,45,AD_M6_100
AD-M6-Q051,6,2,Manned Spacecraft,AD6-2-john_glenn,AD6-2-john_glenn,AD6-2-john_glenn,multiple_choice,direct_exam_style,medium,recall,"Which answer best matches this description: the first American to orbit Earth, completing three orbits in a Mercury flight?",Alan Shepard,Gordon Cooper,John Glenn,Neil Armstrong,C,"The first american to orbit earth, completing three orbits in a mercury flight.","John glenn is the best answer because it refers to the first American to orbit Earth, completing three orbits in a Mercury flight.","Not this one. Alan shepard is a related Module 6 term or fact, but it does not match the specific description. The first american to orbit earth, completing three orbits in a mercury flight.","Not this one. Gordon cooper is a related Module 6 term or fact, but it does not match the specific description. The first american to orbit earth, completing three orbits in a mercury flight.","Correct. The first american to orbit earth, completing three orbits in a mercury flight.","Not this one. Neil armstrong is a related Module 6 term or fact, but it does not match the specific description. The first american to orbit earth, completing three orbits in a mercury flight.",Glenn = first U.S. orbit.,"Review Module 6, Chapter 2, pages 18. Then explain John Glenn without looking at the choices.",Aerospace Dimensions Module 6: Spacecraft,18,"Module 6, Chapter 2, pages 18",high,educational_infographic,optional_after_answer,module6_manned_spaceflight_timeline,module6_manned_spaceflight_timeline,module6_manned_spaceflight_timeline.png,/assets/cap-visuals/module6_manned_spaceflight_timeline.png,approved,true,"Major Soviet, U.S., and international human-spaceflight milestones.","Major Soviet, U.S., and international human-spaceflight milestones.","Major Soviet, U.S., and international human-spaceflight milestones.",high,close,true,1.0,original_textbook_grounded,Mitchell_Aerospace_sample_style_analysis,draft,AD-M6-Q052,35,AD_M6_100
AD-M6-Q052,6,2,Manned Spacecraft,AD6-2-john_glenn,AD6-2-john_glenn,AD6-2-john_glenn,multiple_choice,brief_application,medium_hard,application,Which concept or answer best fits this situation? Friendship 7 circles Earth three times for nearly five hours.,Gordon Cooper,Alan Shepard,Neil Armstrong,John Glenn,D,"The first american to orbit earth, completing three orbits in a mercury flight.","John glenn is the best answer because it refers to the first American to orbit Earth, completing three orbits in a Mercury flight.","Not this one. Gordon cooper is a related Module 6 term or fact, but it does not match the specific description. The first american to orbit earth, completing three orbits in a mercury flight.","Not this one. Alan shepard is a related Module 6 term or fact, but it does not match the specific description. The first american to orbit earth, completing three orbits in a mercury flight.","Not this one. Neil armstrong is a related Module 6 term or fact, but it does not match the specific description. The first american to orbit earth, completing three orbits in a mercury flight.","Correct. The first american to orbit earth, completing three orbits in a mercury flight.",Glenn = first U.S. orbit.,"Review Module 6, Chapter 2, pages 18. Then explain John Glenn without looking at the choices.",Aerospace Dimensions Module 6: Spacecraft,18,"Module 6, Chapter 2, pages 18",high,educational_infographic,optional_after_answer,module6_manned_spaceflight_timeline,module6_manned_spaceflight_timeline,module6_manned_spaceflight_timeline.png,/assets/cap-visuals/module6_manned_spaceflight_timeline.png,approved,true,"Major Soviet, U.S., and international human-spaceflight milestones.","Major Soviet, U.S., and international human-spaceflight milestones.","Major Soviet, U.S., and international human-spaceflight milestones.",high,close,true,0.8,original_textbook_grounded,Mitchell_Aerospace_sample_style_analysis,draft,AD-M6-Q051,45,AD_M6_100
AD-M6-Q053,6,2,Manned Spacecraft,AD6-2-project_gemini,AD6-2-project_gemini,AD6-2-project_gemini,multiple_choice,direct_exam_style,medium,recall,"Which answer best matches this description: the U.S. two-man program that advanced spacewalking, rendezvous, docking, and longer-duration flight?",Project Gemini,Skylab,Mercury,Apollo,A,"The u.s. two-man program that advanced spacewalking, rendezvous, docking, and longer-duration flight.","Project gemini is the best answer because it refers to the U.S. two-man program that advanced spacewalking, rendezvous, docking, and longer-duration flight.","Correct. The u.s. two-man program that advanced spacewalking, rendezvous, docking, and longer-duration flight.","Not this one. Skylab is a related Module 6 term or fact, but it does not match the specific description. The u.s. two-man program that advanced spacewalking, rendezvous, docking, and longer-duration flight.","Not this one. Mercury is a related Module 6 term or fact, but it does not match the specific description. The u.s. two-man program that advanced spacewalking, rendezvous, docking, and longer-duration flight.","Not this one. Apollo is a related Module 6 term or fact, but it does not match the specific description. The u.s. two-man program that advanced spacewalking, rendezvous, docking, and longer-duration flight.",Gemini = two people + EVA + rendezvous/docking.,"Review Module 6, Chapter 2, pages 18. Then explain Project Gemini without looking at the choices.",Aerospace Dimensions Module 6: Spacecraft,18,"Module 6, Chapter 2, pages 18",high,educational_infographic,optional_after_answer,module6_us_space_projects,module6_us_space_projects,module6_us_space_projects.png,/assets/cap-visuals/module6_us_space_projects.png,approved,true,"Mercury, Gemini, Apollo, Skylab, Apollo-Soyuz, and Space Shuttle project purposes and achievements.","Mercury, Gemini, Apollo, Skylab, Apollo-Soyuz, and Space Shuttle project purposes and achievements.","Mercury, Gemini, Apollo, Skylab, Apollo-Soyuz, and Space Shuttle project purposes and achievements.",high,close,true,1.0,original_textbook_grounded,Mitchell_Aerospace_sample_style_analysis,draft,AD-M6-Q054,35,AD_M6_100
AD-M6-Q054,6,2,Manned Spacecraft,AD6-2-project_gemini,AD6-2-project_gemini,AD6-2-project_gemini,multiple_choice,brief_application,medium_hard,application,Which concept or answer best fits this situation? NASA needs two astronauts to practice docking and multi-day routines before trying to land on the Moon.,Skylab,Project Gemini,Apollo,Mercury,B,"The u.s. two-man program that advanced spacewalking, rendezvous, docking, and longer-duration flight.","Project gemini is the best answer because it refers to the U.S. two-man program that advanced spacewalking, rendezvous, docking, and longer-duration flight.","Not this one. Skylab is a related Module 6 term or fact, but it does not match the specific description. The u.s. two-man program that advanced spacewalking, rendezvous, docking, and longer-duration flight.","Correct. The u.s. two-man program that advanced spacewalking, rendezvous, docking, and longer-duration flight.","Not this one. Apollo is a related Module 6 term or fact, but it does not match the specific description. The u.s. two-man program that advanced spacewalking, rendezvous, docking, and longer-duration flight.","Not this one. Mercury is a related Module 6 term or fact, but it does not match the specific description. The u.s. two-man program that advanced spacewalking, rendezvous, docking, and longer-duration flight.",Gemini = two people + EVA + rendezvous/docking.,"Review Module 6, Chapter 2, pages 18. Then explain Project Gemini without looking at the choices.",Aerospace Dimensions Module 6: Spacecraft,18,"Module 6, Chapter 2, pages 18",high,educational_infographic,optional_after_answer,module6_us_space_projects,module6_us_space_projects,module6_us_space_projects.png,/assets/cap-visuals/module6_us_space_projects.png,approved,true,"Mercury, Gemini, Apollo, Skylab, Apollo-Soyuz, and Space Shuttle project purposes and achievements.","Mercury, Gemini, Apollo, Skylab, Apollo-Soyuz, and Space Shuttle project purposes and achievements.","Mercury, Gemini, Apollo, Skylab, Apollo-Soyuz, and Space Shuttle project purposes and achievements.",high,close,false,0.8,original_textbook_grounded,Mitchell_Aerospace_sample_style_analysis,draft,AD-M6-Q053,45,AD_M6_100
AD-M6-Q055,6,2,Manned Spacecraft,AD6-2-ed_white,AD6-2-ed_white,AD6-2-ed_white,multiple_choice,direct_exam_style,medium,recall,Which answer best matches this description: the first American to walk in space during Gemini IV?,Alan Shepard,John Glenn,Ed White,Alexei Leonov,C,The first american to walk in space during gemini iv.,Ed white is the best answer because it refers to the first American to walk in space during Gemini IV.,"Not this one. Alan shepard is a related Module 6 term or fact, but it does not match the specific description. The first american to walk in space during gemini iv.","Not this one. John glenn is a related Module 6 term or fact, but it does not match the specific description. The first american to walk in space during gemini iv.",Correct. The first american to walk in space during gemini iv.,"Not this one. Alexei leonov is a related Module 6 term or fact, but it does not match the specific description. The first american to walk in space during gemini iv.",White = first U.S. spacewalk.,"Review Module 6, Chapter 2, pages 18. Then explain Ed White without looking at the choices.",Aerospace Dimensions Module 6: Spacecraft,18,"Module 6, Chapter 2, pages 18",high,educational_infographic,optional_after_answer,module6_manned_spaceflight_timeline,module6_manned_spaceflight_timeline,module6_manned_spaceflight_timeline.png,/assets/cap-visuals/module6_manned_spaceflight_timeline.png,approved,true,"Major Soviet, U.S., and international human-spaceflight milestones.","Major Soviet, U.S., and international human-spaceflight milestones.","Major Soviet, U.S., and international human-spaceflight milestones.",high,close,true,1.0,original_textbook_grounded,Mitchell_Aerospace_sample_style_analysis,draft,AD-M6-Q056,35,AD_M6_100
AD-M6-Q056,6,2,Manned Spacecraft,AD6-2-ed_white,AD6-2-ed_white,AD6-2-ed_white,multiple_choice,brief_application,medium_hard,application,"Which concept or answer best fits this situation? During Gemini IV, an American spends about 22 minutes outside the spacecraft.",Alexei Leonov,Alan Shepard,John Glenn,Ed White,D,The first american to walk in space during gemini iv.,Ed white is the best answer because it refers to the first American to walk in space during Gemini IV.,"Not this one. Alexei leonov is a related Module 6 term or fact, but it does not match the specific description. The first american to walk in space during gemini iv.","Not this one. Alan shepard is a related Module 6 term or fact, but it does not match the specific description. The first american to walk in space during gemini iv.","Not this one. John glenn is a related Module 6 term or fact, but it does not match the specific description. The first american to walk in space during gemini iv.",Correct. The first american to walk in space during gemini iv.,White = first U.S. spacewalk.,"Review Module 6, Chapter 2, pages 18. Then explain Ed White without looking at the choices.",Aerospace Dimensions Module 6: Spacecraft,18,"Module 6, Chapter 2, pages 18",high,educational_infographic,optional_after_answer,module6_manned_spaceflight_timeline,module6_manned_spaceflight_timeline,module6_manned_spaceflight_timeline.png,/assets/cap-visuals/module6_manned_spaceflight_timeline.png,approved,true,"Major Soviet, U.S., and international human-spaceflight milestones.","Major Soviet, U.S., and international human-spaceflight milestones.","Major Soviet, U.S., and international human-spaceflight milestones.",high,close,true,0.8,original_textbook_grounded,Mitchell_Aerospace_sample_style_analysis,draft,AD-M6-Q055,45,AD_M6_100
AD-M6-Q057,6,2,Manned Spacecraft,AD6-2-project_apollo,AD6-2-project_apollo,AD6-2-project_apollo,multiple_choice,direct_exam_style,medium,recall,Which answer best matches this description: the U.S. manned spaceflight project whose overall mission was to put a person on the Moon?,Project Apollo,Mercury,Skylab,Gemini,A,The u.s. manned spaceflight project whose overall mission was to put a person on the moon.,Project apollo is the best answer because it refers to the U.S. manned spaceflight project whose overall mission was to put a person on the Moon.,Correct. The u.s. manned spaceflight project whose overall mission was to put a person on the moon.,"Not this one. Mercury is a related Module 6 term or fact, but it does not match the specific description. The u.s. manned spaceflight project whose overall mission was to put a person on the moon.","Not this one. Skylab is a related Module 6 term or fact, but it does not match the specific description. The u.s. manned spaceflight project whose overall mission was to put a person on the moon.","Not this one. Gemini is a related Module 6 term or fact, but it does not match the specific description. The u.s. manned spaceflight project whose overall mission was to put a person on the moon.",Apollo = Moon landing program.,"Review Module 6, Chapter 2, pages 19. Then explain Project Apollo without looking at the choices.",Aerospace Dimensions Module 6: Spacecraft,19,"Module 6, Chapter 2, pages 19",high,educational_infographic,optional_after_answer,module6_us_space_projects,module6_us_space_projects,module6_us_space_projects.png,/assets/cap-visuals/module6_us_space_projects.png,approved,true,"Mercury, Gemini, Apollo, Skylab, Apollo-Soyuz, and Space Shuttle project purposes and achievements.","Mercury, Gemini, Apollo, Skylab, Apollo-Soyuz, and Space Shuttle project purposes and achievements.","Mercury, Gemini, Apollo, Skylab, Apollo-Soyuz, and Space Shuttle project purposes and achievements.",high,close,true,1.0,original_textbook_grounded,Mitchell_Aerospace_sample_style_analysis,draft,AD-M6-Q058,35,AD_M6_100
AD-M6-Q058,6,2,Manned Spacecraft,AD6-2-project_apollo,AD6-2-project_apollo,AD6-2-project_apollo,multiple_choice,brief_application,medium_hard,application,"Which concept or answer best fits this situation? After rendezvous and docking skills are developed, NASA's next program focuses on landing humans on the Moon.",Gemini,Project Apollo,Mercury,Skylab,B,The u.s. manned spaceflight project whose overall mission was to put a person on the moon.,Project apollo is the best answer because it refers to the U.S. manned spaceflight project whose overall mission was to put a person on the Moon.,"Not this one. Gemini is a related Module 6 term or fact, but it does not match the specific description. The u.s. manned spaceflight project whose overall mission was to put a person on the moon.",Correct. The u.s. manned spaceflight project whose overall mission was to put a person on the moon.,"Not this one. Mercury is a related Module 6 term or fact, but it does not match the specific description. The u.s. manned spaceflight project whose overall mission was to put a person on the moon.","Not this one. Skylab is a related Module 6 term or fact, but it does not match the specific description. The u.s. manned spaceflight project whose overall mission was to put a person on the moon.",Apollo = Moon landing program.,"Review Module 6, Chapter 2, pages 19. Then explain Project Apollo without looking at the choices.",Aerospace Dimensions Module 6: Spacecraft,19,"Module 6, Chapter 2, pages 19",high,educational_infographic,optional_after_answer,module6_us_space_projects,module6_us_space_projects,module6_us_space_projects.png,/assets/cap-visuals/module6_us_space_projects.png,approved,true,"Mercury, Gemini, Apollo, Skylab, Apollo-Soyuz, and Space Shuttle project purposes and achievements.","Mercury, Gemini, Apollo, Skylab, Apollo-Soyuz, and Space Shuttle project purposes and achievements.","Mercury, Gemini, Apollo, Skylab, Apollo-Soyuz, and Space Shuttle project purposes and achievements.",high,close,false,0.8,original_textbook_grounded,Mitchell_Aerospace_sample_style_analysis,draft,AD-M6-Q057,45,AD_M6_100
AD-M6-Q059,6,2,Manned Spacecraft,AD6-2-apollo_11,AD6-2-apollo_11,AD6-2-apollo_11,multiple_choice,direct_exam_style,medium,recall,Which answer best matches this description: the Apollo mission that achieved the first human Moon landing in July 1969?,Skylab 1,Apollo 13,Apollo 11,Gemini IV,C,The apollo mission that achieved the first human moon landing in july 1969.,Apollo 11 is the best answer because it refers to the Apollo mission that achieved the first human Moon landing in July 1969.,"Not this one. Skylab 1 is a related Module 6 term or fact, but it does not match the specific description. The apollo mission that achieved the first human moon landing in july 1969.","Not this one. Apollo 13 is a related Module 6 term or fact, but it does not match the specific description. The apollo mission that achieved the first human moon landing in july 1969.",Correct. The apollo mission that achieved the first human moon landing in july 1969.,"Not this one. Gemini iv is a related Module 6 term or fact, but it does not match the specific description. The apollo mission that achieved the first human moon landing in july 1969.",Apollo 11 = first Moon landing.,"Review Module 6, Chapter 2, pages 19. Then explain Apollo 11 without looking at the choices.",Aerospace Dimensions Module 6: Spacecraft,19,"Module 6, Chapter 2, pages 19",high,educational_infographic,optional_after_answer,module6_manned_spaceflight_timeline,module6_manned_spaceflight_timeline,module6_manned_spaceflight_timeline.png,/assets/cap-visuals/module6_manned_spaceflight_timeline.png,approved,true,"Major Soviet, U.S., and international human-spaceflight milestones.","Major Soviet, U.S., and international human-spaceflight milestones.","Major Soviet, U.S., and international human-spaceflight milestones.",high,close,true,1.0,original_textbook_grounded,Mitchell_Aerospace_sample_style_analysis,draft,AD-M6-Q060,35,AD_M6_100
AD-M6-Q060,6,2,Manned Spacecraft,AD6-2-apollo_11,AD6-2-apollo_11,AD6-2-apollo_11,multiple_choice,brief_application,medium_hard,application,Which concept or answer best fits this situation? Neil Armstrong and Buzz Aldrin step onto the lunar surface while Michael Collins remains in lunar orbit.,Gemini IV,Apollo 13,Skylab 1,Apollo 11,D,The apollo mission that achieved the first human moon landing in july 1969.,Apollo 11 is the best answer because it refers to the Apollo mission that achieved the first human Moon landing in July 1969.,"Not this one. Gemini iv is a related Module 6 term or fact, but it does not match the specific description. The apollo mission that achieved the first human moon landing in july 1969.","Not this one. Apollo 13 is a related Module 6 term or fact, but it does not match the specific description. The apollo mission that achieved the first human moon landing in july 1969.","Not this one. Skylab 1 is a related Module 6 term or fact, but it does not match the specific description. The apollo mission that achieved the first human moon landing in july 1969.",Correct. The apollo mission that achieved the first human moon landing in july 1969.,Apollo 11 = first Moon landing.,"Review Module 6, Chapter 2, pages 19. Then explain Apollo 11 without looking at the choices.",Aerospace Dimensions Module 6: Spacecraft,19,"Module 6, Chapter 2, pages 19",high,educational_infographic,optional_after_answer,module6_manned_spaceflight_timeline,module6_manned_spaceflight_timeline,module6_manned_spaceflight_timeline.png,/assets/cap-visuals/module6_manned_spaceflight_timeline.png,approved,true,"Major Soviet, U.S., and international human-spaceflight milestones.","Major Soviet, U.S., and international human-spaceflight milestones.","Major Soviet, U.S., and international human-spaceflight milestones.",high,close,true,0.8,original_textbook_grounded,Mitchell_Aerospace_sample_style_analysis,draft,AD-M6-Q059,45,AD_M6_100
AD-M6-Q061,6,2,Manned Spacecraft,AD6-2-neil_armstrong,AD6-2-neil_armstrong,AD6-2-neil_armstrong,multiple_choice,direct_exam_style,medium,recall,Which answer best matches this description: the first human to walk on the Moon?,Neil Armstrong,John Glenn,Alan Shepard,Buzz Aldrin,A,The first human to walk on the moon.,Neil armstrong is the best answer because it refers to the first human to walk on the Moon.,Correct. The first human to walk on the moon.,"Not this one. John glenn is a related Module 6 term or fact, but it does not match the specific description. The first human to walk on the moon.","Not this one. Alan shepard is a related Module 6 term or fact, but it does not match the specific description. The first human to walk on the moon.","Not this one. Buzz aldrin is a related Module 6 term or fact, but it does not match the specific description. The first human to walk on the moon.",Armstrong = first footsteps on Moon.,"Review Module 6, Chapter 2, pages 19. Then explain Neil Armstrong without looking at the choices.",Aerospace Dimensions Module 6: Spacecraft,19,"Module 6, Chapter 2, pages 19",high,educational_infographic,optional_after_answer,module6_manned_spaceflight_timeline,module6_manned_spaceflight_timeline,module6_manned_spaceflight_timeline.png,/assets/cap-visuals/module6_manned_spaceflight_timeline.png,approved,true,"Major Soviet, U.S., and international human-spaceflight milestones.","Major Soviet, U.S., and international human-spaceflight milestones.","Major Soviet, U.S., and international human-spaceflight milestones.",high,close,true,1.0,original_textbook_grounded,Mitchell_Aerospace_sample_style_analysis,draft,AD-M6-Q062,35,AD_M6_100
AD-M6-Q062,6,2,Manned Spacecraft,AD6-2-neil_armstrong,AD6-2-neil_armstrong,AD6-2-neil_armstrong,multiple_choice,brief_application,medium_hard,application,"Which concept or answer best fits this situation? On July 20, 1969, an astronaut descends the Lunar Module ladder and becomes the first person on the lunar surface.",Buzz Aldrin,Neil Armstrong,Alan Shepard,John Glenn,B,The first human to walk on the moon.,Neil armstrong is the best answer because it refers to the first human to walk on the Moon.,"Not this one. Buzz aldrin is a related Module 6 term or fact, but it does not match the specific description. The first human to walk on the moon.",Correct. The first human to walk on the moon.,"Not this one. Alan shepard is a related Module 6 term or fact, but it does not match the specific description. The first human to walk on the moon.","Not this one. John glenn is a related Module 6 term or fact, but it does not match the specific description. The first human to walk on the moon.",Armstrong = first footsteps on Moon.,"Review Module 6, Chapter 2, pages 19. Then explain Neil Armstrong without looking at the choices.",Aerospace Dimensions Module 6: Spacecraft,19,"Module 6, Chapter 2, pages 19",high,educational_infographic,optional_after_answer,module6_manned_spaceflight_timeline,module6_manned_spaceflight_timeline,module6_manned_spaceflight_timeline.png,/assets/cap-visuals/module6_manned_spaceflight_timeline.png,approved,true,"Major Soviet, U.S., and international human-spaceflight milestones.","Major Soviet, U.S., and international human-spaceflight milestones.","Major Soviet, U.S., and international human-spaceflight milestones.",high,close,false,0.8,original_textbook_grounded,Mitchell_Aerospace_sample_style_analysis,draft,AD-M6-Q061,45,AD_M6_100
AD-M6-Q063,6,2,Manned Spacecraft,AD6-2-skylab,AD6-2-skylab,AD6-2-skylab,multiple_choice,direct_exam_style,medium,recall,Which answer best matches this description: the first U.S. space station and an orbiting laboratory used to study long-duration human spaceflight?,Mir,Spacelab,Skylab,Salyut 1,C,The first u.s. space station and an orbiting laboratory used to study long-duration human spaceflight.,Skylab is the best answer because it refers to the first U.S. space station and an orbiting laboratory used to study long-duration human spaceflight.,"Not this one. Mir is a related Module 6 term or fact, but it does not match the specific description. The first u.s. space station and an orbiting laboratory used to study long-duration human spaceflight.","Not this one. Spacelab is a related Module 6 term or fact, but it does not match the specific description. The first u.s. space station and an orbiting laboratory used to study long-duration human spaceflight.",Correct. The first u.s. space station and an orbiting laboratory used to study long-duration human spaceflight.,"Not this one. Salyut 1 is a related Module 6 term or fact, but it does not match the specific description. The first u.s. space station and an orbiting laboratory used to study long-duration human spaceflight.",Skylab = first U.S. space lab/station.,"Review Module 6, Chapter 2, pages 20,32. Then explain Skylab without looking at the choices.",Aerospace Dimensions Module 6: Spacecraft,"20,32","Module 6, Chapter 2, pages 20,32",high,educational_infographic,optional_after_answer,module6_space_stations,module6_space_stations,module6_space_stations.png,/assets/cap-visuals/module6_space_stations.png,approved,true,"Salyut, Skylab, Mir, Spacelab, and International Space Station milestones.","Salyut, Skylab, Mir, Spacelab, and International Space Station milestones.","Salyut, Skylab, Mir, Spacelab, and International Space Station milestones.",high,close,true,1.0,original_textbook_grounded,Mitchell_Aerospace_sample_style_analysis,draft,AD-M6-Q064,35,AD_M6_100
AD-M6-Q064,6,2,Manned Spacecraft,AD6-2-skylab,AD6-2-skylab,AD6-2-skylab,multiple_choice,brief_application,medium_hard,application,"Which concept or answer best fits this situation? Three U.S. crews live in an orbital laboratory, with the final crew staying 84 days.",Salyut 1,Spacelab,Mir,Skylab,D,The first u.s. space station and an orbiting laboratory used to study long-duration human spaceflight.,Skylab is the best answer because it refers to the first U.S. space station and an orbiting laboratory used to study long-duration human spaceflight.,"Not this one. Salyut 1 is a related Module 6 term or fact, but it does not match the specific description. The first u.s. space station and an orbiting laboratory used to study long-duration human spaceflight.","Not this one. Spacelab is a related Module 6 term or fact, but it does not match the specific description. The first u.s. space station and an orbiting laboratory used to study long-duration human spaceflight.","Not this one. Mir is a related Module 6 term or fact, but it does not match the specific description. The first u.s. space station and an orbiting laboratory used to study long-duration human spaceflight.",Correct. The first u.s. space station and an orbiting laboratory used to study long-duration human spaceflight.,Skylab = first U.S. space lab/station.,"Review Module 6, Chapter 2, pages 20,32. Then explain Skylab without looking at the choices.",Aerospace Dimensions Module 6: Spacecraft,"20,32","Module 6, Chapter 2, pages 20,32",high,educational_infographic,optional_after_answer,module6_space_stations,module6_space_stations,module6_space_stations.png,/assets/cap-visuals/module6_space_stations.png,approved,true,"Salyut, Skylab, Mir, Spacelab, and International Space Station milestones.","Salyut, Skylab, Mir, Spacelab, and International Space Station milestones.","Salyut, Skylab, Mir, Spacelab, and International Space Station milestones.",high,close,true,0.8,original_textbook_grounded,Mitchell_Aerospace_sample_style_analysis,draft,AD-M6-Q063,45,AD_M6_100
AD-M6-Q065,6,2,Manned Spacecraft,AD6-2-apollo_soyuz_test_project,AD6-2-apollo_soyuz_test_project,AD6-2-apollo_soyuz_test_project,multiple_choice,direct_exam_style,medium,recall,Which answer best matches this description: the 1975 mission that linked American and Soviet manned spacecraft in space?,Apollo-Soyuz Test Project,Project Gemini,STS-71,Skylab,A,The 1975 mission that linked american and soviet manned spacecraft in space.,Apollo-soyuz test project is the best answer because it refers to the 1975 mission that linked American and Soviet manned spacecraft in space.,Correct. The 1975 mission that linked american and soviet manned spacecraft in space.,"Not this one. Project gemini is a related Module 6 term or fact, but it does not match the specific description. The 1975 mission that linked american and soviet manned spacecraft in space.","Not this one. Sts-71 is a related Module 6 term or fact, but it does not match the specific description. The 1975 mission that linked american and soviet manned spacecraft in space.","Not this one. Skylab is a related Module 6 term or fact, but it does not match the specific description. The 1975 mission that linked american and soviet manned spacecraft in space.",Apollo-Soyuz = U.S. + Soviet handshake in space.,"Review Module 6, Chapter 2, pages 20. Then explain Apollo-Soyuz Test Project without looking at the choices.",Aerospace Dimensions Module 6: Spacecraft,20,"Module 6, Chapter 2, pages 20",high,educational_infographic,optional_after_answer,module6_us_space_projects,module6_us_space_projects,module6_us_space_projects.png,/assets/cap-visuals/module6_us_space_projects.png,approved,true,"Mercury, Gemini, Apollo, Skylab, Apollo-Soyuz, and Space Shuttle project purposes and achievements.","Mercury, Gemini, Apollo, Skylab, Apollo-Soyuz, and Space Shuttle project purposes and achievements.","Mercury, Gemini, Apollo, Skylab, Apollo-Soyuz, and Space Shuttle project purposes and achievements.",high,close,true,1.0,original_textbook_grounded,Mitchell_Aerospace_sample_style_analysis,draft,AD-M6-Q066,35,AD_M6_100
AD-M6-Q066,6,2,Manned Spacecraft,AD6-2-apollo_soyuz_test_project,AD6-2-apollo_soyuz_test_project,AD6-2-apollo_soyuz_test_project,multiple_choice,brief_application,medium_hard,application,Which concept or answer best fits this situation? Former space-race rivals dock their crewed capsules and spend two days working together.,Skylab,Apollo-Soyuz Test Project,Project Gemini,STS-71,B,The 1975 mission that linked american and soviet manned spacecraft in space.,Apollo-soyuz test project is the best answer because it refers to the 1975 mission that linked American and Soviet manned spacecraft in space.,"Not this one. Skylab is a related Module 6 term or fact, but it does not match the specific description. The 1975 mission that linked american and soviet manned spacecraft in space.",Correct. The 1975 mission that linked american and soviet manned spacecraft in space.,"Not this one. Project gemini is a related Module 6 term or fact, but it does not match the specific description. The 1975 mission that linked american and soviet manned spacecraft in space.","Not this one. Sts-71 is a related Module 6 term or fact, but it does not match the specific description. The 1975 mission that linked american and soviet manned spacecraft in space.",Apollo-Soyuz = U.S. + Soviet handshake in space.,"Review Module 6, Chapter 2, pages 20. Then explain Apollo-Soyuz Test Project without looking at the choices.",Aerospace Dimensions Module 6: Spacecraft,20,"Module 6, Chapter 2, pages 20",high,educational_infographic,optional_after_answer,module6_us_space_projects,module6_us_space_projects,module6_us_space_projects.png,/assets/cap-visuals/module6_us_space_projects.png,approved,true,"Mercury, Gemini, Apollo, Skylab, Apollo-Soyuz, and Space Shuttle project purposes and achievements.","Mercury, Gemini, Apollo, Skylab, Apollo-Soyuz, and Space Shuttle project purposes and achievements.","Mercury, Gemini, Apollo, Skylab, Apollo-Soyuz, and Space Shuttle project purposes and achievements.",high,close,false,0.8,original_textbook_grounded,Mitchell_Aerospace_sample_style_analysis,draft,AD-M6-Q065,45,AD_M6_100
AD-M6-Q067,6,2,Manned Spacecraft,AD6-2-space_shuttle_main_parts,AD6-2-space_shuttle_main_parts,AD6-2-space_shuttle_main_parts,multiple_choice,direct_exam_style,medium,recall,"Which answer best matches this description: the orbiter, two solid rocket boosters, and the external tank?","capsule, service module, and lander","orbiter, Saturn V, and lunar module",Space Shuttle main parts,"external tank, payload only, and landing gear",C,"The orbiter, two solid rocket boosters, and the external tank.","Space shuttle main parts is the best answer because it refers to the orbiter, two solid rocket boosters, and the external tank.","Not this one. Capsule, service module, and lander is a related Module 6 term or fact, but it does not match the specific description. The orbiter, two solid rocket boosters, and the external tank.","Not this one. Orbiter, saturn v, and lunar module is a related Module 6 term or fact, but it does not match the specific description. The orbiter, two solid rocket boosters, and the external tank.","Correct. The orbiter, two solid rocket boosters, and the external tank.","Not this one. External tank, payload only, and landing gear is a related Module 6 term or fact, but it does not match the specific description. The orbiter, two solid rocket boosters, and the external tank.",Shuttle = orbiter + 2 boosters + external tank.,"Review Module 6, Chapter 2, pages 21. Then explain Space Shuttle main parts without looking at the choices.",Aerospace Dimensions Module 6: Spacecraft,21,"Module 6, Chapter 2, pages 21",high,educational_infographic,optional_after_answer,module6_us_space_projects,module6_us_space_projects,module6_us_space_projects.png,/assets/cap-visuals/module6_us_space_projects.png,approved,true,"Mercury, Gemini, Apollo, Skylab, Apollo-Soyuz, and Space Shuttle project purposes and achievements.","Mercury, Gemini, Apollo, Skylab, Apollo-Soyuz, and Space Shuttle project purposes and achievements.","Mercury, Gemini, Apollo, Skylab, Apollo-Soyuz, and Space Shuttle project purposes and achievements.",high,close,true,1.0,original_textbook_grounded,Mitchell_Aerospace_sample_style_analysis,draft,AD-M6-Q068,35,AD_M6_100
AD-M6-Q068,6,2,Manned Spacecraft,AD6-2-space_shuttle_main_parts,AD6-2-space_shuttle_main_parts,AD6-2-space_shuttle_main_parts,multiple_choice,brief_application,medium_hard,application,Which concept or answer best fits this situation? A cadet must name the three major physical components of the Space Transportation System.,"orbiter, Saturn V, and lunar module","external tank, payload only, and landing gear","capsule, service module, and lander",Space Shuttle main parts,D,"The orbiter, two solid rocket boosters, and the external tank.","Space shuttle main parts is the best answer because it refers to the orbiter, two solid rocket boosters, and the external tank.","Not this one. Orbiter, saturn v, and lunar module is a related Module 6 term or fact, but it does not match the specific description. The orbiter, two solid rocket boosters, and the external tank.","Not this one. External tank, payload only, and landing gear is a related Module 6 term or fact, but it does not match the specific description. The orbiter, two solid rocket boosters, and the external tank.","Not this one. Capsule, service module, and lander is a related Module 6 term or fact, but it does not match the specific description. The orbiter, two solid rocket boosters, and the external tank.","Correct. The orbiter, two solid rocket boosters, and the external tank.",Shuttle = orbiter + 2 boosters + external tank.,"Review Module 6, Chapter 2, pages 21. Then explain Space Shuttle main parts without looking at the choices.",Aerospace Dimensions Module 6: Spacecraft,21,"Module 6, Chapter 2, pages 21",high,educational_infographic,optional_after_answer,module6_us_space_projects,module6_us_space_projects,module6_us_space_projects.png,/assets/cap-visuals/module6_us_space_projects.png,approved,true,"Mercury, Gemini, Apollo, Skylab, Apollo-Soyuz, and Space Shuttle project purposes and achievements.","Mercury, Gemini, Apollo, Skylab, Apollo-Soyuz, and Space Shuttle project purposes and achievements.","Mercury, Gemini, Apollo, Skylab, Apollo-Soyuz, and Space Shuttle project purposes and achievements.",high,close,true,0.8,original_textbook_grounded,Mitchell_Aerospace_sample_style_analysis,draft,AD-M6-Q067,45,AD_M6_100
AD-M6-Q069,6,2,Manned Spacecraft,AD6-2-sts_5,AD6-2-sts_5,AD6-2-sts_5,multiple_choice,direct_exam_style,medium,recall,"Which answer best matches this description: the first real operational Space Shuttle flight, which launched two satellites in 1982?",STS-5,STS-9,STS-34,STS-7,A,"The first real operational space shuttle flight, which launched two satellites in 1982.","Sts-5 is the best answer because it refers to the first real operational Space Shuttle flight, which launched two satellites in 1982.","Correct. The first real operational space shuttle flight, which launched two satellites in 1982.","Not this one. Sts-9 is a related Module 6 term or fact, but it does not match the specific description. The first real operational space shuttle flight, which launched two satellites in 1982.","Not this one. Sts-34 is a related Module 6 term or fact, but it does not match the specific description. The first real operational space shuttle flight, which launched two satellites in 1982.","Not this one. Sts-7 is a related Module 6 term or fact, but it does not match the specific description. The first real operational space shuttle flight, which launched two satellites in 1982.",STS-5 = first operational shuttle mission.,"Review Module 6, Chapter 2, pages 21. Then explain STS-5 without looking at the choices.",Aerospace Dimensions Module 6: Spacecraft,21,"Module 6, Chapter 2, pages 21",high,educational_infographic,optional_after_answer,module6_us_space_projects,module6_us_space_projects,module6_us_space_projects.png,/assets/cap-visuals/module6_us_space_projects.png,approved,true,"Mercury, Gemini, Apollo, Skylab, Apollo-Soyuz, and Space Shuttle project purposes and achievements.","Mercury, Gemini, Apollo, Skylab, Apollo-Soyuz, and Space Shuttle project purposes and achievements.","Mercury, Gemini, Apollo, Skylab, Apollo-Soyuz, and Space Shuttle project purposes and achievements.",high,close,true,1.0,original_textbook_grounded,Mitchell_Aerospace_sample_style_analysis,draft,AD-M6-Q070,35,AD_M6_100
AD-M6-Q070,6,2,Manned Spacecraft,AD6-2-sts_5,AD6-2-sts_5,AD6-2-sts_5,multiple_choice,brief_application,medium_hard,application,"Which concept or answer best fits this situation? After four Columbia test flights, this mission marks the beginning of operational shuttle work.",STS-34,STS-5,STS-9,STS-7,B,"The first real operational space shuttle flight, which launched two satellites in 1982.","Sts-5 is the best answer because it refers to the first real operational Space Shuttle flight, which launched two satellites in 1982.","Not this one. Sts-34 is a related Module 6 term or fact, but it does not match the specific description. The first real operational space shuttle flight, which launched two satellites in 1982.","Correct. The first real operational space shuttle flight, which launched two satellites in 1982.","Not this one. Sts-9 is a related Module 6 term or fact, but it does not match the specific description. The first real operational space shuttle flight, which launched two satellites in 1982.","Not this one. Sts-7 is a related Module 6 term or fact, but it does not match the specific description. The first real operational space shuttle flight, which launched two satellites in 1982.",STS-5 = first operational shuttle mission.,"Review Module 6, Chapter 2, pages 21. Then explain STS-5 without looking at the choices.",Aerospace Dimensions Module 6: Spacecraft,21,"Module 6, Chapter 2, pages 21",high,educational_infographic,optional_after_answer,module6_us_space_projects,module6_us_space_projects,module6_us_space_projects.png,/assets/cap-visuals/module6_us_space_projects.png,approved,true,"Mercury, Gemini, Apollo, Skylab, Apollo-Soyuz, and Space Shuttle project purposes and achievements.","Mercury, Gemini, Apollo, Skylab, Apollo-Soyuz, and Space Shuttle project purposes and achievements.","Mercury, Gemini, Apollo, Skylab, Apollo-Soyuz, and Space Shuttle project purposes and achievements.",high,close,false,0.8,original_textbook_grounded,Mitchell_Aerospace_sample_style_analysis,draft,AD-M6-Q069,45,AD_M6_100
AD-M6-Q071,6,2,Manned Spacecraft,AD6-2-sally_ride,AD6-2-sally_ride,AD6-2-sally_ride,multiple_choice,direct_exam_style,medium,recall,"Which answer best matches this description: the first American woman in space, flying aboard Challenger on STS-7?",Chiaki Mukai,Eileen Collins,Sally Ride,Valentina Tereshkova,C,"The first american woman in space, flying aboard challenger on sts-7.","Sally ride is the best answer because it refers to the first American woman in space, flying aboard Challenger on STS-7.","Not this one. Chiaki mukai is a related Module 6 term or fact, but it does not match the specific description. The first american woman in space, flying aboard challenger on sts-7.","Not this one. Eileen collins is a related Module 6 term or fact, but it does not match the specific description. The first american woman in space, flying aboard challenger on sts-7.","Correct. The first american woman in space, flying aboard challenger on sts-7.","Not this one. Valentina tereshkova is a related Module 6 term or fact, but it does not match the specific description. The first american woman in space, flying aboard challenger on sts-7.",Ride = first U.S. woman in space.,"Review Module 6, Chapter 2, pages 21. Then explain Sally Ride without looking at the choices.",Aerospace Dimensions Module 6: Spacecraft,21,"Module 6, Chapter 2, pages 21",high,educational_infographic,optional_after_answer,module6_manned_spaceflight_timeline,module6_manned_spaceflight_timeline,module6_manned_spaceflight_timeline.png,/assets/cap-visuals/module6_manned_spaceflight_timeline.png,approved,true,"Major Soviet, U.S., and international human-spaceflight milestones.","Major Soviet, U.S., and international human-spaceflight milestones.","Major Soviet, U.S., and international human-spaceflight milestones.",high,close,true,1.0,original_textbook_grounded,Mitchell_Aerospace_sample_style_analysis,draft,AD-M6-Q072,35,AD_M6_100
AD-M6-Q072,6,2,Manned Spacecraft,AD6-2-sally_ride,AD6-2-sally_ride,AD6-2-sally_ride,multiple_choice,brief_application,medium_hard,application,Which concept or answer best fits this situation? A Challenger crew member in 1983 becomes the first American woman to travel into space.,Valentina Tereshkova,Eileen Collins,Chiaki Mukai,Sally Ride,D,"The first american woman in space, flying aboard challenger on sts-7.","Sally ride is the best answer because it refers to the first American woman in space, flying aboard Challenger on STS-7.","Not this one. Valentina tereshkova is a related Module 6 term or fact, but it does not match the specific description. The first american woman in space, flying aboard challenger on sts-7.","Not this one. Eileen collins is a related Module 6 term or fact, but it does not match the specific description. The first american woman in space, flying aboard challenger on sts-7.","Not this one. Chiaki mukai is a related Module 6 term or fact, but it does not match the specific description. The first american woman in space, flying aboard challenger on sts-7.","Correct. The first american woman in space, flying aboard challenger on sts-7.",Ride = first U.S. woman in space.,"Review Module 6, Chapter 2, pages 21. Then explain Sally Ride without looking at the choices.",Aerospace Dimensions Module 6: Spacecraft,21,"Module 6, Chapter 2, pages 21",high,educational_infographic,optional_after_answer,module6_manned_spaceflight_timeline,module6_manned_spaceflight_timeline,module6_manned_spaceflight_timeline.png,/assets/cap-visuals/module6_manned_spaceflight_timeline.png,approved,true,"Major Soviet, U.S., and international human-spaceflight milestones.","Major Soviet, U.S., and international human-spaceflight milestones.","Major Soviet, U.S., and international human-spaceflight milestones.",high,close,true,0.8,original_textbook_grounded,Mitchell_Aerospace_sample_style_analysis,draft,AD-M6-Q071,45,AD_M6_100
AD-M6-Q073,6,2,Manned Spacecraft,AD6-2-hubble_space_telescope,AD6-2-hubble_space_telescope,AD6-2-hubble_space_telescope,multiple_choice,direct_exam_style,medium,recall,Which answer best matches this description: a telescope deployed by Discovery in 1990 above atmospheric interference and later serviced by shuttle crews?,Hubble Space Telescope,Tiros I,Transit,LANDSAT,A,A telescope deployed by discovery in 1990 above atmospheric interference and later serviced by shuttle crews.,Hubble space telescope is the best answer because it refers to a telescope deployed by Discovery in 1990 above atmospheric interference and later serviced by shuttle crews.,Correct. A telescope deployed by discovery in 1990 above atmospheric interference and later serviced by shuttle crews.,"Not this one. Tiros i is a related Module 6 term or fact, but it does not match the specific description. A telescope deployed by discovery in 1990 above atmospheric interference and later serviced by shuttle crews.","Not this one. Transit is a related Module 6 term or fact, but it does not match the specific description. A telescope deployed by discovery in 1990 above atmospheric interference and later serviced by shuttle crews.","Not this one. Landsat is a related Module 6 term or fact, but it does not match the specific description. A telescope deployed by discovery in 1990 above atmospheric interference and later serviced by shuttle crews.","Hubble = high above atmosphere, clearer view.","Review Module 6, Chapter 2, pages 22-23. Then explain Hubble Space Telescope without looking at the choices.",Aerospace Dimensions Module 6: Spacecraft,22-23,"Module 6, Chapter 2, pages 22-23",high,educational_infographic,optional_after_answer,module6_us_space_projects,module6_us_space_projects,module6_us_space_projects.png,/assets/cap-visuals/module6_us_space_projects.png,approved,true,"Mercury, Gemini, Apollo, Skylab, Apollo-Soyuz, and Space Shuttle project purposes and achievements.","Mercury, Gemini, Apollo, Skylab, Apollo-Soyuz, and Space Shuttle project purposes and achievements.","Mercury, Gemini, Apollo, Skylab, Apollo-Soyuz, and Space Shuttle project purposes and achievements.",high,close,true,1.0,original_textbook_grounded,Mitchell_Aerospace_sample_style_analysis,draft,AD-M6-Q074,35,AD_M6_100
AD-M6-Q074,6,2,Manned Spacecraft,AD6-2-hubble_space_telescope,AD6-2-hubble_space_telescope,AD6-2-hubble_space_telescope,multiple_choice,brief_application,medium_hard,application,Which concept or answer best fits this situation? A telescope operates more than 300 miles above Earth so atmospheric interference does not blur its observations.,Tiros I,Hubble Space Telescope,Transit,LANDSAT,B,A telescope deployed by discovery in 1990 above atmospheric interference and later serviced by shuttle crews.,Hubble space telescope is the best answer because it refers to a telescope deployed by Discovery in 1990 above atmospheric interference and later serviced by shuttle crews.,"Not this one. Tiros i is a related Module 6 term or fact, but it does not match the specific description. A telescope deployed by discovery in 1990 above atmospheric interference and later serviced by shuttle crews.",Correct. A telescope deployed by discovery in 1990 above atmospheric interference and later serviced by shuttle crews.,"Not this one. Transit is a related Module 6 term or fact, but it does not match the specific description. A telescope deployed by discovery in 1990 above atmospheric interference and later serviced by shuttle crews.","Not this one. Landsat is a related Module 6 term or fact, but it does not match the specific description. A telescope deployed by discovery in 1990 above atmospheric interference and later serviced by shuttle crews.","Hubble = high above atmosphere, clearer view.","Review Module 6, Chapter 2, pages 22-23. Then explain Hubble Space Telescope without looking at the choices.",Aerospace Dimensions Module 6: Spacecraft,22-23,"Module 6, Chapter 2, pages 22-23",high,educational_infographic,optional_after_answer,module6_us_space_projects,module6_us_space_projects,module6_us_space_projects.png,/assets/cap-visuals/module6_us_space_projects.png,approved,true,"Mercury, Gemini, Apollo, Skylab, Apollo-Soyuz, and Space Shuttle project purposes and achievements.","Mercury, Gemini, Apollo, Skylab, Apollo-Soyuz, and Space Shuttle project purposes and achievements.","Mercury, Gemini, Apollo, Skylab, Apollo-Soyuz, and Space Shuttle project purposes and achievements.",high,close,false,0.8,original_textbook_grounded,Mitchell_Aerospace_sample_style_analysis,draft,AD-M6-Q073,45,AD_M6_100
AD-M6-Q075,6,3,Living and Working in Space,AD6-3-salyut_1,AD6-3-salyut_1,AD6-3-salyut_1,multiple_choice,direct_exam_style,medium,recall,"Which answer best matches this description: the first space station, launched by Russia in 1971?",Skylab,Spacelab,Salyut 1,Mir,C,"The first space station, launched by russia in 1971.","Salyut 1 is the best answer because it refers to the first space station, launched by Russia in 1971.","Not this one. Skylab is a related Module 6 term or fact, but it does not match the specific description. The first space station, launched by russia in 1971.","Not this one. Spacelab is a related Module 6 term or fact, but it does not match the specific description. The first space station, launched by russia in 1971.","Correct. The first space station, launched by russia in 1971.","Not this one. Mir is a related Module 6 term or fact, but it does not match the specific description. The first space station, launched by russia in 1971.",Salyut 1 = first space station.,"Review Module 6, Chapter 3, pages 31. Then explain Salyut 1 without looking at the choices.",Aerospace Dimensions Module 6: Spacecraft,31,"Module 6, Chapter 3, pages 31",high,educational_infographic,optional_after_answer,module6_space_stations,module6_space_stations,module6_space_stations.png,/assets/cap-visuals/module6_space_stations.png,approved,true,"Salyut, Skylab, Mir, Spacelab, and International Space Station milestones.","Salyut, Skylab, Mir, Spacelab, and International Space Station milestones.","Salyut, Skylab, Mir, Spacelab, and International Space Station milestones.",high,close,true,1.0,original_textbook_grounded,Mitchell_Aerospace_sample_style_analysis,draft,AD-M6-Q076,35,AD_M6_100
AD-M6-Q076,6,3,Living and Working in Space,AD6-3-salyut_1,AD6-3-salyut_1,AD6-3-salyut_1,multiple_choice,brief_application,medium_hard,application,Which concept or answer best fits this situation? Russian astronauts dock with a station and stay aboard for three weeks in 1971.,Spacelab,Skylab,Mir,Salyut 1,D,"The first space station, launched by russia in 1971.","Salyut 1 is the best answer because it refers to the first space station, launched by Russia in 1971.","Not this one. Spacelab is a related Module 6 term or fact, but it does not match the specific description. The first space station, launched by russia in 1971.","Not this one. Skylab is a related Module 6 term or fact, but it does not match the specific description. The first space station, launched by russia in 1971.","Not this one. Mir is a related Module 6 term or fact, but it does not match the specific description. The first space station, launched by russia in 1971.","Correct. The first space station, launched by russia in 1971.",Salyut 1 = first space station.,"Review Module 6, Chapter 3, pages 31. Then explain Salyut 1 without looking at the choices.",Aerospace Dimensions Module 6: Spacecraft,31,"Module 6, Chapter 3, pages 31",high,educational_infographic,optional_after_answer,module6_space_stations,module6_space_stations,module6_space_stations.png,/assets/cap-visuals/module6_space_stations.png,approved,true,"Salyut, Skylab, Mir, Spacelab, and International Space Station milestones.","Salyut, Skylab, Mir, Spacelab, and International Space Station milestones.","Salyut, Skylab, Mir, Spacelab, and International Space Station milestones.",high,close,true,0.8,original_textbook_grounded,Mitchell_Aerospace_sample_style_analysis,draft,AD-M6-Q075,45,AD_M6_100
AD-M6-Q077,6,3,Living and Working in Space,AD6-3-mir,AD6-3-mir,AD6-3-mir,multiple_choice,direct_exam_style,medium,recall,"Which answer best matches this description: Russia's space station launched in 1986, offering more privacy and comfort than earlier stations?",Mir,Salyut 1,Spacelab,Skylab,A,"Russia's space station launched in 1986, offering more privacy and comfort than earlier stations.","Mir is the best answer because it refers to Russia's space station launched in 1986, offering more privacy and comfort than earlier stations.","Correct. Russia's space station launched in 1986, offering more privacy and comfort than earlier stations.","Not this one. Salyut 1 is a related Module 6 term or fact, but it does not match the specific description. Russia's space station launched in 1986, offering more privacy and comfort than earlier stations.","Not this one. Spacelab is a related Module 6 term or fact, but it does not match the specific description. Russia's space station launched in 1986, offering more privacy and comfort than earlier stations.","Not this one. Skylab is a related Module 6 term or fact, but it does not match the specific description. Russia's space station launched in 1986, offering more privacy and comfort than earlier stations.",Mir = Russian long-duration station.,"Review Module 6, Chapter 3, pages 31-32. Then explain Mir without looking at the choices.",Aerospace Dimensions Module 6: Spacecraft,31-32,"Module 6, Chapter 3, pages 31-32",high,educational_infographic,optional_after_answer,module6_space_stations,module6_space_stations,module6_space_stations.png,/assets/cap-visuals/module6_space_stations.png,approved,true,"Salyut, Skylab, Mir, Spacelab, and International Space Station milestones.","Salyut, Skylab, Mir, Spacelab, and International Space Station milestones.","Salyut, Skylab, Mir, Spacelab, and International Space Station milestones.",high,close,true,1.0,original_textbook_grounded,Mitchell_Aerospace_sample_style_analysis,draft,AD-M6-Q078,35,AD_M6_100
AD-M6-Q078,6,3,Living and Working in Space,AD6-3-mir,AD6-3-mir,AD6-3-mir,multiple_choice,brief_application,medium_hard,application,"Which concept or answer best fits this situation? A Russian station has less scientific equipment than Salyut, leaving more room and comfort for cosmonauts.",Spacelab,Mir,Skylab,Salyut 1,B,"Russia's space station launched in 1986, offering more privacy and comfort than earlier stations.","Mir is the best answer because it refers to Russia's space station launched in 1986, offering more privacy and comfort than earlier stations.","Not this one. Spacelab is a related Module 6 term or fact, but it does not match the specific description. Russia's space station launched in 1986, offering more privacy and comfort than earlier stations.","Correct. Russia's space station launched in 1986, offering more privacy and comfort than earlier stations.","Not this one. Skylab is a related Module 6 term or fact, but it does not match the specific description. Russia's space station launched in 1986, offering more privacy and comfort than earlier stations.","Not this one. Salyut 1 is a related Module 6 term or fact, but it does not match the specific description. Russia's space station launched in 1986, offering more privacy and comfort than earlier stations.",Mir = Russian long-duration station.,"Review Module 6, Chapter 3, pages 31-32. Then explain Mir without looking at the choices.",Aerospace Dimensions Module 6: Spacecraft,31-32,"Module 6, Chapter 3, pages 31-32",high,educational_infographic,optional_after_answer,module6_space_stations,module6_space_stations,module6_space_stations.png,/assets/cap-visuals/module6_space_stations.png,approved,true,"Salyut, Skylab, Mir, Spacelab, and International Space Station milestones.","Salyut, Skylab, Mir, Spacelab, and International Space Station milestones.","Salyut, Skylab, Mir, Spacelab, and International Space Station milestones.",high,close,false,0.8,original_textbook_grounded,Mitchell_Aerospace_sample_style_analysis,draft,AD-M6-Q077,45,AD_M6_100
AD-M6-Q079,6,3,Living and Working in Space,AD6-3-skylab_station_fact,AD6-3-skylab_station_fact,AD6-3-skylab_station_fact,multiple_choice,direct_exam_style,medium,recall,"Which answer best matches this description: the first U.S. space station, whose crews demonstrated that people could live and work in space for months?",ISS,Salyut 1,Skylab station fact,Mir,C,"The first u.s. space station, whose crews demonstrated that people could live and work in space for months.","Skylab station fact is the best answer because it refers to the first U.S. space station, whose crews demonstrated that people could live and work in space for months.","Not this one. Iss is a related Module 6 term or fact, but it does not match the specific description. The first u.s. space station, whose crews demonstrated that people could live and work in space for months.","Not this one. Salyut 1 is a related Module 6 term or fact, but it does not match the specific description. The first u.s. space station, whose crews demonstrated that people could live and work in space for months.","Correct. The first u.s. space station, whose crews demonstrated that people could live and work in space for months.","Not this one. Mir is a related Module 6 term or fact, but it does not match the specific description. The first u.s. space station, whose crews demonstrated that people could live and work in space for months.",Skylab = first U.S. station; 84-day final crew.,"Review Module 6, Chapter 3, pages 32. Then explain Skylab station fact without looking at the choices.",Aerospace Dimensions Module 6: Spacecraft,32,"Module 6, Chapter 3, pages 32",high,educational_infographic,optional_after_answer,module6_space_stations,module6_space_stations,module6_space_stations.png,/assets/cap-visuals/module6_space_stations.png,approved,true,"Salyut, Skylab, Mir, Spacelab, and International Space Station milestones.","Salyut, Skylab, Mir, Spacelab, and International Space Station milestones.","Salyut, Skylab, Mir, Spacelab, and International Space Station milestones.",high,close,true,1.0,original_textbook_grounded,Mitchell_Aerospace_sample_style_analysis,draft,AD-M6-Q080,35,AD_M6_100
AD-M6-Q080,6,3,Living and Working in Space,AD6-3-skylab_station_fact,AD6-3-skylab_station_fact,AD6-3-skylab_station_fact,multiple_choice,brief_application,medium_hard,application,Which concept or answer best fits this situation? The longest crew stays 84 days and demonstrates long-term human living and working in orbit.,ISS,Salyut 1,Mir,Skylab station fact,D,"The first u.s. space station, whose crews demonstrated that people could live and work in space for months.","Skylab station fact is the best answer because it refers to the first U.S. space station, whose crews demonstrated that people could live and work in space for months.","Not this one. Iss is a related Module 6 term or fact, but it does not match the specific description. The first u.s. space station, whose crews demonstrated that people could live and work in space for months.","Not this one. Salyut 1 is a related Module 6 term or fact, but it does not match the specific description. The first u.s. space station, whose crews demonstrated that people could live and work in space for months.","Not this one. Mir is a related Module 6 term or fact, but it does not match the specific description. The first u.s. space station, whose crews demonstrated that people could live and work in space for months.","Correct. The first u.s. space station, whose crews demonstrated that people could live and work in space for months.",Skylab = first U.S. station; 84-day final crew.,"Review Module 6, Chapter 3, pages 32. Then explain Skylab station fact without looking at the choices.",Aerospace Dimensions Module 6: Spacecraft,32,"Module 6, Chapter 3, pages 32",high,educational_infographic,optional_after_answer,module6_space_stations,module6_space_stations,module6_space_stations.png,/assets/cap-visuals/module6_space_stations.png,approved,true,"Salyut, Skylab, Mir, Spacelab, and International Space Station milestones.","Salyut, Skylab, Mir, Spacelab, and International Space Station milestones.","Salyut, Skylab, Mir, Spacelab, and International Space Station milestones.",high,close,true,0.8,original_textbook_grounded,Mitchell_Aerospace_sample_style_analysis,draft,AD-M6-Q079,45,AD_M6_100
AD-M6-Q081,6,3,Living and Working in Space,AD6-3-spacelab,AD6-3-spacelab,AD6-3-spacelab,multiple_choice,direct_exam_style,medium,recall,Which answer best matches this description: a European Space Agency laboratory that conducted experiments from inside the Space Shuttle?,Spacelab,Skylab,Salyut 1,Mir,A,A european space agency laboratory that conducted experiments from inside the space shuttle.,Spacelab is the best answer because it refers to a European Space Agency laboratory that conducted experiments from inside the Space Shuttle.,Correct. A european space agency laboratory that conducted experiments from inside the space shuttle.,"Not this one. Skylab is a related Module 6 term or fact, but it does not match the specific description. A european space agency laboratory that conducted experiments from inside the space shuttle.","Not this one. Salyut 1 is a related Module 6 term or fact, but it does not match the specific description. A european space agency laboratory that conducted experiments from inside the space shuttle.","Not this one. Mir is a related Module 6 term or fact, but it does not match the specific description. A european space agency laboratory that conducted experiments from inside the space shuttle.",Spacelab = lab riding inside Shuttle.,"Review Module 6, Chapter 3, pages 32. Then explain Spacelab without looking at the choices.",Aerospace Dimensions Module 6: Spacecraft,32,"Module 6, Chapter 3, pages 32",high,educational_infographic,optional_after_answer,module6_space_stations,module6_space_stations,module6_space_stations.png,/assets/cap-visuals/module6_space_stations.png,approved,true,"Salyut, Skylab, Mir, Spacelab, and International Space Station milestones.","Salyut, Skylab, Mir, Spacelab, and International Space Station milestones.","Salyut, Skylab, Mir, Spacelab, and International Space Station milestones.",high,close,true,1.0,original_textbook_grounded,Mitchell_Aerospace_sample_style_analysis,draft,AD-M6-Q082,35,AD_M6_100
AD-M6-Q082,6,3,Living and Working in Space,AD6-3-spacelab,AD6-3-spacelab,AD6-3-spacelab,multiple_choice,brief_application,medium_hard,application,Which concept or answer best fits this situation? A European laboratory flies in Columbia rather than operating as a permanently independent station.,Salyut 1,Spacelab,Mir,Skylab,B,A european space agency laboratory that conducted experiments from inside the space shuttle.,Spacelab is the best answer because it refers to a European Space Agency laboratory that conducted experiments from inside the Space Shuttle.,"Not this one. Salyut 1 is a related Module 6 term or fact, but it does not match the specific description. A european space agency laboratory that conducted experiments from inside the space shuttle.",Correct. A european space agency laboratory that conducted experiments from inside the space shuttle.,"Not this one. Mir is a related Module 6 term or fact, but it does not match the specific description. A european space agency laboratory that conducted experiments from inside the space shuttle.","Not this one. Skylab is a related Module 6 term or fact, but it does not match the specific description. A european space agency laboratory that conducted experiments from inside the space shuttle.",Spacelab = lab riding inside Shuttle.,"Review Module 6, Chapter 3, pages 32. Then explain Spacelab without looking at the choices.",Aerospace Dimensions Module 6: Spacecraft,32,"Module 6, Chapter 3, pages 32",high,educational_infographic,optional_after_answer,module6_space_stations,module6_space_stations,module6_space_stations.png,/assets/cap-visuals/module6_space_stations.png,approved,true,"Salyut, Skylab, Mir, Spacelab, and International Space Station milestones.","Salyut, Skylab, Mir, Spacelab, and International Space Station milestones.","Salyut, Skylab, Mir, Spacelab, and International Space Station milestones.",high,close,false,0.8,original_textbook_grounded,Mitchell_Aerospace_sample_style_analysis,draft,AD-M6-Q081,45,AD_M6_100
AD-M6-Q083,6,3,Living and Working in Space,AD6-3-international_space_station_mission,AD6-3-international_space_station_mission,AD6-3-international_space_station_mission,multiple_choice,direct_exam_style,medium,recall,Which answer best matches this description: long-term exploration and research in low Earth orbit intended to benefit people on Earth?,a lunar landing vehicle,a weather satellite constellation,International Space Station mission,a single-nation military station only,C,Long-term exploration and research in low earth orbit intended to benefit people on earth.,International space station mission is the best answer because it refers to long-term exploration and research in low Earth orbit intended to benefit people on Earth.,"Not this one. A lunar landing vehicle is a related Module 6 term or fact, but it does not match the specific description. Long-term exploration and research in low earth orbit intended to benefit people on earth.","Not this one. A weather satellite constellation is a related Module 6 term or fact, but it does not match the specific description. Long-term exploration and research in low earth orbit intended to benefit people on earth.",Correct. Long-term exploration and research in low earth orbit intended to benefit people on earth.,"Not this one. A single-nation military station only is a related Module 6 term or fact, but it does not match the specific description. Long-term exploration and research in low earth orbit intended to benefit people on earth.",ISS = international research + long-term exploration.,"Review Module 6, Chapter 3, pages 33-34. Then explain International Space Station mission without looking at the choices.",Aerospace Dimensions Module 6: Spacecraft,33-34,"Module 6, Chapter 3, pages 33-34",high,educational_infographic,optional_after_answer,module6_space_stations,module6_space_stations,module6_space_stations.png,/assets/cap-visuals/module6_space_stations.png,approved,true,"Salyut, Skylab, Mir, Spacelab, and International Space Station milestones.","Salyut, Skylab, Mir, Spacelab, and International Space Station milestones.","Salyut, Skylab, Mir, Spacelab, and International Space Station milestones.",high,close,true,1.0,original_textbook_grounded,Mitchell_Aerospace_sample_style_analysis,draft,AD-M6-Q084,35,AD_M6_100
AD-M6-Q084,6,3,Living and Working in Space,AD6-3-international_space_station_mission,AD6-3-international_space_station_mission,AD6-3-international_space_station_mission,multiple_choice,brief_application,medium_hard,application,"Which concept or answer best fits this situation? Sixteen countries contribute to an orbiting research facility studying microgravity, life sciences, physical sciences, and astronomy.",a weather satellite constellation,a single-nation military station only,a lunar landing vehicle,International Space Station mission,D,Long-term exploration and research in low earth orbit intended to benefit people on earth.,International space station mission is the best answer because it refers to long-term exploration and research in low Earth orbit intended to benefit people on Earth.,"Not this one. A weather satellite constellation is a related Module 6 term or fact, but it does not match the specific description. Long-term exploration and research in low earth orbit intended to benefit people on earth.","Not this one. A single-nation military station only is a related Module 6 term or fact, but it does not match the specific description. Long-term exploration and research in low earth orbit intended to benefit people on earth.","Not this one. A lunar landing vehicle is a related Module 6 term or fact, but it does not match the specific description. Long-term exploration and research in low earth orbit intended to benefit people on earth.",Correct. Long-term exploration and research in low earth orbit intended to benefit people on earth.,ISS = international research + long-term exploration.,"Review Module 6, Chapter 3, pages 33-34. Then explain International Space Station mission without looking at the choices.",Aerospace Dimensions Module 6: Spacecraft,33-34,"Module 6, Chapter 3, pages 33-34",high,educational_infographic,optional_after_answer,module6_space_stations,module6_space_stations,module6_space_stations.png,/assets/cap-visuals/module6_space_stations.png,approved,true,"Salyut, Skylab, Mir, Spacelab, and International Space Station milestones.","Salyut, Skylab, Mir, Spacelab, and International Space Station milestones.","Salyut, Skylab, Mir, Spacelab, and International Space Station milestones.",high,close,true,0.8,original_textbook_grounded,Mitchell_Aerospace_sample_style_analysis,draft,AD-M6-Q083,45,AD_M6_100
AD-M6-Q085,6,3,Living and Working in Space,AD6-3-iss_continual_presence,AD6-3-iss_continual_presence,AD6-3-iss_continual_presence,multiple_choice,direct_exam_style,medium,recall,Which answer best matches this description: continuous human presence on the ISS beginning in November 2000?,ISS continual presence,continuous presence beginning in 1986,continuous presence beginning in 1971,no crews live aboard the ISS,A,Continuous human presence on the iss beginning in november 2000.,Iss continual presence is the best answer because it refers to continuous human presence on the ISS beginning in November 2000.,Correct. Continuous human presence on the iss beginning in november 2000.,"Not this one. Continuous presence beginning in 1986 is a related Module 6 term or fact, but it does not match the specific description. Continuous human presence on the iss beginning in november 2000.","Not this one. Continuous presence beginning in 1971 is a related Module 6 term or fact, but it does not match the specific description. Continuous human presence on the iss beginning in november 2000.","Not this one. No crews live aboard the iss is a related Module 6 term or fact, but it does not match the specific description. Continuous human presence on the iss beginning in november 2000.",ISS: humans continuously aboard since 2000.,"Review Module 6, Chapter 3, pages 33. Then explain ISS continual presence without looking at the choices.",Aerospace Dimensions Module 6: Spacecraft,33,"Module 6, Chapter 3, pages 33",high,educational_infographic,optional_after_answer,module6_space_stations,module6_space_stations,module6_space_stations.png,/assets/cap-visuals/module6_space_stations.png,approved,true,"Salyut, Skylab, Mir, Spacelab, and International Space Station milestones.","Salyut, Skylab, Mir, Spacelab, and International Space Station milestones.","Salyut, Skylab, Mir, Spacelab, and International Space Station milestones.",high,close,true,1.0,original_textbook_grounded,Mitchell_Aerospace_sample_style_analysis,draft,AD-M6-Q086,35,AD_M6_100
AD-M6-Q086,6,3,Living and Working in Space,AD6-3-iss_continual_presence,AD6-3-iss_continual_presence,AD6-3-iss_continual_presence,multiple_choice,brief_application,medium_hard,application,Which concept or answer best fits this situation? A question asks when people began living continuously aboard the international station.,continuous presence beginning in 1971,ISS continual presence,no crews live aboard the ISS,continuous presence beginning in 1986,B,Continuous human presence on the iss beginning in november 2000.,Iss continual presence is the best answer because it refers to continuous human presence on the ISS beginning in November 2000.,"Not this one. Continuous presence beginning in 1971 is a related Module 6 term or fact, but it does not match the specific description. Continuous human presence on the iss beginning in november 2000.",Correct. Continuous human presence on the iss beginning in november 2000.,"Not this one. No crews live aboard the iss is a related Module 6 term or fact, but it does not match the specific description. Continuous human presence on the iss beginning in november 2000.","Not this one. Continuous presence beginning in 1986 is a related Module 6 term or fact, but it does not match the specific description. Continuous human presence on the iss beginning in november 2000.",ISS: humans continuously aboard since 2000.,"Review Module 6, Chapter 3, pages 33. Then explain ISS continual presence without looking at the choices.",Aerospace Dimensions Module 6: Spacecraft,33,"Module 6, Chapter 3, pages 33",high,educational_infographic,optional_after_answer,module6_space_stations,module6_space_stations,module6_space_stations.png,/assets/cap-visuals/module6_space_stations.png,approved,true,"Salyut, Skylab, Mir, Spacelab, and International Space Station milestones.","Salyut, Skylab, Mir, Spacelab, and International Space Station milestones.","Salyut, Skylab, Mir, Spacelab, and International Space Station milestones.",high,close,false,0.8,original_textbook_grounded,Mitchell_Aerospace_sample_style_analysis,draft,AD-M6-Q085,45,AD_M6_100
AD-M6-Q087,6,3,Living and Working in Space,AD6-3-microgravity_exercise,AD6-3-microgravity_exercise,AD6-3-microgravity_exercise,multiple_choice,direct_exam_style,medium,recall,Which answer best matches this description: daily exercise is needed because near weightlessness causes loss of bone and muscle mass?,exercise is mainly to improve vision,exercise is needed only before EVA,microgravity exercise,exercise creates oxygen for the station,C,Daily exercise is needed because near weightlessness causes loss of bone and muscle mass.,Microgravity exercise is the best answer because it refers to daily exercise is needed because near weightlessness causes loss of bone and muscle mass.,"Not this one. Exercise is mainly to improve vision is a related Module 6 term or fact, but it does not match the specific description. Daily exercise is needed because near weightlessness causes loss of bone and muscle mass.","Not this one. Exercise is needed only before eva is a related Module 6 term or fact, but it does not match the specific description. Daily exercise is needed because near weightlessness causes loss of bone and muscle mass.",Correct. Daily exercise is needed because near weightlessness causes loss of bone and muscle mass.,"Not this one. Exercise creates oxygen for the station is a related Module 6 term or fact, but it does not match the specific description. Daily exercise is needed because near weightlessness causes loss of bone and muscle mass.",Microgravity weakens bones/muscles → exercise daily.,"Review Module 6, Chapter 3, pages 34. Then explain microgravity exercise without looking at the choices.",Aerospace Dimensions Module 6: Spacecraft,34,"Module 6, Chapter 3, pages 34",high,educational_infographic,optional_after_answer,module6_living_working_space,module6_living_working_space,module6_living_working_space.png,/assets/cap-visuals/module6_living_working_space.png,approved,true,"Living in microgravity, exercise, sleeping, food, EVA, spacesuits, spinoffs, and future exploration.","Living in microgravity, exercise, sleeping, food, EVA, spacesuits, spinoffs, and future exploration.","Living in microgravity, exercise, sleeping, food, EVA, spacesuits, spinoffs, and future exploration.",high,close,true,1.0,original_textbook_grounded,Mitchell_Aerospace_sample_style_analysis,draft,AD-M6-Q088,35,AD_M6_100
AD-M6-Q088,6,3,Living and Working in Space,AD6-3-microgravity_exercise,AD6-3-microgravity_exercise,AD6-3-microgravity_exercise,multiple_choice,brief_application,medium_hard,application,Which concept or answer best fits this situation? Astronauts strap themselves to treadmills and a stationary bicycle to fight physical deterioration.,exercise is mainly to improve vision,exercise creates oxygen for the station,exercise is needed only before EVA,microgravity exercise,D,Daily exercise is needed because near weightlessness causes loss of bone and muscle mass.,Microgravity exercise is the best answer because it refers to daily exercise is needed because near weightlessness causes loss of bone and muscle mass.,"Not this one. Exercise is mainly to improve vision is a related Module 6 term or fact, but it does not match the specific description. Daily exercise is needed because near weightlessness causes loss of bone and muscle mass.","Not this one. Exercise creates oxygen for the station is a related Module 6 term or fact, but it does not match the specific description. Daily exercise is needed because near weightlessness causes loss of bone and muscle mass.","Not this one. Exercise is needed only before eva is a related Module 6 term or fact, but it does not match the specific description. Daily exercise is needed because near weightlessness causes loss of bone and muscle mass.",Correct. Daily exercise is needed because near weightlessness causes loss of bone and muscle mass.,Microgravity weakens bones/muscles → exercise daily.,"Review Module 6, Chapter 3, pages 34. Then explain microgravity exercise without looking at the choices.",Aerospace Dimensions Module 6: Spacecraft,34,"Module 6, Chapter 3, pages 34",high,educational_infographic,optional_after_answer,module6_living_working_space,module6_living_working_space,module6_living_working_space.png,/assets/cap-visuals/module6_living_working_space.png,approved,true,"Living in microgravity, exercise, sleeping, food, EVA, spacesuits, spinoffs, and future exploration.","Living in microgravity, exercise, sleeping, food, EVA, spacesuits, spinoffs, and future exploration.","Living in microgravity, exercise, sleeping, food, EVA, spacesuits, spinoffs, and future exploration.",high,close,true,0.8,original_textbook_grounded,Mitchell_Aerospace_sample_style_analysis,draft,AD-M6-Q087,45,AD_M6_100
AD-M6-Q089,6,3,Living and Working in Space,AD6-3-eva,AD6-3-eva,AD6-3-eva,multiple_choice,direct_exam_style,medium,recall,"Which answer best matches this description: Extravehicular Activity, the general term for work or activity outside a spacecraft?",EVA,GNSS,TDRSS,IVA,A,"Extravehicular activity, the general term for work or activity outside a spacecraft.","Eva is the best answer because it refers to Extravehicular Activity, the general term for work or activity outside a spacecraft.","Correct. Extravehicular activity, the general term for work or activity outside a spacecraft.","Not this one. Gnss is a related Module 6 term or fact, but it does not match the specific description. Extravehicular activity, the general term for work or activity outside a spacecraft.","Not this one. Tdrss is a related Module 6 term or fact, but it does not match the specific description. Extravehicular activity, the general term for work or activity outside a spacecraft.","Not this one. Iva is a related Module 6 term or fact, but it does not match the specific description. Extravehicular activity, the general term for work or activity outside a spacecraft.",EVA = outside the vehicle.,"Review Module 6, Chapter 3, pages 35. Then explain EVA without looking at the choices.",Aerospace Dimensions Module 6: Spacecraft,35,"Module 6, Chapter 3, pages 35",high,educational_infographic,optional_after_answer,module6_living_working_space,module6_living_working_space,module6_living_working_space.png,/assets/cap-visuals/module6_living_working_space.png,approved,true,"Living in microgravity, exercise, sleeping, food, EVA, spacesuits, spinoffs, and future exploration.","Living in microgravity, exercise, sleeping, food, EVA, spacesuits, spinoffs, and future exploration.","Living in microgravity, exercise, sleeping, food, EVA, spacesuits, spinoffs, and future exploration.",high,close,true,1.0,original_textbook_grounded,Mitchell_Aerospace_sample_style_analysis,draft,AD-M6-Q090,35,AD_M6_100
AD-M6-Q090,6,3,Living and Working in Space,AD6-3-eva,AD6-3-eva,AD6-3-eva,multiple_choice,brief_application,medium_hard,application,Which concept or answer best fits this situation? An astronaut exits the station to repair equipment while wearing a spacesuit.,TDRSS,EVA,IVA,GNSS,B,"Extravehicular activity, the general term for work or activity outside a spacecraft.","Eva is the best answer because it refers to Extravehicular Activity, the general term for work or activity outside a spacecraft.","Not this one. Tdrss is a related Module 6 term or fact, but it does not match the specific description. Extravehicular activity, the general term for work or activity outside a spacecraft.","Correct. Extravehicular activity, the general term for work or activity outside a spacecraft.","Not this one. Iva is a related Module 6 term or fact, but it does not match the specific description. Extravehicular activity, the general term for work or activity outside a spacecraft.","Not this one. Gnss is a related Module 6 term or fact, but it does not match the specific description. Extravehicular activity, the general term for work or activity outside a spacecraft.",EVA = outside the vehicle.,"Review Module 6, Chapter 3, pages 35. Then explain EVA without looking at the choices.",Aerospace Dimensions Module 6: Spacecraft,35,"Module 6, Chapter 3, pages 35",high,educational_infographic,optional_after_answer,module6_living_working_space,module6_living_working_space,module6_living_working_space.png,/assets/cap-visuals/module6_living_working_space.png,approved,true,"Living in microgravity, exercise, sleeping, food, EVA, spacesuits, spinoffs, and future exploration.","Living in microgravity, exercise, sleeping, food, EVA, spacesuits, spinoffs, and future exploration.","Living in microgravity, exercise, sleeping, food, EVA, spacesuits, spinoffs, and future exploration.",high,close,false,0.8,original_textbook_grounded,Mitchell_Aerospace_sample_style_analysis,draft,AD-M6-Q089,45,AD_M6_100
AD-M6-Q091,6,3,Living and Working in Space,AD6-3-helms_and_voss_eva,AD6-3-helms_and_voss_eva,AD6-3-helms_and_voss_eva,multiple_choice,direct_exam_style,medium,recall,Which answer best matches this description: the longest shuttle-era spacewalk cited in the module: 8 hours 56 minutes by Susan Helms and Jim Voss in 2001?,Neil Armstrong and Buzz Aldrin,Alexei Leonov and Ed White,Helms and Voss EVA,Sally Ride and Eileen Collins,C,The longest shuttle-era spacewalk cited in the module: 8 hours 56 minutes by susan helms and jim voss in 2001.,Helms and voss eva is the best answer because it refers to the longest shuttle-era spacewalk cited in the module: 8 hours 56 minutes by Susan Helms and Jim Voss in 2001.,"Not this one. Neil armstrong and buzz aldrin is a related Module 6 term or fact, but it does not match the specific description. The longest shuttle-era spacewalk cited in the module: 8 hours 56 minutes by susan helms and jim voss in 2001.","Not this one. Alexei leonov and ed white is a related Module 6 term or fact, but it does not match the specific description. The longest shuttle-era spacewalk cited in the module: 8 hours 56 minutes by susan helms and jim voss in 2001.",Correct. The longest shuttle-era spacewalk cited in the module: 8 hours 56 minutes by susan helms and jim voss in 2001.,"Not this one. Sally ride and eileen collins is a related Module 6 term or fact, but it does not match the specific description. The longest shuttle-era spacewalk cited in the module: 8 hours 56 minutes by susan helms and jim voss in 2001.",Helms + Voss = 8:56 EVA.,"Review Module 6, Chapter 3, pages 35. Then explain Helms and Voss EVA without looking at the choices.",Aerospace Dimensions Module 6: Spacecraft,35,"Module 6, Chapter 3, pages 35",high,educational_infographic,optional_after_answer,module6_living_working_space,module6_living_working_space,module6_living_working_space.png,/assets/cap-visuals/module6_living_working_space.png,approved,true,"Living in microgravity, exercise, sleeping, food, EVA, spacesuits, spinoffs, and future exploration.","Living in microgravity, exercise, sleeping, food, EVA, spacesuits, spinoffs, and future exploration.","Living in microgravity, exercise, sleeping, food, EVA, spacesuits, spinoffs, and future exploration.",high,close,true,1.0,original_textbook_grounded,Mitchell_Aerospace_sample_style_analysis,draft,AD-M6-Q092,35,AD_M6_100
AD-M6-Q092,6,3,Living and Working in Space,AD6-3-helms_and_voss_eva,AD6-3-helms_and_voss_eva,AD6-3-helms_and_voss_eva,multiple_choice,brief_application,medium_hard,application,Which concept or answer best fits this situation? Two STS-102 Discovery astronauts spend nearly nine hours outside the spacecraft.,Neil Armstrong and Buzz Aldrin,Sally Ride and Eileen Collins,Alexei Leonov and Ed White,Helms and Voss EVA,D,The longest shuttle-era spacewalk cited in the module: 8 hours 56 minutes by susan helms and jim voss in 2001.,Helms and voss eva is the best answer because it refers to the longest shuttle-era spacewalk cited in the module: 8 hours 56 minutes by Susan Helms and Jim Voss in 2001.,"Not this one. Neil armstrong and buzz aldrin is a related Module 6 term or fact, but it does not match the specific description. The longest shuttle-era spacewalk cited in the module: 8 hours 56 minutes by susan helms and jim voss in 2001.","Not this one. Sally ride and eileen collins is a related Module 6 term or fact, but it does not match the specific description. The longest shuttle-era spacewalk cited in the module: 8 hours 56 minutes by susan helms and jim voss in 2001.","Not this one. Alexei leonov and ed white is a related Module 6 term or fact, but it does not match the specific description. The longest shuttle-era spacewalk cited in the module: 8 hours 56 minutes by susan helms and jim voss in 2001.",Correct. The longest shuttle-era spacewalk cited in the module: 8 hours 56 minutes by susan helms and jim voss in 2001.,Helms + Voss = 8:56 EVA.,"Review Module 6, Chapter 3, pages 35. Then explain Helms and Voss EVA without looking at the choices.",Aerospace Dimensions Module 6: Spacecraft,35,"Module 6, Chapter 3, pages 35",high,educational_infographic,optional_after_answer,module6_living_working_space,module6_living_working_space,module6_living_working_space.png,/assets/cap-visuals/module6_living_working_space.png,approved,true,"Living in microgravity, exercise, sleeping, food, EVA, spacesuits, spinoffs, and future exploration.","Living in microgravity, exercise, sleeping, food, EVA, spacesuits, spinoffs, and future exploration.","Living in microgravity, exercise, sleeping, food, EVA, spacesuits, spinoffs, and future exploration.",high,close,true,0.8,original_textbook_grounded,Mitchell_Aerospace_sample_style_analysis,draft,AD-M6-Q091,45,AD_M6_100
AD-M6-Q093,6,3,Living and Working in Space,AD6-3-mercury_pressure_suit,AD6-3-mercury_pressure_suit,AD6-3-mercury_pressure_suit,multiple_choice,direct_exam_style,medium,recall,Which answer best matches this description: early Mercury astronauts wore pressure suits throughout their missions?,Mercury pressure suit,Shuttle suits were individually custom-built only,Apollo suits had no oxygen,Gemini astronauts first used no suits at launch,A,Early mercury astronauts wore pressure suits throughout their missions.,Mercury pressure suit is the best answer because it refers to early Mercury astronauts wore pressure suits throughout their missions.,Correct. Early mercury astronauts wore pressure suits throughout their missions.,"Not this one. Shuttle suits were individually custom-built only is a related Module 6 term or fact, but it does not match the specific description. Early mercury astronauts wore pressure suits throughout their missions.","Not this one. Apollo suits had no oxygen is a related Module 6 term or fact, but it does not match the specific description. Early mercury astronauts wore pressure suits throughout their missions.","Not this one. Gemini astronauts first used no suits at launch is a related Module 6 term or fact, but it does not match the specific description. Early mercury astronauts wore pressure suits throughout their missions.",Mercury = pressure suits stay on.,"Review Module 6, Chapter 3, pages 36. Then explain Mercury pressure suit without looking at the choices.",Aerospace Dimensions Module 6: Spacecraft,36,"Module 6, Chapter 3, pages 36",high,educational_infographic,optional_after_answer,module6_living_working_space,module6_living_working_space,module6_living_working_space.png,/assets/cap-visuals/module6_living_working_space.png,approved,true,"Living in microgravity, exercise, sleeping, food, EVA, spacesuits, spinoffs, and future exploration.","Living in microgravity, exercise, sleeping, food, EVA, spacesuits, spinoffs, and future exploration.","Living in microgravity, exercise, sleeping, food, EVA, spacesuits, spinoffs, and future exploration.",high,close,true,1.0,original_textbook_grounded,Mitchell_Aerospace_sample_style_analysis,draft,AD-M6-Q094,35,AD_M6_100
AD-M6-Q094,6,3,Living and Working in Space,AD6-3-mercury_pressure_suit,AD6-3-mercury_pressure_suit,AD6-3-mercury_pressure_suit,multiple_choice,brief_application,medium_hard,application,Which concept or answer best fits this situation? An early U.S. astronaut remains in a pressure suit for the entire flight because suit technology is still limited.,Shuttle suits were individually custom-built only,Mercury pressure suit,Gemini astronauts first used no suits at launch,Apollo suits had no oxygen,B,Early mercury astronauts wore pressure suits throughout their missions.,Mercury pressure suit is the best answer because it refers to early Mercury astronauts wore pressure suits throughout their missions.,"Not this one. Shuttle suits were individually custom-built only is a related Module 6 term or fact, but it does not match the specific description. Early mercury astronauts wore pressure suits throughout their missions.",Correct. Early mercury astronauts wore pressure suits throughout their missions.,"Not this one. Gemini astronauts first used no suits at launch is a related Module 6 term or fact, but it does not match the specific description. Early mercury astronauts wore pressure suits throughout their missions.","Not this one. Apollo suits had no oxygen is a related Module 6 term or fact, but it does not match the specific description. Early mercury astronauts wore pressure suits throughout their missions.",Mercury = pressure suits stay on.,"Review Module 6, Chapter 3, pages 36. Then explain Mercury pressure suit without looking at the choices.",Aerospace Dimensions Module 6: Spacecraft,36,"Module 6, Chapter 3, pages 36",high,educational_infographic,optional_after_answer,module6_living_working_space,module6_living_working_space,module6_living_working_space.png,/assets/cap-visuals/module6_living_working_space.png,approved,true,"Living in microgravity, exercise, sleeping, food, EVA, spacesuits, spinoffs, and future exploration.","Living in microgravity, exercise, sleeping, food, EVA, spacesuits, spinoffs, and future exploration.","Living in microgravity, exercise, sleeping, food, EVA, spacesuits, spinoffs, and future exploration.",high,close,false,0.8,original_textbook_grounded,Mitchell_Aerospace_sample_style_analysis,draft,AD-M6-Q093,45,AD_M6_100
AD-M6-Q095,6,3,Living and Working in Space,AD6-3-apollo_moon_suit,AD6-3-apollo_moon_suit,AD6-3-apollo_moon_suit,multiple_choice,direct_exam_style,medium,recall,"Which answer best matches this description: an advanced suit with backpack oxygen, communications, drinking water, waste collection, and layered protection?",a suit used only inside the capsule,a simple pressure garment without communications,Apollo moon suit,a lightweight shirt-sleeve suit with no oxygen,C,"An advanced suit with backpack oxygen, communications, drinking water, waste collection, and layered protection.","Apollo moon suit is the best answer because it refers to an advanced suit with backpack oxygen, communications, drinking water, waste collection, and layered protection.","Not this one. A suit used only inside the capsule is a related Module 6 term or fact, but it does not match the specific description. An advanced suit with backpack oxygen, communications, drinking water, waste collection, and layered protection.","Not this one. A simple pressure garment without communications is a related Module 6 term or fact, but it does not match the specific description. An advanced suit with backpack oxygen, communications, drinking water, waste collection, and layered protection.","Correct. An advanced suit with backpack oxygen, communications, drinking water, waste collection, and layered protection.","Not this one. A lightweight shirt-sleeve suit with no oxygen is a related Module 6 term or fact, but it does not match the specific description. An advanced suit with backpack oxygen, communications, drinking water, waste collection, and layered protection.",Apollo suit = portable life support for Moon walking.,"Review Module 6, Chapter 3, pages 37. Then explain Apollo moon suit without looking at the choices.",Aerospace Dimensions Module 6: Spacecraft,37,"Module 6, Chapter 3, pages 37",high,educational_infographic,optional_after_answer,module6_living_working_space,module6_living_working_space,module6_living_working_space.png,/assets/cap-visuals/module6_living_working_space.png,approved,true,"Living in microgravity, exercise, sleeping, food, EVA, spacesuits, spinoffs, and future exploration.","Living in microgravity, exercise, sleeping, food, EVA, spacesuits, spinoffs, and future exploration.","Living in microgravity, exercise, sleeping, food, EVA, spacesuits, spinoffs, and future exploration.",high,close,true,1.0,original_textbook_grounded,Mitchell_Aerospace_sample_style_analysis,draft,AD-M6-Q096,35,AD_M6_100
AD-M6-Q096,6,3,Living and Working in Space,AD6-3-apollo_moon_suit,AD6-3-apollo_moon_suit,AD6-3-apollo_moon_suit,multiple_choice,brief_application,medium_hard,application,"Which concept or answer best fits this situation? A Moon walker needs oxygen, communications, water, waste collection, and protection from heat and radiation.",a suit used only inside the capsule,a lightweight shirt-sleeve suit with no oxygen,a simple pressure garment without communications,Apollo moon suit,D,"An advanced suit with backpack oxygen, communications, drinking water, waste collection, and layered protection.","Apollo moon suit is the best answer because it refers to an advanced suit with backpack oxygen, communications, drinking water, waste collection, and layered protection.","Not this one. A suit used only inside the capsule is a related Module 6 term or fact, but it does not match the specific description. An advanced suit with backpack oxygen, communications, drinking water, waste collection, and layered protection.","Not this one. A lightweight shirt-sleeve suit with no oxygen is a related Module 6 term or fact, but it does not match the specific description. An advanced suit with backpack oxygen, communications, drinking water, waste collection, and layered protection.","Not this one. A simple pressure garment without communications is a related Module 6 term or fact, but it does not match the specific description. An advanced suit with backpack oxygen, communications, drinking water, waste collection, and layered protection.","Correct. An advanced suit with backpack oxygen, communications, drinking water, waste collection, and layered protection.",Apollo suit = portable life support for Moon walking.,"Review Module 6, Chapter 3, pages 37. Then explain Apollo moon suit without looking at the choices.",Aerospace Dimensions Module 6: Spacecraft,37,"Module 6, Chapter 3, pages 37",high,educational_infographic,optional_after_answer,module6_living_working_space,module6_living_working_space,module6_living_working_space.png,/assets/cap-visuals/module6_living_working_space.png,approved,true,"Living in microgravity, exercise, sleeping, food, EVA, spacesuits, spinoffs, and future exploration.","Living in microgravity, exercise, sleeping, food, EVA, spacesuits, spinoffs, and future exploration.","Living in microgravity, exercise, sleeping, food, EVA, spacesuits, spinoffs, and future exploration.",high,close,true,0.8,original_textbook_grounded,Mitchell_Aerospace_sample_style_analysis,draft,AD-M6-Q095,45,AD_M6_100
AD-M6-Q097,6,3,Living and Working in Space,AD6-3-manned_maneuvering_unit,AD6-3-manned_maneuvering_unit,AD6-3-manned_maneuvering_unit,multiple_choice,direct_exam_style,medium,recall,Which answer best matches this description: a backpack unit first used in 1984 that allowed astronauts to maneuver without being tethered to the spacecraft?,Manned Maneuvering Unit,TDRSS,Spacelab,GNSS,A,A backpack unit first used in 1984 that allowed astronauts to maneuver without being tethered to the spacecraft.,Manned maneuvering unit is the best answer because it refers to a backpack unit first used in 1984 that allowed astronauts to maneuver without being tethered to the spacecraft.,Correct. A backpack unit first used in 1984 that allowed astronauts to maneuver without being tethered to the spacecraft.,"Not this one. Tdrss is a related Module 6 term or fact, but it does not match the specific description. A backpack unit first used in 1984 that allowed astronauts to maneuver without being tethered to the spacecraft.","Not this one. Spacelab is a related Module 6 term or fact, but it does not match the specific description. A backpack unit first used in 1984 that allowed astronauts to maneuver without being tethered to the spacecraft.","Not this one. Gnss is a related Module 6 term or fact, but it does not match the specific description. A backpack unit first used in 1984 that allowed astronauts to maneuver without being tethered to the spacecraft.",MMU = untethered backpack maneuvering.,"Review Module 6, Chapter 3, pages 37. Then explain Manned Maneuvering Unit without looking at the choices.",Aerospace Dimensions Module 6: Spacecraft,37,"Module 6, Chapter 3, pages 37",high,educational_infographic,optional_after_answer,module6_living_working_space,module6_living_working_space,module6_living_working_space.png,/assets/cap-visuals/module6_living_working_space.png,approved,true,"Living in microgravity, exercise, sleeping, food, EVA, spacesuits, spinoffs, and future exploration.","Living in microgravity, exercise, sleeping, food, EVA, spacesuits, spinoffs, and future exploration.","Living in microgravity, exercise, sleeping, food, EVA, spacesuits, spinoffs, and future exploration.",high,close,true,1.0,original_textbook_grounded,Mitchell_Aerospace_sample_style_analysis,draft,AD-M6-Q098,35,AD_M6_100
AD-M6-Q098,6,3,Living and Working in Space,AD6-3-manned_maneuvering_unit,AD6-3-manned_maneuvering_unit,AD6-3-manned_maneuvering_unit,multiple_choice,brief_application,medium_hard,application,Which concept or answer best fits this situation? An astronaut moves independently outside the shuttle without a tether by using a backpack device.,GNSS,Manned Maneuvering Unit,Spacelab,TDRSS,B,A backpack unit first used in 1984 that allowed astronauts to maneuver without being tethered to the spacecraft.,Manned maneuvering unit is the best answer because it refers to a backpack unit first used in 1984 that allowed astronauts to maneuver without being tethered to the spacecraft.,"Not this one. Gnss is a related Module 6 term or fact, but it does not match the specific description. A backpack unit first used in 1984 that allowed astronauts to maneuver without being tethered to the spacecraft.",Correct. A backpack unit first used in 1984 that allowed astronauts to maneuver without being tethered to the spacecraft.,"Not this one. Spacelab is a related Module 6 term or fact, but it does not match the specific description. A backpack unit first used in 1984 that allowed astronauts to maneuver without being tethered to the spacecraft.","Not this one. Tdrss is a related Module 6 term or fact, but it does not match the specific description. A backpack unit first used in 1984 that allowed astronauts to maneuver without being tethered to the spacecraft.",MMU = untethered backpack maneuvering.,"Review Module 6, Chapter 3, pages 37. Then explain Manned Maneuvering Unit without looking at the choices.",Aerospace Dimensions Module 6: Spacecraft,37,"Module 6, Chapter 3, pages 37",high,educational_infographic,optional_after_answer,module6_living_working_space,module6_living_working_space,module6_living_working_space.png,/assets/cap-visuals/module6_living_working_space.png,approved,true,"Living in microgravity, exercise, sleeping, food, EVA, spacesuits, spinoffs, and future exploration.","Living in microgravity, exercise, sleeping, food, EVA, spacesuits, spinoffs, and future exploration.","Living in microgravity, exercise, sleeping, food, EVA, spacesuits, spinoffs, and future exploration.",high,close,false,0.8,original_textbook_grounded,Mitchell_Aerospace_sample_style_analysis,draft,AD-M6-Q097,45,AD_M6_100
AD-M6-Q099,6,3,Living and Working in Space,AD6-3-space_program_spinoff,AD6-3-space_program_spinoff,AD6-3-space_program_spinoff,multiple_choice,direct_exam_style,medium,recall,Which answer best matches this description: technology developed for aerospace that later benefits everyday life on Earth?,a failed launch vehicle,a science-fiction prediction,space-program spinoff,a satellite that leaves orbit,C,Technology developed for aerospace that later benefits everyday life on earth.,Space-program spinoff is the best answer because it refers to technology developed for aerospace that later benefits everyday life on Earth.,"Not this one. A failed launch vehicle is a related Module 6 term or fact, but it does not match the specific description. Technology developed for aerospace that later benefits everyday life on earth.","Not this one. A science-fiction prediction is a related Module 6 term or fact, but it does not match the specific description. Technology developed for aerospace that later benefits everyday life on earth.",Correct. Technology developed for aerospace that later benefits everyday life on earth.,"Not this one. A satellite that leaves orbit is a related Module 6 term or fact, but it does not match the specific description. Technology developed for aerospace that later benefits everyday life on earth.",Spinoff = space tech spins into Earth life.,"Review Module 6, Chapter 3, pages 39-41. Then explain space-program spinoff without looking at the choices.",Aerospace Dimensions Module 6: Spacecraft,39-41,"Module 6, Chapter 3, pages 39-41",high,educational_infographic,optional_after_answer,module6_living_working_space,module6_living_working_space,module6_living_working_space.png,/assets/cap-visuals/module6_living_working_space.png,approved,true,"Living in microgravity, exercise, sleeping, food, EVA, spacesuits, spinoffs, and future exploration.","Living in microgravity, exercise, sleeping, food, EVA, spacesuits, spinoffs, and future exploration.","Living in microgravity, exercise, sleeping, food, EVA, spacesuits, spinoffs, and future exploration.",high,close,true,1.0,original_textbook_grounded,Mitchell_Aerospace_sample_style_analysis,draft,AD-M6-Q100,35,AD_M6_100
AD-M6-Q100,6,3,Living and Working in Space,AD6-3-space_program_spinoff,AD6-3-space_program_spinoff,AD6-3-space_program_spinoff,multiple_choice,brief_application,medium_hard,application,"Which concept or answer best fits this situation? Cordless tools, medical imaging techniques, fire-resistant fabrics, and memory-foam applications are examples of this idea.",a science-fiction prediction,a satellite that leaves orbit,a failed launch vehicle,space-program spinoff,D,Technology developed for aerospace that later benefits everyday life on earth.,Space-program spinoff is the best answer because it refers to technology developed for aerospace that later benefits everyday life on Earth.,"Not this one. A science-fiction prediction is a related Module 6 term or fact, but it does not match the specific description. Technology developed for aerospace that later benefits everyday life on earth.","Not this one. A satellite that leaves orbit is a related Module 6 term or fact, but it does not match the specific description. Technology developed for aerospace that later benefits everyday life on earth.","Not this one. A failed launch vehicle is a related Module 6 term or fact, but it does not match the specific description. Technology developed for aerospace that later benefits everyday life on earth.",Correct. Technology developed for aerospace that later benefits everyday life on earth.,Spinoff = space tech spins into Earth life.,"Review Module 6, Chapter 3, pages 39-41. Then explain space-program spinoff without looking at the choices.",Aerospace Dimensions Module 6: Spacecraft,39-41,"Module 6, Chapter 3, pages 39-41",high,educational_infographic,optional_after_answer,module6_living_working_space,module6_living_working_space,module6_living_working_space.png,/assets/cap-visuals/module6_living_working_space.png,approved,true,"Living in microgravity, exercise, sleeping, food, EVA, spacesuits, spinoffs, and future exploration.","Living in microgravity, exercise, sleeping, food, EVA, spacesuits, spinoffs, and future exploration.","Living in microgravity, exercise, sleeping, food, EVA, spacesuits, spinoffs, and future exploration.",high,close,true,0.8,original_textbook_grounded,Mitchell_Aerospace_sample_style_analysis,draft,AD-M6-Q099,45,AD_M6_100
