external_id,book_volume,chapter_number,chapter_title,question_family_code,question_type,question_style,difficulty,cognitive_level,question_text,choice_a,choice_b,choice_c,choice_d,correct_letter,short_explanation,explanation,choice_a_explanation,choice_b_explanation,choice_c_explanation,choice_d_explanation,memory_aid,remediation_text,source_document,source_pages,visual_asset_key,visual_file_name,visual_storage_path,visual_status,show_visual_button,visual_caption,visual_alt_text,exam_type_question,eligible_for_final_exam,exam_likeness,distractor_difficulty,content_origin,style_reference,review_status,reinforcement_question_ids,estimated_time_seconds,package_code
LTL3-C9-Q001,Learn to Lead Volume 3,9,The Cadet Officer,LTL3-C9-F01,multiple_choice,direct_exam_style,medium,recall_understanding,"When did the modern concept of an officer as a professional, expert soldier and learned leader begin to emerge?",the early 1800s,World War I,the Roman Empire,the American Revolution,A,"The period when the modern idea of an officer as a professional, expert, educated military leader emerged.","The early 1800s is the best answer because it is the period when the modern idea of an officer as a professional, expert, educated military leader emerged.","Correct. The period when the modern idea of an officer as a professional, expert, educated military leader emerged.","Not quite. World War I is a plausible Chapter 9 distractor, but it does not match this concept. The period when the modern idea of an officer as a professional, expert, educated military leader emerged.","Not quite. the Roman Empire is a plausible Chapter 9 distractor, but it does not match this concept. The period when the modern idea of an officer as a professional, expert, educated military leader emerged.","Not quite. the American Revolution is a plausible Chapter 9 distractor, but it does not match this concept. The period when the modern idea of an officer as a professional, expert, educated military leader emerged.",Modern officer corps = early 1800s.,"Review Learn to Lead Volume 3, Chapter 9, page(s) 2. Then explain the concept in your own words and create one fresh example.",Learn to Lead Volume 3: Indirect Leadership,2,ltl3_c9_officership,ch9_officership_meritocracy.png,/assets/cap-visuals/ch9_officership_meritocracy.png,approved,true,Officership & Meritocracy,Officership & Meritocracy study visual.,yes,true,high,close,original_textbook_grounded,Three Earhart Milestone Leadership exam forms used as style/difficulty reference only; no milestone question copied,draft,LTL3-C9-Q002,40,LTL3_C9_100
LTL3-C9-Q002,Learn to Lead Volume 3,9,The Cadet Officer,LTL3-C9-F01,multiple_choice,application_scenario,medium_hard,application,Which Chapter 9 concept best applies to this situation? A cadet explains that militaries moved away from selecting officers by wealth and birth as technical warfare demanded educated professionals.,the American Revolution,the early 1800s,World War I,the Roman Empire,B,"The period when the modern idea of an officer as a professional, expert, educated military leader emerged.","The early 1800s is the best answer because it is the period when the modern idea of an officer as a professional, expert, educated military leader emerged.","Not quite. the American Revolution is a plausible Chapter 9 distractor, but it does not match this concept. The period when the modern idea of an officer as a professional, expert, educated military leader emerged.","Correct. The period when the modern idea of an officer as a professional, expert, educated military leader emerged.","Not quite. World War I is a plausible Chapter 9 distractor, but it does not match this concept. The period when the modern idea of an officer as a professional, expert, educated military leader emerged.","Not quite. the Roman Empire is a plausible Chapter 9 distractor, but it does not match this concept. The period when the modern idea of an officer as a professional, expert, educated military leader emerged.",Modern officer corps = early 1800s.,"Review Learn to Lead Volume 3, Chapter 9, page(s) 2. Then explain the concept in your own words and create one fresh example.",Learn to Lead Volume 3: Indirect Leadership,2,ltl3_c9_officership,ch9_officership_meritocracy.png,/assets/cap-visuals/ch9_officership_meritocracy.png,approved,true,Officership & Meritocracy,Officership & Meritocracy study visual.,yes,true,high,close,original_textbook_grounded,Three Earhart Milestone Leadership exam forms used as style/difficulty reference only; no milestone question copied,draft,LTL3-C9-Q001,50,LTL3_C9_100
LTL3-C9-Q003,Learn to Lead Volume 3,9,The Cadet Officer,LTL3-C9-F02,multiple_choice,direct_exam_style,medium,recall_understanding,Which term describes selecting and advancing officers because of demonstrated ability and accomplishment?,aristocracy,seniority,meritocracy,patronage,C,"A system in which people rise based on merit, ability, expertise, and accomplishment rather than birthright.","Meritocracy is the best answer because it is a system in which people rise based on merit, ability, expertise, and accomplishment rather than birthright.","Not quite. aristocracy is a plausible Chapter 9 distractor, but it does not match this concept. A system in which people rise based on merit, ability, expertise, and accomplishment rather than birthright.","Not quite. seniority is a plausible Chapter 9 distractor, but it does not match this concept. A system in which people rise based on merit, ability, expertise, and accomplishment rather than birthright.","Correct. A system in which people rise based on merit, ability, expertise, and accomplishment rather than birthright.","Not quite. patronage is a plausible Chapter 9 distractor, but it does not match this concept. A system in which people rise based on merit, ability, expertise, and accomplishment rather than birthright.",Meritocracy = merit rules.,"Review Learn to Lead Volume 3, Chapter 9, page(s) 3. Then explain the concept in your own words and create one fresh example.",Learn to Lead Volume 3: Indirect Leadership,3,ltl3_c9_officership,ch9_officership_meritocracy.png,/assets/cap-visuals/ch9_officership_meritocracy.png,approved,true,Officership & Meritocracy,Officership & Meritocracy study visual.,yes,true,high,close,original_textbook_grounded,Three Earhart Milestone Leadership exam forms used as style/difficulty reference only; no milestone question copied,draft,LTL3-C9-Q004,40,LTL3_C9_100
LTL3-C9-Q004,Learn to Lead Volume 3,9,The Cadet Officer,LTL3-C9-F02,multiple_choice,application_scenario,medium_hard,application,"Which Chapter 9 concept best applies to this situation? Two applicants have different family backgrounds, but a board focuses only on education, skill, character, and performance.",aristocracy,patronage,seniority,meritocracy,D,"A system in which people rise based on merit, ability, expertise, and accomplishment rather than birthright.","Meritocracy is the best answer because it is a system in which people rise based on merit, ability, expertise, and accomplishment rather than birthright.","Not quite. aristocracy is a plausible Chapter 9 distractor, but it does not match this concept. A system in which people rise based on merit, ability, expertise, and accomplishment rather than birthright.","Not quite. patronage is a plausible Chapter 9 distractor, but it does not match this concept. A system in which people rise based on merit, ability, expertise, and accomplishment rather than birthright.","Not quite. seniority is a plausible Chapter 9 distractor, but it does not match this concept. A system in which people rise based on merit, ability, expertise, and accomplishment rather than birthright.","Correct. A system in which people rise based on merit, ability, expertise, and accomplishment rather than birthright.",Meritocracy = merit rules.,"Review Learn to Lead Volume 3, Chapter 9, page(s) 3. Then explain the concept in your own words and create one fresh example.",Learn to Lead Volume 3: Indirect Leadership,3,ltl3_c9_officership,ch9_officership_meritocracy.png,/assets/cap-visuals/ch9_officership_meritocracy.png,approved,true,Officership & Meritocracy,Officership & Meritocracy study visual.,yes,true,high,close,original_textbook_grounded,Three Earhart Milestone Leadership exam forms used as style/difficulty reference only; no milestone question copied,draft,LTL3-C9-Q003,50,LTL3_C9_100
LTL3-C9-Q005,Learn to Lead Volume 3,9,The Cadet Officer,LTL3-C9-F03,multiple_choice,direct_exam_style,medium,recall_understanding,Which term describes the ideal that people deserve equal rights and opportunities regardless of origins?,egalitarian,authoritarian,hereditary,transactional,A,Relating to the principle that people are equal in dignity and deserve equal rights and opportunities.,Egalitarian is the best answer because it is relating to the principle that people are equal in dignity and deserve equal rights and opportunities.,Correct. Relating to the principle that people are equal in dignity and deserve equal rights and opportunities.,"Not quite. authoritarian is a plausible Chapter 9 distractor, but it does not match this concept. Relating to the principle that people are equal in dignity and deserve equal rights and opportunities.","Not quite. hereditary is a plausible Chapter 9 distractor, but it does not match this concept. Relating to the principle that people are equal in dignity and deserve equal rights and opportunities.","Not quite. transactional is a plausible Chapter 9 distractor, but it does not match this concept. Relating to the principle that people are equal in dignity and deserve equal rights and opportunities.",Egalitarian = equal dignity and opportunity.,"Review Learn to Lead Volume 3, Chapter 9, page(s) 3. Then explain the concept in your own words and create one fresh example.",Learn to Lead Volume 3: Indirect Leadership,3,ltl3_c9_officership,ch9_officership_meritocracy.png,/assets/cap-visuals/ch9_officership_meritocracy.png,approved,true,Officership & Meritocracy,Officership & Meritocracy study visual.,yes,true,high,close,original_textbook_grounded,Three Earhart Milestone Leadership exam forms used as style/difficulty reference only; no milestone question copied,draft,LTL3-C9-Q006,40,LTL3_C9_100
LTL3-C9-Q006,Learn to Lead Volume 3,9,The Cadet Officer,LTL3-C9-F03,multiple_choice,application_scenario,medium_hard,application,"Which Chapter 9 concept best applies to this situation? A military stops treating ancestry, wealth, race, or gender as automatic measures of leadership potential.",hereditary,egalitarian,authoritarian,transactional,B,Relating to the principle that people are equal in dignity and deserve equal rights and opportunities.,Egalitarian is the best answer because it is relating to the principle that people are equal in dignity and deserve equal rights and opportunities.,"Not quite. hereditary is a plausible Chapter 9 distractor, but it does not match this concept. Relating to the principle that people are equal in dignity and deserve equal rights and opportunities.",Correct. Relating to the principle that people are equal in dignity and deserve equal rights and opportunities.,"Not quite. authoritarian is a plausible Chapter 9 distractor, but it does not match this concept. Relating to the principle that people are equal in dignity and deserve equal rights and opportunities.","Not quite. transactional is a plausible Chapter 9 distractor, but it does not match this concept. Relating to the principle that people are equal in dignity and deserve equal rights and opportunities.",Egalitarian = equal dignity and opportunity.,"Review Learn to Lead Volume 3, Chapter 9, page(s) 3. Then explain the concept in your own words and create one fresh example.",Learn to Lead Volume 3: Indirect Leadership,3,ltl3_c9_officership,ch9_officership_meritocracy.png,/assets/cap-visuals/ch9_officership_meritocracy.png,approved,true,Officership & Meritocracy,Officership & Meritocracy study visual.,yes,true,high,close,original_textbook_grounded,Three Earhart Milestone Leadership exam forms used as style/difficulty reference only; no milestone question copied,draft,LTL3-C9-Q005,50,LTL3_C9_100
LTL3-C9-Q007,Learn to Lead Volume 3,9,The Cadet Officer,LTL3-C9-F04,multiple_choice,direct_exam_style,medium,recall_understanding,"Under the Constitution, who grants the commission that legally creates a U.S. military officer?",Congress,the Secretary of Defense alone,the President,Officer Training School,C,The constitutional authority who commissions officers of the United States.,The president is the best answer because it is the constitutional authority who commissions officers of the United States.,"Not quite. Congress is a plausible Chapter 9 distractor, but it does not match this concept. The constitutional authority who commissions officers of the United States.","Not quite. the Secretary of Defense alone is a plausible Chapter 9 distractor, but it does not match this concept. The constitutional authority who commissions officers of the United States.",Correct. The constitutional authority who commissions officers of the United States.,"Not quite. Officer Training School is a plausible Chapter 9 distractor, but it does not match this concept. The constitutional authority who commissions officers of the United States.",President commissions; schools prepare.,"Review Learn to Lead Volume 3, Chapter 9, page(s) 4-5. Then explain the concept in your own words and create one fresh example.",Learn to Lead Volume 3: Indirect Leadership,4-5,ltl3_c9_indirect,ch9_indirect_leadership.png,/assets/cap-visuals/ch9_indirect_leadership.png,approved,true,"Oath, Commission & Indirect Leadership","Oath, Commission & Indirect Leadership study visual.",yes,true,high,close,original_textbook_grounded,Three Earhart Milestone Leadership exam forms used as style/difficulty reference only; no milestone question copied,draft,LTL3-C9-Q008,40,LTL3_C9_100
LTL3-C9-Q008,Learn to Lead Volume 3,9,The Cadet Officer,LTL3-C9-F04,multiple_choice,application_scenario,medium_hard,application,Which Chapter 9 concept best applies to this situation? A cadet is studying the visible legal document that represents delegated trust and authority to lead.,Officer Training School,the Secretary of Defense alone,Congress,the President,D,The constitutional authority who commissions officers of the United States.,The president is the best answer because it is the constitutional authority who commissions officers of the United States.,"Not quite. Officer Training School is a plausible Chapter 9 distractor, but it does not match this concept. The constitutional authority who commissions officers of the United States.","Not quite. the Secretary of Defense alone is a plausible Chapter 9 distractor, but it does not match this concept. The constitutional authority who commissions officers of the United States.","Not quite. Congress is a plausible Chapter 9 distractor, but it does not match this concept. The constitutional authority who commissions officers of the United States.",Correct. The constitutional authority who commissions officers of the United States.,President commissions; schools prepare.,"Review Learn to Lead Volume 3, Chapter 9, page(s) 4-5. Then explain the concept in your own words and create one fresh example.",Learn to Lead Volume 3: Indirect Leadership,4-5,ltl3_c9_indirect,ch9_indirect_leadership.png,/assets/cap-visuals/ch9_indirect_leadership.png,approved,true,"Oath, Commission & Indirect Leadership","Oath, Commission & Indirect Leadership study visual.",yes,true,high,close,original_textbook_grounded,Three Earhart Milestone Leadership exam forms used as style/difficulty reference only; no milestone question copied,draft,LTL3-C9-Q007,50,LTL3_C9_100
LTL3-C9-Q009,Learn to Lead Volume 3,9,The Cadet Officer,LTL3-C9-F05,multiple_choice,direct_exam_style,medium,recall_understanding,What does Chapter 9 mean when it describes leadership as a vocation?,leadership as a vocation,leadership as a hobby,leadership as mere occupation,leadership as a temporary privilege,A,"The view that leadership can be a calling or profession that engages the heart, mind, and soul.","Leadership as a vocation is the best answer because it is the view that leadership can be a calling or profession that engages the heart, mind, and soul.","Correct. The view that leadership can be a calling or profession that engages the heart, mind, and soul.","Not quite. leadership as a hobby is a plausible Chapter 9 distractor, but it does not match this concept. The view that leadership can be a calling or profession that engages the heart, mind, and soul.","Not quite. leadership as mere occupation is a plausible Chapter 9 distractor, but it does not match this concept. The view that leadership can be a calling or profession that engages the heart, mind, and soul.","Not quite. leadership as a temporary privilege is a plausible Chapter 9 distractor, but it does not match this concept. The view that leadership can be a calling or profession that engages the heart, mind, and soul.",Vocation = heart + mind + soul.,"Review Learn to Lead Volume 3, Chapter 9, page(s) 1,6. Then explain the concept in your own words and create one fresh example.",Learn to Lead Volume 3: Indirect Leadership,"1,6",ltl3_c9_officership,ch9_officership_meritocracy.png,/assets/cap-visuals/ch9_officership_meritocracy.png,approved,true,Officership & Meritocracy,Officership & Meritocracy study visual.,yes,true,high,close,original_textbook_grounded,Three Earhart Milestone Leadership exam forms used as style/difficulty reference only; no milestone question copied,draft,LTL3-C9-Q010,40,LTL3_C9_100
LTL3-C9-Q010,Learn to Lead Volume 3,9,The Cadet Officer,LTL3-C9-F05,multiple_choice,application_scenario,medium_hard,application,"Which Chapter 9 concept best applies to this situation? A cadet officer sees self-development, service, and mentoring younger cadets as a calling rather than just another activity.",leadership as mere occupation,leadership as a vocation,leadership as a hobby,leadership as a temporary privilege,B,"The view that leadership can be a calling or profession that engages the heart, mind, and soul.","Leadership as a vocation is the best answer because it is the view that leadership can be a calling or profession that engages the heart, mind, and soul.","Not quite. leadership as mere occupation is a plausible Chapter 9 distractor, but it does not match this concept. The view that leadership can be a calling or profession that engages the heart, mind, and soul.","Correct. The view that leadership can be a calling or profession that engages the heart, mind, and soul.","Not quite. leadership as a hobby is a plausible Chapter 9 distractor, but it does not match this concept. The view that leadership can be a calling or profession that engages the heart, mind, and soul.","Not quite. leadership as a temporary privilege is a plausible Chapter 9 distractor, but it does not match this concept. The view that leadership can be a calling or profession that engages the heart, mind, and soul.",Vocation = heart + mind + soul.,"Review Learn to Lead Volume 3, Chapter 9, page(s) 1,6. Then explain the concept in your own words and create one fresh example.",Learn to Lead Volume 3: Indirect Leadership,"1,6",ltl3_c9_officership,ch9_officership_meritocracy.png,/assets/cap-visuals/ch9_officership_meritocracy.png,approved,true,Officership & Meritocracy,Officership & Meritocracy study visual.,yes,true,high,close,original_textbook_grounded,Three Earhart Milestone Leadership exam forms used as style/difficulty reference only; no milestone question copied,draft,LTL3-C9-Q009,50,LTL3_C9_100
LTL3-C9-Q011,Learn to Lead Volume 3,9,The Cadet Officer,LTL3-C9-F06,multiple_choice,direct_exam_style,medium,recall_understanding,Which term describes leading when the officer cannot personally direct every follower?,direct supervision,management by exception,indirect leadership,laissez-faire leadership,C,"Influencing people through other leaders, systems, creations, or distance rather than personally directing every follower.","Indirect leadership is the best answer because it is influencing people through other leaders, systems, creations, or distance rather than personally directing every follower.","Not quite. direct supervision is a plausible Chapter 9 distractor, but it does not match this concept. Influencing people through other leaders, systems, creations, or distance rather than personally directing every follower.","Not quite. management by exception is a plausible Chapter 9 distractor, but it does not match this concept. Influencing people through other leaders, systems, creations, or distance rather than personally directing every follower.","Correct. Influencing people through other leaders, systems, creations, or distance rather than personally directing every follower.","Not quite. laissez-faire leadership is a plausible Chapter 9 distractor, but it does not match this concept. Influencing people through other leaders, systems, creations, or distance rather than personally directing every follower.",Indirect = influence beyond arm's reach.,"Review Learn to Lead Volume 3, Chapter 9, page(s) 8-11. Then explain the concept in your own words and create one fresh example.",Learn to Lead Volume 3: Indirect Leadership,8-11,ltl3_c9_indirect,ch9_indirect_leadership.png,/assets/cap-visuals/ch9_indirect_leadership.png,approved,true,"Oath, Commission & Indirect Leadership","Oath, Commission & Indirect Leadership study visual.",yes,true,high,close,original_textbook_grounded,Three Earhart Milestone Leadership exam forms used as style/difficulty reference only; no milestone question copied,draft,LTL3-C9-Q012,40,LTL3_C9_100
LTL3-C9-Q012,Learn to Lead Volume 3,9,The Cadet Officer,LTL3-C9-F06,multiple_choice,application_scenario,medium_hard,application,Which Chapter 9 concept best applies to this situation? A cadet commander influences an encampment through flight commanders and staff rather than giving instructions to every cadet.,management by exception,laissez-faire leadership,direct supervision,indirect leadership,D,"Influencing people through other leaders, systems, creations, or distance rather than personally directing every follower.","Indirect leadership is the best answer because it is influencing people through other leaders, systems, creations, or distance rather than personally directing every follower.","Not quite. management by exception is a plausible Chapter 9 distractor, but it does not match this concept. Influencing people through other leaders, systems, creations, or distance rather than personally directing every follower.","Not quite. laissez-faire leadership is a plausible Chapter 9 distractor, but it does not match this concept. Influencing people through other leaders, systems, creations, or distance rather than personally directing every follower.","Not quite. direct supervision is a plausible Chapter 9 distractor, but it does not match this concept. Influencing people through other leaders, systems, creations, or distance rather than personally directing every follower.","Correct. Influencing people through other leaders, systems, creations, or distance rather than personally directing every follower.",Indirect = influence beyond arm's reach.,"Review Learn to Lead Volume 3, Chapter 9, page(s) 8-11. Then explain the concept in your own words and create one fresh example.",Learn to Lead Volume 3: Indirect Leadership,8-11,ltl3_c9_indirect,ch9_indirect_leadership.png,/assets/cap-visuals/ch9_indirect_leadership.png,approved,true,"Oath, Commission & Indirect Leadership","Oath, Commission & Indirect Leadership study visual.",yes,true,high,close,original_textbook_grounded,Three Earhart Milestone Leadership exam forms used as style/difficulty reference only; no milestone question copied,draft,LTL3-C9-Q011,50,LTL3_C9_100
LTL3-C9-Q013,Learn to Lead Volume 3,9,The Cadet Officer,LTL3-C9-F07,multiple_choice,direct_exam_style,medium,recall_understanding,Which form of indirect leadership affects people who do not directly report to the leader?,leadership from a distance,direct leadership,upward influence,leadership through a link,A,Indirect leadership affecting people who do not directly report to the leader and may never meet the leader.,Leadership from a distance is the best answer because it is indirect leadership affecting people who do not directly report to the leader and may never meet the leader.,Correct. Indirect leadership affecting people who do not directly report to the leader and may never meet the leader.,"Not quite. direct leadership is a plausible Chapter 9 distractor, but it does not match this concept. Indirect leadership affecting people who do not directly report to the leader and may never meet the leader.","Not quite. upward influence is a plausible Chapter 9 distractor, but it does not match this concept. Indirect leadership affecting people who do not directly report to the leader and may never meet the leader.","Not quite. leadership through a link is a plausible Chapter 9 distractor, but it does not match this concept. Indirect leadership affecting people who do not directly report to the leader and may never meet the leader.",Distance = influence people you may never meet.,"Review Learn to Lead Volume 3, Chapter 9, page(s) 8. Then explain the concept in your own words and create one fresh example.",Learn to Lead Volume 3: Indirect Leadership,8,ltl3_c9_indirect,ch9_indirect_leadership.png,/assets/cap-visuals/ch9_indirect_leadership.png,approved,true,"Oath, Commission & Indirect Leadership","Oath, Commission & Indirect Leadership study visual.",yes,true,high,close,original_textbook_grounded,Three Earhart Milestone Leadership exam forms used as style/difficulty reference only; no milestone question copied,draft,LTL3-C9-Q014,40,LTL3_C9_100
LTL3-C9-Q014,Learn to Lead Volume 3,9,The Cadet Officer,LTL3-C9-F07,multiple_choice,application_scenario,medium_hard,application,Which Chapter 9 concept best applies to this situation? A wing CAC representative advocates for cadets across a large wing even though most of those cadets do not report to the representative.,direct leadership,leadership from a distance,upward influence,leadership through a link,B,Indirect leadership affecting people who do not directly report to the leader and may never meet the leader.,Leadership from a distance is the best answer because it is indirect leadership affecting people who do not directly report to the leader and may never meet the leader.,"Not quite. direct leadership is a plausible Chapter 9 distractor, but it does not match this concept. Indirect leadership affecting people who do not directly report to the leader and may never meet the leader.",Correct. Indirect leadership affecting people who do not directly report to the leader and may never meet the leader.,"Not quite. upward influence is a plausible Chapter 9 distractor, but it does not match this concept. Indirect leadership affecting people who do not directly report to the leader and may never meet the leader.","Not quite. leadership through a link is a plausible Chapter 9 distractor, but it does not match this concept. Indirect leadership affecting people who do not directly report to the leader and may never meet the leader.",Distance = influence people you may never meet.,"Review Learn to Lead Volume 3, Chapter 9, page(s) 8. Then explain the concept in your own words and create one fresh example.",Learn to Lead Volume 3: Indirect Leadership,8,ltl3_c9_indirect,ch9_indirect_leadership.png,/assets/cap-visuals/ch9_indirect_leadership.png,approved,true,"Oath, Commission & Indirect Leadership","Oath, Commission & Indirect Leadership study visual.",yes,true,high,close,original_textbook_grounded,Three Earhart Milestone Leadership exam forms used as style/difficulty reference only; no milestone question copied,draft,LTL3-C9-Q013,50,LTL3_C9_100
LTL3-C9-Q015,Learn to Lead Volume 3,9,The Cadet Officer,LTL3-C9-F08,multiple_choice,direct_exam_style,medium,recall_understanding,What form of indirect leadership uses subordinate leaders as links to reach the rank-and-file?,leadership through creations,upward influence,leadership through a link,leadership from a distance,C,Indirect leadership in which subordinate leaders relay the senior leader's influence to lower levels.,Leadership through a link is the best answer because it is indirect leadership in which subordinate leaders relay the senior leader's influence to lower levels.,"Not quite. leadership through creations is a plausible Chapter 9 distractor, but it does not match this concept. Indirect leadership in which subordinate leaders relay the senior leader's influence to lower levels.","Not quite. upward influence is a plausible Chapter 9 distractor, but it does not match this concept. Indirect leadership in which subordinate leaders relay the senior leader's influence to lower levels.",Correct. Indirect leadership in which subordinate leaders relay the senior leader's influence to lower levels.,"Not quite. leadership from a distance is a plausible Chapter 9 distractor, but it does not match this concept. Indirect leadership in which subordinate leaders relay the senior leader's influence to lower levels.",Link = leader → leader → followers.,"Review Learn to Lead Volume 3, Chapter 9, page(s) 8-9. Then explain the concept in your own words and create one fresh example.",Learn to Lead Volume 3: Indirect Leadership,8-9,ltl3_c9_indirect,ch9_indirect_leadership.png,/assets/cap-visuals/ch9_indirect_leadership.png,approved,true,"Oath, Commission & Indirect Leadership","Oath, Commission & Indirect Leadership study visual.",yes,true,high,close,original_textbook_grounded,Three Earhart Milestone Leadership exam forms used as style/difficulty reference only; no milestone question copied,draft,LTL3-C9-Q016,40,LTL3_C9_100
LTL3-C9-Q016,Learn to Lead Volume 3,9,The Cadet Officer,LTL3-C9-F08,multiple_choice,application_scenario,medium_hard,application,Which Chapter 9 concept best applies to this situation? A squadron commander works through flight commanders and element leaders to influence in-ranks cadets.,upward influence,leadership through creations,leadership from a distance,leadership through a link,D,Indirect leadership in which subordinate leaders relay the senior leader's influence to lower levels.,Leadership through a link is the best answer because it is indirect leadership in which subordinate leaders relay the senior leader's influence to lower levels.,"Not quite. upward influence is a plausible Chapter 9 distractor, but it does not match this concept. Indirect leadership in which subordinate leaders relay the senior leader's influence to lower levels.","Not quite. leadership through creations is a plausible Chapter 9 distractor, but it does not match this concept. Indirect leadership in which subordinate leaders relay the senior leader's influence to lower levels.","Not quite. leadership from a distance is a plausible Chapter 9 distractor, but it does not match this concept. Indirect leadership in which subordinate leaders relay the senior leader's influence to lower levels.",Correct. Indirect leadership in which subordinate leaders relay the senior leader's influence to lower levels.,Link = leader → leader → followers.,"Review Learn to Lead Volume 3, Chapter 9, page(s) 8-9. Then explain the concept in your own words and create one fresh example.",Learn to Lead Volume 3: Indirect Leadership,8-9,ltl3_c9_indirect,ch9_indirect_leadership.png,/assets/cap-visuals/ch9_indirect_leadership.png,approved,true,"Oath, Commission & Indirect Leadership","Oath, Commission & Indirect Leadership study visual.",yes,true,high,close,original_textbook_grounded,Three Earhart Milestone Leadership exam forms used as style/difficulty reference only; no milestone question copied,draft,LTL3-C9-Q015,50,LTL3_C9_100
LTL3-C9-Q017,Learn to Lead Volume 3,9,The Cadet Officer,LTL3-C9-F09,multiple_choice,direct_exam_style,medium,recall_understanding,"Which form of indirect leadership works through products such as symbols, slogans, stories, or mission statements?",leadership through creations,leadership by coercion,direct leadership,upward influence,A,"Indirect leadership exercised through products such as stories, symbols, slogans, logos, mission statements, or inventions.","Leadership through creations is the best answer because it is indirect leadership exercised through products such as stories, symbols, slogans, logos, mission statements, or inventions.","Correct. Indirect leadership exercised through products such as stories, symbols, slogans, logos, mission statements, or inventions.","Not quite. leadership by coercion is a plausible Chapter 9 distractor, but it does not match this concept. Indirect leadership exercised through products such as stories, symbols, slogans, logos, mission statements, or inventions.","Not quite. direct leadership is a plausible Chapter 9 distractor, but it does not match this concept. Indirect leadership exercised through products such as stories, symbols, slogans, logos, mission statements, or inventions.","Not quite. upward influence is a plausible Chapter 9 distractor, but it does not match this concept. Indirect leadership exercised through products such as stories, symbols, slogans, logos, mission statements, or inventions.",Creations carry influence when the leader is absent.,"Review Learn to Lead Volume 3, Chapter 9, page(s) 9-10. Then explain the concept in your own words and create one fresh example.",Learn to Lead Volume 3: Indirect Leadership,9-10,ltl3_c9_indirect,ch9_indirect_leadership.png,/assets/cap-visuals/ch9_indirect_leadership.png,approved,true,"Oath, Commission & Indirect Leadership","Oath, Commission & Indirect Leadership study visual.",yes,true,high,close,original_textbook_grounded,Three Earhart Milestone Leadership exam forms used as style/difficulty reference only; no milestone question copied,draft,LTL3-C9-Q018,40,LTL3_C9_100
LTL3-C9-Q018,Learn to Lead Volume 3,9,The Cadet Officer,LTL3-C9-F09,multiple_choice,application_scenario,medium_hard,application,Which Chapter 9 concept best applies to this situation? A senior leader introduces a new symbol and shared language that gradually changes how members identify with the organization.,leadership by coercion,leadership through creations,upward influence,direct leadership,B,"Indirect leadership exercised through products such as stories, symbols, slogans, logos, mission statements, or inventions.","Leadership through creations is the best answer because it is indirect leadership exercised through products such as stories, symbols, slogans, logos, mission statements, or inventions.","Not quite. leadership by coercion is a plausible Chapter 9 distractor, but it does not match this concept. Indirect leadership exercised through products such as stories, symbols, slogans, logos, mission statements, or inventions.","Correct. Indirect leadership exercised through products such as stories, symbols, slogans, logos, mission statements, or inventions.","Not quite. upward influence is a plausible Chapter 9 distractor, but it does not match this concept. Indirect leadership exercised through products such as stories, symbols, slogans, logos, mission statements, or inventions.","Not quite. direct leadership is a plausible Chapter 9 distractor, but it does not match this concept. Indirect leadership exercised through products such as stories, symbols, slogans, logos, mission statements, or inventions.",Creations carry influence when the leader is absent.,"Review Learn to Lead Volume 3, Chapter 9, page(s) 9-10. Then explain the concept in your own words and create one fresh example.",Learn to Lead Volume 3: Indirect Leadership,9-10,ltl3_c9_indirect,ch9_indirect_leadership.png,/assets/cap-visuals/ch9_indirect_leadership.png,approved,true,"Oath, Commission & Indirect Leadership","Oath, Commission & Indirect Leadership study visual.",yes,true,high,close,original_textbook_grounded,Three Earhart Milestone Leadership exam forms used as style/difficulty reference only; no milestone question copied,draft,LTL3-C9-Q017,50,LTL3_C9_100
LTL3-C9-Q019,Learn to Lead Volume 3,9,The Cadet Officer,LTL3-C9-F10,multiple_choice,direct_exam_style,medium,recall_understanding,What form of indirect leadership occurs when a subordinate successfully influences a superior?,leadership through a link,leadership from a distance,upward influence,formal command,C,Indirect leadership in which a subordinate positively influences a superior.,Upward influence is the best answer because it is indirect leadership in which a subordinate positively influences a superior.,"Not quite. leadership through a link is a plausible Chapter 9 distractor, but it does not match this concept. Indirect leadership in which a subordinate positively influences a superior.","Not quite. leadership from a distance is a plausible Chapter 9 distractor, but it does not match this concept. Indirect leadership in which a subordinate positively influences a superior.",Correct. Indirect leadership in which a subordinate positively influences a superior.,"Not quite. formal command is a plausible Chapter 9 distractor, but it does not match this concept. Indirect leadership in which a subordinate positively influences a superior.",Upward = influence flows toward the boss.,"Review Learn to Lead Volume 3, Chapter 9, page(s) 9-10. Then explain the concept in your own words and create one fresh example.",Learn to Lead Volume 3: Indirect Leadership,9-10,ltl3_c9_indirect,ch9_indirect_leadership.png,/assets/cap-visuals/ch9_indirect_leadership.png,approved,true,"Oath, Commission & Indirect Leadership","Oath, Commission & Indirect Leadership study visual.",yes,true,high,close,original_textbook_grounded,Three Earhart Milestone Leadership exam forms used as style/difficulty reference only; no milestone question copied,draft,LTL3-C9-Q020,40,LTL3_C9_100
LTL3-C9-Q020,Learn to Lead Volume 3,9,The Cadet Officer,LTL3-C9-F10,multiple_choice,application_scenario,medium_hard,application,Which Chapter 9 concept best applies to this situation? A cadet staff officer presents a well-supported recommendation and the commander changes the plan because the idea is better.,leadership through a link,formal command,leadership from a distance,upward influence,D,Indirect leadership in which a subordinate positively influences a superior.,Upward influence is the best answer because it is indirect leadership in which a subordinate positively influences a superior.,"Not quite. leadership through a link is a plausible Chapter 9 distractor, but it does not match this concept. Indirect leadership in which a subordinate positively influences a superior.","Not quite. formal command is a plausible Chapter 9 distractor, but it does not match this concept. Indirect leadership in which a subordinate positively influences a superior.","Not quite. leadership from a distance is a plausible Chapter 9 distractor, but it does not match this concept. Indirect leadership in which a subordinate positively influences a superior.",Correct. Indirect leadership in which a subordinate positively influences a superior.,Upward = influence flows toward the boss.,"Review Learn to Lead Volume 3, Chapter 9, page(s) 9-10. Then explain the concept in your own words and create one fresh example.",Learn to Lead Volume 3: Indirect Leadership,9-10,ltl3_c9_indirect,ch9_indirect_leadership.png,/assets/cap-visuals/ch9_indirect_leadership.png,approved,true,"Oath, Commission & Indirect Leadership","Oath, Commission & Indirect Leadership study visual.",yes,true,high,close,original_textbook_grounded,Three Earhart Milestone Leadership exam forms used as style/difficulty reference only; no milestone question copied,draft,LTL3-C9-Q019,50,LTL3_C9_100
LTL3-C9-Q021,Learn to Lead Volume 3,9,The Cadet Officer,LTL3-C9-F11,multiple_choice,direct_exam_style,medium,recall_understanding,"According to Chapter 9, just powers ultimately depend on what?",consent,rank,coercion,tradition alone,A,The basis of just power in the American view of public trust.,Consent is the best answer because it is the basis of just power in the American view of public trust.,Correct. The basis of just power in the American view of public trust.,"Not quite. rank is a plausible Chapter 9 distractor, but it does not match this concept. The basis of just power in the American view of public trust.","Not quite. coercion is a plausible Chapter 9 distractor, but it does not match this concept. The basis of just power in the American view of public trust.","Not quite. tradition alone is a plausible Chapter 9 distractor, but it does not match this concept. The basis of just power in the American view of public trust.",Just power needs consent.,"Review Learn to Lead Volume 3, Chapter 9, page(s) 11. Then explain the concept in your own words and create one fresh example.",Learn to Lead Volume 3: Indirect Leadership,11,ltl3_c9_public_trust,ch9_public_trust_csr.png,/assets/cap-visuals/ch9_public_trust_csr.png,approved,true,Public Trust & Corporate Social Responsibility,Public Trust & Corporate Social Responsibility study visual.,yes,true,high,close,original_textbook_grounded,Three Earhart Milestone Leadership exam forms used as style/difficulty reference only; no milestone question copied,draft,LTL3-C9-Q022,40,LTL3_C9_100
LTL3-C9-Q022,Learn to Lead Volume 3,9,The Cadet Officer,LTL3-C9-F11,multiple_choice,application_scenario,medium_hard,application,Which Chapter 9 concept best applies to this situation? A leader has legal authority but still remembers that legitimate power is morally grounded in the people who accept and authorize it.,tradition alone,consent,rank,coercion,B,The basis of just power in the American view of public trust.,Consent is the best answer because it is the basis of just power in the American view of public trust.,"Not quite. tradition alone is a plausible Chapter 9 distractor, but it does not match this concept. The basis of just power in the American view of public trust.",Correct. The basis of just power in the American view of public trust.,"Not quite. rank is a plausible Chapter 9 distractor, but it does not match this concept. The basis of just power in the American view of public trust.","Not quite. coercion is a plausible Chapter 9 distractor, but it does not match this concept. The basis of just power in the American view of public trust.",Just power needs consent.,"Review Learn to Lead Volume 3, Chapter 9, page(s) 11. Then explain the concept in your own words and create one fresh example.",Learn to Lead Volume 3: Indirect Leadership,11,ltl3_c9_public_trust,ch9_public_trust_csr.png,/assets/cap-visuals/ch9_public_trust_csr.png,approved,true,Public Trust & Corporate Social Responsibility,Public Trust & Corporate Social Responsibility study visual.,yes,true,high,close,original_textbook_grounded,Three Earhart Milestone Leadership exam forms used as style/difficulty reference only; no milestone question copied,draft,LTL3-C9-Q021,50,LTL3_C9_100
LTL3-C9-Q023,Learn to Lead Volume 3,9,The Cadet Officer,LTL3-C9-F12,multiple_choice,direct_exam_style,medium,recall_understanding,Which concept means carefully managing property or resources entrusted to you?,corruption,philanthropy,stewardship,moral relativism,C,The careful management of resources that are not your own.,Stewardship is the best answer because it is the careful management of resources that are not your own.,"Not quite. corruption is a plausible Chapter 9 distractor, but it does not match this concept. The careful management of resources that are not your own.","Not quite. philanthropy is a plausible Chapter 9 distractor, but it does not match this concept. The careful management of resources that are not your own.",Correct. The careful management of resources that are not your own.,"Not quite. moral relativism is a plausible Chapter 9 distractor, but it does not match this concept. The careful management of resources that are not your own.",Steward = care for what was entrusted.,"Review Learn to Lead Volume 3, Chapter 9, page(s) 12. Then explain the concept in your own words and create one fresh example.",Learn to Lead Volume 3: Indirect Leadership,12,ltl3_c9_public_trust,ch9_public_trust_csr.png,/assets/cap-visuals/ch9_public_trust_csr.png,approved,true,Public Trust & Corporate Social Responsibility,Public Trust & Corporate Social Responsibility study visual.,yes,true,high,close,original_textbook_grounded,Three Earhart Milestone Leadership exam forms used as style/difficulty reference only; no milestone question copied,draft,LTL3-C9-Q024,40,LTL3_C9_100
LTL3-C9-Q024,Learn to Lead Volume 3,9,The Cadet Officer,LTL3-C9-F12,multiple_choice,application_scenario,medium_hard,application,Which Chapter 9 concept best applies to this situation? A CAP pilot treats a rescue-equipped aircraft with the same care she would give her own valuable property.,moral relativism,corruption,philanthropy,stewardship,D,The careful management of resources that are not your own.,Stewardship is the best answer because it is the careful management of resources that are not your own.,"Not quite. moral relativism is a plausible Chapter 9 distractor, but it does not match this concept. The careful management of resources that are not your own.","Not quite. corruption is a plausible Chapter 9 distractor, but it does not match this concept. The careful management of resources that are not your own.","Not quite. philanthropy is a plausible Chapter 9 distractor, but it does not match this concept. The careful management of resources that are not your own.",Correct. The careful management of resources that are not your own.,Steward = care for what was entrusted.,"Review Learn to Lead Volume 3, Chapter 9, page(s) 12. Then explain the concept in your own words and create one fresh example.",Learn to Lead Volume 3: Indirect Leadership,12,ltl3_c9_public_trust,ch9_public_trust_csr.png,/assets/cap-visuals/ch9_public_trust_csr.png,approved,true,Public Trust & Corporate Social Responsibility,Public Trust & Corporate Social Responsibility study visual.,yes,true,high,close,original_textbook_grounded,Three Earhart Milestone Leadership exam forms used as style/difficulty reference only; no milestone question copied,draft,LTL3-C9-Q023,50,LTL3_C9_100
LTL3-C9-Q025,Learn to Lead Volume 3,9,The Cadet Officer,LTL3-C9-F13,multiple_choice,direct_exam_style,medium,recall_understanding,Which CSR principle supports audits and open access to organizational practices?,transparency,philanthropy,patronage,secrecy,A,The principle that people affected by an organization should be allowed to know about its operations and practices.,Transparency is the best answer because it is the principle that people affected by an organization should be allowed to know about its operations and practices.,Correct. The principle that people affected by an organization should be allowed to know about its operations and practices.,"Not quite. philanthropy is a plausible Chapter 9 distractor, but it does not match this concept. The principle that people affected by an organization should be allowed to know about its operations and practices.","Not quite. patronage is a plausible Chapter 9 distractor, but it does not match this concept. The principle that people affected by an organization should be allowed to know about its operations and practices.","Not quite. secrecy is a plausible Chapter 9 distractor, but it does not match this concept. The principle that people affected by an organization should be allowed to know about its operations and practices.",Transparency = let the light in.,"Review Learn to Lead Volume 3, Chapter 9, page(s) 13. Then explain the concept in your own words and create one fresh example.",Learn to Lead Volume 3: Indirect Leadership,13,ltl3_c9_public_trust,ch9_public_trust_csr.png,/assets/cap-visuals/ch9_public_trust_csr.png,approved,true,Public Trust & Corporate Social Responsibility,Public Trust & Corporate Social Responsibility study visual.,yes,true,high,close,original_textbook_grounded,Three Earhart Milestone Leadership exam forms used as style/difficulty reference only; no milestone question copied,draft,LTL3-C9-Q026,40,LTL3_C9_100
LTL3-C9-Q026,Learn to Lead Volume 3,9,The Cadet Officer,LTL3-C9-F13,multiple_choice,application_scenario,medium_hard,application,Which Chapter 9 concept best applies to this situation? A nonprofit makes board proceedings and spending records available so donors can see how decisions and funds are handled.,patronage,transparency,philanthropy,secrecy,B,The principle that people affected by an organization should be allowed to know about its operations and practices.,Transparency is the best answer because it is the principle that people affected by an organization should be allowed to know about its operations and practices.,"Not quite. patronage is a plausible Chapter 9 distractor, but it does not match this concept. The principle that people affected by an organization should be allowed to know about its operations and practices.",Correct. The principle that people affected by an organization should be allowed to know about its operations and practices.,"Not quite. philanthropy is a plausible Chapter 9 distractor, but it does not match this concept. The principle that people affected by an organization should be allowed to know about its operations and practices.","Not quite. secrecy is a plausible Chapter 9 distractor, but it does not match this concept. The principle that people affected by an organization should be allowed to know about its operations and practices.",Transparency = let the light in.,"Review Learn to Lead Volume 3, Chapter 9, page(s) 13. Then explain the concept in your own words and create one fresh example.",Learn to Lead Volume 3: Indirect Leadership,13,ltl3_c9_public_trust,ch9_public_trust_csr.png,/assets/cap-visuals/ch9_public_trust_csr.png,approved,true,Public Trust & Corporate Social Responsibility,Public Trust & Corporate Social Responsibility study visual.,yes,true,high,close,original_textbook_grounded,Three Earhart Milestone Leadership exam forms used as style/difficulty reference only; no milestone question copied,draft,LTL3-C9-Q025,50,LTL3_C9_100
LTL3-C9-Q027,Learn to Lead Volume 3,9,The Cadet Officer,LTL3-C9-F14,multiple_choice,direct_exam_style,medium,recall_understanding,What do professional associations use to state the moral standards expected within a profession?,a chain of command,a publicity plan,a professional code of ethics,a job description,C,Specific moral standards that members of a profession are expected to honor.,A professional code of ethics is the best answer because it is specific moral standards that members of a profession are expected to honor.,"Not quite. a chain of command is a plausible Chapter 9 distractor, but it does not match this concept. Specific moral standards that members of a profession are expected to honor.","Not quite. a publicity plan is a plausible Chapter 9 distractor, but it does not match this concept. Specific moral standards that members of a profession are expected to honor.",Correct. Specific moral standards that members of a profession are expected to honor.,"Not quite. a job description is a plausible Chapter 9 distractor, but it does not match this concept. Specific moral standards that members of a profession are expected to honor.",Code of ethics = profession-specific moral standards.,"Review Learn to Lead Volume 3, Chapter 9, page(s) 14-15. Then explain the concept in your own words and create one fresh example.",Learn to Lead Volume 3: Indirect Leadership,14-15,ltl3_c9_public_trust,ch9_public_trust_csr.png,/assets/cap-visuals/ch9_public_trust_csr.png,approved,true,Public Trust & Corporate Social Responsibility,Public Trust & Corporate Social Responsibility study visual.,yes,true,high,close,original_textbook_grounded,Three Earhart Milestone Leadership exam forms used as style/difficulty reference only; no milestone question copied,draft,LTL3-C9-Q028,40,LTL3_C9_100
LTL3-C9-Q028,Learn to Lead Volume 3,9,The Cadet Officer,LTL3-C9-F14,multiple_choice,application_scenario,medium_hard,application,"Which Chapter 9 concept best applies to this situation? A professional association publishes standards about competence, honesty, safety, and obligations to clients and the public.",a chain of command,a publicity plan,a job description,a professional code of ethics,D,Specific moral standards that members of a profession are expected to honor.,A professional code of ethics is the best answer because it is specific moral standards that members of a profession are expected to honor.,"Not quite. a chain of command is a plausible Chapter 9 distractor, but it does not match this concept. Specific moral standards that members of a profession are expected to honor.","Not quite. a publicity plan is a plausible Chapter 9 distractor, but it does not match this concept. Specific moral standards that members of a profession are expected to honor.","Not quite. a job description is a plausible Chapter 9 distractor, but it does not match this concept. Specific moral standards that members of a profession are expected to honor.",Correct. Specific moral standards that members of a profession are expected to honor.,Code of ethics = profession-specific moral standards.,"Review Learn to Lead Volume 3, Chapter 9, page(s) 14-15. Then explain the concept in your own words and create one fresh example.",Learn to Lead Volume 3: Indirect Leadership,14-15,ltl3_c9_public_trust,ch9_public_trust_csr.png,/assets/cap-visuals/ch9_public_trust_csr.png,approved,true,Public Trust & Corporate Social Responsibility,Public Trust & Corporate Social Responsibility study visual.,yes,true,high,close,original_textbook_grounded,Three Earhart Milestone Leadership exam forms used as style/difficulty reference only; no milestone question copied,draft,LTL3-C9-Q027,50,LTL3_C9_100
LTL3-C9-Q029,Learn to Lead Volume 3,9,The Cadet Officer,LTL3-C9-F15,multiple_choice,direct_exam_style,medium,recall_understanding,Which term means expressing a view contrary to the official position in order to raise a serious concern?,dissent,delegation,insubordination,consensus,A,"The expression of opinions contrary to the official view, especially to call attention to higher obligations.","Dissent is the best answer because it is the expression of opinions contrary to the official view, especially to call attention to higher obligations.","Correct. The expression of opinions contrary to the official view, especially to call attention to higher obligations.","Not quite. delegation is a plausible Chapter 9 distractor, but it does not match this concept. The expression of opinions contrary to the official view, especially to call attention to higher obligations.","Not quite. insubordination is a plausible Chapter 9 distractor, but it does not match this concept. The expression of opinions contrary to the official view, especially to call attention to higher obligations.","Not quite. consensus is a plausible Chapter 9 distractor, but it does not match this concept. The expression of opinions contrary to the official view, especially to call attention to higher obligations.",Dissent = challenge an idea for a higher duty.,"Review Learn to Lead Volume 3, Chapter 9, page(s) 16. Then explain the concept in your own words and create one fresh example.",Learn to Lead Volume 3: Indirect Leadership,16,ltl3_c9_dissent,ch9_respectful_dissent.png,/assets/cap-visuals/ch9_respectful_dissent.png,approved,true,Respectful Dissent,Respectful Dissent study visual.,yes,true,high,close,original_textbook_grounded,Three Earhart Milestone Leadership exam forms used as style/difficulty reference only; no milestone question copied,draft,LTL3-C9-Q030,40,LTL3_C9_100
LTL3-C9-Q030,Learn to Lead Volume 3,9,The Cadet Officer,LTL3-C9-F15,multiple_choice,application_scenario,medium_hard,application,Which Chapter 9 concept best applies to this situation? A cadet officer respectfully tells the commander that a proposed action conflicts with policy and the unit's larger responsibilities.,delegation,dissent,consensus,insubordination,B,"The expression of opinions contrary to the official view, especially to call attention to higher obligations.","Dissent is the best answer because it is the expression of opinions contrary to the official view, especially to call attention to higher obligations.","Not quite. delegation is a plausible Chapter 9 distractor, but it does not match this concept. The expression of opinions contrary to the official view, especially to call attention to higher obligations.","Correct. The expression of opinions contrary to the official view, especially to call attention to higher obligations.","Not quite. consensus is a plausible Chapter 9 distractor, but it does not match this concept. The expression of opinions contrary to the official view, especially to call attention to higher obligations.","Not quite. insubordination is a plausible Chapter 9 distractor, but it does not match this concept. The expression of opinions contrary to the official view, especially to call attention to higher obligations.",Dissent = challenge an idea for a higher duty.,"Review Learn to Lead Volume 3, Chapter 9, page(s) 16. Then explain the concept in your own words and create one fresh example.",Learn to Lead Volume 3: Indirect Leadership,16,ltl3_c9_dissent,ch9_respectful_dissent.png,/assets/cap-visuals/ch9_respectful_dissent.png,approved,true,Respectful Dissent,Respectful Dissent study visual.,yes,true,high,close,original_textbook_grounded,Three Earhart Milestone Leadership exam forms used as style/difficulty reference only; no milestone question copied,draft,LTL3-C9-Q029,50,LTL3_C9_100
LTL3-C9-Q031,Learn to Lead Volume 3,9,The Cadet Officer,LTL3-C9-F16,multiple_choice,direct_exam_style,medium,recall_understanding,Which concept describes a team that appears united because members suppress their real objections?,the golden mean,group synergy,the Abilene paradox,the Peter Principle,C,A false consensus in which people with serious concerns remain silent and the group appears to agree.,The abilene paradox is the best answer because it is a false consensus in which people with serious concerns remain silent and the group appears to agree.,"Not quite. the golden mean is a plausible Chapter 9 distractor, but it does not match this concept. A false consensus in which people with serious concerns remain silent and the group appears to agree.","Not quite. group synergy is a plausible Chapter 9 distractor, but it does not match this concept. A false consensus in which people with serious concerns remain silent and the group appears to agree.",Correct. A false consensus in which people with serious concerns remain silent and the group appears to agree.,"Not quite. the Peter Principle is a plausible Chapter 9 distractor, but it does not match this concept. A false consensus in which people with serious concerns remain silent and the group appears to agree.",Abilene = everybody agrees to something nobody really wants.,"Review Learn to Lead Volume 3, Chapter 9, page(s) 17. Then explain the concept in your own words and create one fresh example.",Learn to Lead Volume 3: Indirect Leadership,17,ltl3_c9_dissent,ch9_respectful_dissent.png,/assets/cap-visuals/ch9_respectful_dissent.png,approved,true,Respectful Dissent,Respectful Dissent study visual.,yes,true,high,close,original_textbook_grounded,Three Earhart Milestone Leadership exam forms used as style/difficulty reference only; no milestone question copied,draft,LTL3-C9-Q032,40,LTL3_C9_100
LTL3-C9-Q032,Learn to Lead Volume 3,9,The Cadet Officer,LTL3-C9-F16,multiple_choice,application_scenario,medium_hard,application,"Which Chapter 9 concept best applies to this situation? Several staff members privately think a plan is dangerous, but each assumes everyone else supports it and no one speaks.",the Peter Principle,the golden mean,group synergy,the Abilene paradox,D,A false consensus in which people with serious concerns remain silent and the group appears to agree.,The abilene paradox is the best answer because it is a false consensus in which people with serious concerns remain silent and the group appears to agree.,"Not quite. the Peter Principle is a plausible Chapter 9 distractor, but it does not match this concept. A false consensus in which people with serious concerns remain silent and the group appears to agree.","Not quite. the golden mean is a plausible Chapter 9 distractor, but it does not match this concept. A false consensus in which people with serious concerns remain silent and the group appears to agree.","Not quite. group synergy is a plausible Chapter 9 distractor, but it does not match this concept. A false consensus in which people with serious concerns remain silent and the group appears to agree.",Correct. A false consensus in which people with serious concerns remain silent and the group appears to agree.,Abilene = everybody agrees to something nobody really wants.,"Review Learn to Lead Volume 3, Chapter 9, page(s) 17. Then explain the concept in your own words and create one fresh example.",Learn to Lead Volume 3: Indirect Leadership,17,ltl3_c9_dissent,ch9_respectful_dissent.png,/assets/cap-visuals/ch9_respectful_dissent.png,approved,true,Respectful Dissent,Respectful Dissent study visual.,yes,true,high,close,original_textbook_grounded,Three Earhart Milestone Leadership exam forms used as style/difficulty reference only; no milestone question copied,draft,LTL3-C9-Q031,50,LTL3_C9_100
LTL3-C9-Q033,Learn to Lead Volume 3,9,The Cadet Officer,LTL3-C9-F17,multiple_choice,direct_exam_style,medium,recall_understanding,What lesson does Chapter 9 draw from the rejected 'just following orders' defense?,moral responsibility remains with the individual,rank transfers all blame upward,obedience is the only moral duty,orders always erase responsibility,A,The lesson that 'following orders' does not erase responsibility for wrongful acts.,Moral responsibility remains with the individual is the best answer because it is the lesson that 'following orders' does not erase responsibility for wrongful acts.,Correct. The lesson that 'following orders' does not erase responsibility for wrongful acts.,"Not quite. rank transfers all blame upward is a plausible Chapter 9 distractor, but it does not match this concept. The lesson that 'following orders' does not erase responsibility for wrongful acts.","Not quite. obedience is the only moral duty is a plausible Chapter 9 distractor, but it does not match this concept. The lesson that 'following orders' does not erase responsibility for wrongful acts.","Not quite. orders always erase responsibility is a plausible Chapter 9 distractor, but it does not match this concept. The lesson that 'following orders' does not erase responsibility for wrongful acts.",Orders do not erase conscience.,"Review Learn to Lead Volume 3, Chapter 9, page(s) 18. Then explain the concept in your own words and create one fresh example.",Learn to Lead Volume 3: Indirect Leadership,18,ltl3_c9_dissent,ch9_respectful_dissent.png,/assets/cap-visuals/ch9_respectful_dissent.png,approved,true,Respectful Dissent,Respectful Dissent study visual.,yes,true,high,close,original_textbook_grounded,Three Earhart Milestone Leadership exam forms used as style/difficulty reference only; no milestone question copied,draft,LTL3-C9-Q034,40,LTL3_C9_100
LTL3-C9-Q034,Learn to Lead Volume 3,9,The Cadet Officer,LTL3-C9-F17,multiple_choice,application_scenario,medium_hard,application,Which Chapter 9 concept best applies to this situation? A subordinate is told to do something clearly immoral and later argues that responsibility belongs only to the superior who gave the order.,orders always erase responsibility,moral responsibility remains with the individual,rank transfers all blame upward,obedience is the only moral duty,B,The lesson that 'following orders' does not erase responsibility for wrongful acts.,Moral responsibility remains with the individual is the best answer because it is the lesson that 'following orders' does not erase responsibility for wrongful acts.,"Not quite. orders always erase responsibility is a plausible Chapter 9 distractor, but it does not match this concept. The lesson that 'following orders' does not erase responsibility for wrongful acts.",Correct. The lesson that 'following orders' does not erase responsibility for wrongful acts.,"Not quite. rank transfers all blame upward is a plausible Chapter 9 distractor, but it does not match this concept. The lesson that 'following orders' does not erase responsibility for wrongful acts.","Not quite. obedience is the only moral duty is a plausible Chapter 9 distractor, but it does not match this concept. The lesson that 'following orders' does not erase responsibility for wrongful acts.",Orders do not erase conscience.,"Review Learn to Lead Volume 3, Chapter 9, page(s) 18. Then explain the concept in your own words and create one fresh example.",Learn to Lead Volume 3: Indirect Leadership,18,ltl3_c9_dissent,ch9_respectful_dissent.png,/assets/cap-visuals/ch9_respectful_dissent.png,approved,true,Respectful Dissent,Respectful Dissent study visual.,yes,true,high,close,original_textbook_grounded,Three Earhart Milestone Leadership exam forms used as style/difficulty reference only; no milestone question copied,draft,LTL3-C9-Q033,50,LTL3_C9_100
LTL3-C9-Q035,Learn to Lead Volume 3,9,The Cadet Officer,LTL3-C9-F18,multiple_choice,direct_exam_style,medium,recall_understanding,Which practice is specifically recommended for respectful dissent?,bypass supervisors whenever possible,criticize anonymously,use the chain of command,go public first,C,A key principle for expressing dissent respectfully.,Use the chain of command is the best answer because it is a key principle for expressing dissent respectfully.,"Not quite. bypass supervisors whenever possible is a plausible Chapter 9 distractor, but it does not match this concept. A key principle for expressing dissent respectfully.","Not quite. criticize anonymously is a plausible Chapter 9 distractor, but it does not match this concept. A key principle for expressing dissent respectfully.",Correct. A key principle for expressing dissent respectfully.,"Not quite. go public first is a plausible Chapter 9 distractor, but it does not match this concept. A key principle for expressing dissent respectfully.",Dissent with discipline: use the chain.,"Review Learn to Lead Volume 3, Chapter 9, page(s) 19. Then explain the concept in your own words and create one fresh example.",Learn to Lead Volume 3: Indirect Leadership,19,ltl3_c9_dissent,ch9_respectful_dissent.png,/assets/cap-visuals/ch9_respectful_dissent.png,approved,true,Respectful Dissent,Respectful Dissent study visual.,yes,true,high,close,original_textbook_grounded,Three Earhart Milestone Leadership exam forms used as style/difficulty reference only; no milestone question copied,draft,LTL3-C9-Q036,40,LTL3_C9_100
LTL3-C9-Q036,Learn to Lead Volume 3,9,The Cadet Officer,LTL3-C9-F18,multiple_choice,application_scenario,medium_hard,application,Which Chapter 9 concept best applies to this situation? A cadet has a serious objection to a staff decision and chooses the proper supervisory route rather than going around everyone.,bypass supervisors whenever possible,go public first,criticize anonymously,use the chain of command,D,A key principle for expressing dissent respectfully.,Use the chain of command is the best answer because it is a key principle for expressing dissent respectfully.,"Not quite. bypass supervisors whenever possible is a plausible Chapter 9 distractor, but it does not match this concept. A key principle for expressing dissent respectfully.","Not quite. go public first is a plausible Chapter 9 distractor, but it does not match this concept. A key principle for expressing dissent respectfully.","Not quite. criticize anonymously is a plausible Chapter 9 distractor, but it does not match this concept. A key principle for expressing dissent respectfully.",Correct. A key principle for expressing dissent respectfully.,Dissent with discipline: use the chain.,"Review Learn to Lead Volume 3, Chapter 9, page(s) 19. Then explain the concept in your own words and create one fresh example.",Learn to Lead Volume 3: Indirect Leadership,19,ltl3_c9_dissent,ch9_respectful_dissent.png,/assets/cap-visuals/ch9_respectful_dissent.png,approved,true,Respectful Dissent,Respectful Dissent study visual.,yes,true,high,close,original_textbook_grounded,Three Earhart Milestone Leadership exam forms used as style/difficulty reference only; no milestone question copied,draft,LTL3-C9-Q035,50,LTL3_C9_100
LTL3-C9-Q037,Learn to Lead Volume 3,9,The Cadet Officer,LTL3-C9-F19,multiple_choice,direct_exam_style,medium,recall_understanding,Why does Chapter 9 say officers need skill in moral reasoning?,moral reasoning,public speaking,technical training,administrative control,A,The process of studying and applying ethical frameworks to make thoughtful decisions about right and wrong.,Moral reasoning is the best answer because it is the process of studying and applying ethical frameworks to make thoughtful decisions about right and wrong.,Correct. The process of studying and applying ethical frameworks to make thoughtful decisions about right and wrong.,"Not quite. public speaking is a plausible Chapter 9 distractor, but it does not match this concept. The process of studying and applying ethical frameworks to make thoughtful decisions about right and wrong.","Not quite. technical training is a plausible Chapter 9 distractor, but it does not match this concept. The process of studying and applying ethical frameworks to make thoughtful decisions about right and wrong.","Not quite. administrative control is a plausible Chapter 9 distractor, but it does not match this concept. The process of studying and applying ethical frameworks to make thoughtful decisions about right and wrong.",Moral reasoning = think carefully about right and wrong.,"Review Learn to Lead Volume 3, Chapter 9, page(s) 21. Then explain the concept in your own words and create one fresh example.",Learn to Lead Volume 3: Indirect Leadership,21,ltl3_c9_ethics_frameworks,ch9_moral_reasoning_frameworks.png,/assets/cap-visuals/ch9_moral_reasoning_frameworks.png,approved,true,Moral Reasoning Frameworks,Moral Reasoning Frameworks study visual.,yes,true,high,close,original_textbook_grounded,Three Earhart Milestone Leadership exam forms used as style/difficulty reference only; no milestone question copied,draft,LTL3-C9-Q038,40,LTL3_C9_100
LTL3-C9-Q038,Learn to Lead Volume 3,9,The Cadet Officer,LTL3-C9-F19,multiple_choice,application_scenario,medium_hard,application,Which Chapter 9 concept best applies to this situation? A cadet officer faces a problem where good values pull in different directions and no rule gives an automatic answer.,public speaking,moral reasoning,technical training,administrative control,B,The process of studying and applying ethical frameworks to make thoughtful decisions about right and wrong.,Moral reasoning is the best answer because it is the process of studying and applying ethical frameworks to make thoughtful decisions about right and wrong.,"Not quite. public speaking is a plausible Chapter 9 distractor, but it does not match this concept. The process of studying and applying ethical frameworks to make thoughtful decisions about right and wrong.",Correct. The process of studying and applying ethical frameworks to make thoughtful decisions about right and wrong.,"Not quite. technical training is a plausible Chapter 9 distractor, but it does not match this concept. The process of studying and applying ethical frameworks to make thoughtful decisions about right and wrong.","Not quite. administrative control is a plausible Chapter 9 distractor, but it does not match this concept. The process of studying and applying ethical frameworks to make thoughtful decisions about right and wrong.",Moral reasoning = think carefully about right and wrong.,"Review Learn to Lead Volume 3, Chapter 9, page(s) 21. Then explain the concept in your own words and create one fresh example.",Learn to Lead Volume 3: Indirect Leadership,21,ltl3_c9_ethics_frameworks,ch9_moral_reasoning_frameworks.png,/assets/cap-visuals/ch9_moral_reasoning_frameworks.png,approved,true,Moral Reasoning Frameworks,Moral Reasoning Frameworks study visual.,yes,true,high,close,original_textbook_grounded,Three Earhart Milestone Leadership exam forms used as style/difficulty reference only; no milestone question copied,draft,LTL3-C9-Q037,50,LTL3_C9_100
LTL3-C9-Q039,Learn to Lead Volume 3,9,The Cadet Officer,LTL3-C9-F20,multiple_choice,direct_exam_style,medium,recall_understanding,Which ethical view denies that universally valid moral principles exist?,duty ethics,virtue ethics,moral relativism,moral objectivism,C,The view that there are no universally valid moral principles and that right and wrong depend on culture or personal judgment.,Moral relativism is the best answer because it is the view that there are no universally valid moral principles and that right and wrong depend on culture or personal judgment.,"Not quite. duty ethics is a plausible Chapter 9 distractor, but it does not match this concept. The view that there are no universally valid moral principles and that right and wrong depend on culture or personal judgment.","Not quite. virtue ethics is a plausible Chapter 9 distractor, but it does not match this concept. The view that there are no universally valid moral principles and that right and wrong depend on culture or personal judgment.",Correct. The view that there are no universally valid moral principles and that right and wrong depend on culture or personal judgment.,"Not quite. moral objectivism is a plausible Chapter 9 distractor, but it does not match this concept. The view that there are no universally valid moral principles and that right and wrong depend on culture or personal judgment.",Relativism = right/wrong depends.,"Review Learn to Lead Volume 3, Chapter 9, page(s) 21-22. Then explain the concept in your own words and create one fresh example.",Learn to Lead Volume 3: Indirect Leadership,21-22,ltl3_c9_ethics_frameworks,ch9_moral_reasoning_frameworks.png,/assets/cap-visuals/ch9_moral_reasoning_frameworks.png,approved,true,Moral Reasoning Frameworks,Moral Reasoning Frameworks study visual.,yes,true,high,close,original_textbook_grounded,Three Earhart Milestone Leadership exam forms used as style/difficulty reference only; no milestone question copied,draft,LTL3-C9-Q040,40,LTL3_C9_100
LTL3-C9-Q040,Learn to Lead Volume 3,9,The Cadet Officer,LTL3-C9-F20,multiple_choice,application_scenario,medium_hard,application,Which Chapter 9 concept best applies to this situation? A person argues that a practice can be right in one society and wrong in another because morality depends on cultural acceptance.,moral objectivism,virtue ethics,duty ethics,moral relativism,D,The view that there are no universally valid moral principles and that right and wrong depend on culture or personal judgment.,Moral relativism is the best answer because it is the view that there are no universally valid moral principles and that right and wrong depend on culture or personal judgment.,"Not quite. moral objectivism is a plausible Chapter 9 distractor, but it does not match this concept. The view that there are no universally valid moral principles and that right and wrong depend on culture or personal judgment.","Not quite. virtue ethics is a plausible Chapter 9 distractor, but it does not match this concept. The view that there are no universally valid moral principles and that right and wrong depend on culture or personal judgment.","Not quite. duty ethics is a plausible Chapter 9 distractor, but it does not match this concept. The view that there are no universally valid moral principles and that right and wrong depend on culture or personal judgment.",Correct. The view that there are no universally valid moral principles and that right and wrong depend on culture or personal judgment.,Relativism = right/wrong depends.,"Review Learn to Lead Volume 3, Chapter 9, page(s) 21-22. Then explain the concept in your own words and create one fresh example.",Learn to Lead Volume 3: Indirect Leadership,21-22,ltl3_c9_ethics_frameworks,ch9_moral_reasoning_frameworks.png,/assets/cap-visuals/ch9_moral_reasoning_frameworks.png,approved,true,Moral Reasoning Frameworks,Moral Reasoning Frameworks study visual.,yes,true,high,close,original_textbook_grounded,Three Earhart Milestone Leadership exam forms used as style/difficulty reference only; no milestone question copied,draft,LTL3-C9-Q039,50,LTL3_C9_100
LTL3-C9-Q041,Learn to Lead Volume 3,9,The Cadet Officer,LTL3-C9-F21,multiple_choice,direct_exam_style,medium,recall_understanding,Which ethical view holds that some principles are morally valid for all people regardless of culture or opinion?,moral objectivism,moral relativism,behaviorism,utilitarianism,A,The view that some moral principles have universal validity independent of personal or cultural opinion.,Moral objectivism is the best answer because it is the view that some moral principles have universal validity independent of personal or cultural opinion.,Correct. The view that some moral principles have universal validity independent of personal or cultural opinion.,"Not quite. moral relativism is a plausible Chapter 9 distractor, but it does not match this concept. The view that some moral principles have universal validity independent of personal or cultural opinion.","Not quite. behaviorism is a plausible Chapter 9 distractor, but it does not match this concept. The view that some moral principles have universal validity independent of personal or cultural opinion.","Not quite. utilitarianism is a plausible Chapter 9 distractor, but it does not match this concept. The view that some moral principles have universal validity independent of personal or cultural opinion.",Objectivism = some truths stand above opinion.,"Review Learn to Lead Volume 3, Chapter 9, page(s) 22-23. Then explain the concept in your own words and create one fresh example.",Learn to Lead Volume 3: Indirect Leadership,22-23,ltl3_c9_ethics_frameworks,ch9_moral_reasoning_frameworks.png,/assets/cap-visuals/ch9_moral_reasoning_frameworks.png,approved,true,Moral Reasoning Frameworks,Moral Reasoning Frameworks study visual.,yes,true,high,close,original_textbook_grounded,Three Earhart Milestone Leadership exam forms used as style/difficulty reference only; no milestone question copied,draft,LTL3-C9-Q042,40,LTL3_C9_100
LTL3-C9-Q042,Learn to Lead Volume 3,9,The Cadet Officer,LTL3-C9-F21,multiple_choice,application_scenario,medium_hard,application,Which Chapter 9 concept best applies to this situation? A cadet argues that deliberately murdering an innocent person cannot become moral merely because a group approves of it.,moral relativism,moral objectivism,utilitarianism,behaviorism,B,The view that some moral principles have universal validity independent of personal or cultural opinion.,Moral objectivism is the best answer because it is the view that some moral principles have universal validity independent of personal or cultural opinion.,"Not quite. moral relativism is a plausible Chapter 9 distractor, but it does not match this concept. The view that some moral principles have universal validity independent of personal or cultural opinion.",Correct. The view that some moral principles have universal validity independent of personal or cultural opinion.,"Not quite. utilitarianism is a plausible Chapter 9 distractor, but it does not match this concept. The view that some moral principles have universal validity independent of personal or cultural opinion.","Not quite. behaviorism is a plausible Chapter 9 distractor, but it does not match this concept. The view that some moral principles have universal validity independent of personal or cultural opinion.",Objectivism = some truths stand above opinion.,"Review Learn to Lead Volume 3, Chapter 9, page(s) 22-23. Then explain the concept in your own words and create one fresh example.",Learn to Lead Volume 3: Indirect Leadership,22-23,ltl3_c9_ethics_frameworks,ch9_moral_reasoning_frameworks.png,/assets/cap-visuals/ch9_moral_reasoning_frameworks.png,approved,true,Moral Reasoning Frameworks,Moral Reasoning Frameworks study visual.,yes,true,high,close,original_textbook_grounded,Three Earhart Milestone Leadership exam forms used as style/difficulty reference only; no milestone question copied,draft,LTL3-C9-Q041,50,LTL3_C9_100
LTL3-C9-Q043,Learn to Lead Volume 3,9,The Cadet Officer,LTL3-C9-F22,multiple_choice,direct_exam_style,medium,recall_understanding,Which ethical framework focuses most on developing excellent character and habitual virtue?,moral relativism,duty ethics,virtue ethics,behaviorism,C,"Aristotle's approach emphasizing excellent character, authentic flourishing, reason, balance, and habits of virtue.","Virtue ethics is the best answer because it is Aristotle's approach emphasizing excellent character, authentic flourishing, reason, balance, and habits of virtue.","Not quite. moral relativism is a plausible Chapter 9 distractor, but it does not match this concept. Aristotle's approach emphasizing excellent character, authentic flourishing, reason, balance, and habits of virtue.","Not quite. duty ethics is a plausible Chapter 9 distractor, but it does not match this concept. Aristotle's approach emphasizing excellent character, authentic flourishing, reason, balance, and habits of virtue.","Correct. Aristotle's approach emphasizing excellent character, authentic flourishing, reason, balance, and habits of virtue.","Not quite. behaviorism is a plausible Chapter 9 distractor, but it does not match this concept. Aristotle's approach emphasizing excellent character, authentic flourishing, reason, balance, and habits of virtue.",Virtue asks: what kind of person am I becoming?,"Review Learn to Lead Volume 3, Chapter 9, page(s) 23-25. Then explain the concept in your own words and create one fresh example.",Learn to Lead Volume 3: Indirect Leadership,23-25,ltl3_c9_ethics_detail,ch9_virtue_duty_utilitarian.png,/assets/cap-visuals/ch9_virtue_duty_utilitarian.png,approved,true,"Virtue, Duty & Utilitarian Ethics","Virtue, Duty & Utilitarian Ethics study visual.",yes,true,high,close,original_textbook_grounded,Three Earhart Milestone Leadership exam forms used as style/difficulty reference only; no milestone question copied,draft,LTL3-C9-Q044,40,LTL3_C9_100
LTL3-C9-Q044,Learn to Lead Volume 3,9,The Cadet Officer,LTL3-C9-F22,multiple_choice,application_scenario,medium_hard,application,Which Chapter 9 concept best applies to this situation? A cadet evaluates a decision by asking whether it reflects the character of the person he is striving to become.,moral relativism,duty ethics,behaviorism,virtue ethics,D,"Aristotle's approach emphasizing excellent character, authentic flourishing, reason, balance, and habits of virtue.","Virtue ethics is the best answer because it is Aristotle's approach emphasizing excellent character, authentic flourishing, reason, balance, and habits of virtue.","Not quite. moral relativism is a plausible Chapter 9 distractor, but it does not match this concept. Aristotle's approach emphasizing excellent character, authentic flourishing, reason, balance, and habits of virtue.","Not quite. duty ethics is a plausible Chapter 9 distractor, but it does not match this concept. Aristotle's approach emphasizing excellent character, authentic flourishing, reason, balance, and habits of virtue.","Not quite. behaviorism is a plausible Chapter 9 distractor, but it does not match this concept. Aristotle's approach emphasizing excellent character, authentic flourishing, reason, balance, and habits of virtue.","Correct. Aristotle's approach emphasizing excellent character, authentic flourishing, reason, balance, and habits of virtue.",Virtue asks: what kind of person am I becoming?,"Review Learn to Lead Volume 3, Chapter 9, page(s) 23-25. Then explain the concept in your own words and create one fresh example.",Learn to Lead Volume 3: Indirect Leadership,23-25,ltl3_c9_ethics_detail,ch9_virtue_duty_utilitarian.png,/assets/cap-visuals/ch9_virtue_duty_utilitarian.png,approved,true,"Virtue, Duty & Utilitarian Ethics","Virtue, Duty & Utilitarian Ethics study visual.",yes,true,high,close,original_textbook_grounded,Three Earhart Milestone Leadership exam forms used as style/difficulty reference only; no milestone question copied,draft,LTL3-C9-Q043,50,LTL3_C9_100
LTL3-C9-Q045,Learn to Lead Volume 3,9,The Cadet Officer,LTL3-C9-F23,multiple_choice,direct_exam_style,medium,recall_understanding,What does Aristotle's golden mean describe?,the golden mean,BATNA,the social contract,the categorical imperative,A,Aristotle's idea that virtue often lies in a reasonable balance between two extremes.,The golden mean is the best answer because it is Aristotle's idea that virtue often lies in a reasonable balance between two extremes.,Correct. Aristotle's idea that virtue often lies in a reasonable balance between two extremes.,"Not quite. BATNA is a plausible Chapter 9 distractor, but it does not match this concept. Aristotle's idea that virtue often lies in a reasonable balance between two extremes.","Not quite. the social contract is a plausible Chapter 9 distractor, but it does not match this concept. Aristotle's idea that virtue often lies in a reasonable balance between two extremes.","Not quite. the categorical imperative is a plausible Chapter 9 distractor, but it does not match this concept. Aristotle's idea that virtue often lies in a reasonable balance between two extremes.",Golden mean = virtue between extremes.,"Review Learn to Lead Volume 3, Chapter 9, page(s) 24. Then explain the concept in your own words and create one fresh example.",Learn to Lead Volume 3: Indirect Leadership,24,ltl3_c9_ethics_detail,ch9_virtue_duty_utilitarian.png,/assets/cap-visuals/ch9_virtue_duty_utilitarian.png,approved,true,"Virtue, Duty & Utilitarian Ethics","Virtue, Duty & Utilitarian Ethics study visual.",yes,true,high,close,original_textbook_grounded,Three Earhart Milestone Leadership exam forms used as style/difficulty reference only; no milestone question copied,draft,LTL3-C9-Q046,40,LTL3_C9_100
LTL3-C9-Q046,Learn to Lead Volume 3,9,The Cadet Officer,LTL3-C9-F23,multiple_choice,application_scenario,medium_hard,application,Which Chapter 9 concept best applies to this situation? One cadet is painfully shy and another dominates every conversation; each is coached toward a more balanced middle.,the social contract,the golden mean,the categorical imperative,BATNA,B,Aristotle's idea that virtue often lies in a reasonable balance between two extremes.,The golden mean is the best answer because it is Aristotle's idea that virtue often lies in a reasonable balance between two extremes.,"Not quite. the social contract is a plausible Chapter 9 distractor, but it does not match this concept. Aristotle's idea that virtue often lies in a reasonable balance between two extremes.",Correct. Aristotle's idea that virtue often lies in a reasonable balance between two extremes.,"Not quite. the categorical imperative is a plausible Chapter 9 distractor, but it does not match this concept. Aristotle's idea that virtue often lies in a reasonable balance between two extremes.","Not quite. BATNA is a plausible Chapter 9 distractor, but it does not match this concept. Aristotle's idea that virtue often lies in a reasonable balance between two extremes.",Golden mean = virtue between extremes.,"Review Learn to Lead Volume 3, Chapter 9, page(s) 24. Then explain the concept in your own words and create one fresh example.",Learn to Lead Volume 3: Indirect Leadership,24,ltl3_c9_ethics_detail,ch9_virtue_duty_utilitarian.png,/assets/cap-visuals/ch9_virtue_duty_utilitarian.png,approved,true,"Virtue, Duty & Utilitarian Ethics","Virtue, Duty & Utilitarian Ethics study visual.",yes,true,high,close,original_textbook_grounded,Three Earhart Milestone Leadership exam forms used as style/difficulty reference only; no milestone question copied,draft,LTL3-C9-Q045,50,LTL3_C9_100
LTL3-C9-Q047,Learn to Lead Volume 3,9,The Cadet Officer,LTL3-C9-F24,multiple_choice,direct_exam_style,medium,recall_understanding,Which moral framework begins with the idea of duty—what a person is obligated or required to do?,behaviorism,moral relativism,duty ethics,virtue ethics,C,"Kant's ethical approach built around reason, obligation, universalizable duties, and respect for persons.","Duty ethics is the best answer because it is Kant's ethical approach built around reason, obligation, universalizable duties, and respect for persons.","Not quite. behaviorism is a plausible Chapter 9 distractor, but it does not match this concept. Kant's ethical approach built around reason, obligation, universalizable duties, and respect for persons.","Not quite. moral relativism is a plausible Chapter 9 distractor, but it does not match this concept. Kant's ethical approach built around reason, obligation, universalizable duties, and respect for persons.","Correct. Kant's ethical approach built around reason, obligation, universalizable duties, and respect for persons.","Not quite. virtue ethics is a plausible Chapter 9 distractor, but it does not match this concept. Kant's ethical approach built around reason, obligation, universalizable duties, and respect for persons.",Kant = duty + reason.,"Review Learn to Lead Volume 3, Chapter 9, page(s) 25-27. Then explain the concept in your own words and create one fresh example.",Learn to Lead Volume 3: Indirect Leadership,25-27,ltl3_c9_ethics_detail,ch9_virtue_duty_utilitarian.png,/assets/cap-visuals/ch9_virtue_duty_utilitarian.png,approved,true,"Virtue, Duty & Utilitarian Ethics","Virtue, Duty & Utilitarian Ethics study visual.",yes,true,high,close,original_textbook_grounded,Three Earhart Milestone Leadership exam forms used as style/difficulty reference only; no milestone question copied,draft,LTL3-C9-Q048,40,LTL3_C9_100
LTL3-C9-Q048,Learn to Lead Volume 3,9,The Cadet Officer,LTL3-C9-F24,multiple_choice,application_scenario,medium_hard,application,"Which Chapter 9 concept best applies to this situation? A cadet chooses an action because reason says it is a duty, not because it is popular or emotionally satisfying.",moral relativism,virtue ethics,behaviorism,duty ethics,D,"Kant's ethical approach built around reason, obligation, universalizable duties, and respect for persons.","Duty ethics is the best answer because it is Kant's ethical approach built around reason, obligation, universalizable duties, and respect for persons.","Not quite. moral relativism is a plausible Chapter 9 distractor, but it does not match this concept. Kant's ethical approach built around reason, obligation, universalizable duties, and respect for persons.","Not quite. virtue ethics is a plausible Chapter 9 distractor, but it does not match this concept. Kant's ethical approach built around reason, obligation, universalizable duties, and respect for persons.","Not quite. behaviorism is a plausible Chapter 9 distractor, but it does not match this concept. Kant's ethical approach built around reason, obligation, universalizable duties, and respect for persons.","Correct. Kant's ethical approach built around reason, obligation, universalizable duties, and respect for persons.",Kant = duty + reason.,"Review Learn to Lead Volume 3, Chapter 9, page(s) 25-27. Then explain the concept in your own words and create one fresh example.",Learn to Lead Volume 3: Indirect Leadership,25-27,ltl3_c9_ethics_detail,ch9_virtue_duty_utilitarian.png,/assets/cap-visuals/ch9_virtue_duty_utilitarian.png,approved,true,"Virtue, Duty & Utilitarian Ethics","Virtue, Duty & Utilitarian Ethics study visual.",yes,true,high,close,original_textbook_grounded,Three Earhart Milestone Leadership exam forms used as style/difficulty reference only; no milestone question copied,draft,LTL3-C9-Q047,50,LTL3_C9_100
LTL3-C9-Q049,Learn to Lead Volume 3,9,The Cadet Officer,LTL3-C9-F25,multiple_choice,direct_exam_style,medium,recall_understanding,"Which Kantian concept is tested by asking, 'What if everyone followed this same rule?'",the categorical imperative,BATNA,the practical imperative,the golden mean,A,Kant's test asking whether a rule for action could rationally become a universal law.,The categorical imperative is the best answer because it is Kant's test asking whether a rule for action could rationally become a universal law.,Correct. Kant's test asking whether a rule for action could rationally become a universal law.,"Not quite. BATNA is a plausible Chapter 9 distractor, but it does not match this concept. Kant's test asking whether a rule for action could rationally become a universal law.","Not quite. the practical imperative is a plausible Chapter 9 distractor, but it does not match this concept. Kant's test asking whether a rule for action could rationally become a universal law.","Not quite. the golden mean is a plausible Chapter 9 distractor, but it does not match this concept. Kant's test asking whether a rule for action could rationally become a universal law.",Categorical = What if everyone did this?,"Review Learn to Lead Volume 3, Chapter 9, page(s) 26. Then explain the concept in your own words and create one fresh example.",Learn to Lead Volume 3: Indirect Leadership,26,ltl3_c9_ethics_detail,ch9_virtue_duty_utilitarian.png,/assets/cap-visuals/ch9_virtue_duty_utilitarian.png,approved,true,"Virtue, Duty & Utilitarian Ethics","Virtue, Duty & Utilitarian Ethics study visual.",yes,true,high,close,original_textbook_grounded,Three Earhart Milestone Leadership exam forms used as style/difficulty reference only; no milestone question copied,draft,LTL3-C9-Q050,40,LTL3_C9_100
LTL3-C9-Q050,Learn to Lead Volume 3,9,The Cadet Officer,LTL3-C9-F25,multiple_choice,application_scenario,medium_hard,application,"Which Chapter 9 concept best applies to this situation? A cadet considers lying to avoid consequences, then imagines a world where everyone lies whenever truth is inconvenient.",BATNA,the categorical imperative,the golden mean,the practical imperative,B,Kant's test asking whether a rule for action could rationally become a universal law.,The categorical imperative is the best answer because it is Kant's test asking whether a rule for action could rationally become a universal law.,"Not quite. BATNA is a plausible Chapter 9 distractor, but it does not match this concept. Kant's test asking whether a rule for action could rationally become a universal law.",Correct. Kant's test asking whether a rule for action could rationally become a universal law.,"Not quite. the golden mean is a plausible Chapter 9 distractor, but it does not match this concept. Kant's test asking whether a rule for action could rationally become a universal law.","Not quite. the practical imperative is a plausible Chapter 9 distractor, but it does not match this concept. Kant's test asking whether a rule for action could rationally become a universal law.",Categorical = What if everyone did this?,"Review Learn to Lead Volume 3, Chapter 9, page(s) 26. Then explain the concept in your own words and create one fresh example.",Learn to Lead Volume 3: Indirect Leadership,26,ltl3_c9_ethics_detail,ch9_virtue_duty_utilitarian.png,/assets/cap-visuals/ch9_virtue_duty_utilitarian.png,approved,true,"Virtue, Duty & Utilitarian Ethics","Virtue, Duty & Utilitarian Ethics study visual.",yes,true,high,close,original_textbook_grounded,Three Earhart Milestone Leadership exam forms used as style/difficulty reference only; no milestone question copied,draft,LTL3-C9-Q049,50,LTL3_C9_100
LTL3-C9-Q051,Learn to Lead Volume 3,9,The Cadet Officer,LTL3-C9-F26,multiple_choice,direct_exam_style,medium,recall_understanding,Which Kantian idea forbids treating another person merely as a tool for your own purposes?,the categorical imperative,utilitarianism,the practical imperative,moral relativism,C,"Kant's principle to treat rational people as ends in themselves, never merely as means.","The practical imperative is the best answer because it is Kant's principle to treat rational people as ends in themselves, never merely as means.","Not quite. the categorical imperative is a plausible Chapter 9 distractor, but it does not match this concept. Kant's principle to treat rational people as ends in themselves, never merely as means.","Not quite. utilitarianism is a plausible Chapter 9 distractor, but it does not match this concept. Kant's principle to treat rational people as ends in themselves, never merely as means.","Correct. Kant's principle to treat rational people as ends in themselves, never merely as means.","Not quite. moral relativism is a plausible Chapter 9 distractor, but it does not match this concept. Kant's principle to treat rational people as ends in themselves, never merely as means.",Practical imperative = people are not tools.,"Review Learn to Lead Volume 3, Chapter 9, page(s) 26. Then explain the concept in your own words and create one fresh example.",Learn to Lead Volume 3: Indirect Leadership,26,ltl3_c9_ethics_detail,ch9_virtue_duty_utilitarian.png,/assets/cap-visuals/ch9_virtue_duty_utilitarian.png,approved,true,"Virtue, Duty & Utilitarian Ethics","Virtue, Duty & Utilitarian Ethics study visual.",yes,true,high,close,original_textbook_grounded,Three Earhart Milestone Leadership exam forms used as style/difficulty reference only; no milestone question copied,draft,LTL3-C9-Q052,40,LTL3_C9_100
LTL3-C9-Q052,Learn to Lead Volume 3,9,The Cadet Officer,LTL3-C9-F26,multiple_choice,application_scenario,medium_hard,application,Which Chapter 9 concept best applies to this situation? A leader rejects a plan that manipulates a cadet as if the cadet's dignity and choices do not matter.,the categorical imperative,utilitarianism,moral relativism,the practical imperative,D,"Kant's principle to treat rational people as ends in themselves, never merely as means.","The practical imperative is the best answer because it is Kant's principle to treat rational people as ends in themselves, never merely as means.","Not quite. the categorical imperative is a plausible Chapter 9 distractor, but it does not match this concept. Kant's principle to treat rational people as ends in themselves, never merely as means.","Not quite. utilitarianism is a plausible Chapter 9 distractor, but it does not match this concept. Kant's principle to treat rational people as ends in themselves, never merely as means.","Not quite. moral relativism is a plausible Chapter 9 distractor, but it does not match this concept. Kant's principle to treat rational people as ends in themselves, never merely as means.","Correct. Kant's principle to treat rational people as ends in themselves, never merely as means.",Practical imperative = people are not tools.,"Review Learn to Lead Volume 3, Chapter 9, page(s) 26. Then explain the concept in your own words and create one fresh example.",Learn to Lead Volume 3: Indirect Leadership,26,ltl3_c9_ethics_detail,ch9_virtue_duty_utilitarian.png,/assets/cap-visuals/ch9_virtue_duty_utilitarian.png,approved,true,"Virtue, Duty & Utilitarian Ethics","Virtue, Duty & Utilitarian Ethics study visual.",no,false,medium,close,original_textbook_grounded,Three Earhart Milestone Leadership exam forms used as style/difficulty reference only; no milestone question copied,draft,LTL3-C9-Q051,50,LTL3_C9_100
LTL3-C9-Q053,Learn to Lead Volume 3,9,The Cadet Officer,LTL3-C9-F27,multiple_choice,direct_exam_style,medium,recall_understanding,Which ethical approach evaluates an action by its overall utility for the greatest number?,utilitarianism,moral objectivism,duty ethics,trait theory,A,The ethical theory that seeks the greatest amount of happiness for the greatest number.,Utilitarianism is the best answer because it is the ethical theory that seeks the greatest amount of happiness for the greatest number.,Correct. The ethical theory that seeks the greatest amount of happiness for the greatest number.,"Not quite. moral objectivism is a plausible Chapter 9 distractor, but it does not match this concept. The ethical theory that seeks the greatest amount of happiness for the greatest number.","Not quite. duty ethics is a plausible Chapter 9 distractor, but it does not match this concept. The ethical theory that seeks the greatest amount of happiness for the greatest number.","Not quite. trait theory is a plausible Chapter 9 distractor, but it does not match this concept. The ethical theory that seeks the greatest amount of happiness for the greatest number.",Utility = greatest good for greatest number.,"Review Learn to Lead Volume 3, Chapter 9, page(s) 27-29. Then explain the concept in your own words and create one fresh example.",Learn to Lead Volume 3: Indirect Leadership,27-29,ltl3_c9_ethics_detail,ch9_virtue_duty_utilitarian.png,/assets/cap-visuals/ch9_virtue_duty_utilitarian.png,approved,true,"Virtue, Duty & Utilitarian Ethics","Virtue, Duty & Utilitarian Ethics study visual.",yes,true,high,close,original_textbook_grounded,Three Earhart Milestone Leadership exam forms used as style/difficulty reference only; no milestone question copied,draft,LTL3-C9-Q054,40,LTL3_C9_100
LTL3-C9-Q054,Learn to Lead Volume 3,9,The Cadet Officer,LTL3-C9-F27,multiple_choice,application_scenario,medium_hard,application,Which Chapter 9 concept best applies to this situation? A leader compares several choices by estimating which outcome will create the most total benefit for the group.,duty ethics,utilitarianism,trait theory,moral objectivism,B,The ethical theory that seeks the greatest amount of happiness for the greatest number.,Utilitarianism is the best answer because it is the ethical theory that seeks the greatest amount of happiness for the greatest number.,"Not quite. duty ethics is a plausible Chapter 9 distractor, but it does not match this concept. The ethical theory that seeks the greatest amount of happiness for the greatest number.",Correct. The ethical theory that seeks the greatest amount of happiness for the greatest number.,"Not quite. trait theory is a plausible Chapter 9 distractor, but it does not match this concept. The ethical theory that seeks the greatest amount of happiness for the greatest number.","Not quite. moral objectivism is a plausible Chapter 9 distractor, but it does not match this concept. The ethical theory that seeks the greatest amount of happiness for the greatest number.",Utility = greatest good for greatest number.,"Review Learn to Lead Volume 3, Chapter 9, page(s) 27-29. Then explain the concept in your own words and create one fresh example.",Learn to Lead Volume 3: Indirect Leadership,27-29,ltl3_c9_ethics_detail,ch9_virtue_duty_utilitarian.png,/assets/cap-visuals/ch9_virtue_duty_utilitarian.png,approved,true,"Virtue, Duty & Utilitarian Ethics","Virtue, Duty & Utilitarian Ethics study visual.",no,false,medium,close,original_textbook_grounded,Three Earhart Milestone Leadership exam forms used as style/difficulty reference only; no milestone question copied,draft,LTL3-C9-Q053,50,LTL3_C9_100
LTL3-C9-Q055,Learn to Lead Volume 3,9,The Cadet Officer,LTL3-C9-F28,multiple_choice,direct_exam_style,medium,recall_understanding,Which framework asks whether military force satisfies strict moral conditions such as proportionality and protection of noncombatants?,behaviorism,moral relativism,just war theory,laissez-faire,C,"The framework permitting war only under stringent moral conditions such as proportionality, a reasonable chance of success, protection of innocents, and restoring peace.","Just war theory is the best answer because it is the framework permitting war only under stringent moral conditions such as proportionality, a reasonable chance of success, protection of innocents, and restoring peace.","Not quite. behaviorism is a plausible Chapter 9 distractor, but it does not match this concept. The framework permitting war only under stringent moral conditions such as proportionality, a reasonable chance of success, protection of innocents, and restoring peace.","Not quite. moral relativism is a plausible Chapter 9 distractor, but it does not match this concept. The framework permitting war only under stringent moral conditions such as proportionality, a reasonable chance of success, protection of innocents, and restoring peace.","Correct. The framework permitting war only under stringent moral conditions such as proportionality, a reasonable chance of success, protection of innocents, and restoring peace.","Not quite. laissez-faire is a plausible Chapter 9 distractor, but it does not match this concept. The framework permitting war only under stringent moral conditions such as proportionality, a reasonable chance of success, protection of innocents, and restoring peace.",Just war = just cause + limits + peace.,"Review Learn to Lead Volume 3, Chapter 9, page(s) 30. Then explain the concept in your own words and create one fresh example.",Learn to Lead Volume 3: Indirect Leadership,30,ltl3_c9_ethics_frameworks,ch9_moral_reasoning_frameworks.png,/assets/cap-visuals/ch9_moral_reasoning_frameworks.png,approved,true,Moral Reasoning Frameworks,Moral Reasoning Frameworks study visual.,yes,true,high,close,original_textbook_grounded,Three Earhart Milestone Leadership exam forms used as style/difficulty reference only; no milestone question copied,draft,LTL3-C9-Q056,40,LTL3_C9_100
LTL3-C9-Q056,Learn to Lead Volume 3,9,The Cadet Officer,LTL3-C9-F28,multiple_choice,application_scenario,medium_hard,application,Which Chapter 9 concept best applies to this situation? A commander rejects a military option because the harm to civilians would be disproportionate to the injury being addressed.,behaviorism,laissez-faire,moral relativism,just war theory,D,"The framework permitting war only under stringent moral conditions such as proportionality, a reasonable chance of success, protection of innocents, and restoring peace.","Just war theory is the best answer because it is the framework permitting war only under stringent moral conditions such as proportionality, a reasonable chance of success, protection of innocents, and restoring peace.","Not quite. behaviorism is a plausible Chapter 9 distractor, but it does not match this concept. The framework permitting war only under stringent moral conditions such as proportionality, a reasonable chance of success, protection of innocents, and restoring peace.","Not quite. laissez-faire is a plausible Chapter 9 distractor, but it does not match this concept. The framework permitting war only under stringent moral conditions such as proportionality, a reasonable chance of success, protection of innocents, and restoring peace.","Not quite. moral relativism is a plausible Chapter 9 distractor, but it does not match this concept. The framework permitting war only under stringent moral conditions such as proportionality, a reasonable chance of success, protection of innocents, and restoring peace.","Correct. The framework permitting war only under stringent moral conditions such as proportionality, a reasonable chance of success, protection of innocents, and restoring peace.",Just war = just cause + limits + peace.,"Review Learn to Lead Volume 3, Chapter 9, page(s) 30. Then explain the concept in your own words and create one fresh example.",Learn to Lead Volume 3: Indirect Leadership,30,ltl3_c9_ethics_frameworks,ch9_moral_reasoning_frameworks.png,/assets/cap-visuals/ch9_moral_reasoning_frameworks.png,approved,true,Moral Reasoning Frameworks,Moral Reasoning Frameworks study visual.,no,false,medium,close,original_textbook_grounded,Three Earhart Milestone Leadership exam forms used as style/difficulty reference only; no milestone question copied,draft,LTL3-C9-Q055,50,LTL3_C9_100
LTL3-C9-Q057,Learn to Lead Volume 3,9,The Cadet Officer,LTL3-C9-F29,multiple_choice,direct_exam_style,medium,recall_understanding,Which approach to character education relies on systematically applying rewards and punishments?,behaviorism,developmentalism,moral objectivism,utilitarianism,A,The character-education approach that systematically uses rewards and punishments to control or alter behavior.,Behaviorism is the best answer because it is the character-education approach that systematically uses rewards and punishments to control or alter behavior.,Correct. The character-education approach that systematically uses rewards and punishments to control or alter behavior.,"Not quite. developmentalism is a plausible Chapter 9 distractor, but it does not match this concept. The character-education approach that systematically uses rewards and punishments to control or alter behavior.","Not quite. moral objectivism is a plausible Chapter 9 distractor, but it does not match this concept. The character-education approach that systematically uses rewards and punishments to control or alter behavior.","Not quite. utilitarianism is a plausible Chapter 9 distractor, but it does not match this concept. The character-education approach that systematically uses rewards and punishments to control or alter behavior.",Behaviorism = reward and punish behavior.,"Review Learn to Lead Volume 3, Chapter 9, page(s) 31. Then explain the concept in your own words and create one fresh example.",Learn to Lead Volume 3: Indirect Leadership,31,ltl3_c9_character,ch9_character_kohlberg.png,/assets/cap-visuals/ch9_character_kohlberg.png,approved,true,Character Formation & Kohlberg,Character Formation & Kohlberg study visual.,yes,true,high,close,original_textbook_grounded,Three Earhart Milestone Leadership exam forms used as style/difficulty reference only; no milestone question copied,draft,LTL3-C9-Q058,40,LTL3_C9_100
LTL3-C9-Q058,Learn to Lead Volume 3,9,The Cadet Officer,LTL3-C9-F29,multiple_choice,application_scenario,medium_hard,application,Which Chapter 9 concept best applies to this situation? A program gives merits for desired conduct and demerits for rule violations in hopes of shaping behavior.,moral objectivism,behaviorism,developmentalism,utilitarianism,B,The character-education approach that systematically uses rewards and punishments to control or alter behavior.,Behaviorism is the best answer because it is the character-education approach that systematically uses rewards and punishments to control or alter behavior.,"Not quite. moral objectivism is a plausible Chapter 9 distractor, but it does not match this concept. The character-education approach that systematically uses rewards and punishments to control or alter behavior.",Correct. The character-education approach that systematically uses rewards and punishments to control or alter behavior.,"Not quite. developmentalism is a plausible Chapter 9 distractor, but it does not match this concept. The character-education approach that systematically uses rewards and punishments to control or alter behavior.","Not quite. utilitarianism is a plausible Chapter 9 distractor, but it does not match this concept. The character-education approach that systematically uses rewards and punishments to control or alter behavior.",Behaviorism = reward and punish behavior.,"Review Learn to Lead Volume 3, Chapter 9, page(s) 31. Then explain the concept in your own words and create one fresh example.",Learn to Lead Volume 3: Indirect Leadership,31,ltl3_c9_character,ch9_character_kohlberg.png,/assets/cap-visuals/ch9_character_kohlberg.png,approved,true,Character Formation & Kohlberg,Character Formation & Kohlberg study visual.,no,false,medium,close,original_textbook_grounded,Three Earhart Milestone Leadership exam forms used as style/difficulty reference only; no milestone question copied,draft,LTL3-C9-Q057,50,LTL3_C9_100
LTL3-C9-Q059,Learn to Lead Volume 3,9,The Cadet Officer,LTL3-C9-F30,multiple_choice,direct_exam_style,medium,recall_understanding,Which perspective focuses on how a person's moral reasoning matures across the lifespan?,behaviorism,moral relativism,developmentalism,laissez-faire,C,The perspective that moral maturity develops systematically over time as a person's capacity for independent thought grows.,Developmentalism is the best answer because it is the perspective that moral maturity develops systematically over time as a person's capacity for independent thought grows.,"Not quite. behaviorism is a plausible Chapter 9 distractor, but it does not match this concept. The perspective that moral maturity develops systematically over time as a person's capacity for independent thought grows.","Not quite. moral relativism is a plausible Chapter 9 distractor, but it does not match this concept. The perspective that moral maturity develops systematically over time as a person's capacity for independent thought grows.",Correct. The perspective that moral maturity develops systematically over time as a person's capacity for independent thought grows.,"Not quite. laissez-faire is a plausible Chapter 9 distractor, but it does not match this concept. The perspective that moral maturity develops systematically over time as a person's capacity for independent thought grows.",Developmentalism = maturity grows in stages.,"Review Learn to Lead Volume 3, Chapter 9, page(s) 32-35. Then explain the concept in your own words and create one fresh example.",Learn to Lead Volume 3: Indirect Leadership,32-35,ltl3_c9_character,ch9_character_kohlberg.png,/assets/cap-visuals/ch9_character_kohlberg.png,approved,true,Character Formation & Kohlberg,Character Formation & Kohlberg study visual.,yes,true,high,close,original_textbook_grounded,Three Earhart Milestone Leadership exam forms used as style/difficulty reference only; no milestone question copied,draft,LTL3-C9-Q060,40,LTL3_C9_100
LTL3-C9-Q060,Learn to Lead Volume 3,9,The Cadet Officer,LTL3-C9-F30,multiple_choice,application_scenario,medium_hard,application,"Which Chapter 9 concept best applies to this situation? Instead of relying mainly on rewards, a leader tries to help a young cadet think at the next level of moral maturity.",moral relativism,laissez-faire,behaviorism,developmentalism,D,The perspective that moral maturity develops systematically over time as a person's capacity for independent thought grows.,Developmentalism is the best answer because it is the perspective that moral maturity develops systematically over time as a person's capacity for independent thought grows.,"Not quite. moral relativism is a plausible Chapter 9 distractor, but it does not match this concept. The perspective that moral maturity develops systematically over time as a person's capacity for independent thought grows.","Not quite. laissez-faire is a plausible Chapter 9 distractor, but it does not match this concept. The perspective that moral maturity develops systematically over time as a person's capacity for independent thought grows.","Not quite. behaviorism is a plausible Chapter 9 distractor, but it does not match this concept. The perspective that moral maturity develops systematically over time as a person's capacity for independent thought grows.",Correct. The perspective that moral maturity develops systematically over time as a person's capacity for independent thought grows.,Developmentalism = maturity grows in stages.,"Review Learn to Lead Volume 3, Chapter 9, page(s) 32-35. Then explain the concept in your own words and create one fresh example.",Learn to Lead Volume 3: Indirect Leadership,32-35,ltl3_c9_character,ch9_character_kohlberg.png,/assets/cap-visuals/ch9_character_kohlberg.png,approved,true,Character Formation & Kohlberg,Character Formation & Kohlberg study visual.,no,false,medium,close,original_textbook_grounded,Three Earhart Milestone Leadership exam forms used as style/difficulty reference only; no milestone question copied,draft,LTL3-C9-Q059,50,LTL3_C9_100
LTL3-C9-Q061,Learn to Lead Volume 3,9,The Cadet Officer,LTL3-C9-F31,multiple_choice,direct_exam_style,medium,recall_understanding,"Which Kohlberg stage asks, in effect, 'How can I avoid punishment?'",obedience and punishment,social order,social contract,individualism,A,"Kohlberg's first stage, where moral reasoning centers on avoiding punishment.","Obedience and punishment is the best answer because it is Kohlberg's first stage, where moral reasoning centers on avoiding punishment.","Correct. Kohlberg's first stage, where moral reasoning centers on avoiding punishment.","Not quite. social order is a plausible Chapter 9 distractor, but it does not match this concept. Kohlberg's first stage, where moral reasoning centers on avoiding punishment.","Not quite. social contract is a plausible Chapter 9 distractor, but it does not match this concept. Kohlberg's first stage, where moral reasoning centers on avoiding punishment.","Not quite. individualism is a plausible Chapter 9 distractor, but it does not match this concept. Kohlberg's first stage, where moral reasoning centers on avoiding punishment.",Stage 1 = don't get punished.,"Review Learn to Lead Volume 3, Chapter 9, page(s) 33. Then explain the concept in your own words and create one fresh example.",Learn to Lead Volume 3: Indirect Leadership,33,ltl3_c9_character,ch9_character_kohlberg.png,/assets/cap-visuals/ch9_character_kohlberg.png,approved,true,Character Formation & Kohlberg,Character Formation & Kohlberg study visual.,yes,true,high,close,original_textbook_grounded,Three Earhart Milestone Leadership exam forms used as style/difficulty reference only; no milestone question copied,draft,LTL3-C9-Q062,40,LTL3_C9_100
LTL3-C9-Q062,Learn to Lead Volume 3,9,The Cadet Officer,LTL3-C9-F31,multiple_choice,application_scenario,medium_hard,application,Which Chapter 9 concept best applies to this situation? A young cadet follows a rule only because she fears getting in trouble.,social order,obedience and punishment,individualism,social contract,B,"Kohlberg's first stage, where moral reasoning centers on avoiding punishment.","Obedience and punishment is the best answer because it is Kohlberg's first stage, where moral reasoning centers on avoiding punishment.","Not quite. social order is a plausible Chapter 9 distractor, but it does not match this concept. Kohlberg's first stage, where moral reasoning centers on avoiding punishment.","Correct. Kohlberg's first stage, where moral reasoning centers on avoiding punishment.","Not quite. individualism is a plausible Chapter 9 distractor, but it does not match this concept. Kohlberg's first stage, where moral reasoning centers on avoiding punishment.","Not quite. social contract is a plausible Chapter 9 distractor, but it does not match this concept. Kohlberg's first stage, where moral reasoning centers on avoiding punishment.",Stage 1 = don't get punished.,"Review Learn to Lead Volume 3, Chapter 9, page(s) 33. Then explain the concept in your own words and create one fresh example.",Learn to Lead Volume 3: Indirect Leadership,33,ltl3_c9_character,ch9_character_kohlberg.png,/assets/cap-visuals/ch9_character_kohlberg.png,approved,true,Character Formation & Kohlberg,Character Formation & Kohlberg study visual.,no,false,medium,close,original_textbook_grounded,Three Earhart Milestone Leadership exam forms used as style/difficulty reference only; no milestone question copied,draft,LTL3-C9-Q061,50,LTL3_C9_100
LTL3-C9-Q063,Learn to Lead Volume 3,9,The Cadet Officer,LTL3-C9-F32,multiple_choice,direct_exam_style,medium,recall_understanding,Which Kohlberg stage focuses on personal gain from following the rules?,interpersonal relations,social contract,individualism,universal principles,C,"Kohlberg's second stage, where moral reasoning centers on personal benefit—'What's in it for me?'.","Individualism is the best answer because it is Kohlberg's second stage, where moral reasoning centers on personal benefit—'What's in it for me?'.","Not quite. interpersonal relations is a plausible Chapter 9 distractor, but it does not match this concept. Kohlberg's second stage, where moral reasoning centers on personal benefit—'What's in it for me?'.","Not quite. social contract is a plausible Chapter 9 distractor, but it does not match this concept. Kohlberg's second stage, where moral reasoning centers on personal benefit—'What's in it for me?'.","Correct. Kohlberg's second stage, where moral reasoning centers on personal benefit—'What's in it for me?'.","Not quite. universal principles is a plausible Chapter 9 distractor, but it does not match this concept. Kohlberg's second stage, where moral reasoning centers on personal benefit—'What's in it for me?'.",Stage 2 = what's in it for me?,"Review Learn to Lead Volume 3, Chapter 9, page(s) 33. Then explain the concept in your own words and create one fresh example.",Learn to Lead Volume 3: Indirect Leadership,33,ltl3_c9_character,ch9_character_kohlberg.png,/assets/cap-visuals/ch9_character_kohlberg.png,approved,true,Character Formation & Kohlberg,Character Formation & Kohlberg study visual.,yes,true,high,close,original_textbook_grounded,Three Earhart Milestone Leadership exam forms used as style/difficulty reference only; no milestone question copied,draft,LTL3-C9-Q064,40,LTL3_C9_100
LTL3-C9-Q064,Learn to Lead Volume 3,9,The Cadet Officer,LTL3-C9-F32,multiple_choice,application_scenario,medium_hard,application,Which Chapter 9 concept best applies to this situation? A cadet asks what reward he will receive before deciding whether to help.,universal principles,social contract,interpersonal relations,individualism,D,"Kohlberg's second stage, where moral reasoning centers on personal benefit—'What's in it for me?'.","Individualism is the best answer because it is Kohlberg's second stage, where moral reasoning centers on personal benefit—'What's in it for me?'.","Not quite. universal principles is a plausible Chapter 9 distractor, but it does not match this concept. Kohlberg's second stage, where moral reasoning centers on personal benefit—'What's in it for me?'.","Not quite. social contract is a plausible Chapter 9 distractor, but it does not match this concept. Kohlberg's second stage, where moral reasoning centers on personal benefit—'What's in it for me?'.","Not quite. interpersonal relations is a plausible Chapter 9 distractor, but it does not match this concept. Kohlberg's second stage, where moral reasoning centers on personal benefit—'What's in it for me?'.","Correct. Kohlberg's second stage, where moral reasoning centers on personal benefit—'What's in it for me?'.",Stage 2 = what's in it for me?,"Review Learn to Lead Volume 3, Chapter 9, page(s) 33. Then explain the concept in your own words and create one fresh example.",Learn to Lead Volume 3: Indirect Leadership,33,ltl3_c9_character,ch9_character_kohlberg.png,/assets/cap-visuals/ch9_character_kohlberg.png,approved,true,Character Formation & Kohlberg,Character Formation & Kohlberg study visual.,no,false,medium,close,original_textbook_grounded,Three Earhart Milestone Leadership exam forms used as style/difficulty reference only; no milestone question copied,draft,LTL3-C9-Q063,50,LTL3_C9_100
LTL3-C9-Q065,Learn to Lead Volume 3,9,The Cadet Officer,LTL3-C9-F33,multiple_choice,direct_exam_style,medium,recall_understanding,Which Kohlberg stage is strongly concerned with being liked and conforming to group expectations?,interpersonal relations,obedience and punishment,social order,moral objectivism,A,"Kohlberg's third stage, where a person seeks approval and tries to meet group or authority expectations.","Interpersonal relations is the best answer because it is Kohlberg's third stage, where a person seeks approval and tries to meet group or authority expectations.","Correct. Kohlberg's third stage, where a person seeks approval and tries to meet group or authority expectations.","Not quite. obedience and punishment is a plausible Chapter 9 distractor, but it does not match this concept. Kohlberg's third stage, where a person seeks approval and tries to meet group or authority expectations.","Not quite. social order is a plausible Chapter 9 distractor, but it does not match this concept. Kohlberg's third stage, where a person seeks approval and tries to meet group or authority expectations.","Not quite. moral objectivism is a plausible Chapter 9 distractor, but it does not match this concept. Kohlberg's third stage, where a person seeks approval and tries to meet group or authority expectations.",Stage 3 = be liked / fit in.,"Review Learn to Lead Volume 3, Chapter 9, page(s) 33. Then explain the concept in your own words and create one fresh example.",Learn to Lead Volume 3: Indirect Leadership,33,ltl3_c9_character,ch9_character_kohlberg.png,/assets/cap-visuals/ch9_character_kohlberg.png,approved,true,Character Formation & Kohlberg,Character Formation & Kohlberg study visual.,yes,true,high,close,original_textbook_grounded,Three Earhart Milestone Leadership exam forms used as style/difficulty reference only; no milestone question copied,draft,LTL3-C9-Q066,40,LTL3_C9_100
LTL3-C9-Q066,Learn to Lead Volume 3,9,The Cadet Officer,LTL3-C9-F33,multiple_choice,application_scenario,medium_hard,application,Which Chapter 9 concept best applies to this situation? A younger teen chooses an action mainly because respected peers and adults will approve.,moral objectivism,interpersonal relations,social order,obedience and punishment,B,"Kohlberg's third stage, where a person seeks approval and tries to meet group or authority expectations.","Interpersonal relations is the best answer because it is Kohlberg's third stage, where a person seeks approval and tries to meet group or authority expectations.","Not quite. moral objectivism is a plausible Chapter 9 distractor, but it does not match this concept. Kohlberg's third stage, where a person seeks approval and tries to meet group or authority expectations.","Correct. Kohlberg's third stage, where a person seeks approval and tries to meet group or authority expectations.","Not quite. social order is a plausible Chapter 9 distractor, but it does not match this concept. Kohlberg's third stage, where a person seeks approval and tries to meet group or authority expectations.","Not quite. obedience and punishment is a plausible Chapter 9 distractor, but it does not match this concept. Kohlberg's third stage, where a person seeks approval and tries to meet group or authority expectations.",Stage 3 = be liked / fit in.,"Review Learn to Lead Volume 3, Chapter 9, page(s) 33. Then explain the concept in your own words and create one fresh example.",Learn to Lead Volume 3: Indirect Leadership,33,ltl3_c9_character,ch9_character_kohlberg.png,/assets/cap-visuals/ch9_character_kohlberg.png,approved,true,Character Formation & Kohlberg,Character Formation & Kohlberg study visual.,no,false,medium,close,original_textbook_grounded,Three Earhart Milestone Leadership exam forms used as style/difficulty reference only; no milestone question copied,draft,LTL3-C9-Q065,50,LTL3_C9_100
LTL3-C9-Q067,Learn to Lead Volume 3,9,The Cadet Officer,LTL3-C9-F34,multiple_choice,direct_exam_style,medium,recall_understanding,"Which Kohlberg stage reasons primarily from laws, rules, and social order?",individualism,universal principles,the social order,social contract,C,"Kohlberg's fourth stage, where right and wrong are judged largely by laws, rules, and maintaining order.","The social order is the best answer because it is Kohlberg's fourth stage, where right and wrong are judged largely by laws, rules, and maintaining order.","Not quite. individualism is a plausible Chapter 9 distractor, but it does not match this concept. Kohlberg's fourth stage, where right and wrong are judged largely by laws, rules, and maintaining order.","Not quite. universal principles is a plausible Chapter 9 distractor, but it does not match this concept. Kohlberg's fourth stage, where right and wrong are judged largely by laws, rules, and maintaining order.","Correct. Kohlberg's fourth stage, where right and wrong are judged largely by laws, rules, and maintaining order.","Not quite. social contract is a plausible Chapter 9 distractor, but it does not match this concept. Kohlberg's fourth stage, where right and wrong are judged largely by laws, rules, and maintaining order.",Stage 4 = law and order.,"Review Learn to Lead Volume 3, Chapter 9, page(s) 33. Then explain the concept in your own words and create one fresh example.",Learn to Lead Volume 3: Indirect Leadership,33,ltl3_c9_character,ch9_character_kohlberg.png,/assets/cap-visuals/ch9_character_kohlberg.png,approved,true,Character Formation & Kohlberg,Character Formation & Kohlberg study visual.,yes,true,high,close,original_textbook_grounded,Three Earhart Milestone Leadership exam forms used as style/difficulty reference only; no milestone question copied,draft,LTL3-C9-Q068,40,LTL3_C9_100
LTL3-C9-Q068,Learn to Lead Volume 3,9,The Cadet Officer,LTL3-C9-F34,multiple_choice,application_scenario,medium_hard,application,Which Chapter 9 concept best applies to this situation? A cadet argues that an action is wrong because it violates the law and undermines the system everyone relies on.,social contract,individualism,universal principles,the social order,D,"Kohlberg's fourth stage, where right and wrong are judged largely by laws, rules, and maintaining order.","The social order is the best answer because it is Kohlberg's fourth stage, where right and wrong are judged largely by laws, rules, and maintaining order.","Not quite. social contract is a plausible Chapter 9 distractor, but it does not match this concept. Kohlberg's fourth stage, where right and wrong are judged largely by laws, rules, and maintaining order.","Not quite. individualism is a plausible Chapter 9 distractor, but it does not match this concept. Kohlberg's fourth stage, where right and wrong are judged largely by laws, rules, and maintaining order.","Not quite. universal principles is a plausible Chapter 9 distractor, but it does not match this concept. Kohlberg's fourth stage, where right and wrong are judged largely by laws, rules, and maintaining order.","Correct. Kohlberg's fourth stage, where right and wrong are judged largely by laws, rules, and maintaining order.",Stage 4 = law and order.,"Review Learn to Lead Volume 3, Chapter 9, page(s) 33. Then explain the concept in your own words and create one fresh example.",Learn to Lead Volume 3: Indirect Leadership,33,ltl3_c9_character,ch9_character_kohlberg.png,/assets/cap-visuals/ch9_character_kohlberg.png,approved,true,Character Formation & Kohlberg,Character Formation & Kohlberg study visual.,no,false,medium,close,original_textbook_grounded,Three Earhart Milestone Leadership exam forms used as style/difficulty reference only; no milestone question copied,draft,LTL3-C9-Q067,50,LTL3_C9_100
LTL3-C9-Q069,Learn to Lead Volume 3,9,The Cadet Officer,LTL3-C9-F35,multiple_choice,direct_exam_style,medium,recall_understanding,Which Kohlberg stage asks what makes a good society and may reject a law believed to be unjust?,social contract,the social order,individualism,obedience and punishment,A,"Kohlberg's fifth stage, emphasizing rights, majority rule, democratic principles, and principles higher than written law.","Social contract is the best answer because it is Kohlberg's fifth stage, emphasizing rights, majority rule, democratic principles, and principles higher than written law.","Correct. Kohlberg's fifth stage, emphasizing rights, majority rule, democratic principles, and principles higher than written law.","Not quite. the social order is a plausible Chapter 9 distractor, but it does not match this concept. Kohlberg's fifth stage, emphasizing rights, majority rule, democratic principles, and principles higher than written law.","Not quite. individualism is a plausible Chapter 9 distractor, but it does not match this concept. Kohlberg's fifth stage, emphasizing rights, majority rule, democratic principles, and principles higher than written law.","Not quite. obedience and punishment is a plausible Chapter 9 distractor, but it does not match this concept. Kohlberg's fifth stage, emphasizing rights, majority rule, democratic principles, and principles higher than written law.",Stage 5 = rights and good society.,"Review Learn to Lead Volume 3, Chapter 9, page(s) 33. Then explain the concept in your own words and create one fresh example.",Learn to Lead Volume 3: Indirect Leadership,33,ltl3_c9_character,ch9_character_kohlberg.png,/assets/cap-visuals/ch9_character_kohlberg.png,approved,true,Character Formation & Kohlberg,Character Formation & Kohlberg study visual.,yes,true,high,close,original_textbook_grounded,Three Earhart Milestone Leadership exam forms used as style/difficulty reference only; no milestone question copied,draft,LTL3-C9-Q070,40,LTL3_C9_100
LTL3-C9-Q070,Learn to Lead Volume 3,9,The Cadet Officer,LTL3-C9-F35,multiple_choice,application_scenario,medium_hard,application,Which Chapter 9 concept best applies to this situation? A person supports changing a law because fundamental rights and democratic principles matter more than the current wording of the statute.,the social order,social contract,obedience and punishment,individualism,B,"Kohlberg's fifth stage, emphasizing rights, majority rule, democratic principles, and principles higher than written law.","Social contract is the best answer because it is Kohlberg's fifth stage, emphasizing rights, majority rule, democratic principles, and principles higher than written law.","Not quite. the social order is a plausible Chapter 9 distractor, but it does not match this concept. Kohlberg's fifth stage, emphasizing rights, majority rule, democratic principles, and principles higher than written law.","Correct. Kohlberg's fifth stage, emphasizing rights, majority rule, democratic principles, and principles higher than written law.","Not quite. obedience and punishment is a plausible Chapter 9 distractor, but it does not match this concept. Kohlberg's fifth stage, emphasizing rights, majority rule, democratic principles, and principles higher than written law.","Not quite. individualism is a plausible Chapter 9 distractor, but it does not match this concept. Kohlberg's fifth stage, emphasizing rights, majority rule, democratic principles, and principles higher than written law.",Stage 5 = rights and good society.,"Review Learn to Lead Volume 3, Chapter 9, page(s) 33. Then explain the concept in your own words and create one fresh example.",Learn to Lead Volume 3: Indirect Leadership,33,ltl3_c9_character,ch9_character_kohlberg.png,/assets/cap-visuals/ch9_character_kohlberg.png,approved,true,Character Formation & Kohlberg,Character Formation & Kohlberg study visual.,no,false,medium,close,original_textbook_grounded,Three Earhart Milestone Leadership exam forms used as style/difficulty reference only; no milestone question copied,draft,LTL3-C9-Q069,50,LTL3_C9_100
LTL3-C9-Q071,Learn to Lead Volume 3,9,The Cadet Officer,LTL3-C9-F36,multiple_choice,direct_exam_style,medium,recall_understanding,Which Kohlberg stage represents acting from conscience and universal moral principles despite external pressure?,individualism,interpersonal relations,universal principles,social order,C,"Kohlberg's sixth stage, where conscience and timeless moral principles guide action despite external pressure.","Universal principles is the best answer because it is Kohlberg's sixth stage, where conscience and timeless moral principles guide action despite external pressure.","Not quite. individualism is a plausible Chapter 9 distractor, but it does not match this concept. Kohlberg's sixth stage, where conscience and timeless moral principles guide action despite external pressure.","Not quite. interpersonal relations is a plausible Chapter 9 distractor, but it does not match this concept. Kohlberg's sixth stage, where conscience and timeless moral principles guide action despite external pressure.","Correct. Kohlberg's sixth stage, where conscience and timeless moral principles guide action despite external pressure.","Not quite. social order is a plausible Chapter 9 distractor, but it does not match this concept. Kohlberg's sixth stage, where conscience and timeless moral principles guide action despite external pressure.",Stage 6 = conscience above pressure.,"Review Learn to Lead Volume 3, Chapter 9, page(s) 33. Then explain the concept in your own words and create one fresh example.",Learn to Lead Volume 3: Indirect Leadership,33,ltl3_c9_character,ch9_character_kohlberg.png,/assets/cap-visuals/ch9_character_kohlberg.png,approved,true,Character Formation & Kohlberg,Character Formation & Kohlberg study visual.,yes,true,high,close,original_textbook_grounded,Three Earhart Milestone Leadership exam forms used as style/difficulty reference only; no milestone question copied,draft,LTL3-C9-Q072,40,LTL3_C9_100
LTL3-C9-Q072,Learn to Lead Volume 3,9,The Cadet Officer,LTL3-C9-F36,multiple_choice,application_scenario,medium_hard,application,Which Chapter 9 concept best applies to this situation? A person accepts serious personal consequences rather than violate a deeply held timeless moral principle.,individualism,social order,interpersonal relations,universal principles,D,"Kohlberg's sixth stage, where conscience and timeless moral principles guide action despite external pressure.","Universal principles is the best answer because it is Kohlberg's sixth stage, where conscience and timeless moral principles guide action despite external pressure.","Not quite. individualism is a plausible Chapter 9 distractor, but it does not match this concept. Kohlberg's sixth stage, where conscience and timeless moral principles guide action despite external pressure.","Not quite. social order is a plausible Chapter 9 distractor, but it does not match this concept. Kohlberg's sixth stage, where conscience and timeless moral principles guide action despite external pressure.","Not quite. interpersonal relations is a plausible Chapter 9 distractor, but it does not match this concept. Kohlberg's sixth stage, where conscience and timeless moral principles guide action despite external pressure.","Correct. Kohlberg's sixth stage, where conscience and timeless moral principles guide action despite external pressure.",Stage 6 = conscience above pressure.,"Review Learn to Lead Volume 3, Chapter 9, page(s) 33. Then explain the concept in your own words and create one fresh example.",Learn to Lead Volume 3: Indirect Leadership,33,ltl3_c9_character,ch9_character_kohlberg.png,/assets/cap-visuals/ch9_character_kohlberg.png,approved,true,Character Formation & Kohlberg,Character Formation & Kohlberg study visual.,no,false,medium,close,original_textbook_grounded,Three Earhart Milestone Leadership exam forms used as style/difficulty reference only; no milestone question copied,draft,LTL3-C9-Q071,50,LTL3_C9_100
LTL3-C9-Q073,Learn to Lead Volume 3,9,The Cadet Officer,LTL3-C9-F37,multiple_choice,direct_exam_style,medium,recall_understanding,Which type of conflict exists when the disagreement is real and both parties accurately understand the issue?,parallel conflict,displaced conflict,misattributed conflict,false conflict,A,A real conflict in which both sides accurately understand what the disagreement is about.,Parallel conflict is the best answer because it is a real conflict in which both sides accurately understand what the disagreement is about.,Correct. A real conflict in which both sides accurately understand what the disagreement is about.,"Not quite. displaced conflict is a plausible Chapter 9 distractor, but it does not match this concept. A real conflict in which both sides accurately understand what the disagreement is about.","Not quite. misattributed conflict is a plausible Chapter 9 distractor, but it does not match this concept. A real conflict in which both sides accurately understand what the disagreement is about.","Not quite. false conflict is a plausible Chapter 9 distractor, but it does not match this concept. A real conflict in which both sides accurately understand what the disagreement is about.","Parallel = same real issue, both see it.","Review Learn to Lead Volume 3, Chapter 9, page(s) 36. Then explain the concept in your own words and create one fresh example.",Learn to Lead Volume 3: Indirect Leadership,36,ltl3_c9_conflict_types,ch9_five_conflict_types.png,/assets/cap-visuals/ch9_five_conflict_types.png,approved,true,Five Types of Conflict,Five Types of Conflict study visual.,yes,true,high,close,original_textbook_grounded,Three Earhart Milestone Leadership exam forms used as style/difficulty reference only; no milestone question copied,draft,LTL3-C9-Q074,40,LTL3_C9_100
LTL3-C9-Q074,Learn to Lead Volume 3,9,The Cadet Officer,LTL3-C9-F37,multiple_choice,application_scenario,medium_hard,application,"Which Chapter 9 concept best applies to this situation? Two cadets openly disagree over whether a trip should leave Friday or Saturday, and both understand exactly what the dispute is.",displaced conflict,parallel conflict,false conflict,misattributed conflict,B,A real conflict in which both sides accurately understand what the disagreement is about.,Parallel conflict is the best answer because it is a real conflict in which both sides accurately understand what the disagreement is about.,"Not quite. displaced conflict is a plausible Chapter 9 distractor, but it does not match this concept. A real conflict in which both sides accurately understand what the disagreement is about.",Correct. A real conflict in which both sides accurately understand what the disagreement is about.,"Not quite. false conflict is a plausible Chapter 9 distractor, but it does not match this concept. A real conflict in which both sides accurately understand what the disagreement is about.","Not quite. misattributed conflict is a plausible Chapter 9 distractor, but it does not match this concept. A real conflict in which both sides accurately understand what the disagreement is about.","Parallel = same real issue, both see it.","Review Learn to Lead Volume 3, Chapter 9, page(s) 36. Then explain the concept in your own words and create one fresh example.",Learn to Lead Volume 3: Indirect Leadership,36,ltl3_c9_conflict_types,ch9_five_conflict_types.png,/assets/cap-visuals/ch9_five_conflict_types.png,approved,true,Five Types of Conflict,Five Types of Conflict study visual.,no,false,medium,close,original_textbook_grounded,Three Earhart Milestone Leadership exam forms used as style/difficulty reference only; no milestone question copied,draft,LTL3-C9-Q073,50,LTL3_C9_100
LTL3-C9-Q075,Learn to Lead Volume 3,9,The Cadet Officer,LTL3-C9-F38,multiple_choice,direct_exam_style,medium,recall_understanding,Which type of conflict occurs when people argue about the wrong issue while the real issue remains underneath?,false conflict,latent conflict,displaced conflict,parallel conflict,C,A real conflict in which the parties argue about an apparent issue instead of the true underlying issue.,Displaced conflict is the best answer because it is a real conflict in which the parties argue about an apparent issue instead of the true underlying issue.,"Not quite. false conflict is a plausible Chapter 9 distractor, but it does not match this concept. A real conflict in which the parties argue about an apparent issue instead of the true underlying issue.","Not quite. latent conflict is a plausible Chapter 9 distractor, but it does not match this concept. A real conflict in which the parties argue about an apparent issue instead of the true underlying issue.",Correct. A real conflict in which the parties argue about an apparent issue instead of the true underlying issue.,"Not quite. parallel conflict is a plausible Chapter 9 distractor, but it does not match this concept. A real conflict in which the parties argue about an apparent issue instead of the true underlying issue.","Displaced = real conflict, wrong topic.","Review Learn to Lead Volume 3, Chapter 9, page(s) 36. Then explain the concept in your own words and create one fresh example.",Learn to Lead Volume 3: Indirect Leadership,36,ltl3_c9_conflict_types,ch9_five_conflict_types.png,/assets/cap-visuals/ch9_five_conflict_types.png,approved,true,Five Types of Conflict,Five Types of Conflict study visual.,yes,true,high,close,original_textbook_grounded,Three Earhart Milestone Leadership exam forms used as style/difficulty reference only; no milestone question copied,draft,LTL3-C9-Q076,40,LTL3_C9_100
LTL3-C9-Q076,Learn to Lead Volume 3,9,The Cadet Officer,LTL3-C9-F38,multiple_choice,application_scenario,medium_hard,application,"Which Chapter 9 concept best applies to this situation? A parent and teen argue about homework, but the deeper concern is actually the teen's new relationship.",parallel conflict,false conflict,latent conflict,displaced conflict,D,A real conflict in which the parties argue about an apparent issue instead of the true underlying issue.,Displaced conflict is the best answer because it is a real conflict in which the parties argue about an apparent issue instead of the true underlying issue.,"Not quite. parallel conflict is a plausible Chapter 9 distractor, but it does not match this concept. A real conflict in which the parties argue about an apparent issue instead of the true underlying issue.","Not quite. false conflict is a plausible Chapter 9 distractor, but it does not match this concept. A real conflict in which the parties argue about an apparent issue instead of the true underlying issue.","Not quite. latent conflict is a plausible Chapter 9 distractor, but it does not match this concept. A real conflict in which the parties argue about an apparent issue instead of the true underlying issue.",Correct. A real conflict in which the parties argue about an apparent issue instead of the true underlying issue.,"Displaced = real conflict, wrong topic.","Review Learn to Lead Volume 3, Chapter 9, page(s) 36. Then explain the concept in your own words and create one fresh example.",Learn to Lead Volume 3: Indirect Leadership,36,ltl3_c9_conflict_types,ch9_five_conflict_types.png,/assets/cap-visuals/ch9_five_conflict_types.png,approved,true,Five Types of Conflict,Five Types of Conflict study visual.,no,false,medium,close,original_textbook_grounded,Three Earhart Milestone Leadership exam forms used as style/difficulty reference only; no milestone question copied,draft,LTL3-C9-Q075,50,LTL3_C9_100
LTL3-C9-Q077,Learn to Lead Volume 3,9,The Cadet Officer,LTL3-C9-F39,multiple_choice,direct_exam_style,medium,recall_understanding,Which type of conflict occurs when one party wrongly attributes the problem to someone who is not actually the source?,misattributed conflict,latent conflict,displaced conflict,parallel conflict,A,A real conflict that is blamed on the wrong person.,Misattributed conflict is the best answer because it is a real conflict that is blamed on the wrong person.,Correct. A real conflict that is blamed on the wrong person.,"Not quite. latent conflict is a plausible Chapter 9 distractor, but it does not match this concept. A real conflict that is blamed on the wrong person.","Not quite. displaced conflict is a plausible Chapter 9 distractor, but it does not match this concept. A real conflict that is blamed on the wrong person.","Not quite. parallel conflict is a plausible Chapter 9 distractor, but it does not match this concept. A real conflict that is blamed on the wrong person.","Misattributed = real problem, wrong target.","Review Learn to Lead Volume 3, Chapter 9, page(s) 36. Then explain the concept in your own words and create one fresh example.",Learn to Lead Volume 3: Indirect Leadership,36,ltl3_c9_conflict_types,ch9_five_conflict_types.png,/assets/cap-visuals/ch9_five_conflict_types.png,approved,true,Five Types of Conflict,Five Types of Conflict study visual.,yes,true,high,close,original_textbook_grounded,Three Earhart Milestone Leadership exam forms used as style/difficulty reference only; no milestone question copied,draft,LTL3-C9-Q078,40,LTL3_C9_100
LTL3-C9-Q078,Learn to Lead Volume 3,9,The Cadet Officer,LTL3-C9-F39,multiple_choice,application_scenario,medium_hard,application,Which Chapter 9 concept best applies to this situation? A rumor planted by one person causes two other friends to become angry at each other.,latent conflict,misattributed conflict,displaced conflict,parallel conflict,B,A real conflict that is blamed on the wrong person.,Misattributed conflict is the best answer because it is a real conflict that is blamed on the wrong person.,"Not quite. latent conflict is a plausible Chapter 9 distractor, but it does not match this concept. A real conflict that is blamed on the wrong person.",Correct. A real conflict that is blamed on the wrong person.,"Not quite. displaced conflict is a plausible Chapter 9 distractor, but it does not match this concept. A real conflict that is blamed on the wrong person.","Not quite. parallel conflict is a plausible Chapter 9 distractor, but it does not match this concept. A real conflict that is blamed on the wrong person.","Misattributed = real problem, wrong target.","Review Learn to Lead Volume 3, Chapter 9, page(s) 36. Then explain the concept in your own words and create one fresh example.",Learn to Lead Volume 3: Indirect Leadership,36,ltl3_c9_conflict_types,ch9_five_conflict_types.png,/assets/cap-visuals/ch9_five_conflict_types.png,approved,true,Five Types of Conflict,Five Types of Conflict study visual.,no,false,medium,close,original_textbook_grounded,Three Earhart Milestone Leadership exam forms used as style/difficulty reference only; no milestone question copied,draft,LTL3-C9-Q077,50,LTL3_C9_100
LTL3-C9-Q079,Learn to Lead Volume 3,9,The Cadet Officer,LTL3-C9-F40,multiple_choice,direct_exam_style,medium,recall_understanding,Which type of conflict exists when a real problem is present but no one is confronting it?,false conflict,displaced conflict,latent conflict,parallel conflict,C,A conflict that should be occurring but remains unexpressed or kept under wraps.,Latent conflict is the best answer because it is a conflict that should be occurring but remains unexpressed or kept under wraps.,"Not quite. false conflict is a plausible Chapter 9 distractor, but it does not match this concept. A conflict that should be occurring but remains unexpressed or kept under wraps.","Not quite. displaced conflict is a plausible Chapter 9 distractor, but it does not match this concept. A conflict that should be occurring but remains unexpressed or kept under wraps.",Correct. A conflict that should be occurring but remains unexpressed or kept under wraps.,"Not quite. parallel conflict is a plausible Chapter 9 distractor, but it does not match this concept. A conflict that should be occurring but remains unexpressed or kept under wraps.","Latent = real tension, hidden.","Review Learn to Lead Volume 3, Chapter 9, page(s) 37. Then explain the concept in your own words and create one fresh example.",Learn to Lead Volume 3: Indirect Leadership,37,ltl3_c9_conflict_types,ch9_five_conflict_types.png,/assets/cap-visuals/ch9_five_conflict_types.png,approved,true,Five Types of Conflict,Five Types of Conflict study visual.,yes,true,high,close,original_textbook_grounded,Three Earhart Milestone Leadership exam forms used as style/difficulty reference only; no milestone question copied,draft,LTL3-C9-Q080,40,LTL3_C9_100
LTL3-C9-Q080,Learn to Lead Volume 3,9,The Cadet Officer,LTL3-C9-F40,multiple_choice,application_scenario,medium_hard,application,Which Chapter 9 concept best applies to this situation? A cadet is frustrated for weeks by a leader's domineering behavior but stays silent to avoid an uncomfortable confrontation.,false conflict,parallel conflict,displaced conflict,latent conflict,D,A conflict that should be occurring but remains unexpressed or kept under wraps.,Latent conflict is the best answer because it is a conflict that should be occurring but remains unexpressed or kept under wraps.,"Not quite. false conflict is a plausible Chapter 9 distractor, but it does not match this concept. A conflict that should be occurring but remains unexpressed or kept under wraps.","Not quite. parallel conflict is a plausible Chapter 9 distractor, but it does not match this concept. A conflict that should be occurring but remains unexpressed or kept under wraps.","Not quite. displaced conflict is a plausible Chapter 9 distractor, but it does not match this concept. A conflict that should be occurring but remains unexpressed or kept under wraps.",Correct. A conflict that should be occurring but remains unexpressed or kept under wraps.,"Latent = real tension, hidden.","Review Learn to Lead Volume 3, Chapter 9, page(s) 37. Then explain the concept in your own words and create one fresh example.",Learn to Lead Volume 3: Indirect Leadership,37,ltl3_c9_conflict_types,ch9_five_conflict_types.png,/assets/cap-visuals/ch9_five_conflict_types.png,approved,true,Five Types of Conflict,Five Types of Conflict study visual.,no,false,medium,close,original_textbook_grounded,Three Earhart Milestone Leadership exam forms used as style/difficulty reference only; no milestone question copied,draft,LTL3-C9-Q079,50,LTL3_C9_100
LTL3-C9-Q081,Learn to Lead Volume 3,9,The Cadet Officer,LTL3-C9-F41,multiple_choice,direct_exam_style,medium,recall_understanding,Which type of conflict is caused by a misunderstanding when the parties actually want the same thing?,false conflict,misattributed conflict,latent conflict,parallel conflict,A,An apparent disagreement that has no real basis and results from misunderstanding or confusion.,False conflict is the best answer because it is an apparent disagreement that has no real basis and results from misunderstanding or confusion.,Correct. An apparent disagreement that has no real basis and results from misunderstanding or confusion.,"Not quite. misattributed conflict is a plausible Chapter 9 distractor, but it does not match this concept. An apparent disagreement that has no real basis and results from misunderstanding or confusion.","Not quite. latent conflict is a plausible Chapter 9 distractor, but it does not match this concept. An apparent disagreement that has no real basis and results from misunderstanding or confusion.","Not quite. parallel conflict is a plausible Chapter 9 distractor, but it does not match this concept. An apparent disagreement that has no real basis and results from misunderstanding or confusion.","False = looks like conflict, but isn't.","Review Learn to Lead Volume 3, Chapter 9, page(s) 37. Then explain the concept in your own words and create one fresh example.",Learn to Lead Volume 3: Indirect Leadership,37,ltl3_c9_conflict_types,ch9_five_conflict_types.png,/assets/cap-visuals/ch9_five_conflict_types.png,approved,true,Five Types of Conflict,Five Types of Conflict study visual.,yes,true,high,close,original_textbook_grounded,Three Earhart Milestone Leadership exam forms used as style/difficulty reference only; no milestone question copied,draft,LTL3-C9-Q082,40,LTL3_C9_100
LTL3-C9-Q082,Learn to Lead Volume 3,9,The Cadet Officer,LTL3-C9-F41,multiple_choice,application_scenario,medium_hard,application,"Which Chapter 9 concept best applies to this situation? Two leaders argue over different terms, then discover their proposals are essentially identical.",misattributed conflict,false conflict,latent conflict,parallel conflict,B,An apparent disagreement that has no real basis and results from misunderstanding or confusion.,False conflict is the best answer because it is an apparent disagreement that has no real basis and results from misunderstanding or confusion.,"Not quite. misattributed conflict is a plausible Chapter 9 distractor, but it does not match this concept. An apparent disagreement that has no real basis and results from misunderstanding or confusion.",Correct. An apparent disagreement that has no real basis and results from misunderstanding or confusion.,"Not quite. latent conflict is a plausible Chapter 9 distractor, but it does not match this concept. An apparent disagreement that has no real basis and results from misunderstanding or confusion.","Not quite. parallel conflict is a plausible Chapter 9 distractor, but it does not match this concept. An apparent disagreement that has no real basis and results from misunderstanding or confusion.","False = looks like conflict, but isn't.","Review Learn to Lead Volume 3, Chapter 9, page(s) 37. Then explain the concept in your own words and create one fresh example.",Learn to Lead Volume 3: Indirect Leadership,37,ltl3_c9_conflict_types,ch9_five_conflict_types.png,/assets/cap-visuals/ch9_five_conflict_types.png,approved,true,Five Types of Conflict,Five Types of Conflict study visual.,no,false,medium,close,original_textbook_grounded,Three Earhart Milestone Leadership exam forms used as style/difficulty reference only; no milestone question copied,draft,LTL3-C9-Q081,50,LTL3_C9_100
LTL3-C9-Q083,Learn to Lead Volume 3,9,The Cadet Officer,LTL3-C9-F42,multiple_choice,direct_exam_style,medium,recall_understanding,Which phase of the interpersonal conflict model describes the background history and relationship setting?,proximal outcome,conflict interaction,distal context,proximal context,C,"The background history, culture, personalities, and relationship experiences that shape a conflict before the immediate event.","Distal context is the best answer because it is the background history, culture, personalities, and relationship experiences that shape a conflict before the immediate event.","Not quite. proximal outcome is a plausible Chapter 9 distractor, but it does not match this concept. The background history, culture, personalities, and relationship experiences that shape a conflict before the immediate event.","Not quite. conflict interaction is a plausible Chapter 9 distractor, but it does not match this concept. The background history, culture, personalities, and relationship experiences that shape a conflict before the immediate event.","Correct. The background history, culture, personalities, and relationship experiences that shape a conflict before the immediate event.","Not quite. proximal context is a plausible Chapter 9 distractor, but it does not match this concept. The background history, culture, personalities, and relationship experiences that shape a conflict before the immediate event.",Distal context = the long background.,"Review Learn to Lead Volume 3, Chapter 9, page(s) 38. Then explain the concept in your own words and create one fresh example.",Learn to Lead Volume 3: Indirect Leadership,38,ltl3_c9_conflict_model,ch9_interpersonal_conflict_model.png,/assets/cap-visuals/ch9_interpersonal_conflict_model.png,approved,true,Interpersonal Conflict Model,Interpersonal Conflict Model study visual.,yes,true,high,close,original_textbook_grounded,Three Earhart Milestone Leadership exam forms used as style/difficulty reference only; no milestone question copied,draft,LTL3-C9-Q084,40,LTL3_C9_100
LTL3-C9-Q084,Learn to Lead Volume 3,9,The Cadet Officer,LTL3-C9-F42,multiple_choice,application_scenario,medium_hard,application,Which Chapter 9 concept best applies to this situation? A promotion board is tense partly because the candidate once mentored the officer who now outranks him.,conflict interaction,proximal outcome,proximal context,distal context,D,"The background history, culture, personalities, and relationship experiences that shape a conflict before the immediate event.","Distal context is the best answer because it is the background history, culture, personalities, and relationship experiences that shape a conflict before the immediate event.","Not quite. conflict interaction is a plausible Chapter 9 distractor, but it does not match this concept. The background history, culture, personalities, and relationship experiences that shape a conflict before the immediate event.","Not quite. proximal outcome is a plausible Chapter 9 distractor, but it does not match this concept. The background history, culture, personalities, and relationship experiences that shape a conflict before the immediate event.","Not quite. proximal context is a plausible Chapter 9 distractor, but it does not match this concept. The background history, culture, personalities, and relationship experiences that shape a conflict before the immediate event.","Correct. The background history, culture, personalities, and relationship experiences that shape a conflict before the immediate event.",Distal context = the long background.,"Review Learn to Lead Volume 3, Chapter 9, page(s) 38. Then explain the concept in your own words and create one fresh example.",Learn to Lead Volume 3: Indirect Leadership,38,ltl3_c9_conflict_model,ch9_interpersonal_conflict_model.png,/assets/cap-visuals/ch9_interpersonal_conflict_model.png,approved,true,Interpersonal Conflict Model,Interpersonal Conflict Model study visual.,no,false,medium,close,original_textbook_grounded,Three Earhart Milestone Leadership exam forms used as style/difficulty reference only; no milestone question copied,draft,LTL3-C9-Q083,50,LTL3_C9_100
LTL3-C9-Q085,Learn to Lead Volume 3,9,The Cadet Officer,LTL3-C9-F43,multiple_choice,direct_exam_style,medium,recall_understanding,"Which phase of the conflict model focuses on immediate goals, emotions, and perceptions?",proximal context,distal context,distal outcome,conflict interaction,A,"The immediate circumstances of a conflict, including current goals, emotions, cause-and-effect beliefs, and perceptions.","Proximal context is the best answer because it is the immediate circumstances of a conflict, including current goals, emotions, cause-and-effect beliefs, and perceptions.","Correct. The immediate circumstances of a conflict, including current goals, emotions, cause-and-effect beliefs, and perceptions.","Not quite. distal context is a plausible Chapter 9 distractor, but it does not match this concept. The immediate circumstances of a conflict, including current goals, emotions, cause-and-effect beliefs, and perceptions.","Not quite. distal outcome is a plausible Chapter 9 distractor, but it does not match this concept. The immediate circumstances of a conflict, including current goals, emotions, cause-and-effect beliefs, and perceptions.","Not quite. conflict interaction is a plausible Chapter 9 distractor, but it does not match this concept. The immediate circumstances of a conflict, including current goals, emotions, cause-and-effect beliefs, and perceptions.",Proximal context = what's happening right now.,"Review Learn to Lead Volume 3, Chapter 9, page(s) 38-39. Then explain the concept in your own words and create one fresh example.",Learn to Lead Volume 3: Indirect Leadership,38-39,ltl3_c9_conflict_model,ch9_interpersonal_conflict_model.png,/assets/cap-visuals/ch9_interpersonal_conflict_model.png,approved,true,Interpersonal Conflict Model,Interpersonal Conflict Model study visual.,yes,true,high,close,original_textbook_grounded,Three Earhart Milestone Leadership exam forms used as style/difficulty reference only; no milestone question copied,draft,LTL3-C9-Q086,40,LTL3_C9_100
LTL3-C9-Q086,Learn to Lead Volume 3,9,The Cadet Officer,LTL3-C9-F43,multiple_choice,application_scenario,medium_hard,application,"Which Chapter 9 concept best applies to this situation? Just before an argument, one cadet is exhausted, feels embarrassed, and believes the other person deliberately caused the problem.",distal context,proximal context,conflict interaction,distal outcome,B,"The immediate circumstances of a conflict, including current goals, emotions, cause-and-effect beliefs, and perceptions.","Proximal context is the best answer because it is the immediate circumstances of a conflict, including current goals, emotions, cause-and-effect beliefs, and perceptions.","Not quite. distal context is a plausible Chapter 9 distractor, but it does not match this concept. The immediate circumstances of a conflict, including current goals, emotions, cause-and-effect beliefs, and perceptions.","Correct. The immediate circumstances of a conflict, including current goals, emotions, cause-and-effect beliefs, and perceptions.","Not quite. conflict interaction is a plausible Chapter 9 distractor, but it does not match this concept. The immediate circumstances of a conflict, including current goals, emotions, cause-and-effect beliefs, and perceptions.","Not quite. distal outcome is a plausible Chapter 9 distractor, but it does not match this concept. The immediate circumstances of a conflict, including current goals, emotions, cause-and-effect beliefs, and perceptions.",Proximal context = what's happening right now.,"Review Learn to Lead Volume 3, Chapter 9, page(s) 38-39. Then explain the concept in your own words and create one fresh example.",Learn to Lead Volume 3: Indirect Leadership,38-39,ltl3_c9_conflict_model,ch9_interpersonal_conflict_model.png,/assets/cap-visuals/ch9_interpersonal_conflict_model.png,approved,true,Interpersonal Conflict Model,Interpersonal Conflict Model study visual.,no,false,medium,close,original_textbook_grounded,Three Earhart Milestone Leadership exam forms used as style/difficulty reference only; no milestone question copied,draft,LTL3-C9-Q085,50,LTL3_C9_100
LTL3-C9-Q087,Learn to Lead Volume 3,9,The Cadet Officer,LTL3-C9-F44,multiple_choice,direct_exam_style,medium,recall_understanding,Which phase is the actual give-and-take where the parties directly engage one another?,distal context,distal outcome,conflict interaction,proximal outcome,C,The visible phase in which the communicators actually engage in the disagreement and use tactics and strategies.,Conflict interaction is the best answer because it is the visible phase in which the communicators actually engage in the disagreement and use tactics and strategies.,"Not quite. distal context is a plausible Chapter 9 distractor, but it does not match this concept. The visible phase in which the communicators actually engage in the disagreement and use tactics and strategies.","Not quite. distal outcome is a plausible Chapter 9 distractor, but it does not match this concept. The visible phase in which the communicators actually engage in the disagreement and use tactics and strategies.",Correct. The visible phase in which the communicators actually engage in the disagreement and use tactics and strategies.,"Not quite. proximal outcome is a plausible Chapter 9 distractor, but it does not match this concept. The visible phase in which the communicators actually engage in the disagreement and use tactics and strategies.",Interaction = the clash itself.,"Review Learn to Lead Volume 3, Chapter 9, page(s) 39. Then explain the concept in your own words and create one fresh example.",Learn to Lead Volume 3: Indirect Leadership,39,ltl3_c9_conflict_model,ch9_interpersonal_conflict_model.png,/assets/cap-visuals/ch9_interpersonal_conflict_model.png,approved,true,Interpersonal Conflict Model,Interpersonal Conflict Model study visual.,yes,true,high,close,original_textbook_grounded,Three Earhart Milestone Leadership exam forms used as style/difficulty reference only; no milestone question copied,draft,LTL3-C9-Q088,40,LTL3_C9_100
LTL3-C9-Q088,Learn to Lead Volume 3,9,The Cadet Officer,LTL3-C9-F44,multiple_choice,application_scenario,medium_hard,application,"Which Chapter 9 concept best applies to this situation? Two staff members finally meet, exchange arguments, react to each other's tactics, and try to influence the outcome.",distal context,proximal outcome,distal outcome,conflict interaction,D,The visible phase in which the communicators actually engage in the disagreement and use tactics and strategies.,Conflict interaction is the best answer because it is the visible phase in which the communicators actually engage in the disagreement and use tactics and strategies.,"Not quite. distal context is a plausible Chapter 9 distractor, but it does not match this concept. The visible phase in which the communicators actually engage in the disagreement and use tactics and strategies.","Not quite. proximal outcome is a plausible Chapter 9 distractor, but it does not match this concept. The visible phase in which the communicators actually engage in the disagreement and use tactics and strategies.","Not quite. distal outcome is a plausible Chapter 9 distractor, but it does not match this concept. The visible phase in which the communicators actually engage in the disagreement and use tactics and strategies.",Correct. The visible phase in which the communicators actually engage in the disagreement and use tactics and strategies.,Interaction = the clash itself.,"Review Learn to Lead Volume 3, Chapter 9, page(s) 39. Then explain the concept in your own words and create one fresh example.",Learn to Lead Volume 3: Indirect Leadership,39,ltl3_c9_conflict_model,ch9_interpersonal_conflict_model.png,/assets/cap-visuals/ch9_interpersonal_conflict_model.png,approved,true,Interpersonal Conflict Model,Interpersonal Conflict Model study visual.,no,false,medium,close,original_textbook_grounded,Three Earhart Milestone Leadership exam forms used as style/difficulty reference only; no milestone question copied,draft,LTL3-C9-Q087,50,LTL3_C9_100
LTL3-C9-Q089,Learn to Lead Volume 3,9,The Cadet Officer,LTL3-C9-F45,multiple_choice,direct_exam_style,medium,recall_understanding,"Which phase occurs immediately after the conflict, when people judge what just happened?",proximal outcomes,proximal context,distal outcomes,distal context,A,The immediate thoughts and feelings people have just after the conflict interaction.,Proximal outcomes is the best answer because it is the immediate thoughts and feelings people have just after the conflict interaction.,Correct. The immediate thoughts and feelings people have just after the conflict interaction.,"Not quite. proximal context is a plausible Chapter 9 distractor, but it does not match this concept. The immediate thoughts and feelings people have just after the conflict interaction.","Not quite. distal outcomes is a plausible Chapter 9 distractor, but it does not match this concept. The immediate thoughts and feelings people have just after the conflict interaction.","Not quite. distal context is a plausible Chapter 9 distractor, but it does not match this concept. The immediate thoughts and feelings people have just after the conflict interaction.",Proximal outcome = immediate aftermath.,"Review Learn to Lead Volume 3, Chapter 9, page(s) 39. Then explain the concept in your own words and create one fresh example.",Learn to Lead Volume 3: Indirect Leadership,39,ltl3_c9_conflict_model,ch9_interpersonal_conflict_model.png,/assets/cap-visuals/ch9_interpersonal_conflict_model.png,approved,true,Interpersonal Conflict Model,Interpersonal Conflict Model study visual.,yes,true,high,close,original_textbook_grounded,Three Earhart Milestone Leadership exam forms used as style/difficulty reference only; no milestone question copied,draft,LTL3-C9-Q090,40,LTL3_C9_100
LTL3-C9-Q090,Learn to Lead Volume 3,9,The Cadet Officer,LTL3-C9-F45,multiple_choice,application_scenario,medium_hard,application,"Which Chapter 9 concept best applies to this situation? Right after a difficult conversation, a cadet feels relieved because the other person listened respectfully.",distal outcomes,proximal outcomes,distal context,proximal context,B,The immediate thoughts and feelings people have just after the conflict interaction.,Proximal outcomes is the best answer because it is the immediate thoughts and feelings people have just after the conflict interaction.,"Not quite. distal outcomes is a plausible Chapter 9 distractor, but it does not match this concept. The immediate thoughts and feelings people have just after the conflict interaction.",Correct. The immediate thoughts and feelings people have just after the conflict interaction.,"Not quite. distal context is a plausible Chapter 9 distractor, but it does not match this concept. The immediate thoughts and feelings people have just after the conflict interaction.","Not quite. proximal context is a plausible Chapter 9 distractor, but it does not match this concept. The immediate thoughts and feelings people have just after the conflict interaction.",Proximal outcome = immediate aftermath.,"Review Learn to Lead Volume 3, Chapter 9, page(s) 39. Then explain the concept in your own words and create one fresh example.",Learn to Lead Volume 3: Indirect Leadership,39,ltl3_c9_conflict_model,ch9_interpersonal_conflict_model.png,/assets/cap-visuals/ch9_interpersonal_conflict_model.png,approved,true,Interpersonal Conflict Model,Interpersonal Conflict Model study visual.,no,false,medium,close,original_textbook_grounded,Three Earhart Milestone Leadership exam forms used as style/difficulty reference only; no milestone question copied,draft,LTL3-C9-Q089,50,LTL3_C9_100
LTL3-C9-Q091,Learn to Lead Volume 3,9,The Cadet Officer,LTL3-C9-F46,multiple_choice,direct_exam_style,medium,recall_understanding,Which phase refers to the lasting effect a conflict has on a relationship over time?,conflict interaction,proximal outcomes,distal outcomes,proximal context,C,The long-term effects of a conflict on relationships and future cooperation.,Distal outcomes is the best answer because it is the long-term effects of a conflict on relationships and future cooperation.,"Not quite. conflict interaction is a plausible Chapter 9 distractor, but it does not match this concept. The long-term effects of a conflict on relationships and future cooperation.","Not quite. proximal outcomes is a plausible Chapter 9 distractor, but it does not match this concept. The long-term effects of a conflict on relationships and future cooperation.",Correct. The long-term effects of a conflict on relationships and future cooperation.,"Not quite. proximal context is a plausible Chapter 9 distractor, but it does not match this concept. The long-term effects of a conflict on relationships and future cooperation.",Distal outcome = what the conflict leaves behind.,"Review Learn to Lead Volume 3, Chapter 9, page(s) 39. Then explain the concept in your own words and create one fresh example.",Learn to Lead Volume 3: Indirect Leadership,39,ltl3_c9_conflict_model,ch9_interpersonal_conflict_model.png,/assets/cap-visuals/ch9_interpersonal_conflict_model.png,approved,true,Interpersonal Conflict Model,Interpersonal Conflict Model study visual.,yes,true,high,close,original_textbook_grounded,Three Earhart Milestone Leadership exam forms used as style/difficulty reference only; no milestone question copied,draft,LTL3-C9-Q092,40,LTL3_C9_100
LTL3-C9-Q092,Learn to Lead Volume 3,9,The Cadet Officer,LTL3-C9-F46,multiple_choice,application_scenario,medium_hard,application,"Which Chapter 9 concept best applies to this situation? Weeks after a disagreement, two team members either trust each other more—or avoid working together because of how the conflict was handled.",proximal outcomes,proximal context,conflict interaction,distal outcomes,D,The long-term effects of a conflict on relationships and future cooperation.,Distal outcomes is the best answer because it is the long-term effects of a conflict on relationships and future cooperation.,"Not quite. proximal outcomes is a plausible Chapter 9 distractor, but it does not match this concept. The long-term effects of a conflict on relationships and future cooperation.","Not quite. proximal context is a plausible Chapter 9 distractor, but it does not match this concept. The long-term effects of a conflict on relationships and future cooperation.","Not quite. conflict interaction is a plausible Chapter 9 distractor, but it does not match this concept. The long-term effects of a conflict on relationships and future cooperation.",Correct. The long-term effects of a conflict on relationships and future cooperation.,Distal outcome = what the conflict leaves behind.,"Review Learn to Lead Volume 3, Chapter 9, page(s) 39. Then explain the concept in your own words and create one fresh example.",Learn to Lead Volume 3: Indirect Leadership,39,ltl3_c9_conflict_model,ch9_interpersonal_conflict_model.png,/assets/cap-visuals/ch9_interpersonal_conflict_model.png,approved,true,Interpersonal Conflict Model,Interpersonal Conflict Model study visual.,no,false,medium,close,original_textbook_grounded,Three Earhart Milestone Leadership exam forms used as style/difficulty reference only; no milestone question copied,draft,LTL3-C9-Q091,50,LTL3_C9_100
LTL3-C9-Q093,Learn to Lead Volume 3,9,The Cadet Officer,LTL3-C9-F47,multiple_choice,direct_exam_style,medium,recall_understanding,What does BATNA stand for in cooperative negotiation?,BATNA,a compromise point,the opponent's demand,a public trust,A,The Best Alternative to a Negotiated Agreement—what you will do if negotiation fails.,Batna is the best answer because it is the Best Alternative to a Negotiated Agreement—what you will do if negotiation fails.,Correct. The Best Alternative to a Negotiated Agreement—what you will do if negotiation fails.,"Not quite. a compromise point is a plausible Chapter 9 distractor, but it does not match this concept. The Best Alternative to a Negotiated Agreement—what you will do if negotiation fails.","Not quite. the opponent's demand is a plausible Chapter 9 distractor, but it does not match this concept. The Best Alternative to a Negotiated Agreement—what you will do if negotiation fails.","Not quite. a public trust is a plausible Chapter 9 distractor, but it does not match this concept. The Best Alternative to a Negotiated Agreement—what you will do if negotiation fails.",BATNA = backup plan if no deal.,"Review Learn to Lead Volume 3, Chapter 9, page(s) 41. Then explain the concept in your own words and create one fresh example.",Learn to Lead Volume 3: Indirect Leadership,41,ltl3_c9_negotiation_bigotry,ch9_negotiation_speak_up.png,/assets/cap-visuals/ch9_negotiation_speak_up.png,approved,true,Negotiation & Speaking Up,Negotiation & Speaking Up study visual.,yes,true,high,close,original_textbook_grounded,Three Earhart Milestone Leadership exam forms used as style/difficulty reference only; no milestone question copied,draft,LTL3-C9-Q094,40,LTL3_C9_100
LTL3-C9-Q094,Learn to Lead Volume 3,9,The Cadet Officer,LTL3-C9-F47,multiple_choice,application_scenario,medium_hard,application,"Which Chapter 9 concept best applies to this situation? Before meeting with another group, a cadet officer decides exactly what the unit will do if no agreement can be reached.",a compromise point,BATNA,the opponent's demand,a public trust,B,The Best Alternative to a Negotiated Agreement—what you will do if negotiation fails.,Batna is the best answer because it is the Best Alternative to a Negotiated Agreement—what you will do if negotiation fails.,"Not quite. a compromise point is a plausible Chapter 9 distractor, but it does not match this concept. The Best Alternative to a Negotiated Agreement—what you will do if negotiation fails.",Correct. The Best Alternative to a Negotiated Agreement—what you will do if negotiation fails.,"Not quite. the opponent's demand is a plausible Chapter 9 distractor, but it does not match this concept. The Best Alternative to a Negotiated Agreement—what you will do if negotiation fails.","Not quite. a public trust is a plausible Chapter 9 distractor, but it does not match this concept. The Best Alternative to a Negotiated Agreement—what you will do if negotiation fails.",BATNA = backup plan if no deal.,"Review Learn to Lead Volume 3, Chapter 9, page(s) 41. Then explain the concept in your own words and create one fresh example.",Learn to Lead Volume 3: Indirect Leadership,41,ltl3_c9_negotiation_bigotry,ch9_negotiation_speak_up.png,/assets/cap-visuals/ch9_negotiation_speak_up.png,approved,true,Negotiation & Speaking Up,Negotiation & Speaking Up study visual.,no,false,medium,close,original_textbook_grounded,Three Earhart Milestone Leadership exam forms used as style/difficulty reference only; no milestone question copied,draft,LTL3-C9-Q093,50,LTL3_C9_100
LTL3-C9-Q095,Learn to Lead Volume 3,9,The Cadet Officer,LTL3-C9-F48,multiple_choice,direct_exam_style,medium,recall_understanding,Which negotiation strategy is most passive and may 'kick the can down the road'?,insist strategy,cooperate strategy,evade strategy,comply strategy,C,"A passive, unassertive negotiation strategy that delays or avoids dealing with an issue.","Evade strategy is the best answer because it is a passive, unassertive negotiation strategy that delays or avoids dealing with an issue.","Not quite. insist strategy is a plausible Chapter 9 distractor, but it does not match this concept. A passive, unassertive negotiation strategy that delays or avoids dealing with an issue.","Not quite. cooperate strategy is a plausible Chapter 9 distractor, but it does not match this concept. A passive, unassertive negotiation strategy that delays or avoids dealing with an issue.","Correct. A passive, unassertive negotiation strategy that delays or avoids dealing with an issue.","Not quite. comply strategy is a plausible Chapter 9 distractor, but it does not match this concept. A passive, unassertive negotiation strategy that delays or avoids dealing with an issue.",Evade = not now / avoid it.,"Review Learn to Lead Volume 3, Chapter 9, page(s) 41-42. Then explain the concept in your own words and create one fresh example.",Learn to Lead Volume 3: Indirect Leadership,41-42,ltl3_c9_negotiation_bigotry,ch9_negotiation_speak_up.png,/assets/cap-visuals/ch9_negotiation_speak_up.png,approved,true,Negotiation & Speaking Up,Negotiation & Speaking Up study visual.,yes,true,high,close,original_textbook_grounded,Three Earhart Milestone Leadership exam forms used as style/difficulty reference only; no milestone question copied,draft,LTL3-C9-Q096,40,LTL3_C9_100
LTL3-C9-Q096,Learn to Lead Volume 3,9,The Cadet Officer,LTL3-C9-F48,multiple_choice,application_scenario,medium_hard,application,Which Chapter 9 concept best applies to this situation? A cadet chooses not to engage an unimportant issue because higher priorities require attention.,cooperate strategy,insist strategy,comply strategy,evade strategy,D,"A passive, unassertive negotiation strategy that delays or avoids dealing with an issue.","Evade strategy is the best answer because it is a passive, unassertive negotiation strategy that delays or avoids dealing with an issue.","Not quite. cooperate strategy is a plausible Chapter 9 distractor, but it does not match this concept. A passive, unassertive negotiation strategy that delays or avoids dealing with an issue.","Not quite. insist strategy is a plausible Chapter 9 distractor, but it does not match this concept. A passive, unassertive negotiation strategy that delays or avoids dealing with an issue.","Not quite. comply strategy is a plausible Chapter 9 distractor, but it does not match this concept. A passive, unassertive negotiation strategy that delays or avoids dealing with an issue.","Correct. A passive, unassertive negotiation strategy that delays or avoids dealing with an issue.",Evade = not now / avoid it.,"Review Learn to Lead Volume 3, Chapter 9, page(s) 41-42. Then explain the concept in your own words and create one fresh example.",Learn to Lead Volume 3: Indirect Leadership,41-42,ltl3_c9_negotiation_bigotry,ch9_negotiation_speak_up.png,/assets/cap-visuals/ch9_negotiation_speak_up.png,approved,true,Negotiation & Speaking Up,Negotiation & Speaking Up study visual.,no,false,medium,close,original_textbook_grounded,Three Earhart Milestone Leadership exam forms used as style/difficulty reference only; no milestone question copied,draft,LTL3-C9-Q095,50,LTL3_C9_100
LTL3-C9-Q097,Learn to Lead Volume 3,9,The Cadet Officer,LTL3-C9-F49,multiple_choice,direct_exam_style,medium,recall_understanding,Which negotiation strategy is built around a firm position and leaves little room for movement?,insist strategy,settle strategy,comply strategy,evade strategy,A,A highly assertive negotiation strategy focused on obtaining your desired outcome with little room for compromise.,Insist strategy is the best answer because it is a highly assertive negotiation strategy focused on obtaining your desired outcome with little room for compromise.,Correct. A highly assertive negotiation strategy focused on obtaining your desired outcome with little room for compromise.,"Not quite. settle strategy is a plausible Chapter 9 distractor, but it does not match this concept. A highly assertive negotiation strategy focused on obtaining your desired outcome with little room for compromise.","Not quite. comply strategy is a plausible Chapter 9 distractor, but it does not match this concept. A highly assertive negotiation strategy focused on obtaining your desired outcome with little room for compromise.","Not quite. evade strategy is a plausible Chapter 9 distractor, but it does not match this concept. A highly assertive negotiation strategy focused on obtaining your desired outcome with little room for compromise.","Insist = my position, little movement.","Review Learn to Lead Volume 3, Chapter 9, page(s) 42-43. Then explain the concept in your own words and create one fresh example.",Learn to Lead Volume 3: Indirect Leadership,42-43,ltl3_c9_negotiation_bigotry,ch9_negotiation_speak_up.png,/assets/cap-visuals/ch9_negotiation_speak_up.png,approved,true,Negotiation & Speaking Up,Negotiation & Speaking Up study visual.,yes,true,high,close,original_textbook_grounded,Three Earhart Milestone Leadership exam forms used as style/difficulty reference only; no milestone question copied,draft,LTL3-C9-Q098,40,LTL3_C9_100
LTL3-C9-Q098,Learn to Lead Volume 3,9,The Cadet Officer,LTL3-C9-F49,multiple_choice,application_scenario,medium_hard,application,Which Chapter 9 concept best applies to this situation? A negotiator makes a non-negotiable demand and is willing to accept damage to the relationship to achieve the task.,settle strategy,insist strategy,comply strategy,evade strategy,B,A highly assertive negotiation strategy focused on obtaining your desired outcome with little room for compromise.,Insist strategy is the best answer because it is a highly assertive negotiation strategy focused on obtaining your desired outcome with little room for compromise.,"Not quite. settle strategy is a plausible Chapter 9 distractor, but it does not match this concept. A highly assertive negotiation strategy focused on obtaining your desired outcome with little room for compromise.",Correct. A highly assertive negotiation strategy focused on obtaining your desired outcome with little room for compromise.,"Not quite. comply strategy is a plausible Chapter 9 distractor, but it does not match this concept. A highly assertive negotiation strategy focused on obtaining your desired outcome with little room for compromise.","Not quite. evade strategy is a plausible Chapter 9 distractor, but it does not match this concept. A highly assertive negotiation strategy focused on obtaining your desired outcome with little room for compromise.","Insist = my position, little movement.","Review Learn to Lead Volume 3, Chapter 9, page(s) 42-43. Then explain the concept in your own words and create one fresh example.",Learn to Lead Volume 3: Indirect Leadership,42-43,ltl3_c9_negotiation_bigotry,ch9_negotiation_speak_up.png,/assets/cap-visuals/ch9_negotiation_speak_up.png,approved,true,Negotiation & Speaking Up,Negotiation & Speaking Up study visual.,no,false,medium,close,original_textbook_grounded,Three Earhart Milestone Leadership exam forms used as style/difficulty reference only; no milestone question copied,draft,LTL3-C9-Q097,50,LTL3_C9_100
LTL3-C9-Q099,Learn to Lead Volume 3,9,The Cadet Officer,LTL3-C9-F50,multiple_choice,direct_exam_style,medium,recall_understanding,Which negotiation strategy is strongest in both task orientation and people orientation?,comply strategy,evade strategy,cooperate strategy,insist strategy,C,"A negotiation strategy high in both task and people orientation that seeks a mutually beneficial, durable solution.","Cooperate strategy is the best answer because it is a negotiation strategy high in both task and people orientation that seeks a mutually beneficial, durable solution.","Not quite. comply strategy is a plausible Chapter 9 distractor, but it does not match this concept. A negotiation strategy high in both task and people orientation that seeks a mutually beneficial, durable solution.","Not quite. evade strategy is a plausible Chapter 9 distractor, but it does not match this concept. A negotiation strategy high in both task and people orientation that seeks a mutually beneficial, durable solution.","Correct. A negotiation strategy high in both task and people orientation that seeks a mutually beneficial, durable solution.","Not quite. insist strategy is a plausible Chapter 9 distractor, but it does not match this concept. A negotiation strategy high in both task and people orientation that seeks a mutually beneficial, durable solution.",Cooperate = solve task + protect relationship.,"Review Learn to Lead Volume 3, Chapter 9, page(s) 42-43. Then explain the concept in your own words and create one fresh example.",Learn to Lead Volume 3: Indirect Leadership,42-43,ltl3_c9_negotiation_bigotry,ch9_negotiation_speak_up.png,/assets/cap-visuals/ch9_negotiation_speak_up.png,approved,true,Negotiation & Speaking Up,Negotiation & Speaking Up study visual.,yes,true,high,close,original_textbook_grounded,Three Earhart Milestone Leadership exam forms used as style/difficulty reference only; no milestone question copied,draft,LTL3-C9-Q100,40,LTL3_C9_100
LTL3-C9-Q100,Learn to Lead Volume 3,9,The Cadet Officer,LTL3-C9-F50,multiple_choice,application_scenario,medium_hard,application,"Which Chapter 9 concept best applies to this situation? Two parties openly share interests, search for common ground, and create an option that addresses both sides' important needs.",insist strategy,evade strategy,comply strategy,cooperate strategy,D,"A negotiation strategy high in both task and people orientation that seeks a mutually beneficial, durable solution.","Cooperate strategy is the best answer because it is a negotiation strategy high in both task and people orientation that seeks a mutually beneficial, durable solution.","Not quite. insist strategy is a plausible Chapter 9 distractor, but it does not match this concept. A negotiation strategy high in both task and people orientation that seeks a mutually beneficial, durable solution.","Not quite. evade strategy is a plausible Chapter 9 distractor, but it does not match this concept. A negotiation strategy high in both task and people orientation that seeks a mutually beneficial, durable solution.","Not quite. comply strategy is a plausible Chapter 9 distractor, but it does not match this concept. A negotiation strategy high in both task and people orientation that seeks a mutually beneficial, durable solution.","Correct. A negotiation strategy high in both task and people orientation that seeks a mutually beneficial, durable solution.",Cooperate = solve task + protect relationship.,"Review Learn to Lead Volume 3, Chapter 9, page(s) 42-43. Then explain the concept in your own words and create one fresh example.",Learn to Lead Volume 3: Indirect Leadership,42-43,ltl3_c9_negotiation_bigotry,ch9_negotiation_speak_up.png,/assets/cap-visuals/ch9_negotiation_speak_up.png,approved,true,Negotiation & Speaking Up,Negotiation & Speaking Up study visual.,no,false,medium,close,original_textbook_grounded,Three Earhart Milestone Leadership exam forms used as style/difficulty reference only; no milestone question copied,draft,LTL3-C9-Q099,50,LTL3_C9_100
