external_id,book_volume,chapter_number,chapter_title,question_family_code,question_type,question_style,difficulty,cognitive_level,question_text,choice_a,choice_b,choice_c,choice_d,correct_letter,short_explanation,explanation,choice_a_explanation,choice_b_explanation,choice_c_explanation,choice_d_explanation,memory_aid,remediation_text,source_document,source_pages,visual_asset_key,visual_file_name,visual_storage_path,visual_status,show_visual_button,visual_caption,visual_alt_text,exam_type_question,eligible_for_final_exam,exam_likeness,distractor_difficulty,content_origin,style_reference,review_status,reinforcement_question_ids,estimated_time_seconds,package_code
LTL3-C11-Q001,Learn to Lead Volume 3,11,The Leader as Commander,LTL3-C11-F01,multiple_choice,direct_exam_style,medium,recall_understanding,"Which Chapter 11 term refers to the weight of responsibility a commander carries for people, mission, and unit performance?",burden of command,prestige,privilege,laissez-faire,A,Burden of command is the responsibility and weight that accompany command.,burden of command is the best answer because burden of command is the responsibility and weight that accompany command..,Correct. Burden of command is the responsibility and weight that accompany command.,"Not quite. prestige is a plausible Chapter 11 distractor, but the better answer is burden of command because burden of command is the responsibility and weight that accompany command.","Not quite. privilege is a plausible Chapter 11 distractor, but the better answer is burden of command because burden of command is the responsibility and weight that accompany command.","Not quite. laissez-faire is a plausible Chapter 11 distractor, but the better answer is burden of command because burden of command is the responsibility and weight that accompany command.",Burden = the weight of command.,"Review Learn to Lead Volume 3, Chapter 11, page(s) 96-100. Say the concept aloud, study the linked visual if available, then explain why each distractor is wrong.",Learn to Lead Volume 3: Indirect Leadership,96-100,ltl3_c11_first90,ch11_first_90_days.png,/assets/cap-visuals/ch11_first_90_days.png,approved,True,New Commander Challenges: The First 90 Days,New Commander Challenges: The First 90 Days study visual.,yes,True,high,close,original_textbook_grounded,Three Earhart Milestone Leadership exam forms used only as style/difficulty references; no milestone question copied,draft,LTL3-C11-Q002,40,LTL3_C11_100
LTL3-C11-Q002,Learn to Lead Volume 3,11,The Leader as Commander,LTL3-C11-F01,multiple_choice,application_scenario,medium_hard,application,A cadet officer finds that command feels heavier than expected because other people depend on her judgment every day. Which Chapter 11 concept best fits this situation?,prestige,burden of command,privilege,laissez-faire,B,Burden of command is the responsibility and weight that accompany command.,burden of command is the best answer because burden of command is the responsibility and weight that accompany command..,"Not quite. prestige is a plausible Chapter 11 distractor, but the better answer is burden of command because burden of command is the responsibility and weight that accompany command.",Correct. Burden of command is the responsibility and weight that accompany command.,"Not quite. privilege is a plausible Chapter 11 distractor, but the better answer is burden of command because burden of command is the responsibility and weight that accompany command.","Not quite. laissez-faire is a plausible Chapter 11 distractor, but the better answer is burden of command because burden of command is the responsibility and weight that accompany command.",Burden = the weight of command.,"Review Learn to Lead Volume 3, Chapter 11, page(s) 96-100. Say the concept aloud, study the linked visual if available, then explain why each distractor is wrong.",Learn to Lead Volume 3: Indirect Leadership,96-100,ltl3_c11_first90,ch11_first_90_days.png,/assets/cap-visuals/ch11_first_90_days.png,approved,True,New Commander Challenges: The First 90 Days,New Commander Challenges: The First 90 Days study visual.,yes,True,high,close,original_textbook_grounded,Three Earhart Milestone Leadership exam forms used only as style/difficulty references; no milestone question copied,draft,LTL3-C11-Q001,50,LTL3_C11_100
LTL3-C11-Q003,Learn to Lead Volume 3,11,The Leader as Commander,LTL3-C11-F02,multiple_choice,direct_exam_style,medium,recall_understanding,What advice does Chapter 11 give a new commander about personal style and identity?,reinvent your personality,seek special perks,be yourself,avoid your people,C,New commanders should be themselves rather than adopting a fake personality.,be yourself is the best answer because new commanders should be themselves rather than adopting a fake personality..,"Not quite. reinvent your personality is a plausible Chapter 11 distractor, but the better answer is be yourself because new commanders should be themselves rather than adopting a fake personality.","Not quite. seek special perks is a plausible Chapter 11 distractor, but the better answer is be yourself because new commanders should be themselves rather than adopting a fake personality.",Correct. New commanders should be themselves rather than adopting a fake personality.,"Not quite. avoid your people is a plausible Chapter 11 distractor, but the better answer is be yourself because new commanders should be themselves rather than adopting a fake personality.",Command does not require a costume.,"Review Learn to Lead Volume 3, Chapter 11, page(s) 99. Say the concept aloud, study the linked visual if available, then explain why each distractor is wrong.",Learn to Lead Volume 3: Indirect Leadership,99,ltl3_c11_first90,ch11_first_90_days.png,/assets/cap-visuals/ch11_first_90_days.png,approved,True,New Commander Challenges: The First 90 Days,New Commander Challenges: The First 90 Days study visual.,yes,True,high,close,original_textbook_grounded,Three Earhart Milestone Leadership exam forms used only as style/difficulty references; no milestone question copied,draft,LTL3-C11-Q004,40,LTL3_C11_100
LTL3-C11-Q004,Learn to Lead Volume 3,11,The Leader as Commander,LTL3-C11-F02,multiple_choice,application_scenario,medium_hard,application,A newly promoted cadet thinks he must act like a completely different person to look “command-like.” Which Chapter 11 lesson corrects that thinking?,reinvent your personality,seek special perks,avoid your people,be yourself,D,New commanders should be themselves rather than adopting a fake personality.,be yourself is the best answer because new commanders should be themselves rather than adopting a fake personality..,"Not quite. reinvent your personality is a plausible Chapter 11 distractor, but the better answer is be yourself because new commanders should be themselves rather than adopting a fake personality.","Not quite. seek special perks is a plausible Chapter 11 distractor, but the better answer is be yourself because new commanders should be themselves rather than adopting a fake personality.","Not quite. avoid your people is a plausible Chapter 11 distractor, but the better answer is be yourself because new commanders should be themselves rather than adopting a fake personality.",Correct. New commanders should be themselves rather than adopting a fake personality.,Command does not require a costume.,"Review Learn to Lead Volume 3, Chapter 11, page(s) 99. Say the concept aloud, study the linked visual if available, then explain why each distractor is wrong.",Learn to Lead Volume 3: Indirect Leadership,99,ltl3_c11_first90,ch11_first_90_days.png,/assets/cap-visuals/ch11_first_90_days.png,approved,True,New Commander Challenges: The First 90 Days,New Commander Challenges: The First 90 Days study visual.,yes,True,high,close,original_textbook_grounded,Three Earhart Milestone Leadership exam forms used only as style/difficulty references; no milestone question copied,draft,LTL3-C11-Q003,50,LTL3_C11_100
LTL3-C11-Q005,Learn to Lead Volume 3,11,The Leader as Commander,LTL3-C11-F03,multiple_choice,direct_exam_style,medium,recall_understanding,Which warning reminds a new commander that relationships with former peers will change after taking command?,you’re not one of “the guys” anymore,human connection,trade-off analysis,laissez-faire,A,A commander is no longer simply one of the group and must maintain professional boundaries.,you’re not one of “the guys” anymore is the best answer because a commander is no longer simply one of the group and must maintain professional boundaries..,Correct. A commander is no longer simply one of the group and must maintain professional boundaries.,"Not quite. human connection is a plausible Chapter 11 distractor, but the better answer is you’re not one of “the guys” anymore because a commander is no longer simply one of the group and must maintain professional boundaries.","Not quite. trade-off analysis is a plausible Chapter 11 distractor, but the better answer is you’re not one of “the guys” anymore because a commander is no longer simply one of the group and must maintain professional boundaries.","Not quite. laissez-faire is a plausible Chapter 11 distractor, but the better answer is you’re not one of “the guys” anymore because a commander is no longer simply one of the group and must maintain professional boundaries.","New role, new boundaries.","Review Learn to Lead Volume 3, Chapter 11, page(s) 99. Say the concept aloud, study the linked visual if available, then explain why each distractor is wrong.",Learn to Lead Volume 3: Indirect Leadership,99,ltl3_c11_first90,ch11_first_90_days.png,/assets/cap-visuals/ch11_first_90_days.png,approved,True,New Commander Challenges: The First 90 Days,New Commander Challenges: The First 90 Days study visual.,yes,True,high,close,original_textbook_grounded,Three Earhart Milestone Leadership exam forms used only as style/difficulty references; no milestone question copied,draft,LTL3-C11-Q006,40,LTL3_C11_100
LTL3-C11-Q006,Learn to Lead Volume 3,11,The Leader as Commander,LTL3-C11-F03,multiple_choice,application_scenario,medium_hard,application,"A cadet commander wants everything to stay exactly the same with close friends in the flight, even though she now evaluates and disciplines them. Which Chapter 11 warning applies?",human connection,you’re not one of “the guys” anymore,trade-off analysis,laissez-faire,B,A commander is no longer simply one of the group and must maintain professional boundaries.,you’re not one of “the guys” anymore is the best answer because a commander is no longer simply one of the group and must maintain professional boundaries..,"Not quite. human connection is a plausible Chapter 11 distractor, but the better answer is you’re not one of “the guys” anymore because a commander is no longer simply one of the group and must maintain professional boundaries.",Correct. A commander is no longer simply one of the group and must maintain professional boundaries.,"Not quite. trade-off analysis is a plausible Chapter 11 distractor, but the better answer is you’re not one of “the guys” anymore because a commander is no longer simply one of the group and must maintain professional boundaries.","Not quite. laissez-faire is a plausible Chapter 11 distractor, but the better answer is you’re not one of “the guys” anymore because a commander is no longer simply one of the group and must maintain professional boundaries.","New role, new boundaries.","Review Learn to Lead Volume 3, Chapter 11, page(s) 99. Say the concept aloud, study the linked visual if available, then explain why each distractor is wrong.",Learn to Lead Volume 3: Indirect Leadership,99,ltl3_c11_first90,ch11_first_90_days.png,/assets/cap-visuals/ch11_first_90_days.png,approved,True,New Commander Challenges: The First 90 Days,New Commander Challenges: The First 90 Days study visual.,yes,True,high,close,original_textbook_grounded,Three Earhart Milestone Leadership exam forms used only as style/difficulty references; no milestone question copied,draft,LTL3-C11-Q005,50,LTL3_C11_100
LTL3-C11-Q007,Learn to Lead Volume 3,11,The Leader as Commander,LTL3-C11-F04,multiple_choice,direct_exam_style,medium,recall_understanding,Which Chapter 11 warning cautions commanders not to become intoxicated by power or perks?,practice nepotism,use attraction bias,beware the temptations of ego,avoid mission statements,C,New commanders must guard against ego and remember servant leadership.,beware the temptations of ego is the best answer because new commanders must guard against ego and remember servant leadership..,"Not quite. practice nepotism is a plausible Chapter 11 distractor, but the better answer is beware the temptations of ego because new commanders must guard against ego and remember servant leadership.","Not quite. use attraction bias is a plausible Chapter 11 distractor, but the better answer is beware the temptations of ego because new commanders must guard against ego and remember servant leadership.",Correct. New commanders must guard against ego and remember servant leadership.,"Not quite. avoid mission statements is a plausible Chapter 11 distractor, but the better answer is beware the temptations of ego because new commanders must guard against ego and remember servant leadership.","Rank means service, not self-importance.","Review Learn to Lead Volume 3, Chapter 11, page(s) 99-100. Say the concept aloud, study the linked visual if available, then explain why each distractor is wrong.",Learn to Lead Volume 3: Indirect Leadership,99-100,ltl3_c11_first90,ch11_first_90_days.png,/assets/cap-visuals/ch11_first_90_days.png,approved,True,New Commander Challenges: The First 90 Days,New Commander Challenges: The First 90 Days study visual.,yes,True,high,close,original_textbook_grounded,Three Earhart Milestone Leadership exam forms used only as style/difficulty references; no milestone question copied,draft,LTL3-C11-Q008,40,LTL3_C11_100
LTL3-C11-Q008,Learn to Lead Volume 3,11,The Leader as Commander,LTL3-C11-F04,multiple_choice,application_scenario,medium_hard,application,A new cadet commander starts enjoying authority for its own sake and wants special treatment. Which Chapter 11 lesson is being ignored?,practice nepotism,use attraction bias,avoid mission statements,beware the temptations of ego,D,New commanders must guard against ego and remember servant leadership.,beware the temptations of ego is the best answer because new commanders must guard against ego and remember servant leadership..,"Not quite. practice nepotism is a plausible Chapter 11 distractor, but the better answer is beware the temptations of ego because new commanders must guard against ego and remember servant leadership.","Not quite. use attraction bias is a plausible Chapter 11 distractor, but the better answer is beware the temptations of ego because new commanders must guard against ego and remember servant leadership.","Not quite. avoid mission statements is a plausible Chapter 11 distractor, but the better answer is beware the temptations of ego because new commanders must guard against ego and remember servant leadership.",Correct. New commanders must guard against ego and remember servant leadership.,"Rank means service, not self-importance.","Review Learn to Lead Volume 3, Chapter 11, page(s) 99-100. Say the concept aloud, study the linked visual if available, then explain why each distractor is wrong.",Learn to Lead Volume 3: Indirect Leadership,99-100,ltl3_c11_first90,ch11_first_90_days.png,/assets/cap-visuals/ch11_first_90_days.png,approved,True,New Commander Challenges: The First 90 Days,New Commander Challenges: The First 90 Days study visual.,yes,True,high,close,original_textbook_grounded,Three Earhart Milestone Leadership exam forms used only as style/difficulty references; no milestone question copied,draft,LTL3-C11-Q007,50,LTL3_C11_100
LTL3-C11-Q009,Learn to Lead Volume 3,11,The Leader as Commander,LTL3-C11-F05,multiple_choice,direct_exam_style,medium,recall_understanding,"During the first 90 days of command, which action helps a leader understand morale, culture, strengths, and weaknesses?",assess unit health,ignore morale until later,focus only on uniforms,avoid setting goals,A,Assessing unit health helps the commander understand the starting point of the organization.,assess unit health is the best answer because assessing unit health helps the commander understand the starting point of the organization..,Correct. Assessing unit health helps the commander understand the starting point of the organization.,"Not quite. ignore morale until later is a plausible Chapter 11 distractor, but the better answer is assess unit health because assessing unit health helps the commander understand the starting point of the organization.","Not quite. focus only on uniforms is a plausible Chapter 11 distractor, but the better answer is assess unit health because assessing unit health helps the commander understand the starting point of the organization.","Not quite. avoid setting goals is a plausible Chapter 11 distractor, but the better answer is assess unit health because assessing unit health helps the commander understand the starting point of the organization.","Before you fix it, diagnose it.","Review Learn to Lead Volume 3, Chapter 11, page(s) 97-98. Say the concept aloud, study the linked visual if available, then explain why each distractor is wrong.",Learn to Lead Volume 3: Indirect Leadership,97-98,ltl3_c11_first90,ch11_first_90_days.png,/assets/cap-visuals/ch11_first_90_days.png,approved,True,New Commander Challenges: The First 90 Days,New Commander Challenges: The First 90 Days study visual.,yes,True,high,close,original_textbook_grounded,Three Earhart Milestone Leadership exam forms used only as style/difficulty references; no milestone question copied,draft,LTL3-C11-Q010,40,LTL3_C11_100
LTL3-C11-Q010,Learn to Lead Volume 3,11,The Leader as Commander,LTL3-C11-F05,multiple_choice,application_scenario,medium_hard,application,A cadet major wants a clear picture of how her squadron is really doing before she changes anything. Which first-90-days priority should she start with?,ignore morale until later,assess unit health,focus only on uniforms,avoid setting goals,B,Assessing unit health helps the commander understand the starting point of the organization.,assess unit health is the best answer because assessing unit health helps the commander understand the starting point of the organization..,"Not quite. ignore morale until later is a plausible Chapter 11 distractor, but the better answer is assess unit health because assessing unit health helps the commander understand the starting point of the organization.",Correct. Assessing unit health helps the commander understand the starting point of the organization.,"Not quite. focus only on uniforms is a plausible Chapter 11 distractor, but the better answer is assess unit health because assessing unit health helps the commander understand the starting point of the organization.","Not quite. avoid setting goals is a plausible Chapter 11 distractor, but the better answer is assess unit health because assessing unit health helps the commander understand the starting point of the organization.","Before you fix it, diagnose it.","Review Learn to Lead Volume 3, Chapter 11, page(s) 97-98. Say the concept aloud, study the linked visual if available, then explain why each distractor is wrong.",Learn to Lead Volume 3: Indirect Leadership,97-98,ltl3_c11_first90,ch11_first_90_days.png,/assets/cap-visuals/ch11_first_90_days.png,approved,True,New Commander Challenges: The First 90 Days,New Commander Challenges: The First 90 Days study visual.,yes,True,high,close,original_textbook_grounded,Three Earhart Milestone Leadership exam forms used only as style/difficulty references; no milestone question copied,draft,LTL3-C11-Q009,50,LTL3_C11_100
LTL3-C11-Q011,Learn to Lead Volume 3,11,The Leader as Commander,LTL3-C11-F06,multiple_choice,direct_exam_style,medium,recall_understanding,What term describes a leader’s concise expression of purpose and desired end state?,mission statement,job description,command intent,contingent reward,C,Command intent is the concise explanation of purpose and desired end state.,command intent is the best answer because command intent is the concise explanation of purpose and desired end state..,"Not quite. mission statement is a plausible Chapter 11 distractor, but the better answer is command intent because command intent is the concise explanation of purpose and desired end state.","Not quite. job description is a plausible Chapter 11 distractor, but the better answer is command intent because command intent is the concise explanation of purpose and desired end state.",Correct. Command intent is the concise explanation of purpose and desired end state.,"Not quite. contingent reward is a plausible Chapter 11 distractor, but the better answer is command intent because command intent is the concise explanation of purpose and desired end state.",Intent = the “why” behind the mission.,"Review Learn to Lead Volume 3, Chapter 11, page(s) 101. Say the concept aloud, study the linked visual if available, then explain why each distractor is wrong.",Learn to Lead Volume 3: Indirect Leadership,101,ltl3_c11_cmdintent,ch11_command_intent.png,/assets/cap-visuals/ch11_command_intent.png,approved,True,Command Intent,Command Intent study visual.,yes,True,high,close,original_textbook_grounded,Three Earhart Milestone Leadership exam forms used only as style/difficulty references; no milestone question copied,draft,LTL3-C11-Q012,40,LTL3_C11_100
LTL3-C11-Q012,Learn to Lead Volume 3,11,The Leader as Commander,LTL3-C11-F06,multiple_choice,application_scenario,medium_hard,application,A flight commander explains the purpose behind an operation so cadets know what success should look like even if conditions change. What has the commander communicated?,mission statement,job description,contingent reward,command intent,D,Command intent is the concise explanation of purpose and desired end state.,command intent is the best answer because command intent is the concise explanation of purpose and desired end state..,"Not quite. mission statement is a plausible Chapter 11 distractor, but the better answer is command intent because command intent is the concise explanation of purpose and desired end state.","Not quite. job description is a plausible Chapter 11 distractor, but the better answer is command intent because command intent is the concise explanation of purpose and desired end state.","Not quite. contingent reward is a plausible Chapter 11 distractor, but the better answer is command intent because command intent is the concise explanation of purpose and desired end state.",Correct. Command intent is the concise explanation of purpose and desired end state.,Intent = the “why” behind the mission.,"Review Learn to Lead Volume 3, Chapter 11, page(s) 101. Say the concept aloud, study the linked visual if available, then explain why each distractor is wrong.",Learn to Lead Volume 3: Indirect Leadership,101,ltl3_c11_cmdintent,ch11_command_intent.png,/assets/cap-visuals/ch11_command_intent.png,approved,True,Command Intent,Command Intent study visual.,yes,True,high,close,original_textbook_grounded,Three Earhart Milestone Leadership exam forms used only as style/difficulty references; no milestone question copied,draft,LTL3-C11-Q011,50,LTL3_C11_100
LTL3-C11-Q013,Learn to Lead Volume 3,11,The Leader as Commander,LTL3-C11-F07,multiple_choice,direct_exam_style,medium,recall_understanding,Which command-intent principle says a subordinate unit’s intent must nest within the purpose of the higher headquarters?,consistent with the higher commander’s intent,measurable achievement,halo effect,performance standard,A,Good command intent is consistent with the superior commander’s intent.,consistent with the higher commander’s intent is the best answer because good command intent is consistent with the superior commander’s intent..,Correct. Good command intent is consistent with the superior commander’s intent.,"Not quite. measurable achievement is a plausible Chapter 11 distractor, but the better answer is consistent with the higher commander’s intent because good command intent is consistent with the superior commander’s intent.","Not quite. halo effect is a plausible Chapter 11 distractor, but the better answer is consistent with the higher commander’s intent because good command intent is consistent with the superior commander’s intent.","Not quite. performance standard is a plausible Chapter 11 distractor, but the better answer is consistent with the higher commander’s intent because good command intent is consistent with the superior commander’s intent.",Lower intent must nest inside higher intent.,"Review Learn to Lead Volume 3, Chapter 11, page(s) 101-102. Say the concept aloud, study the linked visual if available, then explain why each distractor is wrong.",Learn to Lead Volume 3: Indirect Leadership,101-102,ltl3_c11_cmdintent,ch11_command_intent.png,/assets/cap-visuals/ch11_command_intent.png,approved,True,Command Intent,Command Intent study visual.,yes,True,high,close,original_textbook_grounded,Three Earhart Milestone Leadership exam forms used only as style/difficulty references; no milestone question copied,draft,LTL3-C11-Q014,40,LTL3_C11_100
LTL3-C11-Q014,Learn to Lead Volume 3,11,The Leader as Commander,LTL3-C11-F07,multiple_choice,application_scenario,medium_hard,application,A squadron commander writes guidance for a local activity that supports the wing commander’s bigger priorities. Which command-intent principle is this?,measurable achievement,consistent with the higher commander’s intent,halo effect,performance standard,B,Good command intent is consistent with the superior commander’s intent.,consistent with the higher commander’s intent is the best answer because good command intent is consistent with the superior commander’s intent..,"Not quite. measurable achievement is a plausible Chapter 11 distractor, but the better answer is consistent with the higher commander’s intent because good command intent is consistent with the superior commander’s intent.",Correct. Good command intent is consistent with the superior commander’s intent.,"Not quite. halo effect is a plausible Chapter 11 distractor, but the better answer is consistent with the higher commander’s intent because good command intent is consistent with the superior commander’s intent.","Not quite. performance standard is a plausible Chapter 11 distractor, but the better answer is consistent with the higher commander’s intent because good command intent is consistent with the superior commander’s intent.",Lower intent must nest inside higher intent.,"Review Learn to Lead Volume 3, Chapter 11, page(s) 101-102. Say the concept aloud, study the linked visual if available, then explain why each distractor is wrong.",Learn to Lead Volume 3: Indirect Leadership,101-102,ltl3_c11_cmdintent,ch11_command_intent.png,/assets/cap-visuals/ch11_command_intent.png,approved,True,Command Intent,Command Intent study visual.,yes,True,high,close,original_textbook_grounded,Three Earhart Milestone Leadership exam forms used only as style/difficulty references; no milestone question copied,draft,LTL3-C11-Q013,50,LTL3_C11_100
LTL3-C11-Q015,Learn to Lead Volume 3,11,The Leader as Commander,LTL3-C11-F08,multiple_choice,direct_exam_style,medium,recall_understanding,Which component of command intent gives followers the purpose behind the mission?,shows attraction bias,creates nepotism,explains why the mission matters,defines a résumé,C,A good command intent explains why the mission matters and gives the larger purpose.,explains why the mission matters is the best answer because a good command intent explains why the mission matters and gives the larger purpose..,"Not quite. shows attraction bias is a plausible Chapter 11 distractor, but the better answer is explains why the mission matters because a good command intent explains why the mission matters and gives the larger purpose.","Not quite. creates nepotism is a plausible Chapter 11 distractor, but the better answer is explains why the mission matters because a good command intent explains why the mission matters and gives the larger purpose.",Correct. A good command intent explains why the mission matters and gives the larger purpose.,"Not quite. defines a résumé is a plausible Chapter 11 distractor, but the better answer is explains why the mission matters because a good command intent explains why the mission matters and gives the larger purpose.","If people know the why, they can adapt the how.","Review Learn to Lead Volume 3, Chapter 11, page(s) 101-102. Say the concept aloud, study the linked visual if available, then explain why each distractor is wrong.",Learn to Lead Volume 3: Indirect Leadership,101-102,ltl3_c11_cmdintent,ch11_command_intent.png,/assets/cap-visuals/ch11_command_intent.png,approved,True,Command Intent,Command Intent study visual.,yes,True,high,close,original_textbook_grounded,Three Earhart Milestone Leadership exam forms used only as style/difficulty references; no milestone question copied,draft,LTL3-C11-Q016,40,LTL3_C11_100
LTL3-C11-Q016,Learn to Lead Volume 3,11,The Leader as Commander,LTL3-C11-F08,multiple_choice,application_scenario,medium_hard,application,"A leader tells the team not only what to do, but why the operation matters in the larger fight. Which command-intent component is she emphasizing?",shows attraction bias,creates nepotism,defines a résumé,explains why the mission matters,D,A good command intent explains why the mission matters and gives the larger purpose.,explains why the mission matters is the best answer because a good command intent explains why the mission matters and gives the larger purpose..,"Not quite. shows attraction bias is a plausible Chapter 11 distractor, but the better answer is explains why the mission matters because a good command intent explains why the mission matters and gives the larger purpose.","Not quite. creates nepotism is a plausible Chapter 11 distractor, but the better answer is explains why the mission matters because a good command intent explains why the mission matters and gives the larger purpose.","Not quite. defines a résumé is a plausible Chapter 11 distractor, but the better answer is explains why the mission matters because a good command intent explains why the mission matters and gives the larger purpose.",Correct. A good command intent explains why the mission matters and gives the larger purpose.,"If people know the why, they can adapt the how.","Review Learn to Lead Volume 3, Chapter 11, page(s) 101-102. Say the concept aloud, study the linked visual if available, then explain why each distractor is wrong.",Learn to Lead Volume 3: Indirect Leadership,101-102,ltl3_c11_cmdintent,ch11_command_intent.png,/assets/cap-visuals/ch11_command_intent.png,approved,True,Command Intent,Command Intent study visual.,yes,True,high,close,original_textbook_grounded,Three Earhart Milestone Leadership exam forms used only as style/difficulty references; no milestone question copied,draft,LTL3-C11-Q015,50,LTL3_C11_100
LTL3-C11-Q017,Learn to Lead Volume 3,11,The Leader as Commander,LTL3-C11-F09,multiple_choice,direct_exam_style,medium,recall_understanding,Which command-intent component tells subordinates what kinds of decisions they may make on their own?,scope of empowerment,prestige of command,logical sequencing,values statement,A,Scope of empowerment defines what subordinates are trusted and authorized to decide.,scope of empowerment is the best answer because scope of empowerment defines what subordinates are trusted and authorized to decide..,Correct. Scope of empowerment defines what subordinates are trusted and authorized to decide.,"Not quite. prestige of command is a plausible Chapter 11 distractor, but the better answer is scope of empowerment because scope of empowerment defines what subordinates are trusted and authorized to decide.","Not quite. logical sequencing is a plausible Chapter 11 distractor, but the better answer is scope of empowerment because scope of empowerment defines what subordinates are trusted and authorized to decide.","Not quite. values statement is a plausible Chapter 11 distractor, but the better answer is scope of empowerment because scope of empowerment defines what subordinates are trusted and authorized to decide.","Empowerment answers, “What can I decide?”","Review Learn to Lead Volume 3, Chapter 11, page(s) 101-102. Say the concept aloud, study the linked visual if available, then explain why each distractor is wrong.",Learn to Lead Volume 3: Indirect Leadership,101-102,ltl3_c11_cmdintent,ch11_command_intent.png,/assets/cap-visuals/ch11_command_intent.png,approved,True,Command Intent,Command Intent study visual.,yes,True,high,close,original_textbook_grounded,Three Earhart Milestone Leadership exam forms used only as style/difficulty references; no milestone question copied,draft,LTL3-C11-Q018,40,LTL3_C11_100
LTL3-C11-Q018,Learn to Lead Volume 3,11,The Leader as Commander,LTL3-C11-F09,multiple_choice,application_scenario,medium_hard,application,A commander explains which choices element leaders may make independently and which must be elevated. Which component of command intent is being clarified?,prestige of command,scope of empowerment,logical sequencing,values statement,B,Scope of empowerment defines what subordinates are trusted and authorized to decide.,scope of empowerment is the best answer because scope of empowerment defines what subordinates are trusted and authorized to decide..,"Not quite. prestige of command is a plausible Chapter 11 distractor, but the better answer is scope of empowerment because scope of empowerment defines what subordinates are trusted and authorized to decide.",Correct. Scope of empowerment defines what subordinates are trusted and authorized to decide.,"Not quite. logical sequencing is a plausible Chapter 11 distractor, but the better answer is scope of empowerment because scope of empowerment defines what subordinates are trusted and authorized to decide.","Not quite. values statement is a plausible Chapter 11 distractor, but the better answer is scope of empowerment because scope of empowerment defines what subordinates are trusted and authorized to decide.","Empowerment answers, “What can I decide?”","Review Learn to Lead Volume 3, Chapter 11, page(s) 101-102. Say the concept aloud, study the linked visual if available, then explain why each distractor is wrong.",Learn to Lead Volume 3: Indirect Leadership,101-102,ltl3_c11_cmdintent,ch11_command_intent.png,/assets/cap-visuals/ch11_command_intent.png,approved,True,Command Intent,Command Intent study visual.,yes,True,high,close,original_textbook_grounded,Three Earhart Milestone Leadership exam forms used only as style/difficulty references; no milestone question copied,draft,LTL3-C11-Q017,50,LTL3_C11_100
LTL3-C11-Q019,Learn to Lead Volume 3,11,The Leader as Commander,LTL3-C11-F10,multiple_choice,direct_exam_style,medium,recall_understanding,"Which method of communicating command intent is especially useful when the message is complex and needs a precise, enduring reference?",attraction bias,nepotism,formal speech or written document,passive management by exception,C,A formal speech or written document communicates command intent precisely and provides a lasting reference.,formal speech or written document is the best answer because a formal speech or written document communicates command intent precisely and provides a lasting reference..,"Not quite. attraction bias is a plausible Chapter 11 distractor, but the better answer is formal speech or written document because a formal speech or written document communicates command intent precisely and provides a lasting reference.","Not quite. nepotism is a plausible Chapter 11 distractor, but the better answer is formal speech or written document because a formal speech or written document communicates command intent precisely and provides a lasting reference.",Correct. A formal speech or written document communicates command intent precisely and provides a lasting reference.,"Not quite. passive management by exception is a plausible Chapter 11 distractor, but the better answer is formal speech or written document because a formal speech or written document communicates command intent precisely and provides a lasting reference.",Complex intent often belongs in writing.,"Review Learn to Lead Volume 3, Chapter 11, page(s) 101-102. Say the concept aloud, study the linked visual if available, then explain why each distractor is wrong.",Learn to Lead Volume 3: Indirect Leadership,101-102,ltl3_c11_cmdintent,ch11_command_intent.png,/assets/cap-visuals/ch11_command_intent.png,approved,True,Command Intent,Command Intent study visual.,yes,True,high,close,original_textbook_grounded,Three Earhart Milestone Leadership exam forms used only as style/difficulty references; no milestone question copied,draft,LTL3-C11-Q020,40,LTL3_C11_100
LTL3-C11-Q020,Learn to Lead Volume 3,11,The Leader as Commander,LTL3-C11-F10,multiple_choice,application_scenario,medium_hard,application,A commander wants the unit to be able to review the guidance later and avoid misunderstanding. Which communication method is most suitable?,attraction bias,nepotism,passive management by exception,formal speech or written document,D,A formal speech or written document communicates command intent precisely and provides a lasting reference.,formal speech or written document is the best answer because a formal speech or written document communicates command intent precisely and provides a lasting reference..,"Not quite. attraction bias is a plausible Chapter 11 distractor, but the better answer is formal speech or written document because a formal speech or written document communicates command intent precisely and provides a lasting reference.","Not quite. nepotism is a plausible Chapter 11 distractor, but the better answer is formal speech or written document because a formal speech or written document communicates command intent precisely and provides a lasting reference.","Not quite. passive management by exception is a plausible Chapter 11 distractor, but the better answer is formal speech or written document because a formal speech or written document communicates command intent precisely and provides a lasting reference.",Correct. A formal speech or written document communicates command intent precisely and provides a lasting reference.,Complex intent often belongs in writing.,"Review Learn to Lead Volume 3, Chapter 11, page(s) 101-102. Say the concept aloud, study the linked visual if available, then explain why each distractor is wrong.",Learn to Lead Volume 3: Indirect Leadership,101-102,ltl3_c11_cmdintent,ch11_command_intent.png,/assets/cap-visuals/ch11_command_intent.png,approved,True,Command Intent,Command Intent study visual.,yes,True,high,close,original_textbook_grounded,Three Earhart Milestone Leadership exam forms used only as style/difficulty references; no milestone question copied,draft,LTL3-C11-Q019,50,LTL3_C11_100
LTL3-C11-Q021,Learn to Lead Volume 3,11,The Leader as Commander,LTL3-C11-F11,multiple_choice,direct_exam_style,medium,recall_understanding,Why is an order such as “Take the bridge” incomplete if the bridge may no longer exist when troops arrive?,command intent,trade-off analysis,mission statement,impressive references,A,Command intent helps followers adapt when circumstances change unexpectedly.,command intent is the best answer because command intent helps followers adapt when circumstances change unexpectedly..,Correct. Command intent helps followers adapt when circumstances change unexpectedly.,"Not quite. trade-off analysis is a plausible Chapter 11 distractor, but the better answer is command intent because command intent helps followers adapt when circumstances change unexpectedly.","Not quite. mission statement is a plausible Chapter 11 distractor, but the better answer is command intent because command intent helps followers adapt when circumstances change unexpectedly.","Not quite. impressive references is a plausible Chapter 11 distractor, but the better answer is command intent because command intent helps followers adapt when circumstances change unexpectedly.","When the plan breaks, intent still points the way.","Review Learn to Lead Volume 3, Chapter 11, page(s) 101-102. Say the concept aloud, study the linked visual if available, then explain why each distractor is wrong.",Learn to Lead Volume 3: Indirect Leadership,101-102,ltl3_c11_cmdintent,ch11_command_intent.png,/assets/cap-visuals/ch11_command_intent.png,approved,True,Command Intent,Command Intent study visual.,yes,True,high,close,original_textbook_grounded,Three Earhart Milestone Leadership exam forms used only as style/difficulty references; no milestone question copied,draft,LTL3-C11-Q022,40,LTL3_C11_100
LTL3-C11-Q022,Learn to Lead Volume 3,11,The Leader as Commander,LTL3-C11-F11,multiple_choice,application_scenario,medium_hard,application,A team reaches the objective only to discover the bridge has already been destroyed. Which Chapter 11 concept helps them adapt without waiting helplessly?,trade-off analysis,command intent,mission statement,impressive references,B,Command intent helps followers adapt when circumstances change unexpectedly.,command intent is the best answer because command intent helps followers adapt when circumstances change unexpectedly..,"Not quite. trade-off analysis is a plausible Chapter 11 distractor, but the better answer is command intent because command intent helps followers adapt when circumstances change unexpectedly.",Correct. Command intent helps followers adapt when circumstances change unexpectedly.,"Not quite. mission statement is a plausible Chapter 11 distractor, but the better answer is command intent because command intent helps followers adapt when circumstances change unexpectedly.","Not quite. impressive references is a plausible Chapter 11 distractor, but the better answer is command intent because command intent helps followers adapt when circumstances change unexpectedly.","When the plan breaks, intent still points the way.","Review Learn to Lead Volume 3, Chapter 11, page(s) 101-102. Say the concept aloud, study the linked visual if available, then explain why each distractor is wrong.",Learn to Lead Volume 3: Indirect Leadership,101-102,ltl3_c11_cmdintent,ch11_command_intent.png,/assets/cap-visuals/ch11_command_intent.png,approved,True,Command Intent,Command Intent study visual.,yes,True,high,close,original_textbook_grounded,Three Earhart Milestone Leadership exam forms used only as style/difficulty references; no milestone question copied,draft,LTL3-C11-Q021,50,LTL3_C11_100
LTL3-C11-Q023,Learn to Lead Volume 3,11,The Leader as Commander,LTL3-C11-F12,multiple_choice,direct_exam_style,medium,recall_understanding,"When several agencies or nations work together and no single person is clearly in command, what should leaders do about intent?",wait for orders forever,avoid stakeholder input,participants build a shared understanding of intent,use laissez-faire leadership,C,"In a coalition, leaders work together to build a shared understanding of intent.","participants build a shared understanding of intent is the best answer because in a coalition, leaders work together to build a shared understanding of intent..","Not quite. wait for orders forever is a plausible Chapter 11 distractor, but the better answer is participants build a shared understanding of intent because in a coalition, leaders work together to build a shared understanding of intent.","Not quite. avoid stakeholder input is a plausible Chapter 11 distractor, but the better answer is participants build a shared understanding of intent because in a coalition, leaders work together to build a shared understanding of intent.","Correct. In a coalition, leaders work together to build a shared understanding of intent.","Not quite. use laissez-faire leadership is a plausible Chapter 11 distractor, but the better answer is participants build a shared understanding of intent because in a coalition, leaders work together to build a shared understanding of intent.",No single boss? Build shared purpose.,"Review Learn to Lead Volume 3, Chapter 11, page(s) 102. Say the concept aloud, study the linked visual if available, then explain why each distractor is wrong.",Learn to Lead Volume 3: Indirect Leadership,102,ltl3_c11_cmdintent,ch11_command_intent.png,/assets/cap-visuals/ch11_command_intent.png,approved,True,Command Intent,Command Intent study visual.,yes,True,high,close,original_textbook_grounded,Three Earhart Milestone Leadership exam forms used only as style/difficulty references; no milestone question copied,draft,LTL3-C11-Q024,40,LTL3_C11_100
LTL3-C11-Q024,Learn to Lead Volume 3,11,The Leader as Commander,LTL3-C11-F12,multiple_choice,application_scenario,medium_hard,application,"During a joint relief effort, multiple groups must act together even though no one person controls everyone. According to Chapter 11, what is the best approach?",wait for orders forever,avoid stakeholder input,use laissez-faire leadership,participants build a shared understanding of intent,D,"In a coalition, leaders work together to build a shared understanding of intent.","participants build a shared understanding of intent is the best answer because in a coalition, leaders work together to build a shared understanding of intent..","Not quite. wait for orders forever is a plausible Chapter 11 distractor, but the better answer is participants build a shared understanding of intent because in a coalition, leaders work together to build a shared understanding of intent.","Not quite. avoid stakeholder input is a plausible Chapter 11 distractor, but the better answer is participants build a shared understanding of intent because in a coalition, leaders work together to build a shared understanding of intent.","Not quite. use laissez-faire leadership is a plausible Chapter 11 distractor, but the better answer is participants build a shared understanding of intent because in a coalition, leaders work together to build a shared understanding of intent.","Correct. In a coalition, leaders work together to build a shared understanding of intent.",No single boss? Build shared purpose.,"Review Learn to Lead Volume 3, Chapter 11, page(s) 102. Say the concept aloud, study the linked visual if available, then explain why each distractor is wrong.",Learn to Lead Volume 3: Indirect Leadership,102,ltl3_c11_cmdintent,ch11_command_intent.png,/assets/cap-visuals/ch11_command_intent.png,approved,True,Command Intent,Command Intent study visual.,yes,True,high,close,original_textbook_grounded,Three Earhart Milestone Leadership exam forms used only as style/difficulty references; no milestone question copied,draft,LTL3-C11-Q023,50,LTL3_C11_100
LTL3-C11-Q025,Learn to Lead Volume 3,11,The Leader as Commander,LTL3-C11-F13,multiple_choice,direct_exam_style,medium,recall_understanding,"What is the clear, concise expression of an organization’s purpose—why it exists, whom it serves, and what it does?",mission statement,command intent,performance standard,job description,A,A mission statement expresses why the organization exists and what it aims to do.,mission statement is the best answer because a mission statement expresses why the organization exists and what it aims to do..,Correct. A mission statement expresses why the organization exists and what it aims to do.,"Not quite. command intent is a plausible Chapter 11 distractor, but the better answer is mission statement because a mission statement expresses why the organization exists and what it aims to do.","Not quite. performance standard is a plausible Chapter 11 distractor, but the better answer is mission statement because a mission statement expresses why the organization exists and what it aims to do.","Not quite. job description is a plausible Chapter 11 distractor, but the better answer is mission statement because a mission statement expresses why the organization exists and what it aims to do.",Mission = reason for being.,"Review Learn to Lead Volume 3, Chapter 11, page(s) 103-104. Say the concept aloud, study the linked visual if available, then explain why each distractor is wrong.",Learn to Lead Volume 3: Indirect Leadership,103-104,ltl3_c11_mission,ch11_mission_statement.png,/assets/cap-visuals/ch11_mission_statement.png,approved,True,Developing the Mission Statement,Developing the Mission Statement study visual.,yes,True,high,close,original_textbook_grounded,Three Earhart Milestone Leadership exam forms used only as style/difficulty references; no milestone question copied,draft,LTL3-C11-Q026,40,LTL3_C11_100
LTL3-C11-Q026,Learn to Lead Volume 3,11,The Leader as Commander,LTL3-C11-F13,multiple_choice,application_scenario,medium_hard,application,A unit wants a short statement that defines its purpose and inspires members around a common reason for existing. What should it develop?,command intent,mission statement,performance standard,job description,B,A mission statement expresses why the organization exists and what it aims to do.,mission statement is the best answer because a mission statement expresses why the organization exists and what it aims to do..,"Not quite. command intent is a plausible Chapter 11 distractor, but the better answer is mission statement because a mission statement expresses why the organization exists and what it aims to do.",Correct. A mission statement expresses why the organization exists and what it aims to do.,"Not quite. performance standard is a plausible Chapter 11 distractor, but the better answer is mission statement because a mission statement expresses why the organization exists and what it aims to do.","Not quite. job description is a plausible Chapter 11 distractor, but the better answer is mission statement because a mission statement expresses why the organization exists and what it aims to do.",Mission = reason for being.,"Review Learn to Lead Volume 3, Chapter 11, page(s) 103-104. Say the concept aloud, study the linked visual if available, then explain why each distractor is wrong.",Learn to Lead Volume 3: Indirect Leadership,103-104,ltl3_c11_mission,ch11_mission_statement.png,/assets/cap-visuals/ch11_mission_statement.png,approved,True,Developing the Mission Statement,Developing the Mission Statement study visual.,yes,True,high,close,original_textbook_grounded,Three Earhart Milestone Leadership exam forms used only as style/difficulty references; no milestone question copied,draft,LTL3-C11-Q025,50,LTL3_C11_100
LTL3-C11-Q027,Learn to Lead Volume 3,11,The Leader as Commander,LTL3-C11-F14,multiple_choice,direct_exam_style,medium,recall_understanding,"Which mission-statement component answers the high-minded question, “Why are we here?”",situational question,attraction bias,overarching reason for being,scope of empowerment,C,An overarching reason for being gives the high-minded purpose behind the organization.,overarching reason for being is the best answer because an overarching reason for being gives the high-minded purpose behind the organization..,"Not quite. situational question is a plausible Chapter 11 distractor, but the better answer is overarching reason for being because an overarching reason for being gives the high-minded purpose behind the organization.","Not quite. attraction bias is a plausible Chapter 11 distractor, but the better answer is overarching reason for being because an overarching reason for being gives the high-minded purpose behind the organization.",Correct. An overarching reason for being gives the high-minded purpose behind the organization.,"Not quite. scope of empowerment is a plausible Chapter 11 distractor, but the better answer is overarching reason for being because an overarching reason for being gives the high-minded purpose behind the organization.",Mission starts with meaning.,"Review Learn to Lead Volume 3, Chapter 11, page(s) 103-104. Say the concept aloud, study the linked visual if available, then explain why each distractor is wrong.",Learn to Lead Volume 3: Indirect Leadership,103-104,ltl3_c11_mission,ch11_mission_statement.png,/assets/cap-visuals/ch11_mission_statement.png,approved,True,Developing the Mission Statement,Developing the Mission Statement study visual.,yes,True,high,close,original_textbook_grounded,Three Earhart Milestone Leadership exam forms used only as style/difficulty references; no milestone question copied,draft,LTL3-C11-Q028,40,LTL3_C11_100
LTL3-C11-Q028,Learn to Lead Volume 3,11,The Leader as Commander,LTL3-C11-F14,multiple_choice,application_scenario,medium_hard,application,A cadet staff wants its mission statement to show more than “run activities.” It wants to explain the deeper purpose of the program. Which component is needed?,situational question,attraction bias,scope of empowerment,overarching reason for being,D,An overarching reason for being gives the high-minded purpose behind the organization.,overarching reason for being is the best answer because an overarching reason for being gives the high-minded purpose behind the organization..,"Not quite. situational question is a plausible Chapter 11 distractor, but the better answer is overarching reason for being because an overarching reason for being gives the high-minded purpose behind the organization.","Not quite. attraction bias is a plausible Chapter 11 distractor, but the better answer is overarching reason for being because an overarching reason for being gives the high-minded purpose behind the organization.","Not quite. scope of empowerment is a plausible Chapter 11 distractor, but the better answer is overarching reason for being because an overarching reason for being gives the high-minded purpose behind the organization.",Correct. An overarching reason for being gives the high-minded purpose behind the organization.,Mission starts with meaning.,"Review Learn to Lead Volume 3, Chapter 11, page(s) 103-104. Say the concept aloud, study the linked visual if available, then explain why each distractor is wrong.",Learn to Lead Volume 3: Indirect Leadership,103-104,ltl3_c11_mission,ch11_mission_statement.png,/assets/cap-visuals/ch11_mission_statement.png,approved,True,Developing the Mission Statement,Developing the Mission Statement study visual.,yes,True,high,close,original_textbook_grounded,Three Earhart Milestone Leadership exam forms used only as style/difficulty references; no milestone question copied,draft,LTL3-C11-Q027,50,LTL3_C11_100
LTL3-C11-Q029,Learn to Lead Volume 3,11,The Leader as Commander,LTL3-C11-F15,multiple_choice,direct_exam_style,medium,recall_understanding,Which mission-statement component helps people see how their personal goals connect with the organization’s work?,human connection,idealized influence,passive management by exception,nepotism,A,Human connection links the mission to the real people who carry it out and benefit from it.,human connection is the best answer because human connection links the mission to the real people who carry it out and benefit from it..,Correct. Human connection links the mission to the real people who carry it out and benefit from it.,"Not quite. idealized influence is a plausible Chapter 11 distractor, but the better answer is human connection because human connection links the mission to the real people who carry it out and benefit from it.","Not quite. passive management by exception is a plausible Chapter 11 distractor, but the better answer is human connection because human connection links the mission to the real people who carry it out and benefit from it.","Not quite. nepotism is a plausible Chapter 11 distractor, but the better answer is human connection because human connection links the mission to the real people who carry it out and benefit from it.","A mission should sound human, not mechanical.","Review Learn to Lead Volume 3, Chapter 11, page(s) 104. Say the concept aloud, study the linked visual if available, then explain why each distractor is wrong.",Learn to Lead Volume 3: Indirect Leadership,104,ltl3_c11_mission,ch11_mission_statement.png,/assets/cap-visuals/ch11_mission_statement.png,approved,True,Developing the Mission Statement,Developing the Mission Statement study visual.,yes,True,high,close,original_textbook_grounded,Three Earhart Milestone Leadership exam forms used only as style/difficulty references; no milestone question copied,draft,LTL3-C11-Q030,40,LTL3_C11_100
LTL3-C11-Q030,Learn to Lead Volume 3,11,The Leader as Commander,LTL3-C11-F15,multiple_choice,application_scenario,medium_hard,application,A mission statement motivates members because they can imagine themselves in the work and see how they matter. Which component is this?,idealized influence,human connection,passive management by exception,nepotism,B,Human connection links the mission to the real people who carry it out and benefit from it.,human connection is the best answer because human connection links the mission to the real people who carry it out and benefit from it..,"Not quite. idealized influence is a plausible Chapter 11 distractor, but the better answer is human connection because human connection links the mission to the real people who carry it out and benefit from it.",Correct. Human connection links the mission to the real people who carry it out and benefit from it.,"Not quite. passive management by exception is a plausible Chapter 11 distractor, but the better answer is human connection because human connection links the mission to the real people who carry it out and benefit from it.","Not quite. nepotism is a plausible Chapter 11 distractor, but the better answer is human connection because human connection links the mission to the real people who carry it out and benefit from it.","A mission should sound human, not mechanical.","Review Learn to Lead Volume 3, Chapter 11, page(s) 104. Say the concept aloud, study the linked visual if available, then explain why each distractor is wrong.",Learn to Lead Volume 3: Indirect Leadership,104,ltl3_c11_mission,ch11_mission_statement.png,/assets/cap-visuals/ch11_mission_statement.png,approved,True,Developing the Mission Statement,Developing the Mission Statement study visual.,yes,True,high,close,original_textbook_grounded,Three Earhart Milestone Leadership exam forms used only as style/difficulty references; no milestone question copied,draft,LTL3-C11-Q029,50,LTL3_C11_100
LTL3-C11-Q031,Learn to Lead Volume 3,11,The Leader as Commander,LTL3-C11-F16,multiple_choice,direct_exam_style,medium,recall_understanding,Which mission-statement component helps an organization judge whether it is actually succeeding?,human capital,prestige,measurable achievement,contingent reward,C,Measurable achievement gives the organization a way to gauge whether it is fulfilling the mission.,measurable achievement is the best answer because measurable achievement gives the organization a way to gauge whether it is fulfilling the mission..,"Not quite. human capital is a plausible Chapter 11 distractor, but the better answer is measurable achievement because measurable achievement gives the organization a way to gauge whether it is fulfilling the mission.","Not quite. prestige is a plausible Chapter 11 distractor, but the better answer is measurable achievement because measurable achievement gives the organization a way to gauge whether it is fulfilling the mission.",Correct. Measurable achievement gives the organization a way to gauge whether it is fulfilling the mission.,"Not quite. contingent reward is a plausible Chapter 11 distractor, but the better answer is measurable achievement because measurable achievement gives the organization a way to gauge whether it is fulfilling the mission.","If success can’t be seen, the mission is too fuzzy.","Review Learn to Lead Volume 3, Chapter 11, page(s) 104-105. Say the concept aloud, study the linked visual if available, then explain why each distractor is wrong.",Learn to Lead Volume 3: Indirect Leadership,104-105,ltl3_c11_mission,ch11_mission_statement.png,/assets/cap-visuals/ch11_mission_statement.png,approved,True,Developing the Mission Statement,Developing the Mission Statement study visual.,yes,True,high,close,original_textbook_grounded,Three Earhart Milestone Leadership exam forms used only as style/difficulty references; no milestone question copied,draft,LTL3-C11-Q032,40,LTL3_C11_100
LTL3-C11-Q032,Learn to Lead Volume 3,11,The Leader as Commander,LTL3-C11-F16,multiple_choice,application_scenario,medium_hard,application,A squadron wants a mission statement that can serve as a yardstick for success. Which component must be present?,human capital,prestige,contingent reward,measurable achievement,D,Measurable achievement gives the organization a way to gauge whether it is fulfilling the mission.,measurable achievement is the best answer because measurable achievement gives the organization a way to gauge whether it is fulfilling the mission..,"Not quite. human capital is a plausible Chapter 11 distractor, but the better answer is measurable achievement because measurable achievement gives the organization a way to gauge whether it is fulfilling the mission.","Not quite. prestige is a plausible Chapter 11 distractor, but the better answer is measurable achievement because measurable achievement gives the organization a way to gauge whether it is fulfilling the mission.","Not quite. contingent reward is a plausible Chapter 11 distractor, but the better answer is measurable achievement because measurable achievement gives the organization a way to gauge whether it is fulfilling the mission.",Correct. Measurable achievement gives the organization a way to gauge whether it is fulfilling the mission.,"If success can’t be seen, the mission is too fuzzy.","Review Learn to Lead Volume 3, Chapter 11, page(s) 104-105. Say the concept aloud, study the linked visual if available, then explain why each distractor is wrong.",Learn to Lead Volume 3: Indirect Leadership,104-105,ltl3_c11_mission,ch11_mission_statement.png,/assets/cap-visuals/ch11_mission_statement.png,approved,True,Developing the Mission Statement,Developing the Mission Statement study visual.,yes,True,high,close,original_textbook_grounded,Three Earhart Milestone Leadership exam forms used only as style/difficulty references; no milestone question copied,draft,LTL3-C11-Q031,50,LTL3_C11_100
LTL3-C11-Q033,Learn to Lead Volume 3,11,The Leader as Commander,LTL3-C11-F17,multiple_choice,direct_exam_style,medium,recall_understanding,What is the first leadership principle Chapter 11 emphasizes for building a mission statement?,involve the troops,keep the process top-secret,avoid feedback,copy another unit word-for-word,A,Leaders should involve the troops so the mission statement reflects shared thinking and gains commitment.,involve the troops is the best answer because leaders should involve the troops so the mission statement reflects shared thinking and gains commitment..,Correct. Leaders should involve the troops so the mission statement reflects shared thinking and gains commitment.,"Not quite. keep the process top-secret is a plausible Chapter 11 distractor, but the better answer is involve the troops because leaders should involve the troops so the mission statement reflects shared thinking and gains commitment.","Not quite. avoid feedback is a plausible Chapter 11 distractor, but the better answer is involve the troops because leaders should involve the troops so the mission statement reflects shared thinking and gains commitment.","Not quite. copy another unit word-for-word is a plausible Chapter 11 distractor, but the better answer is involve the troops because leaders should involve the troops so the mission statement reflects shared thinking and gains commitment.",People support what they help create.,"Review Learn to Lead Volume 3, Chapter 11, page(s) 105. Say the concept aloud, study the linked visual if available, then explain why each distractor is wrong.",Learn to Lead Volume 3: Indirect Leadership,105,ltl3_c11_mission,ch11_mission_statement.png,/assets/cap-visuals/ch11_mission_statement.png,approved,True,Developing the Mission Statement,Developing the Mission Statement study visual.,yes,True,high,close,original_textbook_grounded,Three Earhart Milestone Leadership exam forms used only as style/difficulty references; no milestone question copied,draft,LTL3-C11-Q034,40,LTL3_C11_100
LTL3-C11-Q034,Learn to Lead Volume 3,11,The Leader as Commander,LTL3-C11-F17,multiple_choice,application_scenario,medium_hard,application,A commander wants members to commit to a new mission statement rather than ignore it as empty words. What should she do?,keep the process top-secret,involve the troops,avoid feedback,copy another unit word-for-word,B,Leaders should involve the troops so the mission statement reflects shared thinking and gains commitment.,involve the troops is the best answer because leaders should involve the troops so the mission statement reflects shared thinking and gains commitment..,"Not quite. keep the process top-secret is a plausible Chapter 11 distractor, but the better answer is involve the troops because leaders should involve the troops so the mission statement reflects shared thinking and gains commitment.",Correct. Leaders should involve the troops so the mission statement reflects shared thinking and gains commitment.,"Not quite. avoid feedback is a plausible Chapter 11 distractor, but the better answer is involve the troops because leaders should involve the troops so the mission statement reflects shared thinking and gains commitment.","Not quite. copy another unit word-for-word is a plausible Chapter 11 distractor, but the better answer is involve the troops because leaders should involve the troops so the mission statement reflects shared thinking and gains commitment.",People support what they help create.,"Review Learn to Lead Volume 3, Chapter 11, page(s) 105. Say the concept aloud, study the linked visual if available, then explain why each distractor is wrong.",Learn to Lead Volume 3: Indirect Leadership,105,ltl3_c11_mission,ch11_mission_statement.png,/assets/cap-visuals/ch11_mission_statement.png,approved,True,Developing the Mission Statement,Developing the Mission Statement study visual.,yes,True,high,close,original_textbook_grounded,Three Earhart Milestone Leadership exam forms used only as style/difficulty references; no milestone question copied,draft,LTL3-C11-Q033,50,LTL3_C11_100
LTL3-C11-Q035,Learn to Lead Volume 3,11,The Leader as Commander,LTL3-C11-F18,multiple_choice,direct_exam_style,medium,recall_understanding,What term refers to the people or groups who have a direct or indirect interest in an organization’s success?,laissez-faire leaders,job applicants,stakeholders,trade-offs,C,Stakeholders are the people or groups who are affected by the organization and judge its success.,stakeholders is the best answer because stakeholders are the people or groups who are affected by the organization and judge its success..,"Not quite. laissez-faire leaders is a plausible Chapter 11 distractor, but the better answer is stakeholders because stakeholders are the people or groups who are affected by the organization and judge its success.","Not quite. job applicants is a plausible Chapter 11 distractor, but the better answer is stakeholders because stakeholders are the people or groups who are affected by the organization and judge its success.",Correct. Stakeholders are the people or groups who are affected by the organization and judge its success.,"Not quite. trade-offs is a plausible Chapter 11 distractor, but the better answer is stakeholders because stakeholders are the people or groups who are affected by the organization and judge its success.",Stakeholders have a stake in the mission.,"Review Learn to Lead Volume 3, Chapter 11, page(s) 105. Say the concept aloud, study the linked visual if available, then explain why each distractor is wrong.",Learn to Lead Volume 3: Indirect Leadership,105,ltl3_c11_stakeholders,ch11_stakeholders_alignment.png,/assets/cap-visuals/ch11_stakeholders_alignment.png,approved,True,Stakeholders and Mission Alignment,Stakeholders and Mission Alignment study visual.,yes,True,high,close,original_textbook_grounded,Three Earhart Milestone Leadership exam forms used only as style/difficulty references; no milestone question copied,draft,LTL3-C11-Q036,40,LTL3_C11_100
LTL3-C11-Q036,Learn to Lead Volume 3,11,The Leader as Commander,LTL3-C11-F18,multiple_choice,application_scenario,medium_hard,application,"A cadet staff lists parents, schools, the Air Force, donors, volunteers, and cadets when shaping its mission. What broad category do these groups represent?",laissez-faire leaders,job applicants,trade-offs,stakeholders,D,Stakeholders are the people or groups who are affected by the organization and judge its success.,stakeholders is the best answer because stakeholders are the people or groups who are affected by the organization and judge its success..,"Not quite. laissez-faire leaders is a plausible Chapter 11 distractor, but the better answer is stakeholders because stakeholders are the people or groups who are affected by the organization and judge its success.","Not quite. job applicants is a plausible Chapter 11 distractor, but the better answer is stakeholders because stakeholders are the people or groups who are affected by the organization and judge its success.","Not quite. trade-offs is a plausible Chapter 11 distractor, but the better answer is stakeholders because stakeholders are the people or groups who are affected by the organization and judge its success.",Correct. Stakeholders are the people or groups who are affected by the organization and judge its success.,Stakeholders have a stake in the mission.,"Review Learn to Lead Volume 3, Chapter 11, page(s) 105. Say the concept aloud, study the linked visual if available, then explain why each distractor is wrong.",Learn to Lead Volume 3: Indirect Leadership,105,ltl3_c11_stakeholders,ch11_stakeholders_alignment.png,/assets/cap-visuals/ch11_stakeholders_alignment.png,approved,True,Stakeholders and Mission Alignment,Stakeholders and Mission Alignment study visual.,yes,True,high,close,original_textbook_grounded,Three Earhart Milestone Leadership exam forms used only as style/difficulty references; no milestone question copied,draft,LTL3-C11-Q035,50,LTL3_C11_100
LTL3-C11-Q037,Learn to Lead Volume 3,11,The Leader as Commander,LTL3-C11-F19,multiple_choice,direct_exam_style,medium,recall_understanding,Which reflective question helps an organization look beyond its activities to the deeper needs it exists to serve?,What basic needs do we exist to meet?,Who gave us the highest budget?,Which member is most popular?,What perks can leaders receive?,A,Leaders should ask what basic needs the organization exists to meet.,What basic needs do we exist to meet? is the best answer because leaders should ask what basic needs the organization exists to meet..,Correct. Leaders should ask what basic needs the organization exists to meet.,"Not quite. Who gave us the highest budget? is a plausible Chapter 11 distractor, but the better answer is What basic needs do we exist to meet? because leaders should ask what basic needs the organization exists to meet.","Not quite. Which member is most popular? is a plausible Chapter 11 distractor, but the better answer is What basic needs do we exist to meet? because leaders should ask what basic needs the organization exists to meet.","Not quite. What perks can leaders receive? is a plausible Chapter 11 distractor, but the better answer is What basic needs do we exist to meet? because leaders should ask what basic needs the organization exists to meet.",Activities are means; needs are the mission.,"Review Learn to Lead Volume 3, Chapter 11, page(s) 106. Say the concept aloud, study the linked visual if available, then explain why each distractor is wrong.",Learn to Lead Volume 3: Indirect Leadership,106,ltl3_c11_stakeholders,ch11_stakeholders_alignment.png,/assets/cap-visuals/ch11_stakeholders_alignment.png,approved,True,Stakeholders and Mission Alignment,Stakeholders and Mission Alignment study visual.,yes,True,high,close,original_textbook_grounded,Three Earhart Milestone Leadership exam forms used only as style/difficulty references; no milestone question copied,draft,LTL3-C11-Q038,40,LTL3_C11_100
LTL3-C11-Q038,Learn to Lead Volume 3,11,The Leader as Commander,LTL3-C11-F19,multiple_choice,application_scenario,medium_hard,application,"A cadet staff realizes that flying, PT, and drill are not ends in themselves. Which mission-building question will help them identify the deeper purpose behind those activities?",Who gave us the highest budget?,What basic needs do we exist to meet?,Which member is most popular?,What perks can leaders receive?,B,Leaders should ask what basic needs the organization exists to meet.,What basic needs do we exist to meet? is the best answer because leaders should ask what basic needs the organization exists to meet..,"Not quite. Who gave us the highest budget? is a plausible Chapter 11 distractor, but the better answer is What basic needs do we exist to meet? because leaders should ask what basic needs the organization exists to meet.",Correct. Leaders should ask what basic needs the organization exists to meet.,"Not quite. Which member is most popular? is a plausible Chapter 11 distractor, but the better answer is What basic needs do we exist to meet? because leaders should ask what basic needs the organization exists to meet.","Not quite. What perks can leaders receive? is a plausible Chapter 11 distractor, but the better answer is What basic needs do we exist to meet? because leaders should ask what basic needs the organization exists to meet.",Activities are means; needs are the mission.,"Review Learn to Lead Volume 3, Chapter 11, page(s) 106. Say the concept aloud, study the linked visual if available, then explain why each distractor is wrong.",Learn to Lead Volume 3: Indirect Leadership,106,ltl3_c11_stakeholders,ch11_stakeholders_alignment.png,/assets/cap-visuals/ch11_stakeholders_alignment.png,approved,True,Stakeholders and Mission Alignment,Stakeholders and Mission Alignment study visual.,yes,True,high,close,original_textbook_grounded,Three Earhart Milestone Leadership exam forms used only as style/difficulty references; no milestone question copied,draft,LTL3-C11-Q037,50,LTL3_C11_100
LTL3-C11-Q039,Learn to Lead Volume 3,11,The Leader as Commander,LTL3-C11-F20,multiple_choice,direct_exam_style,medium,recall_understanding,Which reflective question helps an organization distinguish itself from similar groups?,How can we copy competitors exactly?,Who can be fired first?,What makes us unique?,What unrelated hobbies do people have?,C,Asking what makes the organization unique helps define its distinct identity and contribution.,What makes us unique? is the best answer because asking what makes the organization unique helps define its distinct identity and contribution..,"Not quite. How can we copy competitors exactly? is a plausible Chapter 11 distractor, but the better answer is What makes us unique? because asking what makes the organization unique helps define its distinct identity and contribution.","Not quite. Who can be fired first? is a plausible Chapter 11 distractor, but the better answer is What makes us unique? because asking what makes the organization unique helps define its distinct identity and contribution.",Correct. Asking what makes the organization unique helps define its distinct identity and contribution.,"Not quite. What unrelated hobbies do people have? is a plausible Chapter 11 distractor, but the better answer is What makes us unique? because asking what makes the organization unique helps define its distinct identity and contribution.","Unique mission, unique identity.","Review Learn to Lead Volume 3, Chapter 11, page(s) 106. Say the concept aloud, study the linked visual if available, then explain why each distractor is wrong.",Learn to Lead Volume 3: Indirect Leadership,106,ltl3_c11_stakeholders,ch11_stakeholders_alignment.png,/assets/cap-visuals/ch11_stakeholders_alignment.png,approved,True,Stakeholders and Mission Alignment,Stakeholders and Mission Alignment study visual.,yes,True,high,close,original_textbook_grounded,Three Earhart Milestone Leadership exam forms used only as style/difficulty references; no milestone question copied,draft,LTL3-C11-Q040,40,LTL3_C11_100
LTL3-C11-Q040,Learn to Lead Volume 3,11,The Leader as Commander,LTL3-C11-F20,multiple_choice,application_scenario,medium_hard,application,A unit wants its mission statement to reflect what truly sets it apart from other youth organizations. Which mission-building question is most useful?,How can we copy competitors exactly?,Who can be fired first?,What unrelated hobbies do people have?,What makes us unique?,D,Asking what makes the organization unique helps define its distinct identity and contribution.,What makes us unique? is the best answer because asking what makes the organization unique helps define its distinct identity and contribution..,"Not quite. How can we copy competitors exactly? is a plausible Chapter 11 distractor, but the better answer is What makes us unique? because asking what makes the organization unique helps define its distinct identity and contribution.","Not quite. Who can be fired first? is a plausible Chapter 11 distractor, but the better answer is What makes us unique? because asking what makes the organization unique helps define its distinct identity and contribution.","Not quite. What unrelated hobbies do people have? is a plausible Chapter 11 distractor, but the better answer is What makes us unique? because asking what makes the organization unique helps define its distinct identity and contribution.",Correct. Asking what makes the organization unique helps define its distinct identity and contribution.,"Unique mission, unique identity.","Review Learn to Lead Volume 3, Chapter 11, page(s) 106. Say the concept aloud, study the linked visual if available, then explain why each distractor is wrong.",Learn to Lead Volume 3: Indirect Leadership,106,ltl3_c11_stakeholders,ch11_stakeholders_alignment.png,/assets/cap-visuals/ch11_stakeholders_alignment.png,approved,True,Stakeholders and Mission Alignment,Stakeholders and Mission Alignment study visual.,yes,True,high,close,original_textbook_grounded,Three Earhart Milestone Leadership exam forms used only as style/difficulty references; no milestone question copied,draft,LTL3-C11-Q039,50,LTL3_C11_100
LTL3-C11-Q041,Learn to Lead Volume 3,11,The Leader as Commander,LTL3-C11-F21,multiple_choice,direct_exam_style,medium,recall_understanding,"What term describes the knowledge, skills, values, and personal qualities people bring to an organization?",human capital,mission command,job hazard,organizational chart,A,"Human capital is the value people bring through their knowledge, skills, values, and qualities.","human capital is the best answer because human capital is the value people bring through their knowledge, skills, values, and qualities..","Correct. Human capital is the value people bring through their knowledge, skills, values, and qualities.","Not quite. mission command is a plausible Chapter 11 distractor, but the better answer is human capital because human capital is the value people bring through their knowledge, skills, values, and qualities.","Not quite. job hazard is a plausible Chapter 11 distractor, but the better answer is human capital because human capital is the value people bring through their knowledge, skills, values, and qualities.","Not quite. organizational chart is a plausible Chapter 11 distractor, but the better answer is human capital because human capital is the value people bring through their knowledge, skills, values, and qualities.",Human capital = people capital.,"Review Learn to Lead Volume 3, Chapter 11, page(s) 107. Say the concept aloud, study the linked visual if available, then explain why each distractor is wrong.",Learn to Lead Volume 3: Indirect Leadership,107,ltl3_c11_humancapital,ch11_human_capital_job_descriptions.png,/assets/cap-visuals/ch11_human_capital_job_descriptions.png,approved,True,Human Capital and Job Descriptions,Human Capital and Job Descriptions study visual.,yes,True,high,close,original_textbook_grounded,Three Earhart Milestone Leadership exam forms used only as style/difficulty references; no milestone question copied,draft,LTL3-C11-Q042,40,LTL3_C11_100
LTL3-C11-Q042,Learn to Lead Volume 3,11,The Leader as Commander,LTL3-C11-F21,multiple_choice,application_scenario,medium_hard,application,"A commander sees people not as costs, but as valuable resources whose abilities strengthen the unit. What Chapter 11 concept is this?",mission command,human capital,job hazard,organizational chart,B,"Human capital is the value people bring through their knowledge, skills, values, and qualities.","human capital is the best answer because human capital is the value people bring through their knowledge, skills, values, and qualities..","Not quite. mission command is a plausible Chapter 11 distractor, but the better answer is human capital because human capital is the value people bring through their knowledge, skills, values, and qualities.","Correct. Human capital is the value people bring through their knowledge, skills, values, and qualities.","Not quite. job hazard is a plausible Chapter 11 distractor, but the better answer is human capital because human capital is the value people bring through their knowledge, skills, values, and qualities.","Not quite. organizational chart is a plausible Chapter 11 distractor, but the better answer is human capital because human capital is the value people bring through their knowledge, skills, values, and qualities.",Human capital = people capital.,"Review Learn to Lead Volume 3, Chapter 11, page(s) 107. Say the concept aloud, study the linked visual if available, then explain why each distractor is wrong.",Learn to Lead Volume 3: Indirect Leadership,107,ltl3_c11_humancapital,ch11_human_capital_job_descriptions.png,/assets/cap-visuals/ch11_human_capital_job_descriptions.png,approved,True,Human Capital and Job Descriptions,Human Capital and Job Descriptions study visual.,yes,True,high,close,original_textbook_grounded,Three Earhart Milestone Leadership exam forms used only as style/difficulty references; no milestone question copied,draft,LTL3-C11-Q041,50,LTL3_C11_100
LTL3-C11-Q043,Learn to Lead Volume 3,11,The Leader as Commander,LTL3-C11-F22,multiple_choice,direct_exam_style,medium,recall_understanding,"According to the human-capital perspective, how should leaders view spending time and resources on training, support, and development?",people are mainly a cost to minimize,equipment matters but people do not,"people are an investment, not a drag on the organization",training is mostly a waste of resources,C,Human capital means people and their development are an investment in mission success.,"people are an investment, not a drag on the organization is the best answer because human capital means people and their development are an investment in mission success..","Not quite. people are mainly a cost to minimize is a plausible Chapter 11 distractor, but the better answer is people are an investment, not a drag on the organization because human capital means people and their development are an investment in mission success.","Not quite. equipment matters but people do not is a plausible Chapter 11 distractor, but the better answer is people are an investment, not a drag on the organization because human capital means people and their development are an investment in mission success.",Correct. Human capital means people and their development are an investment in mission success.,"Not quite. training is mostly a waste of resources is a plausible Chapter 11 distractor, but the better answer is people are an investment, not a drag on the organization because human capital means people and their development are an investment in mission success.",Invest in people; strengthen the mission.,"Review Learn to Lead Volume 3, Chapter 11, page(s) 107. Say the concept aloud, study the linked visual if available, then explain why each distractor is wrong.",Learn to Lead Volume 3: Indirect Leadership,107,ltl3_c11_humancapital,ch11_human_capital_job_descriptions.png,/assets/cap-visuals/ch11_human_capital_job_descriptions.png,approved,True,Human Capital and Job Descriptions,Human Capital and Job Descriptions study visual.,yes,True,high,close,original_textbook_grounded,Three Earhart Milestone Leadership exam forms used only as style/difficulty references; no milestone question copied,draft,LTL3-C11-Q044,40,LTL3_C11_100
LTL3-C11-Q044,Learn to Lead Volume 3,11,The Leader as Commander,LTL3-C11-F22,multiple_choice,application_scenario,medium_hard,application,A cadet commander argues that coaching and training members is worthwhile because it grows the unit’s future capability. Which Chapter 11 idea supports him?,people are mainly a cost to minimize,equipment matters but people do not,training is mostly a waste of resources,"people are an investment, not a drag on the organization",D,Human capital means people and their development are an investment in mission success.,"people are an investment, not a drag on the organization is the best answer because human capital means people and their development are an investment in mission success..","Not quite. people are mainly a cost to minimize is a plausible Chapter 11 distractor, but the better answer is people are an investment, not a drag on the organization because human capital means people and their development are an investment in mission success.","Not quite. equipment matters but people do not is a plausible Chapter 11 distractor, but the better answer is people are an investment, not a drag on the organization because human capital means people and their development are an investment in mission success.","Not quite. training is mostly a waste of resources is a plausible Chapter 11 distractor, but the better answer is people are an investment, not a drag on the organization because human capital means people and their development are an investment in mission success.",Correct. Human capital means people and their development are an investment in mission success.,Invest in people; strengthen the mission.,"Review Learn to Lead Volume 3, Chapter 11, page(s) 107. Say the concept aloud, study the linked visual if available, then explain why each distractor is wrong.",Learn to Lead Volume 3: Indirect Leadership,107,ltl3_c11_humancapital,ch11_human_capital_job_descriptions.png,/assets/cap-visuals/ch11_human_capital_job_descriptions.png,approved,True,Human Capital and Job Descriptions,Human Capital and Job Descriptions study visual.,yes,True,high,close,original_textbook_grounded,Three Earhart Milestone Leadership exam forms used only as style/difficulty references; no milestone question copied,draft,LTL3-C11-Q043,50,LTL3_C11_100
LTL3-C11-Q045,Learn to Lead Volume 3,11,The Leader as Commander,LTL3-C11-F23,multiple_choice,direct_exam_style,medium,recall_understanding,Which set of questions defines the essentials of a good job description?,Why does this job exist? What does it accomplish? How does it relate to other jobs?,Who is most popular? Who dresses best? Who has seniority?,How much power comes with the title? What perks are included? What hobbies does the person have?,Who wrote the résumé? Who gave the reference? Who likes the candidate?,A,"A good job description explains why the job exists, what it accomplishes, and how it relates to other jobs.","Why does this job exist? What does it accomplish? How does it relate to other jobs? is the best answer because a good job description explains why the job exists, what it accomplishes, and how it relates to other jobs..","Correct. A good job description explains why the job exists, what it accomplishes, and how it relates to other jobs.","Not quite. Who is most popular? Who dresses best? Who has seniority? is a plausible Chapter 11 distractor, but the better answer is Why does this job exist? What does it accomplish? How does it relate to other jobs? because a good job description explains why the job exists, what it accomplishes, and how it relates to other jobs.","Not quite. How much power comes with the title? What perks are included? What hobbies does the person have? is a plausible Chapter 11 distractor, but the better answer is Why does this job exist? What does it accomplish? How does it relate to other jobs? because a good job description explains why the job exists, what it accomplishes, and how it relates to other jobs.","Not quite. Who wrote the résumé? Who gave the reference? Who likes the candidate? is a plausible Chapter 11 distractor, but the better answer is Why does this job exist? What does it accomplish? How does it relate to other jobs? because a good job description explains why the job exists, what it accomplishes, and how it relates to other jobs.",Why–What–Relate.,"Review Learn to Lead Volume 3, Chapter 11, page(s) 107. Say the concept aloud, study the linked visual if available, then explain why each distractor is wrong.",Learn to Lead Volume 3: Indirect Leadership,107,ltl3_c11_humancapital,ch11_human_capital_job_descriptions.png,/assets/cap-visuals/ch11_human_capital_job_descriptions.png,approved,True,Human Capital and Job Descriptions,Human Capital and Job Descriptions study visual.,yes,True,high,close,original_textbook_grounded,Three Earhart Milestone Leadership exam forms used only as style/difficulty references; no milestone question copied,draft,LTL3-C11-Q046,40,LTL3_C11_100
LTL3-C11-Q046,Learn to Lead Volume 3,11,The Leader as Commander,LTL3-C11-F23,multiple_choice,application_scenario,medium_hard,application,"A cadet executive officer is drafting a position description and wants to include the purpose, main results, and connection to the larger unit. Which Chapter 11 framework should be used?",Who is most popular? Who dresses best? Who has seniority?,Why does this job exist? What does it accomplish? How does it relate to other jobs?,How much power comes with the title? What perks are included? What hobbies does the person have?,Who wrote the résumé? Who gave the reference? Who likes the candidate?,B,"A good job description explains why the job exists, what it accomplishes, and how it relates to other jobs.","Why does this job exist? What does it accomplish? How does it relate to other jobs? is the best answer because a good job description explains why the job exists, what it accomplishes, and how it relates to other jobs..","Not quite. Who is most popular? Who dresses best? Who has seniority? is a plausible Chapter 11 distractor, but the better answer is Why does this job exist? What does it accomplish? How does it relate to other jobs? because a good job description explains why the job exists, what it accomplishes, and how it relates to other jobs.","Correct. A good job description explains why the job exists, what it accomplishes, and how it relates to other jobs.","Not quite. How much power comes with the title? What perks are included? What hobbies does the person have? is a plausible Chapter 11 distractor, but the better answer is Why does this job exist? What does it accomplish? How does it relate to other jobs? because a good job description explains why the job exists, what it accomplishes, and how it relates to other jobs.","Not quite. Who wrote the résumé? Who gave the reference? Who likes the candidate? is a plausible Chapter 11 distractor, but the better answer is Why does this job exist? What does it accomplish? How does it relate to other jobs? because a good job description explains why the job exists, what it accomplishes, and how it relates to other jobs.",Why–What–Relate.,"Review Learn to Lead Volume 3, Chapter 11, page(s) 107. Say the concept aloud, study the linked visual if available, then explain why each distractor is wrong.",Learn to Lead Volume 3: Indirect Leadership,107,ltl3_c11_humancapital,ch11_human_capital_job_descriptions.png,/assets/cap-visuals/ch11_human_capital_job_descriptions.png,approved,True,Human Capital and Job Descriptions,Human Capital and Job Descriptions study visual.,yes,True,high,close,original_textbook_grounded,Three Earhart Milestone Leadership exam forms used only as style/difficulty references; no milestone question copied,draft,LTL3-C11-Q045,50,LTL3_C11_100
LTL3-C11-Q047,Learn to Lead Volume 3,11,The Leader as Commander,LTL3-C11-F24,multiple_choice,direct_exam_style,medium,recall_understanding,What job-description principle says the supervisor and the person doing the job should help shape the description together?,laissez-faire,active management by exception,joint authorship,contingent reward,C,Joint authorship means supervisor and subordinate develop the job description together.,joint authorship is the best answer because joint authorship means supervisor and subordinate develop the job description together..,"Not quite. laissez-faire is a plausible Chapter 11 distractor, but the better answer is joint authorship because joint authorship means supervisor and subordinate develop the job description together.","Not quite. active management by exception is a plausible Chapter 11 distractor, but the better answer is joint authorship because joint authorship means supervisor and subordinate develop the job description together.",Correct. Joint authorship means supervisor and subordinate develop the job description together.,"Not quite. contingent reward is a plausible Chapter 11 distractor, but the better answer is joint authorship because joint authorship means supervisor and subordinate develop the job description together.",The person doing the job helps write the job.,"Review Learn to Lead Volume 3, Chapter 11, page(s) 107. Say the concept aloud, study the linked visual if available, then explain why each distractor is wrong.",Learn to Lead Volume 3: Indirect Leadership,107,ltl3_c11_humancapital,ch11_human_capital_job_descriptions.png,/assets/cap-visuals/ch11_human_capital_job_descriptions.png,approved,True,Human Capital and Job Descriptions,Human Capital and Job Descriptions study visual.,yes,True,high,close,original_textbook_grounded,Three Earhart Milestone Leadership exam forms used only as style/difficulty references; no milestone question copied,draft,LTL3-C11-Q048,40,LTL3_C11_100
LTL3-C11-Q048,Learn to Lead Volume 3,11,The Leader as Commander,LTL3-C11-F24,multiple_choice,application_scenario,medium_hard,application,A cadet commander asks the current logistics officer to help revise the job description based on real experience in the role. Which principle is being used?,laissez-faire,active management by exception,contingent reward,joint authorship,D,Joint authorship means supervisor and subordinate develop the job description together.,joint authorship is the best answer because joint authorship means supervisor and subordinate develop the job description together..,"Not quite. laissez-faire is a plausible Chapter 11 distractor, but the better answer is joint authorship because joint authorship means supervisor and subordinate develop the job description together.","Not quite. active management by exception is a plausible Chapter 11 distractor, but the better answer is joint authorship because joint authorship means supervisor and subordinate develop the job description together.","Not quite. contingent reward is a plausible Chapter 11 distractor, but the better answer is joint authorship because joint authorship means supervisor and subordinate develop the job description together.",Correct. Joint authorship means supervisor and subordinate develop the job description together.,The person doing the job helps write the job.,"Review Learn to Lead Volume 3, Chapter 11, page(s) 107. Say the concept aloud, study the linked visual if available, then explain why each distractor is wrong.",Learn to Lead Volume 3: Indirect Leadership,107,ltl3_c11_humancapital,ch11_human_capital_job_descriptions.png,/assets/cap-visuals/ch11_human_capital_job_descriptions.png,approved,True,Human Capital and Job Descriptions,Human Capital and Job Descriptions study visual.,yes,True,high,close,original_textbook_grounded,Three Earhart Milestone Leadership exam forms used only as style/difficulty references; no milestone question copied,draft,LTL3-C11-Q047,50,LTL3_C11_100
LTL3-C11-Q049,Learn to Lead Volume 3,11,The Leader as Commander,LTL3-C11-F25,multiple_choice,direct_exam_style,medium,recall_understanding,Which part of a job description lists the major duties and responsibilities of the position?,job functions,stakeholder analysis,moral relativism,transformational vision,A,Job functions are the main duties and responsibilities of the position.,job functions is the best answer because job functions are the main duties and responsibilities of the position..,Correct. Job functions are the main duties and responsibilities of the position.,"Not quite. stakeholder analysis is a plausible Chapter 11 distractor, but the better answer is job functions because job functions are the main duties and responsibilities of the position.","Not quite. moral relativism is a plausible Chapter 11 distractor, but the better answer is job functions because job functions are the main duties and responsibilities of the position.","Not quite. transformational vision is a plausible Chapter 11 distractor, but the better answer is job functions because job functions are the main duties and responsibilities of the position.",Functions = what the job does.,"Review Learn to Lead Volume 3, Chapter 11, page(s) 108. Say the concept aloud, study the linked visual if available, then explain why each distractor is wrong.",Learn to Lead Volume 3: Indirect Leadership,108,ltl3_c11_humancapital,ch11_human_capital_job_descriptions.png,/assets/cap-visuals/ch11_human_capital_job_descriptions.png,approved,True,Human Capital and Job Descriptions,Human Capital and Job Descriptions study visual.,yes,True,high,close,original_textbook_grounded,Three Earhart Milestone Leadership exam forms used only as style/difficulty references; no milestone question copied,draft,LTL3-C11-Q050,40,LTL3_C11_100
LTL3-C11-Q050,Learn to Lead Volume 3,11,The Leader as Commander,LTL3-C11-F25,multiple_choice,application_scenario,medium_hard,application,"A cadet flight sergeant’s description includes leading drill, mentoring cadets, and enforcing standards. Which job-description element is being shown?",stakeholder analysis,job functions,moral relativism,transformational vision,B,Job functions are the main duties and responsibilities of the position.,job functions is the best answer because job functions are the main duties and responsibilities of the position..,"Not quite. stakeholder analysis is a plausible Chapter 11 distractor, but the better answer is job functions because job functions are the main duties and responsibilities of the position.",Correct. Job functions are the main duties and responsibilities of the position.,"Not quite. moral relativism is a plausible Chapter 11 distractor, but the better answer is job functions because job functions are the main duties and responsibilities of the position.","Not quite. transformational vision is a plausible Chapter 11 distractor, but the better answer is job functions because job functions are the main duties and responsibilities of the position.",Functions = what the job does.,"Review Learn to Lead Volume 3, Chapter 11, page(s) 108. Say the concept aloud, study the linked visual if available, then explain why each distractor is wrong.",Learn to Lead Volume 3: Indirect Leadership,108,ltl3_c11_humancapital,ch11_human_capital_job_descriptions.png,/assets/cap-visuals/ch11_human_capital_job_descriptions.png,approved,True,Human Capital and Job Descriptions,Human Capital and Job Descriptions study visual.,yes,True,high,close,original_textbook_grounded,Three Earhart Milestone Leadership exam forms used only as style/difficulty references; no milestone question copied,draft,LTL3-C11-Q049,50,LTL3_C11_100
LTL3-C11-Q051,Learn to Lead Volume 3,11,The Leader as Commander,LTL3-C11-F26,multiple_choice,direct_exam_style,medium,recall_understanding,What job-description element tells how well the work must be done or how success will be measured?,prestige,human connection,performance standards,informal dialogue,C,"Performance standards specify the expected level of quality, timeliness, or accuracy.","performance standards is the best answer because performance standards specify the expected level of quality, timeliness, or accuracy..","Not quite. prestige is a plausible Chapter 11 distractor, but the better answer is performance standards because performance standards specify the expected level of quality, timeliness, or accuracy.","Not quite. human connection is a plausible Chapter 11 distractor, but the better answer is performance standards because performance standards specify the expected level of quality, timeliness, or accuracy.","Correct. Performance standards specify the expected level of quality, timeliness, or accuracy.","Not quite. informal dialogue is a plausible Chapter 11 distractor, but the better answer is performance standards because performance standards specify the expected level of quality, timeliness, or accuracy.","Standards answer, “How well is good enough?”","Review Learn to Lead Volume 3, Chapter 11, page(s) 108. Say the concept aloud, study the linked visual if available, then explain why each distractor is wrong.",Learn to Lead Volume 3: Indirect Leadership,108,ltl3_c11_humancapital,ch11_human_capital_job_descriptions.png,/assets/cap-visuals/ch11_human_capital_job_descriptions.png,approved,True,Human Capital and Job Descriptions,Human Capital and Job Descriptions study visual.,yes,True,high,close,original_textbook_grounded,Three Earhart Milestone Leadership exam forms used only as style/difficulty references; no milestone question copied,draft,LTL3-C11-Q052,40,LTL3_C11_100
LTL3-C11-Q052,Learn to Lead Volume 3,11,The Leader as Commander,LTL3-C11-F26,multiple_choice,application_scenario,medium_hard,application,A commander tells a staff officer when tasks are due and what level of quality is acceptable. Which job-description element is she establishing?,prestige,human connection,informal dialogue,performance standards,D,"Performance standards specify the expected level of quality, timeliness, or accuracy.","performance standards is the best answer because performance standards specify the expected level of quality, timeliness, or accuracy..","Not quite. prestige is a plausible Chapter 11 distractor, but the better answer is performance standards because performance standards specify the expected level of quality, timeliness, or accuracy.","Not quite. human connection is a plausible Chapter 11 distractor, but the better answer is performance standards because performance standards specify the expected level of quality, timeliness, or accuracy.","Not quite. informal dialogue is a plausible Chapter 11 distractor, but the better answer is performance standards because performance standards specify the expected level of quality, timeliness, or accuracy.","Correct. Performance standards specify the expected level of quality, timeliness, or accuracy.","Standards answer, “How well is good enough?”","Review Learn to Lead Volume 3, Chapter 11, page(s) 108. Say the concept aloud, study the linked visual if available, then explain why each distractor is wrong.",Learn to Lead Volume 3: Indirect Leadership,108,ltl3_c11_humancapital,ch11_human_capital_job_descriptions.png,/assets/cap-visuals/ch11_human_capital_job_descriptions.png,approved,True,Human Capital and Job Descriptions,Human Capital and Job Descriptions study visual.,no,False,medium,close,original_textbook_grounded,Three Earhart Milestone Leadership exam forms used only as style/difficulty references; no milestone question copied,draft,LTL3-C11-Q051,50,LTL3_C11_100
LTL3-C11-Q053,Learn to Lead Volume 3,11,The Leader as Commander,LTL3-C11-F27,multiple_choice,direct_exam_style,medium,recall_understanding,"Which interviewing challenge reminds leaders that applicants often present polished, not fully authentic, versions of themselves?",candidates wear masks,scope of empowerment,last resort,mission statement,A,"Candidates often wear “masks” during interviews, so interviewers must look past the polished front.","candidates wear masks is the best answer because candidates often wear “masks” during interviews, so interviewers must look past the polished front..","Correct. Candidates often wear “masks” during interviews, so interviewers must look past the polished front.","Not quite. scope of empowerment is a plausible Chapter 11 distractor, but the better answer is candidates wear masks because candidates often wear “masks” during interviews, so interviewers must look past the polished front.","Not quite. last resort is a plausible Chapter 11 distractor, but the better answer is candidates wear masks because candidates often wear “masks” during interviews, so interviewers must look past the polished front.","Not quite. mission statement is a plausible Chapter 11 distractor, but the better answer is candidates wear masks because candidates often wear “masks” during interviews, so interviewers must look past the polished front.",Interview smile ≠ whole person.,"Review Learn to Lead Volume 3, Chapter 11, page(s) 109. Say the concept aloud, study the linked visual if available, then explain why each distractor is wrong.",Learn to Lead Volume 3: Indirect Leadership,109,ltl3_c11_interviews,ch11_interview_skills.png,/assets/cap-visuals/ch11_interview_skills.png,approved,True,Interview Skills for the Hiring Manager,Interview Skills for the Hiring Manager study visual.,yes,True,high,close,original_textbook_grounded,Three Earhart Milestone Leadership exam forms used only as style/difficulty references; no milestone question copied,draft,LTL3-C11-Q054,40,LTL3_C11_100
LTL3-C11-Q054,Learn to Lead Volume 3,11,The Leader as Commander,LTL3-C11-F27,multiple_choice,application_scenario,medium_hard,application,"An interviewer knows the candidate is nervous and is trying hard to impress, so he asks thoughtful follow-up questions to see beyond the first impression. Which challenge is he handling?",scope of empowerment,candidates wear masks,last resort,mission statement,B,"Candidates often wear “masks” during interviews, so interviewers must look past the polished front.","candidates wear masks is the best answer because candidates often wear “masks” during interviews, so interviewers must look past the polished front..","Not quite. scope of empowerment is a plausible Chapter 11 distractor, but the better answer is candidates wear masks because candidates often wear “masks” during interviews, so interviewers must look past the polished front.","Correct. Candidates often wear “masks” during interviews, so interviewers must look past the polished front.","Not quite. last resort is a plausible Chapter 11 distractor, but the better answer is candidates wear masks because candidates often wear “masks” during interviews, so interviewers must look past the polished front.","Not quite. mission statement is a plausible Chapter 11 distractor, but the better answer is candidates wear masks because candidates often wear “masks” during interviews, so interviewers must look past the polished front.",Interview smile ≠ whole person.,"Review Learn to Lead Volume 3, Chapter 11, page(s) 109. Say the concept aloud, study the linked visual if available, then explain why each distractor is wrong.",Learn to Lead Volume 3: Indirect Leadership,109,ltl3_c11_interviews,ch11_interview_skills.png,/assets/cap-visuals/ch11_interview_skills.png,approved,True,Interview Skills for the Hiring Manager,Interview Skills for the Hiring Manager study visual.,no,False,medium,close,original_textbook_grounded,Three Earhart Milestone Leadership exam forms used only as style/difficulty references; no milestone question copied,draft,LTL3-C11-Q053,50,LTL3_C11_100
LTL3-C11-Q055,Learn to Lead Volume 3,11,The Leader as Commander,LTL3-C11-F28,multiple_choice,direct_exam_style,medium,recall_understanding,What interview principle says candidates should also have the chance to ask questions and judge whether the organization fits them?,nepotism,passive management by exception,two-way dialogue,logical sequencing,C,"A good interview is a two-way dialogue, not a one-sided interrogation.","two-way dialogue is the best answer because a good interview is a two-way dialogue, not a one-sided interrogation..","Not quite. nepotism is a plausible Chapter 11 distractor, but the better answer is two-way dialogue because a good interview is a two-way dialogue, not a one-sided interrogation.","Not quite. passive management by exception is a plausible Chapter 11 distractor, but the better answer is two-way dialogue because a good interview is a two-way dialogue, not a one-sided interrogation.","Correct. A good interview is a two-way dialogue, not a one-sided interrogation.","Not quite. logical sequencing is a plausible Chapter 11 distractor, but the better answer is two-way dialogue because a good interview is a two-way dialogue, not a one-sided interrogation.","Interviews are conversations, not cross-examinations.","Review Learn to Lead Volume 3, Chapter 11, page(s) 109. Say the concept aloud, study the linked visual if available, then explain why each distractor is wrong.",Learn to Lead Volume 3: Indirect Leadership,109,ltl3_c11_interviews,ch11_interview_skills.png,/assets/cap-visuals/ch11_interview_skills.png,approved,True,Interview Skills for the Hiring Manager,Interview Skills for the Hiring Manager study visual.,yes,True,high,close,original_textbook_grounded,Three Earhart Milestone Leadership exam forms used only as style/difficulty references; no milestone question copied,draft,LTL3-C11-Q056,40,LTL3_C11_100
LTL3-C11-Q056,Learn to Lead Volume 3,11,The Leader as Commander,LTL3-C11-F28,multiple_choice,application_scenario,medium_hard,application,"A panel gives applicants time to ask about goals, expectations, and culture because the interview should help both sides evaluate fit. What principle is this?",nepotism,passive management by exception,logical sequencing,two-way dialogue,D,"A good interview is a two-way dialogue, not a one-sided interrogation.","two-way dialogue is the best answer because a good interview is a two-way dialogue, not a one-sided interrogation..","Not quite. nepotism is a plausible Chapter 11 distractor, but the better answer is two-way dialogue because a good interview is a two-way dialogue, not a one-sided interrogation.","Not quite. passive management by exception is a plausible Chapter 11 distractor, but the better answer is two-way dialogue because a good interview is a two-way dialogue, not a one-sided interrogation.","Not quite. logical sequencing is a plausible Chapter 11 distractor, but the better answer is two-way dialogue because a good interview is a two-way dialogue, not a one-sided interrogation.","Correct. A good interview is a two-way dialogue, not a one-sided interrogation.","Interviews are conversations, not cross-examinations.","Review Learn to Lead Volume 3, Chapter 11, page(s) 109. Say the concept aloud, study the linked visual if available, then explain why each distractor is wrong.",Learn to Lead Volume 3: Indirect Leadership,109,ltl3_c11_interviews,ch11_interview_skills.png,/assets/cap-visuals/ch11_interview_skills.png,approved,True,Interview Skills for the Hiring Manager,Interview Skills for the Hiring Manager study visual.,no,False,medium,close,original_textbook_grounded,Three Earhart Milestone Leadership exam forms used only as style/difficulty references; no milestone question copied,draft,LTL3-C11-Q055,50,LTL3_C11_100
LTL3-C11-Q057,Learn to Lead Volume 3,11,The Leader as Commander,LTL3-C11-F29,multiple_choice,direct_exam_style,medium,recall_understanding,Which interview rule keeps the leader focused on fair and legal hiring practices?,ask only job-relevant questions,ask about religion and age first,ask about politics to test fit,focus on private matters unrelated to the job,A,Interviewers should ask only job-relevant questions and avoid unrelated personal topics.,ask only job-relevant questions is the best answer because interviewers should ask only job-relevant questions and avoid unrelated personal topics..,Correct. Interviewers should ask only job-relevant questions and avoid unrelated personal topics.,"Not quite. ask about religion and age first is a plausible Chapter 11 distractor, but the better answer is ask only job-relevant questions because interviewers should ask only job-relevant questions and avoid unrelated personal topics.","Not quite. ask about politics to test fit is a plausible Chapter 11 distractor, but the better answer is ask only job-relevant questions because interviewers should ask only job-relevant questions and avoid unrelated personal topics.","Not quite. focus on private matters unrelated to the job is a plausible Chapter 11 distractor, but the better answer is ask only job-relevant questions because interviewers should ask only job-relevant questions and avoid unrelated personal topics.","If it does not relate to the job, leave it out.","Review Learn to Lead Volume 3, Chapter 11, page(s) 109. Say the concept aloud, study the linked visual if available, then explain why each distractor is wrong.",Learn to Lead Volume 3: Indirect Leadership,109,ltl3_c11_interviews,ch11_interview_skills.png,/assets/cap-visuals/ch11_interview_skills.png,approved,True,Interview Skills for the Hiring Manager,Interview Skills for the Hiring Manager study visual.,yes,True,high,close,original_textbook_grounded,Three Earhart Milestone Leadership exam forms used only as style/difficulty references; no milestone question copied,draft,LTL3-C11-Q058,40,LTL3_C11_100
LTL3-C11-Q058,Learn to Lead Volume 3,11,The Leader as Commander,LTL3-C11-F29,multiple_choice,application_scenario,medium_hard,application,"A hiring manager refuses to ask about a candidate’s age, religion, or relationship status because those items do not relate to performance. Which rule is being followed?",ask about religion and age first,ask only job-relevant questions,ask about politics to test fit,focus on private matters unrelated to the job,B,Interviewers should ask only job-relevant questions and avoid unrelated personal topics.,ask only job-relevant questions is the best answer because interviewers should ask only job-relevant questions and avoid unrelated personal topics..,"Not quite. ask about religion and age first is a plausible Chapter 11 distractor, but the better answer is ask only job-relevant questions because interviewers should ask only job-relevant questions and avoid unrelated personal topics.",Correct. Interviewers should ask only job-relevant questions and avoid unrelated personal topics.,"Not quite. ask about politics to test fit is a plausible Chapter 11 distractor, but the better answer is ask only job-relevant questions because interviewers should ask only job-relevant questions and avoid unrelated personal topics.","Not quite. focus on private matters unrelated to the job is a plausible Chapter 11 distractor, but the better answer is ask only job-relevant questions because interviewers should ask only job-relevant questions and avoid unrelated personal topics.","If it does not relate to the job, leave it out.","Review Learn to Lead Volume 3, Chapter 11, page(s) 109. Say the concept aloud, study the linked visual if available, then explain why each distractor is wrong.",Learn to Lead Volume 3: Indirect Leadership,109,ltl3_c11_interviews,ch11_interview_skills.png,/assets/cap-visuals/ch11_interview_skills.png,approved,True,Interview Skills for the Hiring Manager,Interview Skills for the Hiring Manager study visual.,no,False,medium,close,original_textbook_grounded,Three Earhart Milestone Leadership exam forms used only as style/difficulty references; no milestone question copied,draft,LTL3-C11-Q057,50,LTL3_C11_100
LTL3-C11-Q059,Learn to Lead Volume 3,11,The Leader as Commander,LTL3-C11-F30,multiple_choice,direct_exam_style,medium,recall_understanding,What practice helps interviewers compare candidates fairly and hold each one to the same standard?,judge each person by memory alone,change standards for each candidate,use a structured process and scorecard,rely only on first impressions,C,"A structured process and scorecard keep interviews fair, consistent, and useful.","use a structured process and scorecard is the best answer because a structured process and scorecard keep interviews fair, consistent, and useful..","Not quite. judge each person by memory alone is a plausible Chapter 11 distractor, but the better answer is use a structured process and scorecard because a structured process and scorecard keep interviews fair, consistent, and useful.","Not quite. change standards for each candidate is a plausible Chapter 11 distractor, but the better answer is use a structured process and scorecard because a structured process and scorecard keep interviews fair, consistent, and useful.","Correct. A structured process and scorecard keep interviews fair, consistent, and useful.","Not quite. rely only on first impressions is a plausible Chapter 11 distractor, but the better answer is use a structured process and scorecard because a structured process and scorecard keep interviews fair, consistent, and useful.",Same questions + same scorecard = fairer hiring.,"Review Learn to Lead Volume 3, Chapter 11, page(s) 109. Say the concept aloud, study the linked visual if available, then explain why each distractor is wrong.",Learn to Lead Volume 3: Indirect Leadership,109,ltl3_c11_interviews,ch11_interview_skills.png,/assets/cap-visuals/ch11_interview_skills.png,approved,True,Interview Skills for the Hiring Manager,Interview Skills for the Hiring Manager study visual.,yes,True,high,close,original_textbook_grounded,Three Earhart Milestone Leadership exam forms used only as style/difficulty references; no milestone question copied,draft,LTL3-C11-Q060,40,LTL3_C11_100
LTL3-C11-Q060,Learn to Lead Volume 3,11,The Leader as Commander,LTL3-C11-F30,multiple_choice,application_scenario,medium_hard,application,A cadet commander plans the same core questions for every applicant and rates the answers on a common rubric. Which Chapter 11 practice is she using?,judge each person by memory alone,change standards for each candidate,rely only on first impressions,use a structured process and scorecard,D,"A structured process and scorecard keep interviews fair, consistent, and useful.","use a structured process and scorecard is the best answer because a structured process and scorecard keep interviews fair, consistent, and useful..","Not quite. judge each person by memory alone is a plausible Chapter 11 distractor, but the better answer is use a structured process and scorecard because a structured process and scorecard keep interviews fair, consistent, and useful.","Not quite. change standards for each candidate is a plausible Chapter 11 distractor, but the better answer is use a structured process and scorecard because a structured process and scorecard keep interviews fair, consistent, and useful.","Not quite. rely only on first impressions is a plausible Chapter 11 distractor, but the better answer is use a structured process and scorecard because a structured process and scorecard keep interviews fair, consistent, and useful.","Correct. A structured process and scorecard keep interviews fair, consistent, and useful.",Same questions + same scorecard = fairer hiring.,"Review Learn to Lead Volume 3, Chapter 11, page(s) 109. Say the concept aloud, study the linked visual if available, then explain why each distractor is wrong.",Learn to Lead Volume 3: Indirect Leadership,109,ltl3_c11_interviews,ch11_interview_skills.png,/assets/cap-visuals/ch11_interview_skills.png,approved,True,Interview Skills for the Hiring Manager,Interview Skills for the Hiring Manager study visual.,no,False,medium,close,original_textbook_grounded,Three Earhart Milestone Leadership exam forms used only as style/difficulty references; no milestone question copied,draft,LTL3-C11-Q059,50,LTL3_C11_100
LTL3-C11-Q061,Learn to Lead Volume 3,11,The Leader as Commander,LTL3-C11-F31,multiple_choice,direct_exam_style,medium,recall_understanding,Which interviewing tip encourages detailed responses instead of one-word answers?,ask open-ended questions,ask only yes/no questions,do all the talking yourself,interrupt as soon as you predict the answer,A,Open-ended questions invite fuller answers and reveal more about the candidate.,ask open-ended questions is the best answer because open-ended questions invite fuller answers and reveal more about the candidate..,Correct. Open-ended questions invite fuller answers and reveal more about the candidate.,"Not quite. ask only yes/no questions is a plausible Chapter 11 distractor, but the better answer is ask open-ended questions because open-ended questions invite fuller answers and reveal more about the candidate.","Not quite. do all the talking yourself is a plausible Chapter 11 distractor, but the better answer is ask open-ended questions because open-ended questions invite fuller answers and reveal more about the candidate.","Not quite. interrupt as soon as you predict the answer is a plausible Chapter 11 distractor, but the better answer is ask open-ended questions because open-ended questions invite fuller answers and reveal more about the candidate.",Tell me / Describe / Explain = open-ended.,"Review Learn to Lead Volume 3, Chapter 11, page(s) 110. Say the concept aloud, study the linked visual if available, then explain why each distractor is wrong.",Learn to Lead Volume 3: Indirect Leadership,110,ltl3_c11_interviews,ch11_interview_skills.png,/assets/cap-visuals/ch11_interview_skills.png,approved,True,Interview Skills for the Hiring Manager,Interview Skills for the Hiring Manager study visual.,yes,True,high,close,original_textbook_grounded,Three Earhart Milestone Leadership exam forms used only as style/difficulty references; no milestone question copied,draft,LTL3-C11-Q062,40,LTL3_C11_100
LTL3-C11-Q062,Learn to Lead Volume 3,11,The Leader as Commander,LTL3-C11-F31,multiple_choice,application_scenario,medium_hard,application,"To learn how a cadet thinks and communicates, an interviewer asks, “Tell me about a time you overcame a tough situation.” Which interviewing tip is being used?",ask only yes/no questions,ask open-ended questions,do all the talking yourself,interrupt as soon as you predict the answer,B,Open-ended questions invite fuller answers and reveal more about the candidate.,ask open-ended questions is the best answer because open-ended questions invite fuller answers and reveal more about the candidate..,"Not quite. ask only yes/no questions is a plausible Chapter 11 distractor, but the better answer is ask open-ended questions because open-ended questions invite fuller answers and reveal more about the candidate.",Correct. Open-ended questions invite fuller answers and reveal more about the candidate.,"Not quite. do all the talking yourself is a plausible Chapter 11 distractor, but the better answer is ask open-ended questions because open-ended questions invite fuller answers and reveal more about the candidate.","Not quite. interrupt as soon as you predict the answer is a plausible Chapter 11 distractor, but the better answer is ask open-ended questions because open-ended questions invite fuller answers and reveal more about the candidate.",Tell me / Describe / Explain = open-ended.,"Review Learn to Lead Volume 3, Chapter 11, page(s) 110. Say the concept aloud, study the linked visual if available, then explain why each distractor is wrong.",Learn to Lead Volume 3: Indirect Leadership,110,ltl3_c11_interviews,ch11_interview_skills.png,/assets/cap-visuals/ch11_interview_skills.png,approved,True,Interview Skills for the Hiring Manager,Interview Skills for the Hiring Manager study visual.,no,False,medium,close,original_textbook_grounded,Three Earhart Milestone Leadership exam forms used only as style/difficulty references; no milestone question copied,draft,LTL3-C11-Q061,50,LTL3_C11_100
LTL3-C11-Q063,Learn to Lead Volume 3,11,The Leader as Commander,LTL3-C11-F32,multiple_choice,direct_exam_style,medium,recall_understanding,Which interviewing technique asks an applicant how he or she would handle a realistic challenge connected to the job?,nepotism,laissez-faire,situational questions,command burden,C,Situational questions test how candidates would think and act in job-related problems.,situational questions is the best answer because situational questions test how candidates would think and act in job-related problems..,"Not quite. nepotism is a plausible Chapter 11 distractor, but the better answer is situational questions because situational questions test how candidates would think and act in job-related problems.","Not quite. laissez-faire is a plausible Chapter 11 distractor, but the better answer is situational questions because situational questions test how candidates would think and act in job-related problems.",Correct. Situational questions test how candidates would think and act in job-related problems.,"Not quite. command burden is a plausible Chapter 11 distractor, but the better answer is situational questions because situational questions test how candidates would think and act in job-related problems.",Situational = “What would you do if…?”,"Review Learn to Lead Volume 3, Chapter 11, page(s) 110. Say the concept aloud, study the linked visual if available, then explain why each distractor is wrong.",Learn to Lead Volume 3: Indirect Leadership,110,ltl3_c11_interviews,ch11_interview_skills.png,/assets/cap-visuals/ch11_interview_skills.png,approved,True,Interview Skills for the Hiring Manager,Interview Skills for the Hiring Manager study visual.,yes,True,high,close,original_textbook_grounded,Three Earhart Milestone Leadership exam forms used only as style/difficulty references; no milestone question copied,draft,LTL3-C11-Q064,40,LTL3_C11_100
LTL3-C11-Q064,Learn to Lead Volume 3,11,The Leader as Commander,LTL3-C11-F32,multiple_choice,application_scenario,medium_hard,application,"An interviewer asks, “What would you do if a cadet in your flight ignored standards for three weeks?” Which interviewing technique is this?",nepotism,laissez-faire,command burden,situational questions,D,Situational questions test how candidates would think and act in job-related problems.,situational questions is the best answer because situational questions test how candidates would think and act in job-related problems..,"Not quite. nepotism is a plausible Chapter 11 distractor, but the better answer is situational questions because situational questions test how candidates would think and act in job-related problems.","Not quite. laissez-faire is a plausible Chapter 11 distractor, but the better answer is situational questions because situational questions test how candidates would think and act in job-related problems.","Not quite. command burden is a plausible Chapter 11 distractor, but the better answer is situational questions because situational questions test how candidates would think and act in job-related problems.",Correct. Situational questions test how candidates would think and act in job-related problems.,Situational = “What would you do if…?”,"Review Learn to Lead Volume 3, Chapter 11, page(s) 110. Say the concept aloud, study the linked visual if available, then explain why each distractor is wrong.",Learn to Lead Volume 3: Indirect Leadership,110,ltl3_c11_interviews,ch11_interview_skills.png,/assets/cap-visuals/ch11_interview_skills.png,approved,True,Interview Skills for the Hiring Manager,Interview Skills for the Hiring Manager study visual.,no,False,medium,close,original_textbook_grounded,Three Earhart Milestone Leadership exam forms used only as style/difficulty references; no milestone question copied,draft,LTL3-C11-Q063,50,LTL3_C11_100
LTL3-C11-Q065,Learn to Lead Volume 3,11,The Leader as Commander,LTL3-C11-F33,multiple_choice,direct_exam_style,medium,recall_understanding,What hiring hazard occurs when one positive trait causes a leader to assume a candidate is excellent in every area?,halo effect,attraction bias,contingent reward,stakeholder analysis,A,The halo effect happens when one positive impression unfairly colors the whole evaluation.,halo effect is the best answer because the halo effect happens when one positive impression unfairly colors the whole evaluation..,Correct. The halo effect happens when one positive impression unfairly colors the whole evaluation.,"Not quite. attraction bias is a plausible Chapter 11 distractor, but the better answer is halo effect because the halo effect happens when one positive impression unfairly colors the whole evaluation.","Not quite. contingent reward is a plausible Chapter 11 distractor, but the better answer is halo effect because the halo effect happens when one positive impression unfairly colors the whole evaluation.","Not quite. stakeholder analysis is a plausible Chapter 11 distractor, but the better answer is halo effect because the halo effect happens when one positive impression unfairly colors the whole evaluation.",One bright spot can create a false halo.,"Review Learn to Lead Volume 3, Chapter 11, page(s) 110. Say the concept aloud, study the linked visual if available, then explain why each distractor is wrong.",Learn to Lead Volume 3: Indirect Leadership,110,ltl3_c11_hiringdignity,ch11_hiring_dignity.png,/assets/cap-visuals/ch11_hiring_dignity.png,approved,True,Hiring Hazards and Dismissing with Dignity,Hiring Hazards and Dismissing with Dignity study visual.,yes,True,high,close,original_textbook_grounded,Three Earhart Milestone Leadership exam forms used only as style/difficulty references; no milestone question copied,draft,LTL3-C11-Q066,40,LTL3_C11_100
LTL3-C11-Q066,Learn to Lead Volume 3,11,The Leader as Commander,LTL3-C11-F33,multiple_choice,application_scenario,medium_hard,application,"A candidate gives one impressive speech, and the interviewer begins assuming the candidate will also be a great planner, trainer, and problem-solver. Which bias is operating?",attraction bias,halo effect,contingent reward,stakeholder analysis,B,The halo effect happens when one positive impression unfairly colors the whole evaluation.,halo effect is the best answer because the halo effect happens when one positive impression unfairly colors the whole evaluation..,"Not quite. attraction bias is a plausible Chapter 11 distractor, but the better answer is halo effect because the halo effect happens when one positive impression unfairly colors the whole evaluation.",Correct. The halo effect happens when one positive impression unfairly colors the whole evaluation.,"Not quite. contingent reward is a plausible Chapter 11 distractor, but the better answer is halo effect because the halo effect happens when one positive impression unfairly colors the whole evaluation.","Not quite. stakeholder analysis is a plausible Chapter 11 distractor, but the better answer is halo effect because the halo effect happens when one positive impression unfairly colors the whole evaluation.",One bright spot can create a false halo.,"Review Learn to Lead Volume 3, Chapter 11, page(s) 110. Say the concept aloud, study the linked visual if available, then explain why each distractor is wrong.",Learn to Lead Volume 3: Indirect Leadership,110,ltl3_c11_hiringdignity,ch11_hiring_dignity.png,/assets/cap-visuals/ch11_hiring_dignity.png,approved,True,Hiring Hazards and Dismissing with Dignity,Hiring Hazards and Dismissing with Dignity study visual.,no,False,medium,close,original_textbook_grounded,Three Earhart Milestone Leadership exam forms used only as style/difficulty references; no milestone question copied,draft,LTL3-C11-Q065,50,LTL3_C11_100
LTL3-C11-Q067,Learn to Lead Volume 3,11,The Leader as Commander,LTL3-C11-F34,multiple_choice,direct_exam_style,medium,recall_understanding,Which hiring hazard involves favoring people because they are physically attractive or otherwise personally appealing?,halo effect,passive management by exception,attraction bias,logical sequencing,C,Attraction bias is the tendency to favor attractive or personally appealing candidates.,attraction bias is the best answer because attraction bias is the tendency to favor attractive or personally appealing candidates..,"Not quite. halo effect is a plausible Chapter 11 distractor, but the better answer is attraction bias because attraction bias is the tendency to favor attractive or personally appealing candidates.","Not quite. passive management by exception is a plausible Chapter 11 distractor, but the better answer is attraction bias because attraction bias is the tendency to favor attractive or personally appealing candidates.",Correct. Attraction bias is the tendency to favor attractive or personally appealing candidates.,"Not quite. logical sequencing is a plausible Chapter 11 distractor, but the better answer is attraction bias because attraction bias is the tendency to favor attractive or personally appealing candidates.",Attractive is not the same as qualified.,"Review Learn to Lead Volume 3, Chapter 11, page(s) 111. Say the concept aloud, study the linked visual if available, then explain why each distractor is wrong.",Learn to Lead Volume 3: Indirect Leadership,111,ltl3_c11_hiringdignity,ch11_hiring_dignity.png,/assets/cap-visuals/ch11_hiring_dignity.png,approved,True,Hiring Hazards and Dismissing with Dignity,Hiring Hazards and Dismissing with Dignity study visual.,yes,True,high,close,original_textbook_grounded,Three Earhart Milestone Leadership exam forms used only as style/difficulty references; no milestone question copied,draft,LTL3-C11-Q068,40,LTL3_C11_100
LTL3-C11-Q068,Learn to Lead Volume 3,11,The Leader as Commander,LTL3-C11-F34,multiple_choice,application_scenario,medium_hard,application,"An interviewer feels drawn toward a polished, good-looking applicant and starts rating that person more favorably than similarly qualified peers. Which bias is this?",halo effect,passive management by exception,logical sequencing,attraction bias,D,Attraction bias is the tendency to favor attractive or personally appealing candidates.,attraction bias is the best answer because attraction bias is the tendency to favor attractive or personally appealing candidates..,"Not quite. halo effect is a plausible Chapter 11 distractor, but the better answer is attraction bias because attraction bias is the tendency to favor attractive or personally appealing candidates.","Not quite. passive management by exception is a plausible Chapter 11 distractor, but the better answer is attraction bias because attraction bias is the tendency to favor attractive or personally appealing candidates.","Not quite. logical sequencing is a plausible Chapter 11 distractor, but the better answer is attraction bias because attraction bias is the tendency to favor attractive or personally appealing candidates.",Correct. Attraction bias is the tendency to favor attractive or personally appealing candidates.,Attractive is not the same as qualified.,"Review Learn to Lead Volume 3, Chapter 11, page(s) 111. Say the concept aloud, study the linked visual if available, then explain why each distractor is wrong.",Learn to Lead Volume 3: Indirect Leadership,111,ltl3_c11_hiringdignity,ch11_hiring_dignity.png,/assets/cap-visuals/ch11_hiring_dignity.png,approved,True,Hiring Hazards and Dismissing with Dignity,Hiring Hazards and Dismissing with Dignity study visual.,no,False,medium,close,original_textbook_grounded,Three Earhart Milestone Leadership exam forms used only as style/difficulty references; no milestone question copied,draft,LTL3-C11-Q067,50,LTL3_C11_100
LTL3-C11-Q069,Learn to Lead Volume 3,11,The Leader as Commander,LTL3-C11-F35,multiple_choice,direct_exam_style,medium,recall_understanding,Which hiring hazard reminds leaders not to be dazzled merely because someone comes recommended by a high-status person?,impressive references,human connection,delegation,job functions,A,Leaders should not confuse the prestige of a reference writer with proof that the candidate is best.,impressive references is the best answer because leaders should not confuse the prestige of a reference writer with proof that the candidate is best..,Correct. Leaders should not confuse the prestige of a reference writer with proof that the candidate is best.,"Not quite. human connection is a plausible Chapter 11 distractor, but the better answer is impressive references because leaders should not confuse the prestige of a reference writer with proof that the candidate is best.","Not quite. delegation is a plausible Chapter 11 distractor, but the better answer is impressive references because leaders should not confuse the prestige of a reference writer with proof that the candidate is best.","Not quite. job functions is a plausible Chapter 11 distractor, but the better answer is impressive references because leaders should not confuse the prestige of a reference writer with proof that the candidate is best.","Big name, not necessarily best fit.","Review Learn to Lead Volume 3, Chapter 11, page(s) 111. Say the concept aloud, study the linked visual if available, then explain why each distractor is wrong.",Learn to Lead Volume 3: Indirect Leadership,111,ltl3_c11_hiringdignity,ch11_hiring_dignity.png,/assets/cap-visuals/ch11_hiring_dignity.png,approved,True,Hiring Hazards and Dismissing with Dignity,Hiring Hazards and Dismissing with Dignity study visual.,yes,True,high,close,original_textbook_grounded,Three Earhart Milestone Leadership exam forms used only as style/difficulty references; no milestone question copied,draft,LTL3-C11-Q070,40,LTL3_C11_100
LTL3-C11-Q070,Learn to Lead Volume 3,11,The Leader as Commander,LTL3-C11-F35,multiple_choice,application_scenario,medium_hard,application,"A candidate presents a glowing letter from a famous official, but the hiring manager focuses on whether the letter actually says something relevant about the job. Which hazard is being managed?",human connection,impressive references,delegation,job functions,B,Leaders should not confuse the prestige of a reference writer with proof that the candidate is best.,impressive references is the best answer because leaders should not confuse the prestige of a reference writer with proof that the candidate is best..,"Not quite. human connection is a plausible Chapter 11 distractor, but the better answer is impressive references because leaders should not confuse the prestige of a reference writer with proof that the candidate is best.",Correct. Leaders should not confuse the prestige of a reference writer with proof that the candidate is best.,"Not quite. delegation is a plausible Chapter 11 distractor, but the better answer is impressive references because leaders should not confuse the prestige of a reference writer with proof that the candidate is best.","Not quite. job functions is a plausible Chapter 11 distractor, but the better answer is impressive references because leaders should not confuse the prestige of a reference writer with proof that the candidate is best.","Big name, not necessarily best fit.","Review Learn to Lead Volume 3, Chapter 11, page(s) 111. Say the concept aloud, study the linked visual if available, then explain why each distractor is wrong.",Learn to Lead Volume 3: Indirect Leadership,111,ltl3_c11_hiringdignity,ch11_hiring_dignity.png,/assets/cap-visuals/ch11_hiring_dignity.png,approved,True,Hiring Hazards and Dismissing with Dignity,Hiring Hazards and Dismissing with Dignity study visual.,no,False,medium,close,original_textbook_grounded,Three Earhart Milestone Leadership exam forms used only as style/difficulty references; no milestone question copied,draft,LTL3-C11-Q069,50,LTL3_C11_100
LTL3-C11-Q071,Learn to Lead Volume 3,11,The Leader as Commander,LTL3-C11-F36,multiple_choice,direct_exam_style,medium,recall_understanding,What term describes the practice of favoring relatives or friends in professional decisions such as hiring?,individual consideration,structured interviewing,nepotism,mission alignment,C,"Nepotism is favoritism toward relatives or friends, especially in hiring.","nepotism is the best answer because nepotism is favoritism toward relatives or friends, especially in hiring..","Not quite. individual consideration is a plausible Chapter 11 distractor, but the better answer is nepotism because nepotism is favoritism toward relatives or friends, especially in hiring.","Not quite. structured interviewing is a plausible Chapter 11 distractor, but the better answer is nepotism because nepotism is favoritism toward relatives or friends, especially in hiring.","Correct. Nepotism is favoritism toward relatives or friends, especially in hiring.","Not quite. mission alignment is a plausible Chapter 11 distractor, but the better answer is nepotism because nepotism is favoritism toward relatives or friends, especially in hiring.","Nepotism = selecting by relationship, not merit.","Review Learn to Lead Volume 3, Chapter 11, page(s) 111-112. Say the concept aloud, study the linked visual if available, then explain why each distractor is wrong.",Learn to Lead Volume 3: Indirect Leadership,111-112,ltl3_c11_hiringdignity,ch11_hiring_dignity.png,/assets/cap-visuals/ch11_hiring_dignity.png,approved,True,Hiring Hazards and Dismissing with Dignity,Hiring Hazards and Dismissing with Dignity study visual.,yes,True,high,close,original_textbook_grounded,Three Earhart Milestone Leadership exam forms used only as style/difficulty references; no milestone question copied,draft,LTL3-C11-Q072,40,LTL3_C11_100
LTL3-C11-Q072,Learn to Lead Volume 3,11,The Leader as Commander,LTL3-C11-F36,multiple_choice,application_scenario,medium_hard,application,A squadron staff member argues that a close friend should get a position mainly because they are “one of us.” Which Chapter 11 hazard does this show?,individual consideration,structured interviewing,mission alignment,nepotism,D,"Nepotism is favoritism toward relatives or friends, especially in hiring.","nepotism is the best answer because nepotism is favoritism toward relatives or friends, especially in hiring..","Not quite. individual consideration is a plausible Chapter 11 distractor, but the better answer is nepotism because nepotism is favoritism toward relatives or friends, especially in hiring.","Not quite. structured interviewing is a plausible Chapter 11 distractor, but the better answer is nepotism because nepotism is favoritism toward relatives or friends, especially in hiring.","Not quite. mission alignment is a plausible Chapter 11 distractor, but the better answer is nepotism because nepotism is favoritism toward relatives or friends, especially in hiring.","Correct. Nepotism is favoritism toward relatives or friends, especially in hiring.","Nepotism = selecting by relationship, not merit.","Review Learn to Lead Volume 3, Chapter 11, page(s) 111-112. Say the concept aloud, study the linked visual if available, then explain why each distractor is wrong.",Learn to Lead Volume 3: Indirect Leadership,111-112,ltl3_c11_hiringdignity,ch11_hiring_dignity.png,/assets/cap-visuals/ch11_hiring_dignity.png,approved,True,Hiring Hazards and Dismissing with Dignity,Hiring Hazards and Dismissing with Dignity study visual.,no,False,medium,close,original_textbook_grounded,Three Earhart Milestone Leadership exam forms used only as style/difficulty references; no milestone question copied,draft,LTL3-C11-Q071,50,LTL3_C11_100
LTL3-C11-Q073,Learn to Lead Volume 3,11,The Leader as Commander,LTL3-C11-F37,multiple_choice,direct_exam_style,medium,recall_understanding,What idea reminds hiring managers that the “perfect candidate” rarely exists and that selection involves weighing pros and cons?,trade-offs,laissez-faire,joint authorship,stakeholder map,A,Hiring often involves trade-offs because every candidate has strengths and limitations.,trade-offs is the best answer because hiring often involves trade-offs because every candidate has strengths and limitations..,Correct. Hiring often involves trade-offs because every candidate has strengths and limitations.,"Not quite. laissez-faire is a plausible Chapter 11 distractor, but the better answer is trade-offs because hiring often involves trade-offs because every candidate has strengths and limitations.","Not quite. joint authorship is a plausible Chapter 11 distractor, but the better answer is trade-offs because hiring often involves trade-offs because every candidate has strengths and limitations.","Not quite. stakeholder map is a plausible Chapter 11 distractor, but the better answer is trade-offs because hiring often involves trade-offs because every candidate has strengths and limitations.",Don’t hunt for perfect—look for best overall fit.,"Review Learn to Lead Volume 3, Chapter 11, page(s) 113. Say the concept aloud, study the linked visual if available, then explain why each distractor is wrong.",Learn to Lead Volume 3: Indirect Leadership,113,ltl3_c11_hiringdignity,ch11_hiring_dignity.png,/assets/cap-visuals/ch11_hiring_dignity.png,approved,True,Hiring Hazards and Dismissing with Dignity,Hiring Hazards and Dismissing with Dignity study visual.,yes,True,high,close,original_textbook_grounded,Three Earhart Milestone Leadership exam forms used only as style/difficulty references; no milestone question copied,draft,LTL3-C11-Q074,40,LTL3_C11_100
LTL3-C11-Q074,Learn to Lead Volume 3,11,The Leader as Commander,LTL3-C11-F37,multiple_choice,application_scenario,medium_hard,application,"Two applicants each bring strengths and weaknesses, so the commander chooses the one whose overall mix best fits the role. Which Chapter 11 idea is this?",laissez-faire,trade-offs,joint authorship,stakeholder map,B,Hiring often involves trade-offs because every candidate has strengths and limitations.,trade-offs is the best answer because hiring often involves trade-offs because every candidate has strengths and limitations..,"Not quite. laissez-faire is a plausible Chapter 11 distractor, but the better answer is trade-offs because hiring often involves trade-offs because every candidate has strengths and limitations.",Correct. Hiring often involves trade-offs because every candidate has strengths and limitations.,"Not quite. joint authorship is a plausible Chapter 11 distractor, but the better answer is trade-offs because hiring often involves trade-offs because every candidate has strengths and limitations.","Not quite. stakeholder map is a plausible Chapter 11 distractor, but the better answer is trade-offs because hiring often involves trade-offs because every candidate has strengths and limitations.",Don’t hunt for perfect—look for best overall fit.,"Review Learn to Lead Volume 3, Chapter 11, page(s) 113. Say the concept aloud, study the linked visual if available, then explain why each distractor is wrong.",Learn to Lead Volume 3: Indirect Leadership,113,ltl3_c11_hiringdignity,ch11_hiring_dignity.png,/assets/cap-visuals/ch11_hiring_dignity.png,approved,True,Hiring Hazards and Dismissing with Dignity,Hiring Hazards and Dismissing with Dignity study visual.,no,False,medium,close,original_textbook_grounded,Three Earhart Milestone Leadership exam forms used only as style/difficulty references; no milestone question copied,draft,LTL3-C11-Q073,50,LTL3_C11_100
LTL3-C11-Q075,Learn to Lead Volume 3,11,The Leader as Commander,LTL3-C11-F38,multiple_choice,direct_exam_style,medium,recall_understanding,Which Chapter 11 principle best summarizes the right approach to letting someone go?,termination should surprise the person,firing should happen in public,dismissal should be a last resort and done with dignity,privacy is unimportant in dismissal,C,Dismissal should be a last resort and should preserve the person’s dignity.,dismissal should be a last resort and done with dignity is the best answer because dismissal should be a last resort and should preserve the person’s dignity..,"Not quite. termination should surprise the person is a plausible Chapter 11 distractor, but the better answer is dismissal should be a last resort and done with dignity because dismissal should be a last resort and should preserve the person’s dignity.","Not quite. firing should happen in public is a plausible Chapter 11 distractor, but the better answer is dismissal should be a last resort and done with dignity because dismissal should be a last resort and should preserve the person’s dignity.",Correct. Dismissal should be a last resort and should preserve the person’s dignity.,"Not quite. privacy is unimportant in dismissal is a plausible Chapter 11 distractor, but the better answer is dismissal should be a last resort and done with dignity because dismissal should be a last resort and should preserve the person’s dignity.",Last resort. Private. Respectful.,"Review Learn to Lead Volume 3, Chapter 11, page(s) 113. Say the concept aloud, study the linked visual if available, then explain why each distractor is wrong.",Learn to Lead Volume 3: Indirect Leadership,113,ltl3_c11_hiringdignity,ch11_hiring_dignity.png,/assets/cap-visuals/ch11_hiring_dignity.png,approved,True,Hiring Hazards and Dismissing with Dignity,Hiring Hazards and Dismissing with Dignity study visual.,yes,True,high,close,original_textbook_grounded,Three Earhart Milestone Leadership exam forms used only as style/difficulty references; no milestone question copied,draft,LTL3-C11-Q076,40,LTL3_C11_100
LTL3-C11-Q076,Learn to Lead Volume 3,11,The Leader as Commander,LTL3-C11-F38,multiple_choice,application_scenario,medium_hard,application,"A commander gives coaching, warning, and support before finally ending a poor fit in a private, respectful conversation. Which Chapter 11 principle is being followed?",termination should surprise the person,firing should happen in public,privacy is unimportant in dismissal,dismissal should be a last resort and done with dignity,D,Dismissal should be a last resort and should preserve the person’s dignity.,dismissal should be a last resort and done with dignity is the best answer because dismissal should be a last resort and should preserve the person’s dignity..,"Not quite. termination should surprise the person is a plausible Chapter 11 distractor, but the better answer is dismissal should be a last resort and done with dignity because dismissal should be a last resort and should preserve the person’s dignity.","Not quite. firing should happen in public is a plausible Chapter 11 distractor, but the better answer is dismissal should be a last resort and done with dignity because dismissal should be a last resort and should preserve the person’s dignity.","Not quite. privacy is unimportant in dismissal is a plausible Chapter 11 distractor, but the better answer is dismissal should be a last resort and done with dignity because dismissal should be a last resort and should preserve the person’s dignity.",Correct. Dismissal should be a last resort and should preserve the person’s dignity.,Last resort. Private. Respectful.,"Review Learn to Lead Volume 3, Chapter 11, page(s) 113. Say the concept aloud, study the linked visual if available, then explain why each distractor is wrong.",Learn to Lead Volume 3: Indirect Leadership,113,ltl3_c11_hiringdignity,ch11_hiring_dignity.png,/assets/cap-visuals/ch11_hiring_dignity.png,approved,True,Hiring Hazards and Dismissing with Dignity,Hiring Hazards and Dismissing with Dignity study visual.,no,False,medium,close,original_textbook_grounded,Three Earhart Milestone Leadership exam forms used only as style/difficulty references; no milestone question copied,draft,LTL3-C11-Q075,50,LTL3_C11_100
LTL3-C11-Q077,Learn to Lead Volume 3,11,The Leader as Commander,LTL3-C11-F39,multiple_choice,direct_exam_style,medium,recall_understanding,"In the Full Range Leadership Model, which behavior represents an absence of leadership?",laissez-faire,contingent reward,individual consideration,idealized influence,A,"Laissez-faire is the absence of active, engaged leadership.","laissez-faire is the best answer because laissez-faire is the absence of active, engaged leadership..","Correct. Laissez-faire is the absence of active, engaged leadership.","Not quite. contingent reward is a plausible Chapter 11 distractor, but the better answer is laissez-faire because laissez-faire is the absence of active, engaged leadership.","Not quite. individual consideration is a plausible Chapter 11 distractor, but the better answer is laissez-faire because laissez-faire is the absence of active, engaged leadership.","Not quite. idealized influence is a plausible Chapter 11 distractor, but the better answer is laissez-faire because laissez-faire is the absence of active, engaged leadership.",Laissez-faire = hands off to a fault.,"Review Learn to Lead Volume 3, Chapter 11, page(s) 114-115. Say the concept aloud, study the linked visual if available, then explain why each distractor is wrong.",Learn to Lead Volume 3: Indirect Leadership,114-115,ltl3_c11_frlm,ch11_frlm.png,/assets/cap-visuals/ch11_frlm.png,approved,True,Full Range Leadership Model,Full Range Leadership Model study visual.,yes,True,high,close,original_textbook_grounded,Three Earhart Milestone Leadership exam forms used only as style/difficulty references; no milestone question copied,draft,LTL3-C11-Q078,40,LTL3_C11_100
LTL3-C11-Q078,Learn to Lead Volume 3,11,The Leader as Commander,LTL3-C11-F39,multiple_choice,application_scenario,medium_hard,application,"A boss avoids decisions, provides little direction, and seems barely involved with people or mission. Which FRLM behavior is this?",contingent reward,laissez-faire,individual consideration,idealized influence,B,"Laissez-faire is the absence of active, engaged leadership.","laissez-faire is the best answer because laissez-faire is the absence of active, engaged leadership..","Not quite. contingent reward is a plausible Chapter 11 distractor, but the better answer is laissez-faire because laissez-faire is the absence of active, engaged leadership.","Correct. Laissez-faire is the absence of active, engaged leadership.","Not quite. individual consideration is a plausible Chapter 11 distractor, but the better answer is laissez-faire because laissez-faire is the absence of active, engaged leadership.","Not quite. idealized influence is a plausible Chapter 11 distractor, but the better answer is laissez-faire because laissez-faire is the absence of active, engaged leadership.",Laissez-faire = hands off to a fault.,"Review Learn to Lead Volume 3, Chapter 11, page(s) 114-115. Say the concept aloud, study the linked visual if available, then explain why each distractor is wrong.",Learn to Lead Volume 3: Indirect Leadership,114-115,ltl3_c11_frlm,ch11_frlm.png,/assets/cap-visuals/ch11_frlm.png,approved,True,Full Range Leadership Model,Full Range Leadership Model study visual.,no,False,medium,close,original_textbook_grounded,Three Earhart Milestone Leadership exam forms used only as style/difficulty references; no milestone question copied,draft,LTL3-C11-Q077,50,LTL3_C11_100
LTL3-C11-Q079,Learn to Lead Volume 3,11,The Leader as Commander,LTL3-C11-F40,multiple_choice,direct_exam_style,medium,recall_understanding,Which FRLM behavior describes a leader who waits for problems to become serious before stepping in?,management by exception — active,contingent reward,management by exception — passive,idealized influence,C,Passive management by exception waits for mistakes before reacting.,management by exception — passive is the best answer because passive management by exception waits for mistakes before reacting..,"Not quite. management by exception — active is a plausible Chapter 11 distractor, but the better answer is management by exception — passive because passive management by exception waits for mistakes before reacting.","Not quite. contingent reward is a plausible Chapter 11 distractor, but the better answer is management by exception — passive because passive management by exception waits for mistakes before reacting.",Correct. Passive management by exception waits for mistakes before reacting.,"Not quite. idealized influence is a plausible Chapter 11 distractor, but the better answer is management by exception — passive because passive management by exception waits for mistakes before reacting.",Passive MBE waits for trouble.,"Review Learn to Lead Volume 3, Chapter 11, page(s) 115-116. Say the concept aloud, study the linked visual if available, then explain why each distractor is wrong.",Learn to Lead Volume 3: Indirect Leadership,115-116,ltl3_c11_frlm,ch11_frlm.png,/assets/cap-visuals/ch11_frlm.png,approved,True,Full Range Leadership Model,Full Range Leadership Model study visual.,yes,True,high,close,original_textbook_grounded,Three Earhart Milestone Leadership exam forms used only as style/difficulty references; no milestone question copied,draft,LTL3-C11-Q080,40,LTL3_C11_100
LTL3-C11-Q080,Learn to Lead Volume 3,11,The Leader as Commander,LTL3-C11-F40,multiple_choice,application_scenario,medium_hard,application,Team members mostly do not hear from the boss unless something has already gone wrong. Which FRLM behavior is being displayed?,management by exception — active,contingent reward,idealized influence,management by exception — passive,D,Passive management by exception waits for mistakes before reacting.,management by exception — passive is the best answer because passive management by exception waits for mistakes before reacting..,"Not quite. management by exception — active is a plausible Chapter 11 distractor, but the better answer is management by exception — passive because passive management by exception waits for mistakes before reacting.","Not quite. contingent reward is a plausible Chapter 11 distractor, but the better answer is management by exception — passive because passive management by exception waits for mistakes before reacting.","Not quite. idealized influence is a plausible Chapter 11 distractor, but the better answer is management by exception — passive because passive management by exception waits for mistakes before reacting.",Correct. Passive management by exception waits for mistakes before reacting.,Passive MBE waits for trouble.,"Review Learn to Lead Volume 3, Chapter 11, page(s) 115-116. Say the concept aloud, study the linked visual if available, then explain why each distractor is wrong.",Learn to Lead Volume 3: Indirect Leadership,115-116,ltl3_c11_frlm,ch11_frlm.png,/assets/cap-visuals/ch11_frlm.png,approved,True,Full Range Leadership Model,Full Range Leadership Model study visual.,no,False,medium,close,original_textbook_grounded,Three Earhart Milestone Leadership exam forms used only as style/difficulty references; no milestone question copied,draft,LTL3-C11-Q079,50,LTL3_C11_100
LTL3-C11-Q081,Learn to Lead Volume 3,11,The Leader as Commander,LTL3-C11-F41,multiple_choice,direct_exam_style,medium,recall_understanding,Which FRLM behavior describes a leader who constantly watches for errors and corrects them?,management by exception — active,management by exception — passive,laissez-faire,inspirational motivation,A,Active management by exception monitors closely for errors and corrects them.,management by exception — active is the best answer because active management by exception monitors closely for errors and corrects them..,Correct. Active management by exception monitors closely for errors and corrects them.,"Not quite. management by exception — passive is a plausible Chapter 11 distractor, but the better answer is management by exception — active because active management by exception monitors closely for errors and corrects them.","Not quite. laissez-faire is a plausible Chapter 11 distractor, but the better answer is management by exception — active because active management by exception monitors closely for errors and corrects them.","Not quite. inspirational motivation is a plausible Chapter 11 distractor, but the better answer is management by exception — active because active management by exception monitors closely for errors and corrects them.",Active MBE hunts for mistakes.,"Review Learn to Lead Volume 3, Chapter 11, page(s) 116. Say the concept aloud, study the linked visual if available, then explain why each distractor is wrong.",Learn to Lead Volume 3: Indirect Leadership,116,ltl3_c11_frlm,ch11_frlm.png,/assets/cap-visuals/ch11_frlm.png,approved,True,Full Range Leadership Model,Full Range Leadership Model study visual.,yes,True,high,close,original_textbook_grounded,Three Earhart Milestone Leadership exam forms used only as style/difficulty references; no milestone question copied,draft,LTL3-C11-Q082,40,LTL3_C11_100
LTL3-C11-Q082,Learn to Lead Volume 3,11,The Leader as Commander,LTL3-C11-F41,multiple_choice,application_scenario,medium_hard,application,A cadet officer is highly visible and keeps checking everyone’s work mainly to catch mistakes early. Which FRLM behavior best fits?,management by exception — passive,management by exception — active,laissez-faire,inspirational motivation,B,Active management by exception monitors closely for errors and corrects them.,management by exception — active is the best answer because active management by exception monitors closely for errors and corrects them..,"Not quite. management by exception — passive is a plausible Chapter 11 distractor, but the better answer is management by exception — active because active management by exception monitors closely for errors and corrects them.",Correct. Active management by exception monitors closely for errors and corrects them.,"Not quite. laissez-faire is a plausible Chapter 11 distractor, but the better answer is management by exception — active because active management by exception monitors closely for errors and corrects them.","Not quite. inspirational motivation is a plausible Chapter 11 distractor, but the better answer is management by exception — active because active management by exception monitors closely for errors and corrects them.",Active MBE hunts for mistakes.,"Review Learn to Lead Volume 3, Chapter 11, page(s) 116. Say the concept aloud, study the linked visual if available, then explain why each distractor is wrong.",Learn to Lead Volume 3: Indirect Leadership,116,ltl3_c11_frlm,ch11_frlm.png,/assets/cap-visuals/ch11_frlm.png,approved,True,Full Range Leadership Model,Full Range Leadership Model study visual.,no,False,medium,close,original_textbook_grounded,Three Earhart Milestone Leadership exam forms used only as style/difficulty references; no milestone question copied,draft,LTL3-C11-Q081,50,LTL3_C11_100
LTL3-C11-Q083,Learn to Lead Volume 3,11,The Leader as Commander,LTL3-C11-F42,multiple_choice,direct_exam_style,medium,recall_understanding,Which FRLM behavior uses incentives and recognition to encourage people to meet standards?,intellectual stimulation,laissez-faire,contingent reward,halo effect,C,Contingent reward motivates through clear expectations and rewards for performance.,contingent reward is the best answer because contingent reward motivates through clear expectations and rewards for performance..,"Not quite. intellectual stimulation is a plausible Chapter 11 distractor, but the better answer is contingent reward because contingent reward motivates through clear expectations and rewards for performance.","Not quite. laissez-faire is a plausible Chapter 11 distractor, but the better answer is contingent reward because contingent reward motivates through clear expectations and rewards for performance.",Correct. Contingent reward motivates through clear expectations and rewards for performance.,"Not quite. halo effect is a plausible Chapter 11 distractor, but the better answer is contingent reward because contingent reward motivates through clear expectations and rewards for performance.","Do this, get that = contingent reward.","Review Learn to Lead Volume 3, Chapter 11, page(s) 116. Say the concept aloud, study the linked visual if available, then explain why each distractor is wrong.",Learn to Lead Volume 3: Indirect Leadership,116,ltl3_c11_frlm,ch11_frlm.png,/assets/cap-visuals/ch11_frlm.png,approved,True,Full Range Leadership Model,Full Range Leadership Model study visual.,yes,True,high,close,original_textbook_grounded,Three Earhart Milestone Leadership exam forms used only as style/difficulty references; no milestone question copied,draft,LTL3-C11-Q084,40,LTL3_C11_100
LTL3-C11-Q084,Learn to Lead Volume 3,11,The Leader as Commander,LTL3-C11-F42,multiple_choice,application_scenario,medium_hard,application,"A leader clearly tells the team, “Meet the goal and you’ll earn the reward.” Which FRLM behavior is being used?",intellectual stimulation,laissez-faire,halo effect,contingent reward,D,Contingent reward motivates through clear expectations and rewards for performance.,contingent reward is the best answer because contingent reward motivates through clear expectations and rewards for performance..,"Not quite. intellectual stimulation is a plausible Chapter 11 distractor, but the better answer is contingent reward because contingent reward motivates through clear expectations and rewards for performance.","Not quite. laissez-faire is a plausible Chapter 11 distractor, but the better answer is contingent reward because contingent reward motivates through clear expectations and rewards for performance.","Not quite. halo effect is a plausible Chapter 11 distractor, but the better answer is contingent reward because contingent reward motivates through clear expectations and rewards for performance.",Correct. Contingent reward motivates through clear expectations and rewards for performance.,"Do this, get that = contingent reward.","Review Learn to Lead Volume 3, Chapter 11, page(s) 116. Say the concept aloud, study the linked visual if available, then explain why each distractor is wrong.",Learn to Lead Volume 3: Indirect Leadership,116,ltl3_c11_frlm,ch11_frlm.png,/assets/cap-visuals/ch11_frlm.png,approved,True,Full Range Leadership Model,Full Range Leadership Model study visual.,no,False,medium,close,original_textbook_grounded,Three Earhart Milestone Leadership exam forms used only as style/difficulty references; no milestone question copied,draft,LTL3-C11-Q083,50,LTL3_C11_100
LTL3-C11-Q085,Learn to Lead Volume 3,11,The Leader as Commander,LTL3-C11-F43,multiple_choice,direct_exam_style,medium,recall_understanding,"Which “I” of transformational leadership focuses on coaching, listening, and developing each person?",individual consideration,inspirational motivation,measurable achievement,attraction bias,A,Individual consideration is one-on-one mentoring and development.,individual consideration is the best answer because individual consideration is one-on-one mentoring and development..,Correct. Individual consideration is one-on-one mentoring and development.,"Not quite. inspirational motivation is a plausible Chapter 11 distractor, but the better answer is individual consideration because individual consideration is one-on-one mentoring and development.","Not quite. measurable achievement is a plausible Chapter 11 distractor, but the better answer is individual consideration because individual consideration is one-on-one mentoring and development.","Not quite. attraction bias is a plausible Chapter 11 distractor, but the better answer is individual consideration because individual consideration is one-on-one mentoring and development.",IC = I care about the individual.,"Review Learn to Lead Volume 3, Chapter 11, page(s) 117. Say the concept aloud, study the linked visual if available, then explain why each distractor is wrong.",Learn to Lead Volume 3: Indirect Leadership,117,ltl3_c11_frlm,ch11_frlm.png,/assets/cap-visuals/ch11_frlm.png,approved,True,Full Range Leadership Model,Full Range Leadership Model study visual.,yes,True,high,close,original_textbook_grounded,Three Earhart Milestone Leadership exam forms used only as style/difficulty references; no milestone question copied,draft,LTL3-C11-Q086,40,LTL3_C11_100
LTL3-C11-Q086,Learn to Lead Volume 3,11,The Leader as Commander,LTL3-C11-F43,multiple_choice,application_scenario,medium_hard,application,"A commander meets one-on-one with a cadet, listens carefully, and helps that cadet grow. Which FRLM behavior is this?",inspirational motivation,individual consideration,measurable achievement,attraction bias,B,Individual consideration is one-on-one mentoring and development.,individual consideration is the best answer because individual consideration is one-on-one mentoring and development..,"Not quite. inspirational motivation is a plausible Chapter 11 distractor, but the better answer is individual consideration because individual consideration is one-on-one mentoring and development.",Correct. Individual consideration is one-on-one mentoring and development.,"Not quite. measurable achievement is a plausible Chapter 11 distractor, but the better answer is individual consideration because individual consideration is one-on-one mentoring and development.","Not quite. attraction bias is a plausible Chapter 11 distractor, but the better answer is individual consideration because individual consideration is one-on-one mentoring and development.",IC = I care about the individual.,"Review Learn to Lead Volume 3, Chapter 11, page(s) 117. Say the concept aloud, study the linked visual if available, then explain why each distractor is wrong.",Learn to Lead Volume 3: Indirect Leadership,117,ltl3_c11_frlm,ch11_frlm.png,/assets/cap-visuals/ch11_frlm.png,approved,True,Full Range Leadership Model,Full Range Leadership Model study visual.,no,False,medium,close,original_textbook_grounded,Three Earhart Milestone Leadership exam forms used only as style/difficulty references; no milestone question copied,draft,LTL3-C11-Q085,50,LTL3_C11_100
LTL3-C11-Q087,Learn to Lead Volume 3,11,The Leader as Commander,LTL3-C11-F44,multiple_choice,direct_exam_style,medium,recall_understanding,Which “I” of transformational leadership challenges followers to think critically and generate ideas?,idealized influence,privacy,intellectual stimulation,prestige,C,"Intellectual stimulation pushes people to think, question, and solve problems creatively.","intellectual stimulation is the best answer because intellectual stimulation pushes people to think, question, and solve problems creatively..","Not quite. idealized influence is a plausible Chapter 11 distractor, but the better answer is intellectual stimulation because intellectual stimulation pushes people to think, question, and solve problems creatively.","Not quite. privacy is a plausible Chapter 11 distractor, but the better answer is intellectual stimulation because intellectual stimulation pushes people to think, question, and solve problems creatively.","Correct. Intellectual stimulation pushes people to think, question, and solve problems creatively.","Not quite. prestige is a plausible Chapter 11 distractor, but the better answer is intellectual stimulation because intellectual stimulation pushes people to think, question, and solve problems creatively.",IS = I stimulate your thinking.,"Review Learn to Lead Volume 3, Chapter 11, page(s) 117-118. Say the concept aloud, study the linked visual if available, then explain why each distractor is wrong.",Learn to Lead Volume 3: Indirect Leadership,117-118,ltl3_c11_frlm,ch11_frlm.png,/assets/cap-visuals/ch11_frlm.png,approved,True,Full Range Leadership Model,Full Range Leadership Model study visual.,yes,True,high,close,original_textbook_grounded,Three Earhart Milestone Leadership exam forms used only as style/difficulty references; no milestone question copied,draft,LTL3-C11-Q088,40,LTL3_C11_100
LTL3-C11-Q088,Learn to Lead Volume 3,11,The Leader as Commander,LTL3-C11-F44,multiple_choice,application_scenario,medium_hard,application,"Instead of giving all the answers, a leader asks the team to think through options and solve the problem together. Which FRLM behavior is being used?",idealized influence,privacy,prestige,intellectual stimulation,D,"Intellectual stimulation pushes people to think, question, and solve problems creatively.","intellectual stimulation is the best answer because intellectual stimulation pushes people to think, question, and solve problems creatively..","Not quite. idealized influence is a plausible Chapter 11 distractor, but the better answer is intellectual stimulation because intellectual stimulation pushes people to think, question, and solve problems creatively.","Not quite. privacy is a plausible Chapter 11 distractor, but the better answer is intellectual stimulation because intellectual stimulation pushes people to think, question, and solve problems creatively.","Not quite. prestige is a plausible Chapter 11 distractor, but the better answer is intellectual stimulation because intellectual stimulation pushes people to think, question, and solve problems creatively.","Correct. Intellectual stimulation pushes people to think, question, and solve problems creatively.",IS = I stimulate your thinking.,"Review Learn to Lead Volume 3, Chapter 11, page(s) 117-118. Say the concept aloud, study the linked visual if available, then explain why each distractor is wrong.",Learn to Lead Volume 3: Indirect Leadership,117-118,ltl3_c11_frlm,ch11_frlm.png,/assets/cap-visuals/ch11_frlm.png,approved,True,Full Range Leadership Model,Full Range Leadership Model study visual.,no,False,medium,close,original_textbook_grounded,Three Earhart Milestone Leadership exam forms used only as style/difficulty references; no milestone question copied,draft,LTL3-C11-Q087,50,LTL3_C11_100
LTL3-C11-Q089,Learn to Lead Volume 3,11,The Leader as Commander,LTL3-C11-F45,multiple_choice,direct_exam_style,medium,recall_understanding,Which “I” of transformational leadership creates enthusiasm by expressing confidence in the team and a compelling vision?,inspirational motivation,joint authorship,attraction bias,job functions,A,Inspirational motivation builds confidence and enthusiasm around a clear vision.,inspirational motivation is the best answer because inspirational motivation builds confidence and enthusiasm around a clear vision..,Correct. Inspirational motivation builds confidence and enthusiasm around a clear vision.,"Not quite. joint authorship is a plausible Chapter 11 distractor, but the better answer is inspirational motivation because inspirational motivation builds confidence and enthusiasm around a clear vision.","Not quite. attraction bias is a plausible Chapter 11 distractor, but the better answer is inspirational motivation because inspirational motivation builds confidence and enthusiasm around a clear vision.","Not quite. job functions is a plausible Chapter 11 distractor, but the better answer is inspirational motivation because inspirational motivation builds confidence and enthusiasm around a clear vision.",IM = I motivate toward a vision.,"Review Learn to Lead Volume 3, Chapter 11, page(s) 118. Say the concept aloud, study the linked visual if available, then explain why each distractor is wrong.",Learn to Lead Volume 3: Indirect Leadership,118,ltl3_c11_frlm,ch11_frlm.png,/assets/cap-visuals/ch11_frlm.png,approved,True,Full Range Leadership Model,Full Range Leadership Model study visual.,yes,True,high,close,original_textbook_grounded,Three Earhart Milestone Leadership exam forms used only as style/difficulty references; no milestone question copied,draft,LTL3-C11-Q090,40,LTL3_C11_100
LTL3-C11-Q090,Learn to Lead Volume 3,11,The Leader as Commander,LTL3-C11-F45,multiple_choice,application_scenario,medium_hard,application,A cadet commander paints a vivid picture of what the team can achieve and makes everyone believe it is possible. Which FRLM behavior is this?,joint authorship,inspirational motivation,attraction bias,job functions,B,Inspirational motivation builds confidence and enthusiasm around a clear vision.,inspirational motivation is the best answer because inspirational motivation builds confidence and enthusiasm around a clear vision..,"Not quite. joint authorship is a plausible Chapter 11 distractor, but the better answer is inspirational motivation because inspirational motivation builds confidence and enthusiasm around a clear vision.",Correct. Inspirational motivation builds confidence and enthusiasm around a clear vision.,"Not quite. attraction bias is a plausible Chapter 11 distractor, but the better answer is inspirational motivation because inspirational motivation builds confidence and enthusiasm around a clear vision.","Not quite. job functions is a plausible Chapter 11 distractor, but the better answer is inspirational motivation because inspirational motivation builds confidence and enthusiasm around a clear vision.",IM = I motivate toward a vision.,"Review Learn to Lead Volume 3, Chapter 11, page(s) 118. Say the concept aloud, study the linked visual if available, then explain why each distractor is wrong.",Learn to Lead Volume 3: Indirect Leadership,118,ltl3_c11_frlm,ch11_frlm.png,/assets/cap-visuals/ch11_frlm.png,approved,True,Full Range Leadership Model,Full Range Leadership Model study visual.,no,False,medium,close,original_textbook_grounded,Three Earhart Milestone Leadership exam forms used only as style/difficulty references; no milestone question copied,draft,LTL3-C11-Q089,50,LTL3_C11_100
LTL3-C11-Q091,Learn to Lead Volume 3,11,The Leader as Commander,LTL3-C11-F46,multiple_choice,direct_exam_style,medium,recall_understanding,Which “I” of transformational leadership means leading by personal example so followers see the values lived out?,contingent reward,human capital,idealized influence,passive management by exception,C,Idealized influence is leadership by example and role modeling.,idealized influence is the best answer because idealized influence is leadership by example and role modeling..,"Not quite. contingent reward is a plausible Chapter 11 distractor, but the better answer is idealized influence because idealized influence is leadership by example and role modeling.","Not quite. human capital is a plausible Chapter 11 distractor, but the better answer is idealized influence because idealized influence is leadership by example and role modeling.",Correct. Idealized influence is leadership by example and role modeling.,"Not quite. passive management by exception is a plausible Chapter 11 distractor, but the better answer is idealized influence because idealized influence is leadership by example and role modeling.",II = I am the example.,"Review Learn to Lead Volume 3, Chapter 11, page(s) 118. Say the concept aloud, study the linked visual if available, then explain why each distractor is wrong.",Learn to Lead Volume 3: Indirect Leadership,118,ltl3_c11_frlm,ch11_frlm.png,/assets/cap-visuals/ch11_frlm.png,approved,True,Full Range Leadership Model,Full Range Leadership Model study visual.,yes,True,high,close,original_textbook_grounded,Three Earhart Milestone Leadership exam forms used only as style/difficulty references; no milestone question copied,draft,LTL3-C11-Q092,40,LTL3_C11_100
LTL3-C11-Q092,Learn to Lead Volume 3,11,The Leader as Commander,LTL3-C11-F46,multiple_choice,application_scenario,medium_hard,application,A commander consistently demonstrates the integrity and service she expects from everyone else. Which FRLM behavior is this?,contingent reward,human capital,passive management by exception,idealized influence,D,Idealized influence is leadership by example and role modeling.,idealized influence is the best answer because idealized influence is leadership by example and role modeling..,"Not quite. contingent reward is a plausible Chapter 11 distractor, but the better answer is idealized influence because idealized influence is leadership by example and role modeling.","Not quite. human capital is a plausible Chapter 11 distractor, but the better answer is idealized influence because idealized influence is leadership by example and role modeling.","Not quite. passive management by exception is a plausible Chapter 11 distractor, but the better answer is idealized influence because idealized influence is leadership by example and role modeling.",Correct. Idealized influence is leadership by example and role modeling.,II = I am the example.,"Review Learn to Lead Volume 3, Chapter 11, page(s) 118. Say the concept aloud, study the linked visual if available, then explain why each distractor is wrong.",Learn to Lead Volume 3: Indirect Leadership,118,ltl3_c11_frlm,ch11_frlm.png,/assets/cap-visuals/ch11_frlm.png,approved,True,Full Range Leadership Model,Full Range Leadership Model study visual.,no,False,medium,close,original_textbook_grounded,Three Earhart Milestone Leadership exam forms used only as style/difficulty references; no milestone question copied,draft,LTL3-C11-Q091,50,LTL3_C11_100
LTL3-C11-Q093,Learn to Lead Volume 3,11,The Leader as Commander,LTL3-C11-F47,multiple_choice,direct_exam_style,medium,recall_understanding,At which level of leadership do cadet officers often balance transactional and transformational behaviors?,operational level,tactical level,strategic level,laissez-faire,A,"Cadet officers often lead at the operational level, balancing transactional and transformational behaviors.","operational level is the best answer because cadet officers often lead at the operational level, balancing transactional and transformational behaviors..","Correct. Cadet officers often lead at the operational level, balancing transactional and transformational behaviors.","Not quite. tactical level is a plausible Chapter 11 distractor, but the better answer is operational level because cadet officers often lead at the operational level, balancing transactional and transformational behaviors.","Not quite. strategic level is a plausible Chapter 11 distractor, but the better answer is operational level because cadet officers often lead at the operational level, balancing transactional and transformational behaviors.","Not quite. laissez-faire is a plausible Chapter 11 distractor, but the better answer is operational level because cadet officers often lead at the operational level, balancing transactional and transformational behaviors.",Operational = coordinate people and progress.,"Review Learn to Lead Volume 3, Chapter 11, page(s) 119. Say the concept aloud, study the linked visual if available, then explain why each distractor is wrong.",Learn to Lead Volume 3: Indirect Leadership,119,ltl3_c11_frlm,ch11_frlm.png,/assets/cap-visuals/ch11_frlm.png,approved,True,Full Range Leadership Model,Full Range Leadership Model study visual.,yes,True,high,close,original_textbook_grounded,Three Earhart Milestone Leadership exam forms used only as style/difficulty references; no milestone question copied,draft,LTL3-C11-Q094,40,LTL3_C11_100
LTL3-C11-Q094,Learn to Lead Volume 3,11,The Leader as Commander,LTL3-C11-F47,multiple_choice,application_scenario,medium_hard,application,"A cadet officer coordinates people and resources, solves problems, and develops future leaders—not just direct day-to-day tasks. Which level best describes this role?",tactical level,operational level,strategic level,laissez-faire,B,"Cadet officers often lead at the operational level, balancing transactional and transformational behaviors.","operational level is the best answer because cadet officers often lead at the operational level, balancing transactional and transformational behaviors..","Not quite. tactical level is a plausible Chapter 11 distractor, but the better answer is operational level because cadet officers often lead at the operational level, balancing transactional and transformational behaviors.","Correct. Cadet officers often lead at the operational level, balancing transactional and transformational behaviors.","Not quite. strategic level is a plausible Chapter 11 distractor, but the better answer is operational level because cadet officers often lead at the operational level, balancing transactional and transformational behaviors.","Not quite. laissez-faire is a plausible Chapter 11 distractor, but the better answer is operational level because cadet officers often lead at the operational level, balancing transactional and transformational behaviors.",Operational = coordinate people and progress.,"Review Learn to Lead Volume 3, Chapter 11, page(s) 119. Say the concept aloud, study the linked visual if available, then explain why each distractor is wrong.",Learn to Lead Volume 3: Indirect Leadership,119,ltl3_c11_frlm,ch11_frlm.png,/assets/cap-visuals/ch11_frlm.png,approved,True,Full Range Leadership Model,Full Range Leadership Model study visual.,no,False,medium,close,original_textbook_grounded,Three Earhart Milestone Leadership exam forms used only as style/difficulty references; no milestone question copied,draft,LTL3-C11-Q093,50,LTL3_C11_100
LTL3-C11-Q095,Learn to Lead Volume 3,11,The Leader as Commander,LTL3-C11-F48,multiple_choice,direct_exam_style,medium,recall_understanding,"What leadership skill involves giving another capable person authority, responsibility, and accountability for a task while the leader retains overall supervisory responsibility?",nepotism,laissez-faire,delegation,stakeholder analysis,C,"Delegation is sharing authority, responsibility, and accountability for a task while keeping supervisory responsibility.","delegation is the best answer because delegation is sharing authority, responsibility, and accountability for a task while keeping supervisory responsibility..","Not quite. nepotism is a plausible Chapter 11 distractor, but the better answer is delegation because delegation is sharing authority, responsibility, and accountability for a task while keeping supervisory responsibility.","Not quite. laissez-faire is a plausible Chapter 11 distractor, but the better answer is delegation because delegation is sharing authority, responsibility, and accountability for a task while keeping supervisory responsibility.","Correct. Delegation is sharing authority, responsibility, and accountability for a task while keeping supervisory responsibility.","Not quite. stakeholder analysis is a plausible Chapter 11 distractor, but the better answer is delegation because delegation is sharing authority, responsibility, and accountability for a task while keeping supervisory responsibility.","Delegate work, not overall responsibility.","Review Learn to Lead Volume 3, Chapter 11, page(s) 120. Say the concept aloud, study the linked visual if available, then explain why each distractor is wrong.",Learn to Lead Volume 3: Indirect Leadership,120,ltl3_c11_delegation,ch11_delegation.png,/assets/cap-visuals/ch11_delegation.png,approved,True,Delegation Skills for a Hectic World,Delegation Skills for a Hectic World study visual.,yes,True,high,close,original_textbook_grounded,Three Earhart Milestone Leadership exam forms used only as style/difficulty references; no milestone question copied,draft,LTL3-C11-Q096,40,LTL3_C11_100
LTL3-C11-Q096,Learn to Lead Volume 3,11,The Leader as Commander,LTL3-C11-F48,multiple_choice,application_scenario,medium_hard,application,"A cadet commander assigns a major task to a trusted subordinate, gives the needed authority, and still remains accountable for the bigger mission. What skill is being used?",nepotism,laissez-faire,stakeholder analysis,delegation,D,"Delegation is sharing authority, responsibility, and accountability for a task while keeping supervisory responsibility.","delegation is the best answer because delegation is sharing authority, responsibility, and accountability for a task while keeping supervisory responsibility..","Not quite. nepotism is a plausible Chapter 11 distractor, but the better answer is delegation because delegation is sharing authority, responsibility, and accountability for a task while keeping supervisory responsibility.","Not quite. laissez-faire is a plausible Chapter 11 distractor, but the better answer is delegation because delegation is sharing authority, responsibility, and accountability for a task while keeping supervisory responsibility.","Not quite. stakeholder analysis is a plausible Chapter 11 distractor, but the better answer is delegation because delegation is sharing authority, responsibility, and accountability for a task while keeping supervisory responsibility.","Correct. Delegation is sharing authority, responsibility, and accountability for a task while keeping supervisory responsibility.","Delegate work, not overall responsibility.","Review Learn to Lead Volume 3, Chapter 11, page(s) 120. Say the concept aloud, study the linked visual if available, then explain why each distractor is wrong.",Learn to Lead Volume 3: Indirect Leadership,120,ltl3_c11_delegation,ch11_delegation.png,/assets/cap-visuals/ch11_delegation.png,approved,True,Delegation Skills for a Hectic World,Delegation Skills for a Hectic World study visual.,no,False,medium,close,original_textbook_grounded,Three Earhart Milestone Leadership exam forms used only as style/difficulty references; no milestone question copied,draft,LTL3-C11-Q095,50,LTL3_C11_100
LTL3-C11-Q097,Learn to Lead Volume 3,11,The Leader as Commander,LTL3-C11-F49,multiple_choice,direct_exam_style,medium,recall_understanding,Which three key words must all be present for true delegation?,"authority, responsibility, and accountability","prestige, privilege, and burden","people, purpose, and vision","skills, values, and references",A,"True delegation requires authority, responsibility, and accountability.","authority, responsibility, and accountability is the best answer because true delegation requires authority, responsibility, and accountability..","Correct. True delegation requires authority, responsibility, and accountability.","Not quite. prestige, privilege, and burden is a plausible Chapter 11 distractor, but the better answer is authority, responsibility, and accountability because true delegation requires authority, responsibility, and accountability.","Not quite. people, purpose, and vision is a plausible Chapter 11 distractor, but the better answer is authority, responsibility, and accountability because true delegation requires authority, responsibility, and accountability.","Not quite. skills, values, and references is a plausible Chapter 11 distractor, but the better answer is authority, responsibility, and accountability because true delegation requires authority, responsibility, and accountability.","ARA = authority, responsibility, accountability.","Review Learn to Lead Volume 3, Chapter 11, page(s) 120-121. Say the concept aloud, study the linked visual if available, then explain why each distractor is wrong.",Learn to Lead Volume 3: Indirect Leadership,120-121,ltl3_c11_delegation,ch11_delegation.png,/assets/cap-visuals/ch11_delegation.png,approved,True,Delegation Skills for a Hectic World,Delegation Skills for a Hectic World study visual.,yes,True,high,close,original_textbook_grounded,Three Earhart Milestone Leadership exam forms used only as style/difficulty references; no milestone question copied,draft,LTL3-C11-Q098,40,LTL3_C11_100
LTL3-C11-Q098,Learn to Lead Volume 3,11,The Leader as Commander,LTL3-C11-F49,multiple_choice,application_scenario,medium_hard,application,"A cadet is told to run a project, but she is not given the right to make decisions or answer for results. Which key elements of delegation are missing or incomplete?","prestige, privilege, and burden","authority, responsibility, and accountability","people, purpose, and vision","skills, values, and references",B,"True delegation requires authority, responsibility, and accountability.","authority, responsibility, and accountability is the best answer because true delegation requires authority, responsibility, and accountability..","Not quite. prestige, privilege, and burden is a plausible Chapter 11 distractor, but the better answer is authority, responsibility, and accountability because true delegation requires authority, responsibility, and accountability.","Correct. True delegation requires authority, responsibility, and accountability.","Not quite. people, purpose, and vision is a plausible Chapter 11 distractor, but the better answer is authority, responsibility, and accountability because true delegation requires authority, responsibility, and accountability.","Not quite. skills, values, and references is a plausible Chapter 11 distractor, but the better answer is authority, responsibility, and accountability because true delegation requires authority, responsibility, and accountability.","ARA = authority, responsibility, accountability.","Review Learn to Lead Volume 3, Chapter 11, page(s) 120-121. Say the concept aloud, study the linked visual if available, then explain why each distractor is wrong.",Learn to Lead Volume 3: Indirect Leadership,120-121,ltl3_c11_delegation,ch11_delegation.png,/assets/cap-visuals/ch11_delegation.png,approved,True,Delegation Skills for a Hectic World,Delegation Skills for a Hectic World study visual.,no,False,medium,close,original_textbook_grounded,Three Earhart Milestone Leadership exam forms used only as style/difficulty references; no milestone question copied,draft,LTL3-C11-Q097,50,LTL3_C11_100
LTL3-C11-Q099,Learn to Lead Volume 3,11,The Leader as Commander,LTL3-C11-F50,multiple_choice,direct_exam_style,medium,recall_understanding,Which sequence names the four basic steps of effective delegation?,"hire, praise, relax, repeat","watch, criticize, rush, replace","plan, assign, support, follow up","delay, control, avoid, ignore",C,"Effective delegation follows the steps: plan, assign, support, and follow up.","plan, assign, support, follow up is the best answer because effective delegation follows the steps: plan, assign, support, and follow up..","Not quite. hire, praise, relax, repeat is a plausible Chapter 11 distractor, but the better answer is plan, assign, support, follow up because effective delegation follows the steps: plan, assign, support, and follow up.","Not quite. watch, criticize, rush, replace is a plausible Chapter 11 distractor, but the better answer is plan, assign, support, follow up because effective delegation follows the steps: plan, assign, support, and follow up.","Correct. Effective delegation follows the steps: plan, assign, support, and follow up.","Not quite. delay, control, avoid, ignore is a plausible Chapter 11 distractor, but the better answer is plan, assign, support, follow up because effective delegation follows the steps: plan, assign, support, and follow up.","PA-SF: Plan, Assign, Support, Follow up.","Review Learn to Lead Volume 3, Chapter 11, page(s) 121-122. Say the concept aloud, study the linked visual if available, then explain why each distractor is wrong.",Learn to Lead Volume 3: Indirect Leadership,121-122,ltl3_c11_delegation,ch11_delegation.png,/assets/cap-visuals/ch11_delegation.png,approved,True,Delegation Skills for a Hectic World,Delegation Skills for a Hectic World study visual.,yes,True,high,close,original_textbook_grounded,Three Earhart Milestone Leadership exam forms used only as style/difficulty references; no milestone question copied,draft,LTL3-C11-Q100,40,LTL3_C11_100
LTL3-C11-Q100,Learn to Lead Volume 3,11,The Leader as Commander,LTL3-C11-F50,multiple_choice,application_scenario,medium_hard,application,"A commander thinks through the task, gives it clearly to the right cadet, stays available without micromanaging, and later checks progress. Which delegation sequence is she following?","hire, praise, relax, repeat","watch, criticize, rush, replace","delay, control, avoid, ignore","plan, assign, support, follow up",D,"Effective delegation follows the steps: plan, assign, support, and follow up.","plan, assign, support, follow up is the best answer because effective delegation follows the steps: plan, assign, support, and follow up..","Not quite. hire, praise, relax, repeat is a plausible Chapter 11 distractor, but the better answer is plan, assign, support, follow up because effective delegation follows the steps: plan, assign, support, and follow up.","Not quite. watch, criticize, rush, replace is a plausible Chapter 11 distractor, but the better answer is plan, assign, support, follow up because effective delegation follows the steps: plan, assign, support, and follow up.","Not quite. delay, control, avoid, ignore is a plausible Chapter 11 distractor, but the better answer is plan, assign, support, follow up because effective delegation follows the steps: plan, assign, support, and follow up.","Correct. Effective delegation follows the steps: plan, assign, support, and follow up.","PA-SF: Plan, Assign, Support, Follow up.","Review Learn to Lead Volume 3, Chapter 11, page(s) 121-122. Say the concept aloud, study the linked visual if available, then explain why each distractor is wrong.",Learn to Lead Volume 3: Indirect Leadership,121-122,ltl3_c11_delegation,ch11_delegation.png,/assets/cap-visuals/ch11_delegation.png,approved,True,Delegation Skills for a Hectic World,Delegation Skills for a Hectic World study visual.,no,False,medium,close,original_textbook_grounded,Three Earhart Milestone Leadership exam forms used only as style/difficulty references; no milestone question copied,draft,LTL3-C11-Q099,50,LTL3_C11_100
