external_id,book_volume,chapter_number,chapter_title,question_family_code,question_type,question_style,difficulty,cognitive_level,question_text,choice_a,choice_b,choice_c,choice_d,correct_letter,short_explanation,explanation,choice_a_explanation,choice_b_explanation,choice_c_explanation,choice_d_explanation,memory_aid,remediation_text,source_document,source_pages,visual_asset_key,visual_file_name,visual_storage_path,visual_status,show_visual_button,visual_caption,visual_alt_text,exam_type_question,eligible_for_final_exam,exam_likeness,distractor_difficulty,content_origin,style_reference,review_status,reinforcement_question_ids,estimated_time_seconds,package_code
LTL1-C2-Q001,Learn to Lead Volume 1,2,The Cadet & The Team,LTL1-C2-self_management,multiple_choice,direct_exam_style,medium,recall,Which answer best matches this description: the process of directing and controlling your own actions so you can achieve your goals?,self-management,time inventory,teamwork,mentoring,A,The process of directing and controlling your own actions so you can achieve your goals.,Self-management is the best answer because it means the process of directing and controlling your own actions so you can achieve your goals.,Correct. The process of directing and controlling your own actions so you can achieve your goals.,"Not this one. Time inventory is related to Chapter 2 or is a plausible distractor, but it does not match the specific definition or situation. The process of directing and controlling your own actions so you can achieve your goals.","Not this one. Teamwork is related to Chapter 2 or is a plausible distractor, but it does not match the specific definition or situation. The process of directing and controlling your own actions so you can achieve your goals.","Not this one. Mentoring is related to Chapter 2 or is a plausible distractor, but it does not match the specific definition or situation. The process of directing and controlling your own actions so you can achieve your goals.",Lead yourself before you lead others.,"Review Learn to Lead Volume 1, Chapter 2, page(s) 32. Then explain the concept in your own words without looking at the choices.",Learn to Lead Volume 1: Personal Leadership,32,ltl1_c2_self_management_goals,cadet_goals_take_charge_of_your_future.png,/assets/cap-visuals/cadet_goals_take_charge_of_your_future.png,approved,true,"Self-management, goals, future picture, and the six-step goal-setting process.","Self-management, goals, future picture, and the six-step goal-setting process.",yes,true,high,close,original_textbook_grounded,Three Wright Brothers Milestone exam forms used as style/difficulty reference only,draft,LTL1-C2-Q002,35,LTL1_C2_100
LTL1-C2-Q002,Learn to Lead Volume 1,2,The Cadet & The Team,LTL1-C2-self_management,multiple_choice,application_scenario,medium_hard,application,"Which answer best applies to this situation? A cadet takes ownership of personal goals, decisions, time, and stress instead of blaming others.",teamwork,self-management,time inventory,mentoring,B,The process of directing and controlling your own actions so you can achieve your goals.,Self-management is the best answer because it means the process of directing and controlling your own actions so you can achieve your goals.,"Not this one. Teamwork is related to Chapter 2 or is a plausible distractor, but it does not match the specific definition or situation. The process of directing and controlling your own actions so you can achieve your goals.",Correct. The process of directing and controlling your own actions so you can achieve your goals.,"Not this one. Time inventory is related to Chapter 2 or is a plausible distractor, but it does not match the specific definition or situation. The process of directing and controlling your own actions so you can achieve your goals.","Not this one. Mentoring is related to Chapter 2 or is a plausible distractor, but it does not match the specific definition or situation. The process of directing and controlling your own actions so you can achieve your goals.",Lead yourself before you lead others.,"Review Learn to Lead Volume 1, Chapter 2, page(s) 32. Then explain the concept in your own words without looking at the choices.",Learn to Lead Volume 1: Personal Leadership,32,ltl1_c2_self_management_goals,cadet_goals_take_charge_of_your_future.png,/assets/cap-visuals/cadet_goals_take_charge_of_your_future.png,approved,true,"Self-management, goals, future picture, and the six-step goal-setting process.","Self-management, goals, future picture, and the six-step goal-setting process.",no,false,medium,close,original_textbook_grounded,Three Wright Brothers Milestone exam forms used as style/difficulty reference only,draft,LTL1-C2-Q001,45,LTL1_C2_100
LTL1-C2-Q003,Learn to Lead Volume 1,2,The Cadet & The Team,LTL1-C2-a_goal,multiple_choice,direct_exam_style,medium,recall,"According to Learn to Lead, which term refers to a dream with a deadline?",an assumption,a stressor,a goal,a future picture,C,A dream with a deadline.,A goal is the best answer because it means a dream with a deadline.,"Not this one. An assumption is related to Chapter 2 or is a plausible distractor, but it does not match the specific definition or situation. A dream with a deadline.","Not this one. A stressor is related to Chapter 2 or is a plausible distractor, but it does not match the specific definition or situation. A dream with a deadline.",Correct. A dream with a deadline.,"Not this one. A future picture is related to Chapter 2 or is a plausible distractor, but it does not match the specific definition or situation. A dream with a deadline.",Goal = dream + deadline.,"Review Learn to Lead Volume 1, Chapter 2, page(s) 32. Then explain the concept in your own words without looking at the choices.",Learn to Lead Volume 1: Personal Leadership,32,ltl1_c2_self_management_goals,cadet_goals_take_charge_of_your_future.png,/assets/cap-visuals/cadet_goals_take_charge_of_your_future.png,approved,true,"Self-management, goals, future picture, and the six-step goal-setting process.","Self-management, goals, future picture, and the six-step goal-setting process.",yes,true,high,close,original_textbook_grounded,Three Wright Brothers Milestone exam forms used as style/difficulty reference only,draft,LTL1-C2-Q004,35,LTL1_C2_100
LTL1-C2-Q004,Learn to Lead Volume 1,2,The Cadet & The Team,LTL1-C2-a_goal,multiple_choice,application_scenario,medium_hard,application,A cadet encounters this situation: A cadet turns a vague dream into a specific result that must be achieved by a certain date. Which concept best applies?,a stressor,an assumption,a future picture,a goal,D,A dream with a deadline.,A goal is the best answer because it means a dream with a deadline.,"Not this one. A stressor is related to Chapter 2 or is a plausible distractor, but it does not match the specific definition or situation. A dream with a deadline.","Not this one. An assumption is related to Chapter 2 or is a plausible distractor, but it does not match the specific definition or situation. A dream with a deadline.","Not this one. A future picture is related to Chapter 2 or is a plausible distractor, but it does not match the specific definition or situation. A dream with a deadline.",Correct. A dream with a deadline.,Goal = dream + deadline.,"Review Learn to Lead Volume 1, Chapter 2, page(s) 32. Then explain the concept in your own words without looking at the choices.",Learn to Lead Volume 1: Personal Leadership,32,ltl1_c2_self_management_goals,cadet_goals_take_charge_of_your_future.png,/assets/cap-visuals/cadet_goals_take_charge_of_your_future.png,approved,true,"Self-management, goals, future picture, and the six-step goal-setting process.","Self-management, goals, future picture, and the six-step goal-setting process.",yes,true,high,close,original_textbook_grounded,Three Wright Brothers Milestone exam forms used as style/difficulty reference only,draft,LTL1-C2-Q003,45,LTL1_C2_100
LTL1-C2-Q005,Learn to Lead Volume 1,2,The Cadet & The Team,LTL1-C2-future_picture,multiple_choice,direct_exam_style,medium,recall,Which of the following is a clear and compelling description of what you want your life to look like in the future?,future picture,feedback,time inventory,brainstorm,A,A clear and compelling description of what you want your life to look like in the future.,Future picture is the best answer because it means a clear and compelling description of what you want your life to look like in the future.,Correct. A clear and compelling description of what you want your life to look like in the future.,"Not this one. Feedback is related to Chapter 2 or is a plausible distractor, but it does not match the specific definition or situation. A clear and compelling description of what you want your life to look like in the future.","Not this one. Time inventory is related to Chapter 2 or is a plausible distractor, but it does not match the specific definition or situation. A clear and compelling description of what you want your life to look like in the future.","Not this one. Brainstorm is related to Chapter 2 or is a plausible distractor, but it does not match the specific definition or situation. A clear and compelling description of what you want your life to look like in the future.",Picture the future before planning the path.,"Review Learn to Lead Volume 1, Chapter 2, page(s) 32. Then explain the concept in your own words without looking at the choices.",Learn to Lead Volume 1: Personal Leadership,32,ltl1_c2_self_management_goals,cadet_goals_take_charge_of_your_future.png,/assets/cap-visuals/cadet_goals_take_charge_of_your_future.png,approved,true,"Self-management, goals, future picture, and the six-step goal-setting process.","Self-management, goals, future picture, and the six-step goal-setting process.",yes,true,high,close,original_textbook_grounded,Three Wright Brothers Milestone exam forms used as style/difficulty reference only,draft,LTL1-C2-Q006,35,LTL1_C2_100
LTL1-C2-Q006,Learn to Lead Volume 1,2,The Cadet & The Team,LTL1-C2-future_picture,multiple_choice,application_scenario,medium_hard,application,Which Chapter 2 idea is illustrated here? A cadet imagines a future career and uses that image to guide present choices.,brainstorm,future picture,feedback,time inventory,B,A clear and compelling description of what you want your life to look like in the future.,Future picture is the best answer because it means a clear and compelling description of what you want your life to look like in the future.,"Not this one. Brainstorm is related to Chapter 2 or is a plausible distractor, but it does not match the specific definition or situation. A clear and compelling description of what you want your life to look like in the future.",Correct. A clear and compelling description of what you want your life to look like in the future.,"Not this one. Feedback is related to Chapter 2 or is a plausible distractor, but it does not match the specific definition or situation. A clear and compelling description of what you want your life to look like in the future.","Not this one. Time inventory is related to Chapter 2 or is a plausible distractor, but it does not match the specific definition or situation. A clear and compelling description of what you want your life to look like in the future.",Picture the future before planning the path.,"Review Learn to Lead Volume 1, Chapter 2, page(s) 32. Then explain the concept in your own words without looking at the choices.",Learn to Lead Volume 1: Personal Leadership,32,ltl1_c2_self_management_goals,cadet_goals_take_charge_of_your_future.png,/assets/cap-visuals/cadet_goals_take_charge_of_your_future.png,approved,true,"Self-management, goals, future picture, and the six-step goal-setting process.","Self-management, goals, future picture, and the six-step goal-setting process.",no,false,medium,close,original_textbook_grounded,Three Wright Brothers Milestone exam forms used as style/difficulty reference only,draft,LTL1-C2-Q005,45,LTL1_C2_100
LTL1-C2-Q007,Learn to Lead Volume 1,2,The Cadet & The Team,LTL1-C2-work_back_from_the_future,multiple_choice,direct_exam_style,medium,recall,What is the best term for the recommended way to connect long-range goals to medium- and short-range goals?,work only from the present,start with whatever is easiest,work back from the future,ignore long-range goals,C,The recommended way to connect long-range goals to medium- and short-range goals.,Work back from the future is the best answer because it means the recommended way to connect long-range goals to medium- and short-range goals.,"Not this one. Work only from the present is related to Chapter 2 or is a plausible distractor, but it does not match the specific definition or situation. The recommended way to connect long-range goals to medium- and short-range goals.","Not this one. Start with whatever is easiest is related to Chapter 2 or is a plausible distractor, but it does not match the specific definition or situation. The recommended way to connect long-range goals to medium- and short-range goals.",Correct. The recommended way to connect long-range goals to medium- and short-range goals.,"Not this one. Ignore long-range goals is related to Chapter 2 or is a plausible distractor, but it does not match the specific definition or situation. The recommended way to connect long-range goals to medium- and short-range goals.",Start at the destination and plan backward.,"Review Learn to Lead Volume 1, Chapter 2, page(s) 33. Then explain the concept in your own words without looking at the choices.",Learn to Lead Volume 1: Personal Leadership,33,ltl1_c2_self_management_goals,cadet_goals_take_charge_of_your_future.png,/assets/cap-visuals/cadet_goals_take_charge_of_your_future.png,approved,true,"Self-management, goals, future picture, and the six-step goal-setting process.","Self-management, goals, future picture, and the six-step goal-setting process.",yes,true,high,close,original_textbook_grounded,Three Wright Brothers Milestone exam forms used as style/difficulty reference only,draft,LTL1-C2-Q008,35,LTL1_C2_100
LTL1-C2-Q008,Learn to Lead Volume 1,2,The Cadet & The Team,LTL1-C2-work_back_from_the_future,multiple_choice,application_scenario,medium_hard,application,"Based on Learn to Lead, what is the best answer? A student begins with a long-range goal, then identifies the smaller goals needed to reach it.",work only from the present,start with whatever is easiest,ignore long-range goals,work back from the future,D,The recommended way to connect long-range goals to medium- and short-range goals.,Work back from the future is the best answer because it means the recommended way to connect long-range goals to medium- and short-range goals.,"Not this one. Work only from the present is related to Chapter 2 or is a plausible distractor, but it does not match the specific definition or situation. The recommended way to connect long-range goals to medium- and short-range goals.","Not this one. Start with whatever is easiest is related to Chapter 2 or is a plausible distractor, but it does not match the specific definition or situation. The recommended way to connect long-range goals to medium- and short-range goals.","Not this one. Ignore long-range goals is related to Chapter 2 or is a plausible distractor, but it does not match the specific definition or situation. The recommended way to connect long-range goals to medium- and short-range goals.",Correct. The recommended way to connect long-range goals to medium- and short-range goals.,Start at the destination and plan backward.,"Review Learn to Lead Volume 1, Chapter 2, page(s) 33. Then explain the concept in your own words without looking at the choices.",Learn to Lead Volume 1: Personal Leadership,33,ltl1_c2_self_management_goals,cadet_goals_take_charge_of_your_future.png,/assets/cap-visuals/cadet_goals_take_charge_of_your_future.png,approved,true,"Self-management, goals, future picture, and the six-step goal-setting process.","Self-management, goals, future picture, and the six-step goal-setting process.",yes,true,high,close,original_textbook_grounded,Three Wright Brothers Milestone exam forms used as style/difficulty reference only,draft,LTL1-C2-Q007,45,LTL1_C2_100
LTL1-C2-Q009,Learn to Lead Volume 1,2,The Cadet & The Team,LTL1-C2-the_six_step_goal_setting_process,multiple_choice,direct_exam_style,medium,recall,Which answer correctly identifies dream big; write a specific goal; list steps; get help; work step by step; reward progress?,the six-step goal-setting process,"survey, question, read, recall, review, reward","plan, rush, finish, rest, repeat, celebrate","brainstorm, vote, act, report, revise, stop",A,Dream big; write a specific goal; list steps; get help; work step by step; reward progress.,The six-step goal-setting process is the best answer because it means dream big; write a specific goal; list steps; get help; work step by step; reward progress.,Correct. Dream big; write a specific goal; list steps; get help; work step by step; reward progress.,"Not this one. Survey, question, read, recall, review, reward is related to Chapter 2 or is a plausible distractor, but it does not match the specific definition or situation. Dream big; write a specific goal; list steps; get help; work step by step; reward progress.","Not this one. Plan, rush, finish, rest, repeat, celebrate is related to Chapter 2 or is a plausible distractor, but it does not match the specific definition or situation. Dream big; write a specific goal; list steps; get help; work step by step; reward progress.","Not this one. Brainstorm, vote, act, report, revise, stop is related to Chapter 2 or is a plausible distractor, but it does not match the specific definition or situation. Dream big; write a specific goal; list steps; get help; work step by step; reward progress.",Dream–Write–Steps–Help–Work–Reward.,"Review Learn to Lead Volume 1, Chapter 2, page(s) 33-34. Then explain the concept in your own words without looking at the choices.",Learn to Lead Volume 1: Personal Leadership,33-34,ltl1_c2_self_management_goals,cadet_goals_take_charge_of_your_future.png,/assets/cap-visuals/cadet_goals_take_charge_of_your_future.png,approved,true,"Self-management, goals, future picture, and the six-step goal-setting process.","Self-management, goals, future picture, and the six-step goal-setting process.",yes,true,high,close,original_textbook_grounded,Three Wright Brothers Milestone exam forms used as style/difficulty reference only,draft,LTL1-C2-Q010,35,LTL1_C2_100
LTL1-C2-Q010,Learn to Lead Volume 1,2,The Cadet & The Team,LTL1-C2-the_six_step_goal_setting_process,multiple_choice,application_scenario,medium_hard,application,"Which answer best applies to this situation? A cadet writes a goal, breaks it into steps, gets support, works steadily, and rewards progress.","brainstorm, vote, act, report, revise, stop",the six-step goal-setting process,"plan, rush, finish, rest, repeat, celebrate","survey, question, read, recall, review, reward",B,Dream big; write a specific goal; list steps; get help; work step by step; reward progress.,The six-step goal-setting process is the best answer because it means dream big; write a specific goal; list steps; get help; work step by step; reward progress.,"Not this one. Brainstorm, vote, act, report, revise, stop is related to Chapter 2 or is a plausible distractor, but it does not match the specific definition or situation. Dream big; write a specific goal; list steps; get help; work step by step; reward progress.",Correct. Dream big; write a specific goal; list steps; get help; work step by step; reward progress.,"Not this one. Plan, rush, finish, rest, repeat, celebrate is related to Chapter 2 or is a plausible distractor, but it does not match the specific definition or situation. Dream big; write a specific goal; list steps; get help; work step by step; reward progress.","Not this one. Survey, question, read, recall, review, reward is related to Chapter 2 or is a plausible distractor, but it does not match the specific definition or situation. Dream big; write a specific goal; list steps; get help; work step by step; reward progress.",Dream–Write–Steps–Help–Work–Reward.,"Review Learn to Lead Volume 1, Chapter 2, page(s) 33-34. Then explain the concept in your own words without looking at the choices.",Learn to Lead Volume 1: Personal Leadership,33-34,ltl1_c2_self_management_goals,cadet_goals_take_charge_of_your_future.png,/assets/cap-visuals/cadet_goals_take_charge_of_your_future.png,approved,true,"Self-management, goals, future picture, and the six-step goal-setting process.","Self-management, goals, future picture, and the six-step goal-setting process.",no,false,medium,close,original_textbook_grounded,Three Wright Brothers Milestone exam forms used as style/difficulty reference only,draft,LTL1-C2-Q009,45,LTL1_C2_100
LTL1-C2-Q011,Learn to Lead Volume 1,2,The Cadet & The Team,LTL1-C2-goals_give_a_sense_of_mission_and_purpose,multiple_choice,direct_exam_style,medium,recall,Which answer best matches this description: a major benefit of personal goals?,goals eliminate decisions,goals remove all stress,goals give a sense of mission and purpose,goals guarantee success,C,A major benefit of personal goals.,Goals give a sense of mission and purpose is the best answer because it means a major benefit of personal goals.,"Not this one. Goals eliminate decisions is related to Chapter 2 or is a plausible distractor, but it does not match the specific definition or situation. A major benefit of personal goals.","Not this one. Goals remove all stress is related to Chapter 2 or is a plausible distractor, but it does not match the specific definition or situation. A major benefit of personal goals.",Correct. A major benefit of personal goals.,"Not this one. Goals guarantee success is related to Chapter 2 or is a plausible distractor, but it does not match the specific definition or situation. A major benefit of personal goals.",Goals give direction.,"Review Learn to Lead Volume 1, Chapter 2, page(s) 34. Then explain the concept in your own words without looking at the choices.",Learn to Lead Volume 1: Personal Leadership,34,ltl1_c2_self_management_goals,cadet_goals_take_charge_of_your_future.png,/assets/cap-visuals/cadet_goals_take_charge_of_your_future.png,approved,true,"Self-management, goals, future picture, and the six-step goal-setting process.","Self-management, goals, future picture, and the six-step goal-setting process.",yes,true,high,close,original_textbook_grounded,Three Wright Brothers Milestone exam forms used as style/difficulty reference only,draft,LTL1-C2-Q012,35,LTL1_C2_100
LTL1-C2-Q012,Learn to Lead Volume 1,2,The Cadet & The Team,LTL1-C2-goals_give_a_sense_of_mission_and_purpose,multiple_choice,application_scenario,medium_hard,application,"A cadet encounters this situation: A cadet uses goals to focus time, energy, and talents on useful activities. Which concept best applies?",goals eliminate decisions,goals guarantee success,goals remove all stress,goals give a sense of mission and purpose,D,A major benefit of personal goals.,Goals give a sense of mission and purpose is the best answer because it means a major benefit of personal goals.,"Not this one. Goals eliminate decisions is related to Chapter 2 or is a plausible distractor, but it does not match the specific definition or situation. A major benefit of personal goals.","Not this one. Goals guarantee success is related to Chapter 2 or is a plausible distractor, but it does not match the specific definition or situation. A major benefit of personal goals.","Not this one. Goals remove all stress is related to Chapter 2 or is a plausible distractor, but it does not match the specific definition or situation. A major benefit of personal goals.",Correct. A major benefit of personal goals.,Goals give direction.,"Review Learn to Lead Volume 1, Chapter 2, page(s) 34. Then explain the concept in your own words without looking at the choices.",Learn to Lead Volume 1: Personal Leadership,34,ltl1_c2_self_management_goals,cadet_goals_take_charge_of_your_future.png,/assets/cap-visuals/cadet_goals_take_charge_of_your_future.png,approved,true,"Self-management, goals, future picture, and the six-step goal-setting process.","Self-management, goals, future picture, and the six-step goal-setting process.",yes,true,high,close,original_textbook_grounded,Three Wright Brothers Milestone exam forms used as style/difficulty reference only,draft,LTL1-C2-Q011,45,LTL1_C2_100
LTL1-C2-Q013,Learn to Lead Volume 1,2,The Cadet & The Team,LTL1-C2-a_decision_making_process,multiple_choice,direct_exam_style,medium,recall,"According to Learn to Lead, which term refers to a step-by-step method that helps leaders avoid overlooking important parts of a problem?",a decision-making process,a chain of command,a future picture,a time inventory,A,A step-by-step method that helps leaders avoid overlooking important parts of a problem.,A decision-making process is the best answer because it means a step-by-step method that helps leaders avoid overlooking important parts of a problem.,Correct. A step-by-step method that helps leaders avoid overlooking important parts of a problem.,"Not this one. A chain of command is related to Chapter 2 or is a plausible distractor, but it does not match the specific definition or situation. A step-by-step method that helps leaders avoid overlooking important parts of a problem.","Not this one. A future picture is related to Chapter 2 or is a plausible distractor, but it does not match the specific definition or situation. A step-by-step method that helps leaders avoid overlooking important parts of a problem.","Not this one. A time inventory is related to Chapter 2 or is a plausible distractor, but it does not match the specific definition or situation. A step-by-step method that helps leaders avoid overlooking important parts of a problem.",Decision process = recipe for choices.,"Review Learn to Lead Volume 1, Chapter 2, page(s) 34. Then explain the concept in your own words without looking at the choices.",Learn to Lead Volume 1: Personal Leadership,34,ltl1_c2_decision_making,ethical_decision_making_cadet_poster.png,/assets/cap-visuals/ethical_decision_making_cadet_poster.png,approved,true,"Seven-step ethical decision-making, fact/opinion/assumption, brainstorming, values, and ethical trap.","Seven-step ethical decision-making, fact/opinion/assumption, brainstorming, values, and ethical trap.",yes,true,high,close,original_textbook_grounded,Three Wright Brothers Milestone exam forms used as style/difficulty reference only,draft,LTL1-C2-Q014,35,LTL1_C2_100
LTL1-C2-Q014,Learn to Lead Volume 1,2,The Cadet & The Team,LTL1-C2-a_decision_making_process,multiple_choice,application_scenario,medium_hard,application,Which Chapter 2 idea is illustrated here? A leader follows an organized sequence before choosing what to do.,a chain of command,a decision-making process,a time inventory,a future picture,B,A step-by-step method that helps leaders avoid overlooking important parts of a problem.,A decision-making process is the best answer because it means a step-by-step method that helps leaders avoid overlooking important parts of a problem.,"Not this one. A chain of command is related to Chapter 2 or is a plausible distractor, but it does not match the specific definition or situation. A step-by-step method that helps leaders avoid overlooking important parts of a problem.",Correct. A step-by-step method that helps leaders avoid overlooking important parts of a problem.,"Not this one. A time inventory is related to Chapter 2 or is a plausible distractor, but it does not match the specific definition or situation. A step-by-step method that helps leaders avoid overlooking important parts of a problem.","Not this one. A future picture is related to Chapter 2 or is a plausible distractor, but it does not match the specific definition or situation. A step-by-step method that helps leaders avoid overlooking important parts of a problem.",Decision process = recipe for choices.,"Review Learn to Lead Volume 1, Chapter 2, page(s) 34. Then explain the concept in your own words without looking at the choices.",Learn to Lead Volume 1: Personal Leadership,34,ltl1_c2_decision_making,ethical_decision_making_cadet_poster.png,/assets/cap-visuals/ethical_decision_making_cadet_poster.png,approved,true,"Seven-step ethical decision-making, fact/opinion/assumption, brainstorming, values, and ethical trap.","Seven-step ethical decision-making, fact/opinion/assumption, brainstorming, values, and ethical trap.",no,false,medium,close,original_textbook_grounded,Three Wright Brothers Milestone exam forms used as style/difficulty reference only,draft,LTL1-C2-Q013,45,LTL1_C2_100
LTL1-C2-Q015,Learn to Lead Volume 1,2,The Cadet & The Team,LTL1-C2-stop_think_and_define_the_problem,multiple_choice,direct_exam_style,medium,recall,Which of the following is the first step in the ethical decision-making process?,weigh the options,decide and act,"stop, think, and define the problem",get the facts,C,The first step in the ethical decision-making process.,"Stop, think, and define the problem is the best answer because it means the first step in the ethical decision-making process.","Not this one. Weigh the options is related to Chapter 2 or is a plausible distractor, but it does not match the specific definition or situation. The first step in the ethical decision-making process.","Not this one. Decide and act is related to Chapter 2 or is a plausible distractor, but it does not match the specific definition or situation. The first step in the ethical decision-making process.",Correct. The first step in the ethical decision-making process.,"Not this one. Get the facts is related to Chapter 2 or is a plausible distractor, but it does not match the specific definition or situation. The first step in the ethical decision-making process.",First: stop and name the problem.,"Review Learn to Lead Volume 1, Chapter 2, page(s) 34. Then explain the concept in your own words without looking at the choices.",Learn to Lead Volume 1: Personal Leadership,34,ltl1_c2_decision_making,ethical_decision_making_cadet_poster.png,/assets/cap-visuals/ethical_decision_making_cadet_poster.png,approved,true,"Seven-step ethical decision-making, fact/opinion/assumption, brainstorming, values, and ethical trap.","Seven-step ethical decision-making, fact/opinion/assumption, brainstorming, values, and ethical trap.",yes,true,high,close,original_textbook_grounded,Three Wright Brothers Milestone exam forms used as style/difficulty reference only,draft,LTL1-C2-Q016,35,LTL1_C2_100
LTL1-C2-Q016,Learn to Lead Volume 1,2,The Cadet & The Team,LTL1-C2-stop_think_and_define_the_problem,multiple_choice,application_scenario,medium_hard,application,"Based on Learn to Lead, what is the best answer? Before reacting under pressure, a cadet writes down exactly what problem must be solved.",weigh the options,decide and act,get the facts,"stop, think, and define the problem",D,The first step in the ethical decision-making process.,"Stop, think, and define the problem is the best answer because it means the first step in the ethical decision-making process.","Not this one. Weigh the options is related to Chapter 2 or is a plausible distractor, but it does not match the specific definition or situation. The first step in the ethical decision-making process.","Not this one. Decide and act is related to Chapter 2 or is a plausible distractor, but it does not match the specific definition or situation. The first step in the ethical decision-making process.","Not this one. Get the facts is related to Chapter 2 or is a plausible distractor, but it does not match the specific definition or situation. The first step in the ethical decision-making process.",Correct. The first step in the ethical decision-making process.,First: stop and name the problem.,"Review Learn to Lead Volume 1, Chapter 2, page(s) 34. Then explain the concept in your own words without looking at the choices.",Learn to Lead Volume 1: Personal Leadership,34,ltl1_c2_decision_making,ethical_decision_making_cadet_poster.png,/assets/cap-visuals/ethical_decision_making_cadet_poster.png,approved,true,"Seven-step ethical decision-making, fact/opinion/assumption, brainstorming, values, and ethical trap.","Seven-step ethical decision-making, fact/opinion/assumption, brainstorming, values, and ethical trap.",yes,true,high,close,original_textbook_grounded,Three Wright Brothers Milestone exam forms used as style/difficulty reference only,draft,LTL1-C2-Q015,45,LTL1_C2_100
LTL1-C2-Q017,Learn to Lead Volume 1,2,The Cadet & The Team,LTL1-C2-facts_opinions_and_assumptions,multiple_choice,direct_exam_style,medium,recall,What is the best term for three types of information leaders must distinguish when getting the facts?,"facts, opinions, and assumptions","stress, resilience, and coping","leaders, followers, and mentors","goals, tasks, and deadlines",A,Three types of information leaders must distinguish when getting the facts.,"Facts, opinions, and assumptions is the best answer because it means three types of information leaders must distinguish when getting the facts.",Correct. Three types of information leaders must distinguish when getting the facts.,"Not this one. Stress, resilience, and coping is related to Chapter 2 or is a plausible distractor, but it does not match the specific definition or situation. Three types of information leaders must distinguish when getting the facts.","Not this one. Leaders, followers, and mentors is related to Chapter 2 or is a plausible distractor, but it does not match the specific definition or situation. Three types of information leaders must distinguish when getting the facts.","Not this one. Goals, tasks, and deadlines is related to Chapter 2 or is a plausible distractor, but it does not match the specific definition or situation. Three types of information leaders must distinguish when getting the facts.",Facts prove; opinions judge; assumptions presume.,"Review Learn to Lead Volume 1, Chapter 2, page(s) 35. Then explain the concept in your own words without looking at the choices.",Learn to Lead Volume 1: Personal Leadership,35,ltl1_c2_decision_making,ethical_decision_making_cadet_poster.png,/assets/cap-visuals/ethical_decision_making_cadet_poster.png,approved,true,"Seven-step ethical decision-making, fact/opinion/assumption, brainstorming, values, and ethical trap.","Seven-step ethical decision-making, fact/opinion/assumption, brainstorming, values, and ethical trap.",yes,true,high,close,original_textbook_grounded,Three Wright Brothers Milestone exam forms used as style/difficulty reference only,draft,LTL1-C2-Q018,35,LTL1_C2_100
LTL1-C2-Q018,Learn to Lead Volume 1,2,The Cadet & The Team,LTL1-C2-facts_opinions_and_assumptions,multiple_choice,application_scenario,medium_hard,application,Which answer best applies to this situation? A cadet separates what can be verified from personal judgments and unproven beliefs.,"leaders, followers, and mentors","facts, opinions, and assumptions","goals, tasks, and deadlines","stress, resilience, and coping",B,Three types of information leaders must distinguish when getting the facts.,"Facts, opinions, and assumptions is the best answer because it means three types of information leaders must distinguish when getting the facts.","Not this one. Leaders, followers, and mentors is related to Chapter 2 or is a plausible distractor, but it does not match the specific definition or situation. Three types of information leaders must distinguish when getting the facts.",Correct. Three types of information leaders must distinguish when getting the facts.,"Not this one. Goals, tasks, and deadlines is related to Chapter 2 or is a plausible distractor, but it does not match the specific definition or situation. Three types of information leaders must distinguish when getting the facts.","Not this one. Stress, resilience, and coping is related to Chapter 2 or is a plausible distractor, but it does not match the specific definition or situation. Three types of information leaders must distinguish when getting the facts.",Facts prove; opinions judge; assumptions presume.,"Review Learn to Lead Volume 1, Chapter 2, page(s) 35. Then explain the concept in your own words without looking at the choices.",Learn to Lead Volume 1: Personal Leadership,35,ltl1_c2_decision_making,ethical_decision_making_cadet_poster.png,/assets/cap-visuals/ethical_decision_making_cadet_poster.png,approved,true,"Seven-step ethical decision-making, fact/opinion/assumption, brainstorming, values, and ethical trap.","Seven-step ethical decision-making, fact/opinion/assumption, brainstorming, values, and ethical trap.",no,false,medium,close,original_textbook_grounded,Three Wright Brothers Milestone exam forms used as style/difficulty reference only,draft,LTL1-C2-Q017,45,LTL1_C2_100
LTL1-C2-Q019,Learn to Lead Volume 1,2,The Cadet & The Team,LTL1-C2-brainstorming,multiple_choice,direct_exam_style,medium,recall,Which answer correctly identifies generating many creative ideas without judging them during the idea-generation stage?,surveying,prioritizing,brainstorming,procrastinating,C,Generating many creative ideas without judging them during the idea-generation stage.,Brainstorming is the best answer because it means generating many creative ideas without judging them during the idea-generation stage.,"Not this one. Surveying is related to Chapter 2 or is a plausible distractor, but it does not match the specific definition or situation. Generating many creative ideas without judging them during the idea-generation stage.","Not this one. Prioritizing is related to Chapter 2 or is a plausible distractor, but it does not match the specific definition or situation. Generating many creative ideas without judging them during the idea-generation stage.",Correct. Generating many creative ideas without judging them during the idea-generation stage.,"Not this one. Procrastinating is related to Chapter 2 or is a plausible distractor, but it does not match the specific definition or situation. Generating many creative ideas without judging them during the idea-generation stage.",Brainstorm first; judge later.,"Review Learn to Lead Volume 1, Chapter 2, page(s) 35. Then explain the concept in your own words without looking at the choices.",Learn to Lead Volume 1: Personal Leadership,35,ltl1_c2_decision_making,ethical_decision_making_cadet_poster.png,/assets/cap-visuals/ethical_decision_making_cadet_poster.png,approved,true,"Seven-step ethical decision-making, fact/opinion/assumption, brainstorming, values, and ethical trap.","Seven-step ethical decision-making, fact/opinion/assumption, brainstorming, values, and ethical trap.",yes,true,high,close,original_textbook_grounded,Three Wright Brothers Milestone exam forms used as style/difficulty reference only,draft,LTL1-C2-Q020,35,LTL1_C2_100
LTL1-C2-Q020,Learn to Lead Volume 1,2,The Cadet & The Team,LTL1-C2-brainstorming,multiple_choice,application_scenario,medium_hard,application,A cadet encounters this situation: A team blurts out every possible solution before evaluating any of them. Which concept best applies?,prioritizing,procrastinating,surveying,brainstorming,D,Generating many creative ideas without judging them during the idea-generation stage.,Brainstorming is the best answer because it means generating many creative ideas without judging them during the idea-generation stage.,"Not this one. Prioritizing is related to Chapter 2 or is a plausible distractor, but it does not match the specific definition or situation. Generating many creative ideas without judging them during the idea-generation stage.","Not this one. Procrastinating is related to Chapter 2 or is a plausible distractor, but it does not match the specific definition or situation. Generating many creative ideas without judging them during the idea-generation stage.","Not this one. Surveying is related to Chapter 2 or is a plausible distractor, but it does not match the specific definition or situation. Generating many creative ideas without judging them during the idea-generation stage.",Correct. Generating many creative ideas without judging them during the idea-generation stage.,Brainstorm first; judge later.,"Review Learn to Lead Volume 1, Chapter 2, page(s) 35. Then explain the concept in your own words without looking at the choices.",Learn to Lead Volume 1: Personal Leadership,35,ltl1_c2_decision_making,ethical_decision_making_cadet_poster.png,/assets/cap-visuals/ethical_decision_making_cadet_poster.png,approved,true,"Seven-step ethical decision-making, fact/opinion/assumption, brainstorming, values, and ethical trap.","Seven-step ethical decision-making, fact/opinion/assumption, brainstorming, values, and ethical trap.",yes,true,high,close,original_textbook_grounded,Three Wright Brothers Milestone exam forms used as style/difficulty reference only,draft,LTL1-C2-Q019,45,LTL1_C2_100
LTL1-C2-Q021,Learn to Lead Volume 1,2,The Cadet & The Team,LTL1-C2-weigh_your_options,multiple_choice,direct_exam_style,medium,recall,"Which answer best matches this description: considering pros, cons, consequences, and effects on stakeholders?",weigh your options,ignore stakeholders,brainstorm only,define the problem,A,"Considering pros, cons, consequences, and effects on stakeholders.","Weigh your options is the best answer because it means considering pros, cons, consequences, and effects on stakeholders.","Correct. Considering pros, cons, consequences, and effects on stakeholders.","Not this one. Ignore stakeholders is related to Chapter 2 or is a plausible distractor, but it does not match the specific definition or situation. Considering pros, cons, consequences, and effects on stakeholders.","Not this one. Brainstorm only is related to Chapter 2 or is a plausible distractor, but it does not match the specific definition or situation. Considering pros, cons, consequences, and effects on stakeholders.","Not this one. Define the problem is related to Chapter 2 or is a plausible distractor, but it does not match the specific definition or situation. Considering pros, cons, consequences, and effects on stakeholders.","Weigh = pros, cons, consequences.","Review Learn to Lead Volume 1, Chapter 2, page(s) 36. Then explain the concept in your own words without looking at the choices.",Learn to Lead Volume 1: Personal Leadership,36,ltl1_c2_decision_making,ethical_decision_making_cadet_poster.png,/assets/cap-visuals/ethical_decision_making_cadet_poster.png,approved,true,"Seven-step ethical decision-making, fact/opinion/assumption, brainstorming, values, and ethical trap.","Seven-step ethical decision-making, fact/opinion/assumption, brainstorming, values, and ethical trap.",yes,true,high,close,original_textbook_grounded,Three Wright Brothers Milestone exam forms used as style/difficulty reference only,draft,LTL1-C2-Q022,35,LTL1_C2_100
LTL1-C2-Q022,Learn to Lead Volume 1,2,The Cadet & The Team,LTL1-C2-weigh_your_options,multiple_choice,application_scenario,medium_hard,application,Which Chapter 2 idea is illustrated here? A leader compares several choices and asks how each may affect people with a stake in the result.,ignore stakeholders,weigh your options,define the problem,brainstorm only,B,"Considering pros, cons, consequences, and effects on stakeholders.","Weigh your options is the best answer because it means considering pros, cons, consequences, and effects on stakeholders.","Not this one. Ignore stakeholders is related to Chapter 2 or is a plausible distractor, but it does not match the specific definition or situation. Considering pros, cons, consequences, and effects on stakeholders.","Correct. Considering pros, cons, consequences, and effects on stakeholders.","Not this one. Define the problem is related to Chapter 2 or is a plausible distractor, but it does not match the specific definition or situation. Considering pros, cons, consequences, and effects on stakeholders.","Not this one. Brainstorm only is related to Chapter 2 or is a plausible distractor, but it does not match the specific definition or situation. Considering pros, cons, consequences, and effects on stakeholders.","Weigh = pros, cons, consequences.","Review Learn to Lead Volume 1, Chapter 2, page(s) 36. Then explain the concept in your own words without looking at the choices.",Learn to Lead Volume 1: Personal Leadership,36,ltl1_c2_decision_making,ethical_decision_making_cadet_poster.png,/assets/cap-visuals/ethical_decision_making_cadet_poster.png,approved,true,"Seven-step ethical decision-making, fact/opinion/assumption, brainstorming, values, and ethical trap.","Seven-step ethical decision-making, fact/opinion/assumption, brainstorming, values, and ethical trap.",no,false,medium,close,original_textbook_grounded,Three Wright Brothers Milestone exam forms used as style/difficulty reference only,draft,LTL1-C2-Q021,45,LTL1_C2_100
LTL1-C2-Q023,Learn to Lead Volume 1,2,The Cadet & The Team,LTL1-C2-consider_your_values,multiple_choice,direct_exam_style,medium,recall,"According to Learn to Lead, which term refers to checking whether a proposed solution is morally consistent with the Core Values?",choose the fastest answer,maximize downtime,consider your values,ignore consequences,C,Checking whether a proposed solution is morally consistent with the Core Values.,Consider your values is the best answer because it means checking whether a proposed solution is morally consistent with the Core Values.,"Not this one. Choose the fastest answer is related to Chapter 2 or is a plausible distractor, but it does not match the specific definition or situation. Checking whether a proposed solution is morally consistent with the Core Values.","Not this one. Maximize downtime is related to Chapter 2 or is a plausible distractor, but it does not match the specific definition or situation. Checking whether a proposed solution is morally consistent with the Core Values.",Correct. Checking whether a proposed solution is morally consistent with the Core Values.,"Not this one. Ignore consequences is related to Chapter 2 or is a plausible distractor, but it does not match the specific definition or situation. Checking whether a proposed solution is morally consistent with the Core Values.",Values are the moral checkpoint.,"Review Learn to Lead Volume 1, Chapter 2, page(s) 36. Then explain the concept in your own words without looking at the choices.",Learn to Lead Volume 1: Personal Leadership,36,ltl1_c2_decision_making,ethical_decision_making_cadet_poster.png,/assets/cap-visuals/ethical_decision_making_cadet_poster.png,approved,true,"Seven-step ethical decision-making, fact/opinion/assumption, brainstorming, values, and ethical trap.","Seven-step ethical decision-making, fact/opinion/assumption, brainstorming, values, and ethical trap.",yes,true,high,close,original_textbook_grounded,Three Wright Brothers Milestone exam forms used as style/difficulty reference only,draft,LTL1-C2-Q024,35,LTL1_C2_100
LTL1-C2-Q024,Learn to Lead Volume 1,2,The Cadet & The Team,LTL1-C2-consider_your_values,multiple_choice,application_scenario,medium_hard,application,"Based on Learn to Lead, what is the best answer? A leader asks whether a decision would be something to feel proud of if it appeared in the news.",choose the fastest answer,ignore consequences,maximize downtime,consider your values,D,Checking whether a proposed solution is morally consistent with the Core Values.,Consider your values is the best answer because it means checking whether a proposed solution is morally consistent with the Core Values.,"Not this one. Choose the fastest answer is related to Chapter 2 or is a plausible distractor, but it does not match the specific definition or situation. Checking whether a proposed solution is morally consistent with the Core Values.","Not this one. Ignore consequences is related to Chapter 2 or is a plausible distractor, but it does not match the specific definition or situation. Checking whether a proposed solution is morally consistent with the Core Values.","Not this one. Maximize downtime is related to Chapter 2 or is a plausible distractor, but it does not match the specific definition or situation. Checking whether a proposed solution is morally consistent with the Core Values.",Correct. Checking whether a proposed solution is morally consistent with the Core Values.,Values are the moral checkpoint.,"Review Learn to Lead Volume 1, Chapter 2, page(s) 36. Then explain the concept in your own words without looking at the choices.",Learn to Lead Volume 1: Personal Leadership,36,ltl1_c2_decision_making,ethical_decision_making_cadet_poster.png,/assets/cap-visuals/ethical_decision_making_cadet_poster.png,approved,true,"Seven-step ethical decision-making, fact/opinion/assumption, brainstorming, values, and ethical trap.","Seven-step ethical decision-making, fact/opinion/assumption, brainstorming, values, and ethical trap.",yes,true,high,close,original_textbook_grounded,Three Wright Brothers Milestone exam forms used as style/difficulty reference only,draft,LTL1-C2-Q023,45,LTL1_C2_100
LTL1-C2-Q025,Learn to Lead Volume 1,2,The Cadet & The Team,LTL1-C2-decide_and_act,multiple_choice,direct_exam_style,medium,recall,Which of the following is the step where a leader makes the best choice possible and carries it out?,decide and act,re-evaluate,survey,brainstorm,A,The step where a leader makes the best choice possible and carries it out.,Decide and act is the best answer because it means the step where a leader makes the best choice possible and carries it out.,Correct. The step where a leader makes the best choice possible and carries it out.,"Not this one. Re-evaluate is related to Chapter 2 or is a plausible distractor, but it does not match the specific definition or situation. The step where a leader makes the best choice possible and carries it out.","Not this one. Survey is related to Chapter 2 or is a plausible distractor, but it does not match the specific definition or situation. The step where a leader makes the best choice possible and carries it out.","Not this one. Brainstorm is related to Chapter 2 or is a plausible distractor, but it does not match the specific definition or situation. The step where a leader makes the best choice possible and carries it out.","Decide, then do.","Review Learn to Lead Volume 1, Chapter 2, page(s) 36. Then explain the concept in your own words without looking at the choices.",Learn to Lead Volume 1: Personal Leadership,36,ltl1_c2_decision_making,ethical_decision_making_cadet_poster.png,/assets/cap-visuals/ethical_decision_making_cadet_poster.png,approved,true,"Seven-step ethical decision-making, fact/opinion/assumption, brainstorming, values, and ethical trap.","Seven-step ethical decision-making, fact/opinion/assumption, brainstorming, values, and ethical trap.",yes,true,high,close,original_textbook_grounded,Three Wright Brothers Milestone exam forms used as style/difficulty reference only,draft,LTL1-C2-Q026,35,LTL1_C2_100
LTL1-C2-Q026,Learn to Lead Volume 1,2,The Cadet & The Team,LTL1-C2-decide_and_act,multiple_choice,application_scenario,medium_hard,application,"Which answer best applies to this situation? After gathering information and considering values, a cadet chooses a course of action.",survey,decide and act,re-evaluate,brainstorm,B,The step where a leader makes the best choice possible and carries it out.,Decide and act is the best answer because it means the step where a leader makes the best choice possible and carries it out.,"Not this one. Survey is related to Chapter 2 or is a plausible distractor, but it does not match the specific definition or situation. The step where a leader makes the best choice possible and carries it out.",Correct. The step where a leader makes the best choice possible and carries it out.,"Not this one. Re-evaluate is related to Chapter 2 or is a plausible distractor, but it does not match the specific definition or situation. The step where a leader makes the best choice possible and carries it out.","Not this one. Brainstorm is related to Chapter 2 or is a plausible distractor, but it does not match the specific definition or situation. The step where a leader makes the best choice possible and carries it out.","Decide, then do.","Review Learn to Lead Volume 1, Chapter 2, page(s) 36. Then explain the concept in your own words without looking at the choices.",Learn to Lead Volume 1: Personal Leadership,36,ltl1_c2_decision_making,ethical_decision_making_cadet_poster.png,/assets/cap-visuals/ethical_decision_making_cadet_poster.png,approved,true,"Seven-step ethical decision-making, fact/opinion/assumption, brainstorming, values, and ethical trap.","Seven-step ethical decision-making, fact/opinion/assumption, brainstorming, values, and ethical trap.",no,false,medium,close,original_textbook_grounded,Three Wright Brothers Milestone exam forms used as style/difficulty reference only,draft,LTL1-C2-Q025,45,LTL1_C2_100
LTL1-C2-Q027,Learn to Lead Volume 1,2,The Cadet & The Team,LTL1-C2-re_evaluate_the_decision,multiple_choice,direct_exam_style,medium,recall,What is the best term for checking results and changing course when necessary?,avoid feedback,never reverse a decision,re-evaluate the decision,start over without checking,C,Checking results and changing course when necessary.,Re-evaluate the decision is the best answer because it means checking results and changing course when necessary.,"Not this one. Avoid feedback is related to Chapter 2 or is a plausible distractor, but it does not match the specific definition or situation. Checking results and changing course when necessary.","Not this one. Never reverse a decision is related to Chapter 2 or is a plausible distractor, but it does not match the specific definition or situation. Checking results and changing course when necessary.",Correct. Checking results and changing course when necessary.,"Not this one. Start over without checking is related to Chapter 2 or is a plausible distractor, but it does not match the specific definition or situation. Checking results and changing course when necessary.",Good leaders check the result.,"Review Learn to Lead Volume 1, Chapter 2, page(s) 36. Then explain the concept in your own words without looking at the choices.",Learn to Lead Volume 1: Personal Leadership,36,ltl1_c2_decision_making,ethical_decision_making_cadet_poster.png,/assets/cap-visuals/ethical_decision_making_cadet_poster.png,approved,true,"Seven-step ethical decision-making, fact/opinion/assumption, brainstorming, values, and ethical trap.","Seven-step ethical decision-making, fact/opinion/assumption, brainstorming, values, and ethical trap.",yes,true,high,close,original_textbook_grounded,Three Wright Brothers Milestone exam forms used as style/difficulty reference only,draft,LTL1-C2-Q028,35,LTL1_C2_100
LTL1-C2-Q028,Learn to Lead Volume 1,2,The Cadet & The Team,LTL1-C2-re_evaluate_the_decision,multiple_choice,application_scenario,medium_hard,application,"A cadet encounters this situation: A solution creates an unintended problem, so the leader reviews the result and adjusts. Which concept best applies?",start over without checking,avoid feedback,never reverse a decision,re-evaluate the decision,D,Checking results and changing course when necessary.,Re-evaluate the decision is the best answer because it means checking results and changing course when necessary.,"Not this one. Start over without checking is related to Chapter 2 or is a plausible distractor, but it does not match the specific definition or situation. Checking results and changing course when necessary.","Not this one. Avoid feedback is related to Chapter 2 or is a plausible distractor, but it does not match the specific definition or situation. Checking results and changing course when necessary.","Not this one. Never reverse a decision is related to Chapter 2 or is a plausible distractor, but it does not match the specific definition or situation. Checking results and changing course when necessary.",Correct. Checking results and changing course when necessary.,Good leaders check the result.,"Review Learn to Lead Volume 1, Chapter 2, page(s) 36. Then explain the concept in your own words without looking at the choices.",Learn to Lead Volume 1: Personal Leadership,36,ltl1_c2_decision_making,ethical_decision_making_cadet_poster.png,/assets/cap-visuals/ethical_decision_making_cadet_poster.png,approved,true,"Seven-step ethical decision-making, fact/opinion/assumption, brainstorming, values, and ethical trap.","Seven-step ethical decision-making, fact/opinion/assumption, brainstorming, values, and ethical trap.",yes,true,high,close,original_textbook_grounded,Three Wright Brothers Milestone exam forms used as style/difficulty reference only,draft,LTL1-C2-Q027,45,LTL1_C2_100
LTL1-C2-Q029,Learn to Lead Volume 1,2,The Cadet & The Team,LTL1-C2-ethical_trap,multiple_choice,direct_exam_style,medium,recall,Which answer correctly identifies a situation where an unethical first choice creates additional ethical problems?,ethical trap,future picture,stress response,team spirit,A,A situation where an unethical first choice creates additional ethical problems.,Ethical trap is the best answer because it means a situation where an unethical first choice creates additional ethical problems.,Correct. A situation where an unethical first choice creates additional ethical problems.,"Not this one. Future picture is related to Chapter 2 or is a plausible distractor, but it does not match the specific definition or situation. A situation where an unethical first choice creates additional ethical problems.","Not this one. Stress response is related to Chapter 2 or is a plausible distractor, but it does not match the specific definition or situation. A situation where an unethical first choice creates additional ethical problems.","Not this one. Team spirit is related to Chapter 2 or is a plausible distractor, but it does not match the specific definition or situation. A situation where an unethical first choice creates additional ethical problems.",Bad choice → cover-up → more problems.,"Review Learn to Lead Volume 1, Chapter 2, page(s) 37. Then explain the concept in your own words without looking at the choices.",Learn to Lead Volume 1: Personal Leadership,37,ltl1_c2_decision_making,ethical_decision_making_cadet_poster.png,/assets/cap-visuals/ethical_decision_making_cadet_poster.png,approved,true,"Seven-step ethical decision-making, fact/opinion/assumption, brainstorming, values, and ethical trap.","Seven-step ethical decision-making, fact/opinion/assumption, brainstorming, values, and ethical trap.",yes,true,high,close,original_textbook_grounded,Three Wright Brothers Milestone exam forms used as style/difficulty reference only,draft,LTL1-C2-Q030,35,LTL1_C2_100
LTL1-C2-Q030,Learn to Lead Volume 1,2,The Cadet & The Team,LTL1-C2-ethical_trap,multiple_choice,application_scenario,medium_hard,application,"Which Chapter 2 idea is illustrated here? A cadet ignores cheating, then is suspected of being involved and must deal with another ethical problem.",team spirit,ethical trap,future picture,stress response,B,A situation where an unethical first choice creates additional ethical problems.,Ethical trap is the best answer because it means a situation where an unethical first choice creates additional ethical problems.,"Not this one. Team spirit is related to Chapter 2 or is a plausible distractor, but it does not match the specific definition or situation. A situation where an unethical first choice creates additional ethical problems.",Correct. A situation where an unethical first choice creates additional ethical problems.,"Not this one. Future picture is related to Chapter 2 or is a plausible distractor, but it does not match the specific definition or situation. A situation where an unethical first choice creates additional ethical problems.","Not this one. Stress response is related to Chapter 2 or is a plausible distractor, but it does not match the specific definition or situation. A situation where an unethical first choice creates additional ethical problems.",Bad choice → cover-up → more problems.,"Review Learn to Lead Volume 1, Chapter 2, page(s) 37. Then explain the concept in your own words without looking at the choices.",Learn to Lead Volume 1: Personal Leadership,37,ltl1_c2_decision_making,ethical_decision_making_cadet_poster.png,/assets/cap-visuals/ethical_decision_making_cadet_poster.png,approved,true,"Seven-step ethical decision-making, fact/opinion/assumption, brainstorming, values, and ethical trap.","Seven-step ethical decision-making, fact/opinion/assumption, brainstorming, values, and ethical trap.",no,false,medium,close,original_textbook_grounded,Three Wright Brothers Milestone exam forms used as style/difficulty reference only,draft,LTL1-C2-Q029,45,LTL1_C2_100
LTL1-C2-Q031,Learn to Lead Volume 1,2,The Cadet & The Team,LTL1-C2-time_management,multiple_choice,direct_exam_style,medium,recall,Which answer best matches this description: the process of organizing and using your time wisely?,uptime,efficiency,time management,selflessness,C,The process of organizing and using your time wisely.,Time management is the best answer because it means the process of organizing and using your time wisely.,"Not this one. Uptime is related to Chapter 2 or is a plausible distractor, but it does not match the specific definition or situation. The process of organizing and using your time wisely.","Not this one. Efficiency is related to Chapter 2 or is a plausible distractor, but it does not match the specific definition or situation. The process of organizing and using your time wisely.",Correct. The process of organizing and using your time wisely.,"Not this one. Selflessness is related to Chapter 2 or is a plausible distractor, but it does not match the specific definition or situation. The process of organizing and using your time wisely.",Time management = organize + use wisely.,"Review Learn to Lead Volume 1, Chapter 2, page(s) 38. Then explain the concept in your own words without looking at the choices.",Learn to Lead Volume 1: Personal Leadership,38,ltl1_c2_time_management,mission_success_time_management_poster.png,/assets/cap-visuals/mission_success_time_management_poster.png,approved,true,"Time management, efficiency habits, big rocks, uptime/downtime, prioritized do lists, and procrastination.","Time management, efficiency habits, big rocks, uptime/downtime, prioritized do lists, and procrastination.",yes,true,high,close,original_textbook_grounded,Three Wright Brothers Milestone exam forms used as style/difficulty reference only,draft,LTL1-C2-Q032,35,LTL1_C2_100
LTL1-C2-Q032,Learn to Lead Volume 1,2,The Cadet & The Team,LTL1-C2-time_management,multiple_choice,application_scenario,medium_hard,application,"Based on Learn to Lead, what is the best answer? A cadet plans deadlines and activities so important work gets done before time runs out.",uptime,efficiency,selflessness,time management,D,The process of organizing and using your time wisely.,Time management is the best answer because it means the process of organizing and using your time wisely.,"Not this one. Uptime is related to Chapter 2 or is a plausible distractor, but it does not match the specific definition or situation. The process of organizing and using your time wisely.","Not this one. Efficiency is related to Chapter 2 or is a plausible distractor, but it does not match the specific definition or situation. The process of organizing and using your time wisely.","Not this one. Selflessness is related to Chapter 2 or is a plausible distractor, but it does not match the specific definition or situation. The process of organizing and using your time wisely.",Correct. The process of organizing and using your time wisely.,Time management = organize + use wisely.,"Review Learn to Lead Volume 1, Chapter 2, page(s) 38. Then explain the concept in your own words without looking at the choices.",Learn to Lead Volume 1: Personal Leadership,38,ltl1_c2_time_management,mission_success_time_management_poster.png,/assets/cap-visuals/mission_success_time_management_poster.png,approved,true,"Time management, efficiency habits, big rocks, uptime/downtime, prioritized do lists, and procrastination.","Time management, efficiency habits, big rocks, uptime/downtime, prioritized do lists, and procrastination.",yes,true,high,close,original_textbook_grounded,Three Wright Brothers Milestone exam forms used as style/difficulty reference only,draft,LTL1-C2-Q031,45,LTL1_C2_100
LTL1-C2-Q033,Learn to Lead Volume 1,2,The Cadet & The Team,LTL1-C2-efficiency,multiple_choice,direct_exam_style,medium,recall,"According to Learn to Lead, which term refers to how well a leader uses time and other resources?",efficiency,stress,synergy,downtime,A,How well a leader uses time and other resources.,Efficiency is the best answer because it means how well a leader uses time and other resources.,Correct. How well a leader uses time and other resources.,"Not this one. Stress is related to Chapter 2 or is a plausible distractor, but it does not match the specific definition or situation. How well a leader uses time and other resources.","Not this one. Synergy is related to Chapter 2 or is a plausible distractor, but it does not match the specific definition or situation. How well a leader uses time and other resources.","Not this one. Downtime is related to Chapter 2 or is a plausible distractor, but it does not match the specific definition or situation. How well a leader uses time and other resources.","Efficient = work smarter, waste less.","Review Learn to Lead Volume 1, Chapter 2, page(s) 38. Then explain the concept in your own words without looking at the choices.",Learn to Lead Volume 1: Personal Leadership,38,ltl1_c2_time_management,mission_success_time_management_poster.png,/assets/cap-visuals/mission_success_time_management_poster.png,approved,true,"Time management, efficiency habits, big rocks, uptime/downtime, prioritized do lists, and procrastination.","Time management, efficiency habits, big rocks, uptime/downtime, prioritized do lists, and procrastination.",yes,true,high,close,original_textbook_grounded,Three Wright Brothers Milestone exam forms used as style/difficulty reference only,draft,LTL1-C2-Q034,35,LTL1_C2_100
LTL1-C2-Q034,Learn to Lead Volume 1,2,The Cadet & The Team,LTL1-C2-efficiency,multiple_choice,application_scenario,medium_hard,application,"Which answer best applies to this situation? Two cadets complete the same job, but one uses less time and fewer resources without sacrificing quality.",downtime,efficiency,stress,synergy,B,How well a leader uses time and other resources.,Efficiency is the best answer because it means how well a leader uses time and other resources.,"Not this one. Downtime is related to Chapter 2 or is a plausible distractor, but it does not match the specific definition or situation. How well a leader uses time and other resources.",Correct. How well a leader uses time and other resources.,"Not this one. Stress is related to Chapter 2 or is a plausible distractor, but it does not match the specific definition or situation. How well a leader uses time and other resources.","Not this one. Synergy is related to Chapter 2 or is a plausible distractor, but it does not match the specific definition or situation. How well a leader uses time and other resources.","Efficient = work smarter, waste less.","Review Learn to Lead Volume 1, Chapter 2, page(s) 38. Then explain the concept in your own words without looking at the choices.",Learn to Lead Volume 1: Personal Leadership,38,ltl1_c2_time_management,mission_success_time_management_poster.png,/assets/cap-visuals/mission_success_time_management_poster.png,approved,true,"Time management, efficiency habits, big rocks, uptime/downtime, prioritized do lists, and procrastination.","Time management, efficiency habits, big rocks, uptime/downtime, prioritized do lists, and procrastination.",no,false,medium,close,original_textbook_grounded,Three Wright Brothers Milestone exam forms used as style/difficulty reference only,draft,LTL1-C2-Q033,45,LTL1_C2_100
LTL1-C2-Q035,Learn to Lead Volume 1,2,The Cadet & The Team,LTL1-C2-pay_attention_come_prepared_and_focus_on_goal,multiple_choice,direct_exam_style,medium,recall,Which of the following is three efficiency habits that save time and keep work aligned with priorities?,"avoid goals, notes, and questions","rush, multitask, and hope","pay attention, come prepared, and focus on goals","wait, repeat, and redo",C,Three efficiency habits that save time and keep work aligned with priorities.,"Pay attention, come prepared, and focus on goals is the best answer because it means three efficiency habits that save time and keep work aligned with priorities.","Not this one. Avoid goals, notes, and questions is related to Chapter 2 or is a plausible distractor, but it does not match the specific definition or situation. Three efficiency habits that save time and keep work aligned with priorities.","Not this one. Rush, multitask, and hope is related to Chapter 2 or is a plausible distractor, but it does not match the specific definition or situation. Three efficiency habits that save time and keep work aligned with priorities.",Correct. Three efficiency habits that save time and keep work aligned with priorities.,"Not this one. Wait, repeat, and redo is related to Chapter 2 or is a plausible distractor, but it does not match the specific definition or situation. Three efficiency habits that save time and keep work aligned with priorities.",Attention + preparation + purpose.,"Review Learn to Lead Volume 1, Chapter 2, page(s) 38-39. Then explain the concept in your own words without looking at the choices.",Learn to Lead Volume 1: Personal Leadership,38-39,ltl1_c2_time_management,mission_success_time_management_poster.png,/assets/cap-visuals/mission_success_time_management_poster.png,approved,true,"Time management, efficiency habits, big rocks, uptime/downtime, prioritized do lists, and procrastination.","Time management, efficiency habits, big rocks, uptime/downtime, prioritized do lists, and procrastination.",yes,true,high,close,original_textbook_grounded,Three Wright Brothers Milestone exam forms used as style/difficulty reference only,draft,LTL1-C2-Q036,35,LTL1_C2_100
LTL1-C2-Q036,Learn to Lead Volume 1,2,The Cadet & The Team,LTL1-C2-pay_attention_come_prepared_and_focus_on_goal,multiple_choice,application_scenario,medium_hard,application,"A cadet encounters this situation: A cadet listens carefully, prepares materials early, and asks whether each task moves toward the goal. Which concept best applies?","wait, repeat, and redo","rush, multitask, and hope","avoid goals, notes, and questions","pay attention, come prepared, and focus on goals",D,Three efficiency habits that save time and keep work aligned with priorities.,"Pay attention, come prepared, and focus on goals is the best answer because it means three efficiency habits that save time and keep work aligned with priorities.","Not this one. Wait, repeat, and redo is related to Chapter 2 or is a plausible distractor, but it does not match the specific definition or situation. Three efficiency habits that save time and keep work aligned with priorities.","Not this one. Rush, multitask, and hope is related to Chapter 2 or is a plausible distractor, but it does not match the specific definition or situation. Three efficiency habits that save time and keep work aligned with priorities.","Not this one. Avoid goals, notes, and questions is related to Chapter 2 or is a plausible distractor, but it does not match the specific definition or situation. Three efficiency habits that save time and keep work aligned with priorities.",Correct. Three efficiency habits that save time and keep work aligned with priorities.,Attention + preparation + purpose.,"Review Learn to Lead Volume 1, Chapter 2, page(s) 38-39. Then explain the concept in your own words without looking at the choices.",Learn to Lead Volume 1: Personal Leadership,38-39,ltl1_c2_time_management,mission_success_time_management_poster.png,/assets/cap-visuals/mission_success_time_management_poster.png,approved,true,"Time management, efficiency habits, big rocks, uptime/downtime, prioritized do lists, and procrastination.","Time management, efficiency habits, big rocks, uptime/downtime, prioritized do lists, and procrastination.",yes,true,high,close,original_textbook_grounded,Three Wright Brothers Milestone exam forms used as style/difficulty reference only,draft,LTL1-C2-Q035,45,LTL1_C2_100
LTL1-C2-Q037,Learn to Lead Volume 1,2,The Cadet & The Team,LTL1-C2-do_it_right_the_first_time,multiple_choice,direct_exam_style,medium,recall,What is the best term for an efficiency principle warning that rushing can create mistakes and rework?,do it right the first time,accept preventable errors,redo work later,work as fast as possible,A,An efficiency principle warning that rushing can create mistakes and rework.,Do it right the first time is the best answer because it means an efficiency principle warning that rushing can create mistakes and rework.,Correct. An efficiency principle warning that rushing can create mistakes and rework.,"Not this one. Accept preventable errors is related to Chapter 2 or is a plausible distractor, but it does not match the specific definition or situation. An efficiency principle warning that rushing can create mistakes and rework.","Not this one. Redo work later is related to Chapter 2 or is a plausible distractor, but it does not match the specific definition or situation. An efficiency principle warning that rushing can create mistakes and rework.","Not this one. Work as fast as possible is related to Chapter 2 or is a plausible distractor, but it does not match the specific definition or situation. An efficiency principle warning that rushing can create mistakes and rework.","Measure twice, cut once.","Review Learn to Lead Volume 1, Chapter 2, page(s) 39. Then explain the concept in your own words without looking at the choices.",Learn to Lead Volume 1: Personal Leadership,39,ltl1_c2_time_management,mission_success_time_management_poster.png,/assets/cap-visuals/mission_success_time_management_poster.png,approved,true,"Time management, efficiency habits, big rocks, uptime/downtime, prioritized do lists, and procrastination.","Time management, efficiency habits, big rocks, uptime/downtime, prioritized do lists, and procrastination.",yes,true,high,close,original_textbook_grounded,Three Wright Brothers Milestone exam forms used as style/difficulty reference only,draft,LTL1-C2-Q038,35,LTL1_C2_100
LTL1-C2-Q038,Learn to Lead Volume 1,2,The Cadet & The Team,LTL1-C2-do_it_right_the_first_time,multiple_choice,application_scenario,medium_hard,application,Which Chapter 2 idea is illustrated here? A cadet budgets enough time to complete a task correctly instead of rushing and starting over.,work as fast as possible,do it right the first time,accept preventable errors,redo work later,B,An efficiency principle warning that rushing can create mistakes and rework.,Do it right the first time is the best answer because it means an efficiency principle warning that rushing can create mistakes and rework.,"Not this one. Work as fast as possible is related to Chapter 2 or is a plausible distractor, but it does not match the specific definition or situation. An efficiency principle warning that rushing can create mistakes and rework.",Correct. An efficiency principle warning that rushing can create mistakes and rework.,"Not this one. Accept preventable errors is related to Chapter 2 or is a plausible distractor, but it does not match the specific definition or situation. An efficiency principle warning that rushing can create mistakes and rework.","Not this one. Redo work later is related to Chapter 2 or is a plausible distractor, but it does not match the specific definition or situation. An efficiency principle warning that rushing can create mistakes and rework.","Measure twice, cut once.","Review Learn to Lead Volume 1, Chapter 2, page(s) 39. Then explain the concept in your own words without looking at the choices.",Learn to Lead Volume 1: Personal Leadership,39,ltl1_c2_time_management,mission_success_time_management_poster.png,/assets/cap-visuals/mission_success_time_management_poster.png,approved,true,"Time management, efficiency habits, big rocks, uptime/downtime, prioritized do lists, and procrastination.","Time management, efficiency habits, big rocks, uptime/downtime, prioritized do lists, and procrastination.",no,false,medium,close,original_textbook_grounded,Three Wright Brothers Milestone exam forms used as style/difficulty reference only,draft,LTL1-C2-Q037,45,LTL1_C2_100
LTL1-C2-Q039,Learn to Lead Volume 1,2,The Cadet & The Team,LTL1-C2-sequence_the_work_efficiently,multiple_choice,direct_exam_style,medium,recall,Which answer correctly identifies arranging tasks in a sensible order so time is not wasted?,do tasks randomly,always do the hardest last,sequence the work efficiently,maximize waiting,C,Arranging tasks in a sensible order so time is not wasted.,Sequence the work efficiently is the best answer because it means arranging tasks in a sensible order so time is not wasted.,"Not this one. Do tasks randomly is related to Chapter 2 or is a plausible distractor, but it does not match the specific definition or situation. Arranging tasks in a sensible order so time is not wasted.","Not this one. Always do the hardest last is related to Chapter 2 or is a plausible distractor, but it does not match the specific definition or situation. Arranging tasks in a sensible order so time is not wasted.",Correct. Arranging tasks in a sensible order so time is not wasted.,"Not this one. Maximize waiting is related to Chapter 2 or is a plausible distractor, but it does not match the specific definition or situation. Arranging tasks in a sensible order so time is not wasted.",Right order saves time.,"Review Learn to Lead Volume 1, Chapter 2, page(s) 39. Then explain the concept in your own words without looking at the choices.",Learn to Lead Volume 1: Personal Leadership,39,ltl1_c2_time_management,mission_success_time_management_poster.png,/assets/cap-visuals/mission_success_time_management_poster.png,approved,true,"Time management, efficiency habits, big rocks, uptime/downtime, prioritized do lists, and procrastination.","Time management, efficiency habits, big rocks, uptime/downtime, prioritized do lists, and procrastination.",yes,true,high,close,original_textbook_grounded,Three Wright Brothers Milestone exam forms used as style/difficulty reference only,draft,LTL1-C2-Q040,35,LTL1_C2_100
LTL1-C2-Q040,Learn to Lead Volume 1,2,The Cadet & The Team,LTL1-C2-sequence_the_work_efficiently,multiple_choice,application_scenario,medium_hard,application,"Based on Learn to Lead, what is the best answer? A team decides which steps must happen first before later work can begin.",always do the hardest last,maximize waiting,do tasks randomly,sequence the work efficiently,D,Arranging tasks in a sensible order so time is not wasted.,Sequence the work efficiently is the best answer because it means arranging tasks in a sensible order so time is not wasted.,"Not this one. Always do the hardest last is related to Chapter 2 or is a plausible distractor, but it does not match the specific definition or situation. Arranging tasks in a sensible order so time is not wasted.","Not this one. Maximize waiting is related to Chapter 2 or is a plausible distractor, but it does not match the specific definition or situation. Arranging tasks in a sensible order so time is not wasted.","Not this one. Do tasks randomly is related to Chapter 2 or is a plausible distractor, but it does not match the specific definition or situation. Arranging tasks in a sensible order so time is not wasted.",Correct. Arranging tasks in a sensible order so time is not wasted.,Right order saves time.,"Review Learn to Lead Volume 1, Chapter 2, page(s) 39. Then explain the concept in your own words without looking at the choices.",Learn to Lead Volume 1: Personal Leadership,39,ltl1_c2_time_management,mission_success_time_management_poster.png,/assets/cap-visuals/mission_success_time_management_poster.png,approved,true,"Time management, efficiency habits, big rocks, uptime/downtime, prioritized do lists, and procrastination.","Time management, efficiency habits, big rocks, uptime/downtime, prioritized do lists, and procrastination.",yes,true,high,close,original_textbook_grounded,Three Wright Brothers Milestone exam forms used as style/difficulty reference only,draft,LTL1-C2-Q039,45,LTL1_C2_100
LTL1-C2-Q041,Learn to Lead Volume 1,2,The Cadet & The Team,LTL1-C2-uptime,multiple_choice,direct_exam_style,medium,recall,Which answer best matches this description: the amount of time you are actually working?,uptime,resilience,stress,downtime,A,The amount of time you are actually working.,Uptime is the best answer because it means the amount of time you are actually working.,Correct. The amount of time you are actually working.,"Not this one. Resilience is related to Chapter 2 or is a plausible distractor, but it does not match the specific definition or situation. The amount of time you are actually working.","Not this one. Stress is related to Chapter 2 or is a plausible distractor, but it does not match the specific definition or situation. The amount of time you are actually working.","Not this one. Downtime is related to Chapter 2 or is a plausible distractor, but it does not match the specific definition or situation. The amount of time you are actually working.",UPtime = you're UP and working.,"Review Learn to Lead Volume 1, Chapter 2, page(s) 39. Then explain the concept in your own words without looking at the choices.",Learn to Lead Volume 1: Personal Leadership,39,ltl1_c2_time_management,mission_success_time_management_poster.png,/assets/cap-visuals/mission_success_time_management_poster.png,approved,true,"Time management, efficiency habits, big rocks, uptime/downtime, prioritized do lists, and procrastination.","Time management, efficiency habits, big rocks, uptime/downtime, prioritized do lists, and procrastination.",yes,true,high,close,original_textbook_grounded,Three Wright Brothers Milestone exam forms used as style/difficulty reference only,draft,LTL1-C2-Q042,35,LTL1_C2_100
LTL1-C2-Q042,Learn to Lead Volume 1,2,The Cadet & The Team,LTL1-C2-uptime,multiple_choice,application_scenario,medium_hard,application,"Which answer best applies to this situation? While a cake bakes, a cadet cleans the kitchen rather than waiting.",resilience,uptime,stress,downtime,B,The amount of time you are actually working.,Uptime is the best answer because it means the amount of time you are actually working.,"Not this one. Resilience is related to Chapter 2 or is a plausible distractor, but it does not match the specific definition or situation. The amount of time you are actually working.",Correct. The amount of time you are actually working.,"Not this one. Stress is related to Chapter 2 or is a plausible distractor, but it does not match the specific definition or situation. The amount of time you are actually working.","Not this one. Downtime is related to Chapter 2 or is a plausible distractor, but it does not match the specific definition or situation. The amount of time you are actually working.",UPtime = you're UP and working.,"Review Learn to Lead Volume 1, Chapter 2, page(s) 39. Then explain the concept in your own words without looking at the choices.",Learn to Lead Volume 1: Personal Leadership,39,ltl1_c2_time_management,mission_success_time_management_poster.png,/assets/cap-visuals/mission_success_time_management_poster.png,approved,true,"Time management, efficiency habits, big rocks, uptime/downtime, prioritized do lists, and procrastination.","Time management, efficiency habits, big rocks, uptime/downtime, prioritized do lists, and procrastination.",no,false,medium,close,original_textbook_grounded,Three Wright Brothers Milestone exam forms used as style/difficulty reference only,draft,LTL1-C2-Q041,45,LTL1_C2_100
LTL1-C2-Q043,Learn to Lead Volume 1,2,The Cadet & The Team,LTL1-C2-downtime,multiple_choice,direct_exam_style,medium,recall,"According to Learn to Lead, which term refers to time spent waiting for the opportunity to work?",synergy,efficiency,downtime,uptime,C,Time spent waiting for the opportunity to work.,Downtime is the best answer because it means time spent waiting for the opportunity to work.,"Not this one. Synergy is related to Chapter 2 or is a plausible distractor, but it does not match the specific definition or situation. Time spent waiting for the opportunity to work.","Not this one. Efficiency is related to Chapter 2 or is a plausible distractor, but it does not match the specific definition or situation. Time spent waiting for the opportunity to work.",Correct. Time spent waiting for the opportunity to work.,"Not this one. Uptime is related to Chapter 2 or is a plausible distractor, but it does not match the specific definition or situation. Time spent waiting for the opportunity to work.",DOWNtime = waiting.,"Review Learn to Lead Volume 1, Chapter 2, page(s) 39. Then explain the concept in your own words without looking at the choices.",Learn to Lead Volume 1: Personal Leadership,39,ltl1_c2_time_management,mission_success_time_management_poster.png,/assets/cap-visuals/mission_success_time_management_poster.png,approved,true,"Time management, efficiency habits, big rocks, uptime/downtime, prioritized do lists, and procrastination.","Time management, efficiency habits, big rocks, uptime/downtime, prioritized do lists, and procrastination.",yes,true,high,close,original_textbook_grounded,Three Wright Brothers Milestone exam forms used as style/difficulty reference only,draft,LTL1-C2-Q044,35,LTL1_C2_100
LTL1-C2-Q044,Learn to Lead Volume 1,2,The Cadet & The Team,LTL1-C2-downtime,multiple_choice,application_scenario,medium_hard,application,A cadet encounters this situation: A cadet cannot continue until materials arrive and does nothing useful during the wait. Which concept best applies?,efficiency,synergy,uptime,downtime,D,Time spent waiting for the opportunity to work.,Downtime is the best answer because it means time spent waiting for the opportunity to work.,"Not this one. Efficiency is related to Chapter 2 or is a plausible distractor, but it does not match the specific definition or situation. Time spent waiting for the opportunity to work.","Not this one. Synergy is related to Chapter 2 or is a plausible distractor, but it does not match the specific definition or situation. Time spent waiting for the opportunity to work.","Not this one. Uptime is related to Chapter 2 or is a plausible distractor, but it does not match the specific definition or situation. Time spent waiting for the opportunity to work.",Correct. Time spent waiting for the opportunity to work.,DOWNtime = waiting.,"Review Learn to Lead Volume 1, Chapter 2, page(s) 39. Then explain the concept in your own words without looking at the choices.",Learn to Lead Volume 1: Personal Leadership,39,ltl1_c2_time_management,mission_success_time_management_poster.png,/assets/cap-visuals/mission_success_time_management_poster.png,approved,true,"Time management, efficiency habits, big rocks, uptime/downtime, prioritized do lists, and procrastination.","Time management, efficiency habits, big rocks, uptime/downtime, prioritized do lists, and procrastination.",yes,true,high,close,original_textbook_grounded,Three Wright Brothers Milestone exam forms used as style/difficulty reference only,draft,LTL1-C2-Q043,45,LTL1_C2_100
LTL1-C2-Q045,Learn to Lead Volume 1,2,The Cadet & The Team,LTL1-C2-procrastination,multiple_choice,direct_exam_style,medium,recall,Which of the following is putting off for no good reason a task that should be done now?,procrastination,prioritization,brainstorming,resilience,A,Putting off for no good reason a task that should be done now.,Procrastination is the best answer because it means putting off for no good reason a task that should be done now.,Correct. Putting off for no good reason a task that should be done now.,"Not this one. Prioritization is related to Chapter 2 or is a plausible distractor, but it does not match the specific definition or situation. Putting off for no good reason a task that should be done now.","Not this one. Brainstorming is related to Chapter 2 or is a plausible distractor, but it does not match the specific definition or situation. Putting off for no good reason a task that should be done now.","Not this one. Resilience is related to Chapter 2 or is a plausible distractor, but it does not match the specific definition or situation. Putting off for no good reason a task that should be done now.",Procrastination = postpone without a good reason.,"Review Learn to Lead Volume 1, Chapter 2, page(s) 40. Then explain the concept in your own words without looking at the choices.",Learn to Lead Volume 1: Personal Leadership,40,ltl1_c2_time_management,mission_success_time_management_poster.png,/assets/cap-visuals/mission_success_time_management_poster.png,approved,true,"Time management, efficiency habits, big rocks, uptime/downtime, prioritized do lists, and procrastination.","Time management, efficiency habits, big rocks, uptime/downtime, prioritized do lists, and procrastination.",yes,true,high,close,original_textbook_grounded,Three Wright Brothers Milestone exam forms used as style/difficulty reference only,draft,LTL1-C2-Q046,35,LTL1_C2_100
LTL1-C2-Q046,Learn to Lead Volume 1,2,The Cadet & The Team,LTL1-C2-procrastination,multiple_choice,application_scenario,medium_hard,application,Which Chapter 2 idea is illustrated here? A cadet keeps delaying an unpleasant assignment even though there is no good reason to wait.,brainstorming,procrastination,resilience,prioritization,B,Putting off for no good reason a task that should be done now.,Procrastination is the best answer because it means putting off for no good reason a task that should be done now.,"Not this one. Brainstorming is related to Chapter 2 or is a plausible distractor, but it does not match the specific definition or situation. Putting off for no good reason a task that should be done now.",Correct. Putting off for no good reason a task that should be done now.,"Not this one. Resilience is related to Chapter 2 or is a plausible distractor, but it does not match the specific definition or situation. Putting off for no good reason a task that should be done now.","Not this one. Prioritization is related to Chapter 2 or is a plausible distractor, but it does not match the specific definition or situation. Putting off for no good reason a task that should be done now.",Procrastination = postpone without a good reason.,"Review Learn to Lead Volume 1, Chapter 2, page(s) 40. Then explain the concept in your own words without looking at the choices.",Learn to Lead Volume 1: Personal Leadership,40,ltl1_c2_time_management,mission_success_time_management_poster.png,/assets/cap-visuals/mission_success_time_management_poster.png,approved,true,"Time management, efficiency habits, big rocks, uptime/downtime, prioritized do lists, and procrastination.","Time management, efficiency habits, big rocks, uptime/downtime, prioritized do lists, and procrastination.",no,false,medium,close,original_textbook_grounded,Three Wright Brothers Milestone exam forms used as style/difficulty reference only,draft,LTL1-C2-Q045,45,LTL1_C2_100
LTL1-C2-Q047,Learn to Lead Volume 1,2,The Cadet & The Team,LTL1-C2-break_a_big_job_into_small_pieces,multiple_choice,direct_exam_style,medium,recall,What is the best term for a recommended way to beat procrastination when a task feels overwhelming?,do the entire project at once,ignore the deadline,break a big job into small pieces,wait for motivation,C,A recommended way to beat procrastination when a task feels overwhelming.,Break a big job into small pieces is the best answer because it means a recommended way to beat procrastination when a task feels overwhelming.,"Not this one. Do the entire project at once is related to Chapter 2 or is a plausible distractor, but it does not match the specific definition or situation. A recommended way to beat procrastination when a task feels overwhelming.","Not this one. Ignore the deadline is related to Chapter 2 or is a plausible distractor, but it does not match the specific definition or situation. A recommended way to beat procrastination when a task feels overwhelming.",Correct. A recommended way to beat procrastination when a task feels overwhelming.,"Not this one. Wait for motivation is related to Chapter 2 or is a plausible distractor, but it does not match the specific definition or situation. A recommended way to beat procrastination when a task feels overwhelming.",Big job → small bites.,"Review Learn to Lead Volume 1, Chapter 2, page(s) 40. Then explain the concept in your own words without looking at the choices.",Learn to Lead Volume 1: Personal Leadership,40,ltl1_c2_time_management,mission_success_time_management_poster.png,/assets/cap-visuals/mission_success_time_management_poster.png,approved,true,"Time management, efficiency habits, big rocks, uptime/downtime, prioritized do lists, and procrastination.","Time management, efficiency habits, big rocks, uptime/downtime, prioritized do lists, and procrastination.",yes,true,high,close,original_textbook_grounded,Three Wright Brothers Milestone exam forms used as style/difficulty reference only,draft,LTL1-C2-Q048,35,LTL1_C2_100
LTL1-C2-Q048,Learn to Lead Volume 1,2,The Cadet & The Team,LTL1-C2-break_a_big_job_into_small_pieces,multiple_choice,application_scenario,medium_hard,application,"Based on Learn to Lead, what is the best answer? A large paper feels impossible, so a student creates smaller tasks and crosses them off.",wait for motivation,do the entire project at once,ignore the deadline,break a big job into small pieces,D,A recommended way to beat procrastination when a task feels overwhelming.,Break a big job into small pieces is the best answer because it means a recommended way to beat procrastination when a task feels overwhelming.,"Not this one. Wait for motivation is related to Chapter 2 or is a plausible distractor, but it does not match the specific definition or situation. A recommended way to beat procrastination when a task feels overwhelming.","Not this one. Do the entire project at once is related to Chapter 2 or is a plausible distractor, but it does not match the specific definition or situation. A recommended way to beat procrastination when a task feels overwhelming.","Not this one. Ignore the deadline is related to Chapter 2 or is a plausible distractor, but it does not match the specific definition or situation. A recommended way to beat procrastination when a task feels overwhelming.",Correct. A recommended way to beat procrastination when a task feels overwhelming.,Big job → small bites.,"Review Learn to Lead Volume 1, Chapter 2, page(s) 40. Then explain the concept in your own words without looking at the choices.",Learn to Lead Volume 1: Personal Leadership,40,ltl1_c2_time_management,mission_success_time_management_poster.png,/assets/cap-visuals/mission_success_time_management_poster.png,approved,true,"Time management, efficiency habits, big rocks, uptime/downtime, prioritized do lists, and procrastination.","Time management, efficiency habits, big rocks, uptime/downtime, prioritized do lists, and procrastination.",yes,true,high,close,original_textbook_grounded,Three Wright Brothers Milestone exam forms used as style/difficulty reference only,draft,LTL1-C2-Q047,45,LTL1_C2_100
LTL1-C2-Q049,Learn to Lead Volume 1,2,The Cadet & The Team,LTL1-C2-a_prioritized_do_list,multiple_choice,direct_exam_style,medium,recall,Which answer correctly identifies a time-management tool that lists near-term tasks and ranks them by importance?,a prioritized do list,a chain-of-command chart,a staff roster,a random checklist,A,A time-management tool that lists near-term tasks and ranks them by importance.,A prioritized do list is the best answer because it means a time-management tool that lists near-term tasks and ranks them by importance.,Correct. A time-management tool that lists near-term tasks and ranks them by importance.,"Not this one. A chain-of-command chart is related to Chapter 2 or is a plausible distractor, but it does not match the specific definition or situation. A time-management tool that lists near-term tasks and ranks them by importance.","Not this one. A staff roster is related to Chapter 2 or is a plausible distractor, but it does not match the specific definition or situation. A time-management tool that lists near-term tasks and ranks them by importance.","Not this one. A random checklist is related to Chapter 2 or is a plausible distractor, but it does not match the specific definition or situation. A time-management tool that lists near-term tasks and ranks them by importance.","List first, then rank.","Review Learn to Lead Volume 1, Chapter 2, page(s) 42. Then explain the concept in your own words without looking at the choices.",Learn to Lead Volume 1: Personal Leadership,42,ltl1_c2_time_management,mission_success_time_management_poster.png,/assets/cap-visuals/mission_success_time_management_poster.png,approved,true,"Time management, efficiency habits, big rocks, uptime/downtime, prioritized do lists, and procrastination.","Time management, efficiency habits, big rocks, uptime/downtime, prioritized do lists, and procrastination.",yes,true,high,close,original_textbook_grounded,Three Wright Brothers Milestone exam forms used as style/difficulty reference only,draft,LTL1-C2-Q050,35,LTL1_C2_100
LTL1-C2-Q050,Learn to Lead Volume 1,2,The Cadet & The Team,LTL1-C2-a_prioritized_do_list,multiple_choice,application_scenario,medium_hard,application,"Which answer best applies to this situation? A cadet lists every task, labels importance, then ranks tasks within each priority level.",a staff roster,a prioritized do list,a chain-of-command chart,a random checklist,B,A time-management tool that lists near-term tasks and ranks them by importance.,A prioritized do list is the best answer because it means a time-management tool that lists near-term tasks and ranks them by importance.,"Not this one. A staff roster is related to Chapter 2 or is a plausible distractor, but it does not match the specific definition or situation. A time-management tool that lists near-term tasks and ranks them by importance.",Correct. A time-management tool that lists near-term tasks and ranks them by importance.,"Not this one. A chain-of-command chart is related to Chapter 2 or is a plausible distractor, but it does not match the specific definition or situation. A time-management tool that lists near-term tasks and ranks them by importance.","Not this one. A random checklist is related to Chapter 2 or is a plausible distractor, but it does not match the specific definition or situation. A time-management tool that lists near-term tasks and ranks them by importance.","List first, then rank.","Review Learn to Lead Volume 1, Chapter 2, page(s) 42. Then explain the concept in your own words without looking at the choices.",Learn to Lead Volume 1: Personal Leadership,42,ltl1_c2_time_management,mission_success_time_management_poster.png,/assets/cap-visuals/mission_success_time_management_poster.png,approved,true,"Time management, efficiency habits, big rocks, uptime/downtime, prioritized do lists, and procrastination.","Time management, efficiency habits, big rocks, uptime/downtime, prioritized do lists, and procrastination.",no,false,medium,close,original_textbook_grounded,Three Wright Brothers Milestone exam forms used as style/difficulty reference only,draft,LTL1-C2-Q049,45,LTL1_C2_100
LTL1-C2-Q051,Learn to Lead Volume 1,2,The Cadet & The Team,LTL1-C2-a_time_inventory_plus_flexibility_and_fun,multiple_choice,direct_exam_style,medium,recall,Which answer best matches this description: tracking how time is spent while also leaving room for rest and unexpected tasks?,remove all relaxation,schedule every minute forever,a time inventory plus flexibility and fun,ignore wasted time,C,Tracking how time is spent while also leaving room for rest and unexpected tasks.,A time inventory plus flexibility and fun is the best answer because it means tracking how time is spent while also leaving room for rest and unexpected tasks.,"Not this one. Remove all relaxation is related to Chapter 2 or is a plausible distractor, but it does not match the specific definition or situation. Tracking how time is spent while also leaving room for rest and unexpected tasks.","Not this one. Schedule every minute forever is related to Chapter 2 or is a plausible distractor, but it does not match the specific definition or situation. Tracking how time is spent while also leaving room for rest and unexpected tasks.",Correct. Tracking how time is spent while also leaving room for rest and unexpected tasks.,"Not this one. Ignore wasted time is related to Chapter 2 or is a plausible distractor, but it does not match the specific definition or situation. Tracking how time is spent while also leaving room for rest and unexpected tasks.",Know where time goes; leave breathing room.,"Review Learn to Lead Volume 1, Chapter 2, page(s) 42. Then explain the concept in your own words without looking at the choices.",Learn to Lead Volume 1: Personal Leadership,42,ltl1_c2_time_management,mission_success_time_management_poster.png,/assets/cap-visuals/mission_success_time_management_poster.png,approved,true,"Time management, efficiency habits, big rocks, uptime/downtime, prioritized do lists, and procrastination.","Time management, efficiency habits, big rocks, uptime/downtime, prioritized do lists, and procrastination.",yes,true,high,close,original_textbook_grounded,Three Wright Brothers Milestone exam forms used as style/difficulty reference only,draft,LTL1-C2-Q052,35,LTL1_C2_100
LTL1-C2-Q052,Learn to Lead Volume 1,2,The Cadet & The Team,LTL1-C2-a_time_inventory_plus_flexibility_and_fun,multiple_choice,application_scenario,medium_hard,application,"A cadet encounters this situation: A cadet records daily activities, identifies wasted time, and still leaves room for rest and unexpected needs. Which concept best applies?",remove all relaxation,schedule every minute forever,ignore wasted time,a time inventory plus flexibility and fun,D,Tracking how time is spent while also leaving room for rest and unexpected tasks.,A time inventory plus flexibility and fun is the best answer because it means tracking how time is spent while also leaving room for rest and unexpected tasks.,"Not this one. Remove all relaxation is related to Chapter 2 or is a plausible distractor, but it does not match the specific definition or situation. Tracking how time is spent while also leaving room for rest and unexpected tasks.","Not this one. Schedule every minute forever is related to Chapter 2 or is a plausible distractor, but it does not match the specific definition or situation. Tracking how time is spent while also leaving room for rest and unexpected tasks.","Not this one. Ignore wasted time is related to Chapter 2 or is a plausible distractor, but it does not match the specific definition or situation. Tracking how time is spent while also leaving room for rest and unexpected tasks.",Correct. Tracking how time is spent while also leaving room for rest and unexpected tasks.,Know where time goes; leave breathing room.,"Review Learn to Lead Volume 1, Chapter 2, page(s) 42. Then explain the concept in your own words without looking at the choices.",Learn to Lead Volume 1: Personal Leadership,42,ltl1_c2_time_management,mission_success_time_management_poster.png,/assets/cap-visuals/mission_success_time_management_poster.png,approved,true,"Time management, efficiency habits, big rocks, uptime/downtime, prioritized do lists, and procrastination.","Time management, efficiency habits, big rocks, uptime/downtime, prioritized do lists, and procrastination.",yes,true,high,close,original_textbook_grounded,Three Wright Brothers Milestone exam forms used as style/difficulty reference only,draft,LTL1-C2-Q051,45,LTL1_C2_100
LTL1-C2-Q053,Learn to Lead Volume 1,2,The Cadet & The Team,LTL1-C2-stress,multiple_choice,direct_exam_style,medium,recall,"According to Learn to Lead, which term refers to the body's response to change?",stress,resilience,stressor,downtime,A,The body's response to change.,Stress is the best answer because it means the body's response to change.,Correct. The body's response to change.,"Not this one. Resilience is related to Chapter 2 or is a plausible distractor, but it does not match the specific definition or situation. The body's response to change.","Not this one. Stressor is related to Chapter 2 or is a plausible distractor, but it does not match the specific definition or situation. The body's response to change.","Not this one. Downtime is related to Chapter 2 or is a plausible distractor, but it does not match the specific definition or situation. The body's response to change.",Stress = response to change.,"Review Learn to Lead Volume 1, Chapter 2, page(s) 43. Then explain the concept in your own words without looking at the choices.",Learn to Lead Volume 1: Personal Leadership,43,ltl1_c2_stress_resilience,cadet_stress_and_resilience_guide.png,/assets/cap-visuals/cadet_stress_and_resilience_guide.png,approved,true,"Stress and stressors, why teens are vulnerable, resilience, healthy coping, exercise, controlled breathing, nutrition, and sleep.","Stress and stressors, why teens are vulnerable, resilience, healthy coping, exercise, controlled breathing, nutrition, and sleep.",yes,true,high,close,original_textbook_grounded,Three Wright Brothers Milestone exam forms used as style/difficulty reference only,draft,LTL1-C2-Q054,35,LTL1_C2_100
LTL1-C2-Q054,Learn to Lead Volume 1,2,The Cadet & The Team,LTL1-C2-stress,multiple_choice,application_scenario,medium_hard,application,Which Chapter 2 idea is illustrated here? A cadet's body reacts to a demanding situation with energy and tension.,stressor,stress,downtime,resilience,B,The body's response to change.,Stress is the best answer because it means the body's response to change.,"Not this one. Stressor is related to Chapter 2 or is a plausible distractor, but it does not match the specific definition or situation. The body's response to change.",Correct. The body's response to change.,"Not this one. Downtime is related to Chapter 2 or is a plausible distractor, but it does not match the specific definition or situation. The body's response to change.","Not this one. Resilience is related to Chapter 2 or is a plausible distractor, but it does not match the specific definition or situation. The body's response to change.",Stress = response to change.,"Review Learn to Lead Volume 1, Chapter 2, page(s) 43. Then explain the concept in your own words without looking at the choices.",Learn to Lead Volume 1: Personal Leadership,43,ltl1_c2_stress_resilience,cadet_stress_and_resilience_guide.png,/assets/cap-visuals/cadet_stress_and_resilience_guide.png,approved,true,"Stress and stressors, why teens are vulnerable, resilience, healthy coping, exercise, controlled breathing, nutrition, and sleep.","Stress and stressors, why teens are vulnerable, resilience, healthy coping, exercise, controlled breathing, nutrition, and sleep.",no,false,medium,close,original_textbook_grounded,Three Wright Brothers Milestone exam forms used as style/difficulty reference only,draft,LTL1-C2-Q053,45,LTL1_C2_100
LTL1-C2-Q055,Learn to Lead Volume 1,2,The Cadet & The Team,LTL1-C2-a_stressor,multiple_choice,direct_exam_style,medium,recall,Which of the following is anything that causes stress?,resilience,feedback,a stressor,uptime,C,Anything that causes stress.,A stressor is the best answer because it means anything that causes stress.,"Not this one. Resilience is related to Chapter 2 or is a plausible distractor, but it does not match the specific definition or situation. Anything that causes stress.","Not this one. Feedback is related to Chapter 2 or is a plausible distractor, but it does not match the specific definition or situation. Anything that causes stress.",Correct. Anything that causes stress.,"Not this one. Uptime is related to Chapter 2 or is a plausible distractor, but it does not match the specific definition or situation. Anything that causes stress.",Stressor = stress-maker.,"Review Learn to Lead Volume 1, Chapter 2, page(s) 43. Then explain the concept in your own words without looking at the choices.",Learn to Lead Volume 1: Personal Leadership,43,ltl1_c2_stress_resilience,cadet_stress_and_resilience_guide.png,/assets/cap-visuals/cadet_stress_and_resilience_guide.png,approved,true,"Stress and stressors, why teens are vulnerable, resilience, healthy coping, exercise, controlled breathing, nutrition, and sleep.","Stress and stressors, why teens are vulnerable, resilience, healthy coping, exercise, controlled breathing, nutrition, and sleep.",yes,true,high,close,original_textbook_grounded,Three Wright Brothers Milestone exam forms used as style/difficulty reference only,draft,LTL1-C2-Q056,35,LTL1_C2_100
LTL1-C2-Q056,Learn to Lead Volume 1,2,The Cadet & The Team,LTL1-C2-a_stressor,multiple_choice,application_scenario,medium_hard,application,"Based on Learn to Lead, what is the best answer? An argument, move, breakup, or test creates pressure for a cadet.",uptime,feedback,resilience,a stressor,D,Anything that causes stress.,A stressor is the best answer because it means anything that causes stress.,"Not this one. Uptime is related to Chapter 2 or is a plausible distractor, but it does not match the specific definition or situation. Anything that causes stress.","Not this one. Feedback is related to Chapter 2 or is a plausible distractor, but it does not match the specific definition or situation. Anything that causes stress.","Not this one. Resilience is related to Chapter 2 or is a plausible distractor, but it does not match the specific definition or situation. Anything that causes stress.",Correct. Anything that causes stress.,Stressor = stress-maker.,"Review Learn to Lead Volume 1, Chapter 2, page(s) 43. Then explain the concept in your own words without looking at the choices.",Learn to Lead Volume 1: Personal Leadership,43,ltl1_c2_stress_resilience,cadet_stress_and_resilience_guide.png,/assets/cap-visuals/cadet_stress_and_resilience_guide.png,approved,true,"Stress and stressors, why teens are vulnerable, resilience, healthy coping, exercise, controlled breathing, nutrition, and sleep.","Stress and stressors, why teens are vulnerable, resilience, healthy coping, exercise, controlled breathing, nutrition, and sleep.",yes,true,high,close,original_textbook_grounded,Three Wright Brothers Milestone exam forms used as style/difficulty reference only,draft,LTL1-C2-Q055,45,LTL1_C2_100
LTL1-C2-Q057,Learn to Lead Volume 1,2,The Cadet & The Team,LTL1-C2-stress_can_be_positive_or_negative,multiple_choice,direct_exam_style,medium,recall,What is the best term for the idea that some stress energizes performance but unchecked stress becomes destructive?,stress can be positive or negative,all stress is harmful,all stress improves performance,stress affects only adults,A,The idea that some stress energizes performance but unchecked stress becomes destructive.,Stress can be positive or negative is the best answer because it means the idea that some stress energizes performance but unchecked stress becomes destructive.,Correct. The idea that some stress energizes performance but unchecked stress becomes destructive.,"Not this one. All stress is harmful is related to Chapter 2 or is a plausible distractor, but it does not match the specific definition or situation. The idea that some stress energizes performance but unchecked stress becomes destructive.","Not this one. All stress improves performance is related to Chapter 2 or is a plausible distractor, but it does not match the specific definition or situation. The idea that some stress energizes performance but unchecked stress becomes destructive.","Not this one. Stress affects only adults is related to Chapter 2 or is a plausible distractor, but it does not match the specific definition or situation. The idea that some stress energizes performance but unchecked stress becomes destructive.",A little can energize; too much can harm.,"Review Learn to Lead Volume 1, Chapter 2, page(s) 43. Then explain the concept in your own words without looking at the choices.",Learn to Lead Volume 1: Personal Leadership,43,ltl1_c2_stress_resilience,cadet_stress_and_resilience_guide.png,/assets/cap-visuals/cadet_stress_and_resilience_guide.png,approved,true,"Stress and stressors, why teens are vulnerable, resilience, healthy coping, exercise, controlled breathing, nutrition, and sleep.","Stress and stressors, why teens are vulnerable, resilience, healthy coping, exercise, controlled breathing, nutrition, and sleep.",yes,true,high,close,original_textbook_grounded,Three Wright Brothers Milestone exam forms used as style/difficulty reference only,draft,LTL1-C2-Q058,35,LTL1_C2_100
LTL1-C2-Q058,Learn to Lead Volume 1,2,The Cadet & The Team,LTL1-C2-stress_can_be_positive_or_negative,multiple_choice,application_scenario,medium_hard,application,"Which answer best applies to this situation? A small amount of pressure helps a cadet focus, but too much starts hurting health and performance.",all stress is harmful,stress can be positive or negative,stress affects only adults,all stress improves performance,B,The idea that some stress energizes performance but unchecked stress becomes destructive.,Stress can be positive or negative is the best answer because it means the idea that some stress energizes performance but unchecked stress becomes destructive.,"Not this one. All stress is harmful is related to Chapter 2 or is a plausible distractor, but it does not match the specific definition or situation. The idea that some stress energizes performance but unchecked stress becomes destructive.",Correct. The idea that some stress energizes performance but unchecked stress becomes destructive.,"Not this one. Stress affects only adults is related to Chapter 2 or is a plausible distractor, but it does not match the specific definition or situation. The idea that some stress energizes performance but unchecked stress becomes destructive.","Not this one. All stress improves performance is related to Chapter 2 or is a plausible distractor, but it does not match the specific definition or situation. The idea that some stress energizes performance but unchecked stress becomes destructive.",A little can energize; too much can harm.,"Review Learn to Lead Volume 1, Chapter 2, page(s) 43. Then explain the concept in your own words without looking at the choices.",Learn to Lead Volume 1: Personal Leadership,43,ltl1_c2_stress_resilience,cadet_stress_and_resilience_guide.png,/assets/cap-visuals/cadet_stress_and_resilience_guide.png,approved,true,"Stress and stressors, why teens are vulnerable, resilience, healthy coping, exercise, controlled breathing, nutrition, and sleep.","Stress and stressors, why teens are vulnerable, resilience, healthy coping, exercise, controlled breathing, nutrition, and sleep.",no,false,medium,close,original_textbook_grounded,Three Wright Brothers Milestone exam forms used as style/difficulty reference only,draft,LTL1-C2-Q057,45,LTL1_C2_100
LTL1-C2-Q059,Learn to Lead Volume 1,2,The Cadet & The Team,LTL1-C2-young_people_can_be_especially_prone_to_stres,multiple_choice,direct_exam_style,medium,recall,"Which answer correctly identifies the idea that growing up, limited experience, and a less stable social world can magnify stress?",teens never experience change,adults always have fewer stressors,young people can be especially prone to stress,teens have more stable social worlds,C,"The idea that growing up, limited experience, and a less stable social world can magnify stress.","Young people can be especially prone to stress is the best answer because it means the idea that growing up, limited experience, and a less stable social world can magnify stress.","Not this one. Teens never experience change is related to Chapter 2 or is a plausible distractor, but it does not match the specific definition or situation. The idea that growing up, limited experience, and a less stable social world can magnify stress.","Not this one. Adults always have fewer stressors is related to Chapter 2 or is a plausible distractor, but it does not match the specific definition or situation. The idea that growing up, limited experience, and a less stable social world can magnify stress.","Correct. The idea that growing up, limited experience, and a less stable social world can magnify stress.","Not this one. Teens have more stable social worlds is related to Chapter 2 or is a plausible distractor, but it does not match the specific definition or situation. The idea that growing up, limited experience, and a less stable social world can magnify stress.",Less experience + more change = more stress.,"Review Learn to Lead Volume 1, Chapter 2, page(s) 44. Then explain the concept in your own words without looking at the choices.",Learn to Lead Volume 1: Personal Leadership,44,ltl1_c2_stress_resilience,cadet_stress_and_resilience_guide.png,/assets/cap-visuals/cadet_stress_and_resilience_guide.png,approved,true,"Stress and stressors, why teens are vulnerable, resilience, healthy coping, exercise, controlled breathing, nutrition, and sleep.","Stress and stressors, why teens are vulnerable, resilience, healthy coping, exercise, controlled breathing, nutrition, and sleep.",yes,true,high,close,original_textbook_grounded,Three Wright Brothers Milestone exam forms used as style/difficulty reference only,draft,LTL1-C2-Q060,35,LTL1_C2_100
LTL1-C2-Q060,Learn to Lead Volume 1,2,The Cadet & The Team,LTL1-C2-young_people_can_be_especially_prone_to_stres,multiple_choice,application_scenario,medium_hard,application,A cadet encounters this situation: A teen treats a minor setback as a huge problem while friendships and identity are still changing. Which concept best applies?,adults always have fewer stressors,teens have more stable social worlds,teens never experience change,young people can be especially prone to stress,D,"The idea that growing up, limited experience, and a less stable social world can magnify stress.","Young people can be especially prone to stress is the best answer because it means the idea that growing up, limited experience, and a less stable social world can magnify stress.","Not this one. Adults always have fewer stressors is related to Chapter 2 or is a plausible distractor, but it does not match the specific definition or situation. The idea that growing up, limited experience, and a less stable social world can magnify stress.","Not this one. Teens have more stable social worlds is related to Chapter 2 or is a plausible distractor, but it does not match the specific definition or situation. The idea that growing up, limited experience, and a less stable social world can magnify stress.","Not this one. Teens never experience change is related to Chapter 2 or is a plausible distractor, but it does not match the specific definition or situation. The idea that growing up, limited experience, and a less stable social world can magnify stress.","Correct. The idea that growing up, limited experience, and a less stable social world can magnify stress.",Less experience + more change = more stress.,"Review Learn to Lead Volume 1, Chapter 2, page(s) 44. Then explain the concept in your own words without looking at the choices.",Learn to Lead Volume 1: Personal Leadership,44,ltl1_c2_stress_resilience,cadet_stress_and_resilience_guide.png,/assets/cap-visuals/cadet_stress_and_resilience_guide.png,approved,true,"Stress and stressors, why teens are vulnerable, resilience, healthy coping, exercise, controlled breathing, nutrition, and sleep.","Stress and stressors, why teens are vulnerable, resilience, healthy coping, exercise, controlled breathing, nutrition, and sleep.",yes,true,high,close,original_textbook_grounded,Three Wright Brothers Milestone exam forms used as style/difficulty reference only,draft,LTL1-C2-Q059,45,LTL1_C2_100
LTL1-C2-Q061,Learn to Lead Volume 1,2,The Cadet & The Team,LTL1-C2-resilience,multiple_choice,direct_exam_style,medium,recall,Which answer best matches this description: the ability to bounce back and recover from adversity?,resilience,stressor,stress,procrastination,A,The ability to bounce back and recover from adversity.,Resilience is the best answer because it means the ability to bounce back and recover from adversity.,Correct. The ability to bounce back and recover from adversity.,"Not this one. Stressor is related to Chapter 2 or is a plausible distractor, but it does not match the specific definition or situation. The ability to bounce back and recover from adversity.","Not this one. Stress is related to Chapter 2 or is a plausible distractor, but it does not match the specific definition or situation. The ability to bounce back and recover from adversity.","Not this one. Procrastination is related to Chapter 2 or is a plausible distractor, but it does not match the specific definition or situation. The ability to bounce back and recover from adversity.",Resilience = rebound like a rubber band.,"Review Learn to Lead Volume 1, Chapter 2, page(s) 44. Then explain the concept in your own words without looking at the choices.",Learn to Lead Volume 1: Personal Leadership,44,ltl1_c2_stress_resilience,cadet_stress_and_resilience_guide.png,/assets/cap-visuals/cadet_stress_and_resilience_guide.png,approved,true,"Stress and stressors, why teens are vulnerable, resilience, healthy coping, exercise, controlled breathing, nutrition, and sleep.","Stress and stressors, why teens are vulnerable, resilience, healthy coping, exercise, controlled breathing, nutrition, and sleep.",yes,true,high,close,original_textbook_grounded,Three Wright Brothers Milestone exam forms used as style/difficulty reference only,draft,LTL1-C2-Q062,35,LTL1_C2_100
LTL1-C2-Q062,Learn to Lead Volume 1,2,The Cadet & The Team,LTL1-C2-resilience,multiple_choice,application_scenario,medium_hard,application,"Which Chapter 2 idea is illustrated here? After a setback, a cadet regains balance and continues working toward the goal.",stressor,resilience,stress,procrastination,B,The ability to bounce back and recover from adversity.,Resilience is the best answer because it means the ability to bounce back and recover from adversity.,"Not this one. Stressor is related to Chapter 2 or is a plausible distractor, but it does not match the specific definition or situation. The ability to bounce back and recover from adversity.",Correct. The ability to bounce back and recover from adversity.,"Not this one. Stress is related to Chapter 2 or is a plausible distractor, but it does not match the specific definition or situation. The ability to bounce back and recover from adversity.","Not this one. Procrastination is related to Chapter 2 or is a plausible distractor, but it does not match the specific definition or situation. The ability to bounce back and recover from adversity.",Resilience = rebound like a rubber band.,"Review Learn to Lead Volume 1, Chapter 2, page(s) 44. Then explain the concept in your own words without looking at the choices.",Learn to Lead Volume 1: Personal Leadership,44,ltl1_c2_stress_resilience,cadet_stress_and_resilience_guide.png,/assets/cap-visuals/cadet_stress_and_resilience_guide.png,approved,true,"Stress and stressors, why teens are vulnerable, resilience, healthy coping, exercise, controlled breathing, nutrition, and sleep.","Stress and stressors, why teens are vulnerable, resilience, healthy coping, exercise, controlled breathing, nutrition, and sleep.",no,false,medium,close,original_textbook_grounded,Three Wright Brothers Milestone exam forms used as style/difficulty reference only,draft,LTL1-C2-Q061,45,LTL1_C2_100
LTL1-C2-Q063,Learn to Lead Volume 1,2,The Cadet & The Team,LTL1-C2-try_to_resolve_the_problem,multiple_choice,direct_exam_style,medium,recall,"According to Learn to Lead, which term refers to a coping style that addresses the source of stress directly when possible?",worry without acting,blame someone else,try to resolve the problem,ignore the problem,C,A coping style that addresses the source of stress directly when possible.,Try to resolve the problem is the best answer because it means a coping style that addresses the source of stress directly when possible.,"Not this one. Worry without acting is related to Chapter 2 or is a plausible distractor, but it does not match the specific definition or situation. A coping style that addresses the source of stress directly when possible.","Not this one. Blame someone else is related to Chapter 2 or is a plausible distractor, but it does not match the specific definition or situation. A coping style that addresses the source of stress directly when possible.",Correct. A coping style that addresses the source of stress directly when possible.,"Not this one. Ignore the problem is related to Chapter 2 or is a plausible distractor, but it does not match the specific definition or situation. A coping style that addresses the source of stress directly when possible.",Fix what you can.,"Review Learn to Lead Volume 1, Chapter 2, page(s) 45. Then explain the concept in your own words without looking at the choices.",Learn to Lead Volume 1: Personal Leadership,45,ltl1_c2_stress_resilience,cadet_stress_and_resilience_guide.png,/assets/cap-visuals/cadet_stress_and_resilience_guide.png,approved,true,"Stress and stressors, why teens are vulnerable, resilience, healthy coping, exercise, controlled breathing, nutrition, and sleep.","Stress and stressors, why teens are vulnerable, resilience, healthy coping, exercise, controlled breathing, nutrition, and sleep.",yes,true,high,close,original_textbook_grounded,Three Wright Brothers Milestone exam forms used as style/difficulty reference only,draft,LTL1-C2-Q064,35,LTL1_C2_100
LTL1-C2-Q064,Learn to Lead Volume 1,2,The Cadet & The Team,LTL1-C2-try_to_resolve_the_problem,multiple_choice,application_scenario,medium_hard,application,"Based on Learn to Lead, what is the best answer? A cadet talks out a conflict and apologizes when appropriate instead of hoping it disappears.",ignore the problem,worry without acting,blame someone else,try to resolve the problem,D,A coping style that addresses the source of stress directly when possible.,Try to resolve the problem is the best answer because it means a coping style that addresses the source of stress directly when possible.,"Not this one. Ignore the problem is related to Chapter 2 or is a plausible distractor, but it does not match the specific definition or situation. A coping style that addresses the source of stress directly when possible.","Not this one. Worry without acting is related to Chapter 2 or is a plausible distractor, but it does not match the specific definition or situation. A coping style that addresses the source of stress directly when possible.","Not this one. Blame someone else is related to Chapter 2 or is a plausible distractor, but it does not match the specific definition or situation. A coping style that addresses the source of stress directly when possible.",Correct. A coping style that addresses the source of stress directly when possible.,Fix what you can.,"Review Learn to Lead Volume 1, Chapter 2, page(s) 45. Then explain the concept in your own words without looking at the choices.",Learn to Lead Volume 1: Personal Leadership,45,ltl1_c2_stress_resilience,cadet_stress_and_resilience_guide.png,/assets/cap-visuals/cadet_stress_and_resilience_guide.png,approved,true,"Stress and stressors, why teens are vulnerable, resilience, healthy coping, exercise, controlled breathing, nutrition, and sleep.","Stress and stressors, why teens are vulnerable, resilience, healthy coping, exercise, controlled breathing, nutrition, and sleep.",yes,true,high,close,original_textbook_grounded,Three Wright Brothers Milestone exam forms used as style/difficulty reference only,draft,LTL1-C2-Q063,45,LTL1_C2_100
LTL1-C2-Q065,Learn to Lead Volume 1,2,The Cadet & The Team,LTL1-C2-let_some_things_go,multiple_choice,direct_exam_style,medium,recall,Which of the following is a coping style of not wasting energy on things outside your control?,let some things go,worry about everything,control the weather,change others' thoughts,A,A coping style of not wasting energy on things outside your control.,Let some things go is the best answer because it means a coping style of not wasting energy on things outside your control.,Correct. A coping style of not wasting energy on things outside your control.,"Not this one. Worry about everything is related to Chapter 2 or is a plausible distractor, but it does not match the specific definition or situation. A coping style of not wasting energy on things outside your control.","Not this one. Control the weather is related to Chapter 2 or is a plausible distractor, but it does not match the specific definition or situation. A coping style of not wasting energy on things outside your control.","Not this one. Change others' thoughts is related to Chapter 2 or is a plausible distractor, but it does not match the specific definition or situation. A coping style of not wasting energy on things outside your control.",Control what you can; release what you can't.,"Review Learn to Lead Volume 1, Chapter 2, page(s) 45. Then explain the concept in your own words without looking at the choices.",Learn to Lead Volume 1: Personal Leadership,45,ltl1_c2_stress_resilience,cadet_stress_and_resilience_guide.png,/assets/cap-visuals/cadet_stress_and_resilience_guide.png,approved,true,"Stress and stressors, why teens are vulnerable, resilience, healthy coping, exercise, controlled breathing, nutrition, and sleep.","Stress and stressors, why teens are vulnerable, resilience, healthy coping, exercise, controlled breathing, nutrition, and sleep.",yes,true,high,close,original_textbook_grounded,Three Wright Brothers Milestone exam forms used as style/difficulty reference only,draft,LTL1-C2-Q066,35,LTL1_C2_100
LTL1-C2-Q066,Learn to Lead Volume 1,2,The Cadet & The Team,LTL1-C2-let_some_things_go,multiple_choice,application_scenario,medium_hard,application,Which answer best applies to this situation? A cadet stops obsessing over something that cannot be changed and uses energy on a solvable problem.,change others' thoughts,let some things go,worry about everything,control the weather,B,A coping style of not wasting energy on things outside your control.,Let some things go is the best answer because it means a coping style of not wasting energy on things outside your control.,"Not this one. Change others' thoughts is related to Chapter 2 or is a plausible distractor, but it does not match the specific definition or situation. A coping style of not wasting energy on things outside your control.",Correct. A coping style of not wasting energy on things outside your control.,"Not this one. Worry about everything is related to Chapter 2 or is a plausible distractor, but it does not match the specific definition or situation. A coping style of not wasting energy on things outside your control.","Not this one. Control the weather is related to Chapter 2 or is a plausible distractor, but it does not match the specific definition or situation. A coping style of not wasting energy on things outside your control.",Control what you can; release what you can't.,"Review Learn to Lead Volume 1, Chapter 2, page(s) 45. Then explain the concept in your own words without looking at the choices.",Learn to Lead Volume 1: Personal Leadership,45,ltl1_c2_stress_resilience,cadet_stress_and_resilience_guide.png,/assets/cap-visuals/cadet_stress_and_resilience_guide.png,approved,true,"Stress and stressors, why teens are vulnerable, resilience, healthy coping, exercise, controlled breathing, nutrition, and sleep.","Stress and stressors, why teens are vulnerable, resilience, healthy coping, exercise, controlled breathing, nutrition, and sleep.",no,false,medium,close,original_textbook_grounded,Three Wright Brothers Milestone exam forms used as style/difficulty reference only,draft,LTL1-C2-Q065,45,LTL1_C2_100
LTL1-C2-Q067,Learn to Lead Volume 1,2,The Cadet & The Team,LTL1-C2-exercise,multiple_choice,direct_exam_style,medium,recall,What is the best term for the most important part of a plan to manage stress?,staying in bed,junk food,exercise,avoiding all challenges,C,The most important part of a plan to manage stress.,Exercise is the best answer because it means the most important part of a plan to manage stress.,"Not this one. Staying in bed is related to Chapter 2 or is a plausible distractor, but it does not match the specific definition or situation. The most important part of a plan to manage stress.","Not this one. Junk food is related to Chapter 2 or is a plausible distractor, but it does not match the specific definition or situation. The most important part of a plan to manage stress.",Correct. The most important part of a plan to manage stress.,"Not this one. Avoiding all challenges is related to Chapter 2 or is a plausible distractor, but it does not match the specific definition or situation. The most important part of a plan to manage stress.",Stress says RUN — so move.,"Review Learn to Lead Volume 1, Chapter 2, page(s) 45. Then explain the concept in your own words without looking at the choices.",Learn to Lead Volume 1: Personal Leadership,45,ltl1_c2_stress_resilience,cadet_stress_and_resilience_guide.png,/assets/cap-visuals/cadet_stress_and_resilience_guide.png,approved,true,"Stress and stressors, why teens are vulnerable, resilience, healthy coping, exercise, controlled breathing, nutrition, and sleep.","Stress and stressors, why teens are vulnerable, resilience, healthy coping, exercise, controlled breathing, nutrition, and sleep.",yes,true,high,close,original_textbook_grounded,Three Wright Brothers Milestone exam forms used as style/difficulty reference only,draft,LTL1-C2-Q068,35,LTL1_C2_100
LTL1-C2-Q068,Learn to Lead Volume 1,2,The Cadet & The Team,LTL1-C2-exercise,multiple_choice,application_scenario,medium_hard,application,A cadet encounters this situation: A cadet uses running or push-ups to release tension and improve overall energy. Which concept best applies?,avoiding all challenges,junk food,staying in bed,exercise,D,The most important part of a plan to manage stress.,Exercise is the best answer because it means the most important part of a plan to manage stress.,"Not this one. Avoiding all challenges is related to Chapter 2 or is a plausible distractor, but it does not match the specific definition or situation. The most important part of a plan to manage stress.","Not this one. Junk food is related to Chapter 2 or is a plausible distractor, but it does not match the specific definition or situation. The most important part of a plan to manage stress.","Not this one. Staying in bed is related to Chapter 2 or is a plausible distractor, but it does not match the specific definition or situation. The most important part of a plan to manage stress.",Correct. The most important part of a plan to manage stress.,Stress says RUN — so move.,"Review Learn to Lead Volume 1, Chapter 2, page(s) 45. Then explain the concept in your own words without looking at the choices.",Learn to Lead Volume 1: Personal Leadership,45,ltl1_c2_stress_resilience,cadet_stress_and_resilience_guide.png,/assets/cap-visuals/cadet_stress_and_resilience_guide.png,approved,true,"Stress and stressors, why teens are vulnerable, resilience, healthy coping, exercise, controlled breathing, nutrition, and sleep.","Stress and stressors, why teens are vulnerable, resilience, healthy coping, exercise, controlled breathing, nutrition, and sleep.",yes,true,high,close,original_textbook_grounded,Three Wright Brothers Milestone exam forms used as style/difficulty reference only,draft,LTL1-C2-Q067,45,LTL1_C2_100
LTL1-C2-Q069,Learn to Lead Volume 1,2,The Cadet & The Team,LTL1-C2-controlled_breathing,multiple_choice,direct_exam_style,medium,recall,Which answer correctly identifies a relaxation technique that helps calm the body's stress response?,controlled breathing,thinking harder about the stressor,skipping sleep,eating sugar,A,A relaxation technique that helps calm the body's stress response.,Controlled breathing is the best answer because it means a relaxation technique that helps calm the body's stress response.,Correct. A relaxation technique that helps calm the body's stress response.,"Not this one. Thinking harder about the stressor is related to Chapter 2 or is a plausible distractor, but it does not match the specific definition or situation. A relaxation technique that helps calm the body's stress response.","Not this one. Skipping sleep is related to Chapter 2 or is a plausible distractor, but it does not match the specific definition or situation. A relaxation technique that helps calm the body's stress response.","Not this one. Eating sugar is related to Chapter 2 or is a plausible distractor, but it does not match the specific definition or situation. A relaxation technique that helps calm the body's stress response.",Slow breathing → slow body.,"Review Learn to Lead Volume 1, Chapter 2, page(s) 46. Then explain the concept in your own words without looking at the choices.",Learn to Lead Volume 1: Personal Leadership,46,ltl1_c2_stress_resilience,cadet_stress_and_resilience_guide.png,/assets/cap-visuals/cadet_stress_and_resilience_guide.png,approved,true,"Stress and stressors, why teens are vulnerable, resilience, healthy coping, exercise, controlled breathing, nutrition, and sleep.","Stress and stressors, why teens are vulnerable, resilience, healthy coping, exercise, controlled breathing, nutrition, and sleep.",yes,true,high,close,original_textbook_grounded,Three Wright Brothers Milestone exam forms used as style/difficulty reference only,draft,LTL1-C2-Q070,35,LTL1_C2_100
LTL1-C2-Q070,Learn to Lead Volume 1,2,The Cadet & The Team,LTL1-C2-controlled_breathing,multiple_choice,application_scenario,medium_hard,application,"Which Chapter 2 idea is illustrated here? A cadet sits upright, closes the eyes, and focuses on breathing until the body calms.",thinking harder about the stressor,controlled breathing,eating sugar,skipping sleep,B,A relaxation technique that helps calm the body's stress response.,Controlled breathing is the best answer because it means a relaxation technique that helps calm the body's stress response.,"Not this one. Thinking harder about the stressor is related to Chapter 2 or is a plausible distractor, but it does not match the specific definition or situation. A relaxation technique that helps calm the body's stress response.",Correct. A relaxation technique that helps calm the body's stress response.,"Not this one. Eating sugar is related to Chapter 2 or is a plausible distractor, but it does not match the specific definition or situation. A relaxation technique that helps calm the body's stress response.","Not this one. Skipping sleep is related to Chapter 2 or is a plausible distractor, but it does not match the specific definition or situation. A relaxation technique that helps calm the body's stress response.",Slow breathing → slow body.,"Review Learn to Lead Volume 1, Chapter 2, page(s) 46. Then explain the concept in your own words without looking at the choices.",Learn to Lead Volume 1: Personal Leadership,46,ltl1_c2_stress_resilience,cadet_stress_and_resilience_guide.png,/assets/cap-visuals/cadet_stress_and_resilience_guide.png,approved,true,"Stress and stressors, why teens are vulnerable, resilience, healthy coping, exercise, controlled breathing, nutrition, and sleep.","Stress and stressors, why teens are vulnerable, resilience, healthy coping, exercise, controlled breathing, nutrition, and sleep.",no,false,medium,close,original_textbook_grounded,Three Wright Brothers Milestone exam forms used as style/difficulty reference only,draft,LTL1-C2-Q069,45,LTL1_C2_100
LTL1-C2-Q071,Learn to Lead Volume 1,2,The Cadet & The Team,LTL1-C2-eat_well_and_sleep_well,multiple_choice,direct_exam_style,medium,recall,Which answer best matches this description: healthy habits that improve the body's ability to manage stress?,use junk food for quick energy,skip meals when busy,eat well and sleep well,sleep less to create more time,C,Healthy habits that improve the body's ability to manage stress.,Eat well and sleep well is the best answer because it means healthy habits that improve the body's ability to manage stress.,"Not this one. Use junk food for quick energy is related to Chapter 2 or is a plausible distractor, but it does not match the specific definition or situation. Healthy habits that improve the body's ability to manage stress.","Not this one. Skip meals when busy is related to Chapter 2 or is a plausible distractor, but it does not match the specific definition or situation. Healthy habits that improve the body's ability to manage stress.",Correct. Healthy habits that improve the body's ability to manage stress.,"Not this one. Sleep less to create more time is related to Chapter 2 or is a plausible distractor, but it does not match the specific definition or situation. Healthy habits that improve the body's ability to manage stress.",Fuel + sleep = steadier energy.,"Review Learn to Lead Volume 1, Chapter 2, page(s) 46. Then explain the concept in your own words without looking at the choices.",Learn to Lead Volume 1: Personal Leadership,46,ltl1_c2_stress_resilience,cadet_stress_and_resilience_guide.png,/assets/cap-visuals/cadet_stress_and_resilience_guide.png,approved,true,"Stress and stressors, why teens are vulnerable, resilience, healthy coping, exercise, controlled breathing, nutrition, and sleep.","Stress and stressors, why teens are vulnerable, resilience, healthy coping, exercise, controlled breathing, nutrition, and sleep.",yes,true,high,close,original_textbook_grounded,Three Wright Brothers Milestone exam forms used as style/difficulty reference only,draft,LTL1-C2-Q072,35,LTL1_C2_100
LTL1-C2-Q072,Learn to Lead Volume 1,2,The Cadet & The Team,LTL1-C2-eat_well_and_sleep_well,multiple_choice,application_scenario,medium_hard,application,"Based on Learn to Lead, what is the best answer? A cadet protects mood and energy by eating well and getting enough sleep.",skip meals when busy,sleep less to create more time,use junk food for quick energy,eat well and sleep well,D,Healthy habits that improve the body's ability to manage stress.,Eat well and sleep well is the best answer because it means healthy habits that improve the body's ability to manage stress.,"Not this one. Skip meals when busy is related to Chapter 2 or is a plausible distractor, but it does not match the specific definition or situation. Healthy habits that improve the body's ability to manage stress.","Not this one. Sleep less to create more time is related to Chapter 2 or is a plausible distractor, but it does not match the specific definition or situation. Healthy habits that improve the body's ability to manage stress.","Not this one. Use junk food for quick energy is related to Chapter 2 or is a plausible distractor, but it does not match the specific definition or situation. Healthy habits that improve the body's ability to manage stress.",Correct. Healthy habits that improve the body's ability to manage stress.,Fuel + sleep = steadier energy.,"Review Learn to Lead Volume 1, Chapter 2, page(s) 46. Then explain the concept in your own words without looking at the choices.",Learn to Lead Volume 1: Personal Leadership,46,ltl1_c2_stress_resilience,cadet_stress_and_resilience_guide.png,/assets/cap-visuals/cadet_stress_and_resilience_guide.png,approved,true,"Stress and stressors, why teens are vulnerable, resilience, healthy coping, exercise, controlled breathing, nutrition, and sleep.","Stress and stressors, why teens are vulnerable, resilience, healthy coping, exercise, controlled breathing, nutrition, and sleep.",yes,true,high,close,original_textbook_grounded,Three Wright Brothers Milestone exam forms used as style/difficulty reference only,draft,LTL1-C2-Q071,45,LTL1_C2_100
LTL1-C2-Q073,Learn to Lead Volume 1,2,The Cadet & The Team,LTL1-C2-a_team,multiple_choice,direct_exam_style,medium,recall,"According to Learn to Lead, which term refers to a collection of individuals committed to working together to achieve a common goal?",a team,a chain of command,a crowd,a group waiting for a bus,A,A collection of individuals committed to working together to achieve a common goal.,A team is the best answer because it means a collection of individuals committed to working together to achieve a common goal.,Correct. A collection of individuals committed to working together to achieve a common goal.,"Not this one. A chain of command is related to Chapter 2 or is a plausible distractor, but it does not match the specific definition or situation. A collection of individuals committed to working together to achieve a common goal.","Not this one. A crowd is related to Chapter 2 or is a plausible distractor, but it does not match the specific definition or situation. A collection of individuals committed to working together to achieve a common goal.","Not this one. A group waiting for a bus is related to Chapter 2 or is a plausible distractor, but it does not match the specific definition or situation. A collection of individuals committed to working together to achieve a common goal.",TEAM = Together Everyone Achieves More.,"Review Learn to Lead Volume 1, Chapter 2, page(s) 47. Then explain the concept in your own words without looking at the choices.",Learn to Lead Volume 1: Personal Leadership,47,ltl1_c2_teamwork_synergy,teamwork_synergy_one_mission.png,/assets/cap-visuals/teamwork_synergy_one_mission.png,approved,true,"Team definition, diversity, team leadership, team spirit, synergy, and the four good-team-player traits.","Team definition, diversity, team leadership, team spirit, synergy, and the four good-team-player traits.",yes,true,high,close,original_textbook_grounded,Three Wright Brothers Milestone exam forms used as style/difficulty reference only,draft,LTL1-C2-Q074,35,LTL1_C2_100
LTL1-C2-Q074,Learn to Lead Volume 1,2,The Cadet & The Team,LTL1-C2-a_team,multiple_choice,application_scenario,medium_hard,application,Which answer best applies to this situation? Several cadets agree on a shared goal and a shared belief in how to pursue it.,a chain of command,a team,a group waiting for a bus,a crowd,B,A collection of individuals committed to working together to achieve a common goal.,A team is the best answer because it means a collection of individuals committed to working together to achieve a common goal.,"Not this one. A chain of command is related to Chapter 2 or is a plausible distractor, but it does not match the specific definition or situation. A collection of individuals committed to working together to achieve a common goal.",Correct. A collection of individuals committed to working together to achieve a common goal.,"Not this one. A group waiting for a bus is related to Chapter 2 or is a plausible distractor, but it does not match the specific definition or situation. A collection of individuals committed to working together to achieve a common goal.","Not this one. A crowd is related to Chapter 2 or is a plausible distractor, but it does not match the specific definition or situation. A collection of individuals committed to working together to achieve a common goal.",TEAM = Together Everyone Achieves More.,"Review Learn to Lead Volume 1, Chapter 2, page(s) 47. Then explain the concept in your own words without looking at the choices.",Learn to Lead Volume 1: Personal Leadership,47,ltl1_c2_teamwork_synergy,teamwork_synergy_one_mission.png,/assets/cap-visuals/teamwork_synergy_one_mission.png,approved,true,"Team definition, diversity, team leadership, team spirit, synergy, and the four good-team-player traits.","Team definition, diversity, team leadership, team spirit, synergy, and the four good-team-player traits.",no,false,medium,close,original_textbook_grounded,Three Wright Brothers Milestone exam forms used as style/difficulty reference only,draft,LTL1-C2-Q073,45,LTL1_C2_100
LTL1-C2-Q075,Learn to Lead Volume 1,2,The Cadet & The Team,LTL1-C2-team_diversity,multiple_choice,direct_exam_style,medium,recall,Which of the following is using different talents and personalities so one person's strength can cover another's weakness?,everyone thinking alike,avoiding differences,team diversity,removing unique skills,C,Using different talents and personalities so one person's strength can cover another's weakness.,Team diversity is the best answer because it means using different talents and personalities so one person's strength can cover another's weakness.,"Not this one. Everyone thinking alike is related to Chapter 2 or is a plausible distractor, but it does not match the specific definition or situation. Using different talents and personalities so one person's strength can cover another's weakness.","Not this one. Avoiding differences is related to Chapter 2 or is a plausible distractor, but it does not match the specific definition or situation. Using different talents and personalities so one person's strength can cover another's weakness.",Correct. Using different talents and personalities so one person's strength can cover another's weakness.,"Not this one. Removing unique skills is related to Chapter 2 or is a plausible distractor, but it does not match the specific definition or situation. Using different talents and personalities so one person's strength can cover another's weakness.",Different strengths make stronger teams.,"Review Learn to Lead Volume 1, Chapter 2, page(s) 47. Then explain the concept in your own words without looking at the choices.",Learn to Lead Volume 1: Personal Leadership,47,ltl1_c2_teamwork_synergy,teamwork_synergy_one_mission.png,/assets/cap-visuals/teamwork_synergy_one_mission.png,approved,true,"Team definition, diversity, team leadership, team spirit, synergy, and the four good-team-player traits.","Team definition, diversity, team leadership, team spirit, synergy, and the four good-team-player traits.",yes,true,high,close,original_textbook_grounded,Three Wright Brothers Milestone exam forms used as style/difficulty reference only,draft,LTL1-C2-Q076,35,LTL1_C2_100
LTL1-C2-Q076,Learn to Lead Volume 1,2,The Cadet & The Team,LTL1-C2-team_diversity,multiple_choice,application_scenario,medium_hard,application,A cadet encounters this situation: A team assigns tasks based on members' different strengths instead of expecting everyone to be identical. Which concept best applies?,avoiding differences,removing unique skills,everyone thinking alike,team diversity,D,Using different talents and personalities so one person's strength can cover another's weakness.,Team diversity is the best answer because it means using different talents and personalities so one person's strength can cover another's weakness.,"Not this one. Avoiding differences is related to Chapter 2 or is a plausible distractor, but it does not match the specific definition or situation. Using different talents and personalities so one person's strength can cover another's weakness.","Not this one. Removing unique skills is related to Chapter 2 or is a plausible distractor, but it does not match the specific definition or situation. Using different talents and personalities so one person's strength can cover another's weakness.","Not this one. Everyone thinking alike is related to Chapter 2 or is a plausible distractor, but it does not match the specific definition or situation. Using different talents and personalities so one person's strength can cover another's weakness.",Correct. Using different talents and personalities so one person's strength can cover another's weakness.,Different strengths make stronger teams.,"Review Learn to Lead Volume 1, Chapter 2, page(s) 47. Then explain the concept in your own words without looking at the choices.",Learn to Lead Volume 1: Personal Leadership,47,ltl1_c2_teamwork_synergy,teamwork_synergy_one_mission.png,/assets/cap-visuals/teamwork_synergy_one_mission.png,approved,true,"Team definition, diversity, team leadership, team spirit, synergy, and the four good-team-player traits.","Team definition, diversity, team leadership, team spirit, synergy, and the four good-team-player traits.",yes,true,high,close,original_textbook_grounded,Three Wright Brothers Milestone exam forms used as style/difficulty reference only,draft,LTL1-C2-Q075,45,LTL1_C2_100
LTL1-C2-Q077,Learn to Lead Volume 1,2,The Cadet & The Team,LTL1-C2-team_leadership,multiple_choice,direct_exam_style,medium,recall,"What is the best term for team members looking to one another—not only the boss—for information, encouragement, and problem-solving?",team leadership,waiting for the leader to solve everything,avoiding communication,working alone,A,"Team members looking to one another—not only the boss—for information, encouragement, and problem-solving.","Team leadership is the best answer because it means team members looking to one another—not only the boss—for information, encouragement, and problem-solving.","Correct. Team members looking to one another—not only the boss—for information, encouragement, and problem-solving.","Not this one. Waiting for the leader to solve everything is related to Chapter 2 or is a plausible distractor, but it does not match the specific definition or situation. Team members looking to one another—not only the boss—for information, encouragement, and problem-solving.","Not this one. Avoiding communication is related to Chapter 2 or is a plausible distractor, but it does not match the specific definition or situation. Team members looking to one another—not only the boss—for information, encouragement, and problem-solving.","Not this one. Working alone is related to Chapter 2 or is a plausible distractor, but it does not match the specific definition or situation. Team members looking to one another—not only the boss—for information, encouragement, and problem-solving.",Leadership can come from teammates too.,"Review Learn to Lead Volume 1, Chapter 2, page(s) 47-48. Then explain the concept in your own words without looking at the choices.",Learn to Lead Volume 1: Personal Leadership,47-48,ltl1_c2_teamwork_synergy,teamwork_synergy_one_mission.png,/assets/cap-visuals/teamwork_synergy_one_mission.png,approved,true,"Team definition, diversity, team leadership, team spirit, synergy, and the four good-team-player traits.","Team definition, diversity, team leadership, team spirit, synergy, and the four good-team-player traits.",yes,true,high,close,original_textbook_grounded,Three Wright Brothers Milestone exam forms used as style/difficulty reference only,draft,LTL1-C2-Q078,35,LTL1_C2_100
LTL1-C2-Q078,Learn to Lead Volume 1,2,The Cadet & The Team,LTL1-C2-team_leadership,multiple_choice,application_scenario,medium_hard,application,Which Chapter 2 idea is illustrated here? Cadets solve a problem together and encourage one another without waiting for every instruction from the leader.,waiting for the leader to solve everything,team leadership,avoiding communication,working alone,B,"Team members looking to one another—not only the boss—for information, encouragement, and problem-solving.","Team leadership is the best answer because it means team members looking to one another—not only the boss—for information, encouragement, and problem-solving.","Not this one. Waiting for the leader to solve everything is related to Chapter 2 or is a plausible distractor, but it does not match the specific definition or situation. Team members looking to one another—not only the boss—for information, encouragement, and problem-solving.","Correct. Team members looking to one another—not only the boss—for information, encouragement, and problem-solving.","Not this one. Avoiding communication is related to Chapter 2 or is a plausible distractor, but it does not match the specific definition or situation. Team members looking to one another—not only the boss—for information, encouragement, and problem-solving.","Not this one. Working alone is related to Chapter 2 or is a plausible distractor, but it does not match the specific definition or situation. Team members looking to one another—not only the boss—for information, encouragement, and problem-solving.",Leadership can come from teammates too.,"Review Learn to Lead Volume 1, Chapter 2, page(s) 47-48. Then explain the concept in your own words without looking at the choices.",Learn to Lead Volume 1: Personal Leadership,47-48,ltl1_c2_teamwork_synergy,teamwork_synergy_one_mission.png,/assets/cap-visuals/teamwork_synergy_one_mission.png,approved,true,"Team definition, diversity, team leadership, team spirit, synergy, and the four good-team-player traits.","Team definition, diversity, team leadership, team spirit, synergy, and the four good-team-player traits.",no,false,medium,close,original_textbook_grounded,Three Wright Brothers Milestone exam forms used as style/difficulty reference only,draft,LTL1-C2-Q077,45,LTL1_C2_100
LTL1-C2-Q079,Learn to Lead Volume 1,2,The Cadet & The Team,LTL1-C2-team_spirit,multiple_choice,direct_exam_style,medium,recall,Which answer correctly identifies the sense of connection that builds trust and willingness to cooperate and compromise?,individual recognition only,strict silence,team spirit,competition between teammates,C,The sense of connection that builds trust and willingness to cooperate and compromise.,Team spirit is the best answer because it means the sense of connection that builds trust and willingness to cooperate and compromise.,"Not this one. Individual recognition only is related to Chapter 2 or is a plausible distractor, but it does not match the specific definition or situation. The sense of connection that builds trust and willingness to cooperate and compromise.","Not this one. Strict silence is related to Chapter 2 or is a plausible distractor, but it does not match the specific definition or situation. The sense of connection that builds trust and willingness to cooperate and compromise.",Correct. The sense of connection that builds trust and willingness to cooperate and compromise.,"Not this one. Competition between teammates is related to Chapter 2 or is a plausible distractor, but it does not match the specific definition or situation. The sense of connection that builds trust and willingness to cooperate and compromise.",Spirit builds trust.,"Review Learn to Lead Volume 1, Chapter 2, page(s) 48. Then explain the concept in your own words without looking at the choices.",Learn to Lead Volume 1: Personal Leadership,48,ltl1_c2_teamwork_synergy,teamwork_synergy_one_mission.png,/assets/cap-visuals/teamwork_synergy_one_mission.png,approved,true,"Team definition, diversity, team leadership, team spirit, synergy, and the four good-team-player traits.","Team definition, diversity, team leadership, team spirit, synergy, and the four good-team-player traits.",yes,true,high,close,original_textbook_grounded,Three Wright Brothers Milestone exam forms used as style/difficulty reference only,draft,LTL1-C2-Q080,35,LTL1_C2_100
LTL1-C2-Q080,Learn to Lead Volume 1,2,The Cadet & The Team,LTL1-C2-team_spirit,multiple_choice,application_scenario,medium_hard,application,"Based on Learn to Lead, what is the best answer? Members feel like an extended family and are comfortable cooperating and compromising.",strict silence,competition between teammates,individual recognition only,team spirit,D,The sense of connection that builds trust and willingness to cooperate and compromise.,Team spirit is the best answer because it means the sense of connection that builds trust and willingness to cooperate and compromise.,"Not this one. Strict silence is related to Chapter 2 or is a plausible distractor, but it does not match the specific definition or situation. The sense of connection that builds trust and willingness to cooperate and compromise.","Not this one. Competition between teammates is related to Chapter 2 or is a plausible distractor, but it does not match the specific definition or situation. The sense of connection that builds trust and willingness to cooperate and compromise.","Not this one. Individual recognition only is related to Chapter 2 or is a plausible distractor, but it does not match the specific definition or situation. The sense of connection that builds trust and willingness to cooperate and compromise.",Correct. The sense of connection that builds trust and willingness to cooperate and compromise.,Spirit builds trust.,"Review Learn to Lead Volume 1, Chapter 2, page(s) 48. Then explain the concept in your own words without looking at the choices.",Learn to Lead Volume 1: Personal Leadership,48,ltl1_c2_teamwork_synergy,teamwork_synergy_one_mission.png,/assets/cap-visuals/teamwork_synergy_one_mission.png,approved,true,"Team definition, diversity, team leadership, team spirit, synergy, and the four good-team-player traits.","Team definition, diversity, team leadership, team spirit, synergy, and the four good-team-player traits.",yes,true,high,close,original_textbook_grounded,Three Wright Brothers Milestone exam forms used as style/difficulty reference only,draft,LTL1-C2-Q079,45,LTL1_C2_100
LTL1-C2-Q081,Learn to Lead Volume 1,2,The Cadet & The Team,LTL1-C2-synergy,multiple_choice,direct_exam_style,medium,recall,Which answer best matches this description: the idea that a team can achieve more together than the individuals could separately?,synergy,feedback,loyalty,efficiency,A,The idea that a team can achieve more together than the individuals could separately.,Synergy is the best answer because it means the idea that a team can achieve more together than the individuals could separately.,Correct. The idea that a team can achieve more together than the individuals could separately.,"Not this one. Feedback is related to Chapter 2 or is a plausible distractor, but it does not match the specific definition or situation. The idea that a team can achieve more together than the individuals could separately.","Not this one. Loyalty is related to Chapter 2 or is a plausible distractor, but it does not match the specific definition or situation. The idea that a team can achieve more together than the individuals could separately.","Not this one. Efficiency is related to Chapter 2 or is a plausible distractor, but it does not match the specific definition or situation. The idea that a team can achieve more together than the individuals could separately.",Synergy = 2 + 2 = 5.,"Review Learn to Lead Volume 1, Chapter 2, page(s) 48. Then explain the concept in your own words without looking at the choices.",Learn to Lead Volume 1: Personal Leadership,48,ltl1_c2_teamwork_synergy,teamwork_synergy_one_mission.png,/assets/cap-visuals/teamwork_synergy_one_mission.png,approved,true,"Team definition, diversity, team leadership, team spirit, synergy, and the four good-team-player traits.","Team definition, diversity, team leadership, team spirit, synergy, and the four good-team-player traits.",yes,true,high,close,original_textbook_grounded,Three Wright Brothers Milestone exam forms used as style/difficulty reference only,draft,LTL1-C2-Q082,35,LTL1_C2_100
LTL1-C2-Q082,Learn to Lead Volume 1,2,The Cadet & The Team,LTL1-C2-synergy,multiple_choice,application_scenario,medium_hard,application,Which answer best applies to this situation? A team combines abilities and produces a result greater than the sum of individual efforts.,loyalty,synergy,efficiency,feedback,B,The idea that a team can achieve more together than the individuals could separately.,Synergy is the best answer because it means the idea that a team can achieve more together than the individuals could separately.,"Not this one. Loyalty is related to Chapter 2 or is a plausible distractor, but it does not match the specific definition or situation. The idea that a team can achieve more together than the individuals could separately.",Correct. The idea that a team can achieve more together than the individuals could separately.,"Not this one. Efficiency is related to Chapter 2 or is a plausible distractor, but it does not match the specific definition or situation. The idea that a team can achieve more together than the individuals could separately.","Not this one. Feedback is related to Chapter 2 or is a plausible distractor, but it does not match the specific definition or situation. The idea that a team can achieve more together than the individuals could separately.",Synergy = 2 + 2 = 5.,"Review Learn to Lead Volume 1, Chapter 2, page(s) 48. Then explain the concept in your own words without looking at the choices.",Learn to Lead Volume 1: Personal Leadership,48,ltl1_c2_teamwork_synergy,teamwork_synergy_one_mission.png,/assets/cap-visuals/teamwork_synergy_one_mission.png,approved,true,"Team definition, diversity, team leadership, team spirit, synergy, and the four good-team-player traits.","Team definition, diversity, team leadership, team spirit, synergy, and the four good-team-player traits.",no,false,medium,close,original_textbook_grounded,Three Wright Brothers Milestone exam forms used as style/difficulty reference only,draft,LTL1-C2-Q081,45,LTL1_C2_100
LTL1-C2-Q083,Learn to Lead Volume 1,2,The Cadet & The Team,LTL1-C2-self_discipline_selflessness_enthusiasm_and_l,multiple_choice,direct_exam_style,medium,recall,"According to Learn to Lead, which term refers to the four qualities of good team players?","discipline, ambition, competition, loyalty","self-awareness, selfishness, enthusiasm, loyalty","self-discipline, selflessness, enthusiasm, and loyalty","discipline, selflessness, authority, ambition",C,The four qualities of good team players.,"Self-discipline, selflessness, enthusiasm, and loyalty is the best answer because it means the four qualities of good team players.","Not this one. Discipline, ambition, competition, loyalty is related to Chapter 2 or is a plausible distractor, but it does not match the specific definition or situation. The four qualities of good team players.","Not this one. Self-awareness, selfishness, enthusiasm, loyalty is related to Chapter 2 or is a plausible distractor, but it does not match the specific definition or situation. The four qualities of good team players.",Correct. The four qualities of good team players.,"Not this one. Discipline, selflessness, authority, ambition is related to Chapter 2 or is a plausible distractor, but it does not match the specific definition or situation. The four qualities of good team players.","DSEL: Discipline, Selflessness, Enthusiasm, Loyalty.","Review Learn to Lead Volume 1, Chapter 2, page(s) 48-49. Then explain the concept in your own words without looking at the choices.",Learn to Lead Volume 1: Personal Leadership,48-49,ltl1_c2_teamwork_synergy,teamwork_synergy_one_mission.png,/assets/cap-visuals/teamwork_synergy_one_mission.png,approved,true,"Team definition, diversity, team leadership, team spirit, synergy, and the four good-team-player traits.","Team definition, diversity, team leadership, team spirit, synergy, and the four good-team-player traits.",yes,true,high,close,original_textbook_grounded,Three Wright Brothers Milestone exam forms used as style/difficulty reference only,draft,LTL1-C2-Q084,35,LTL1_C2_100
LTL1-C2-Q084,Learn to Lead Volume 1,2,The Cadet & The Team,LTL1-C2-self_discipline_selflessness_enthusiasm_and_l,multiple_choice,application_scenario,medium_hard,application,A cadet encounters this situation: A cadet is memorizing the four personal qualities that make someone a strong teammate. Which concept best applies?,"discipline, selflessness, authority, ambition","self-awareness, selfishness, enthusiasm, loyalty","discipline, ambition, competition, loyalty","self-discipline, selflessness, enthusiasm, and loyalty",D,The four qualities of good team players.,"Self-discipline, selflessness, enthusiasm, and loyalty is the best answer because it means the four qualities of good team players.","Not this one. Discipline, selflessness, authority, ambition is related to Chapter 2 or is a plausible distractor, but it does not match the specific definition or situation. The four qualities of good team players.","Not this one. Self-awareness, selfishness, enthusiasm, loyalty is related to Chapter 2 or is a plausible distractor, but it does not match the specific definition or situation. The four qualities of good team players.","Not this one. Discipline, ambition, competition, loyalty is related to Chapter 2 or is a plausible distractor, but it does not match the specific definition or situation. The four qualities of good team players.",Correct. The four qualities of good team players.,"DSEL: Discipline, Selflessness, Enthusiasm, Loyalty.","Review Learn to Lead Volume 1, Chapter 2, page(s) 48-49. Then explain the concept in your own words without looking at the choices.",Learn to Lead Volume 1: Personal Leadership,48-49,ltl1_c2_teamwork_synergy,teamwork_synergy_one_mission.png,/assets/cap-visuals/teamwork_synergy_one_mission.png,approved,true,"Team definition, diversity, team leadership, team spirit, synergy, and the four good-team-player traits.","Team definition, diversity, team leadership, team spirit, synergy, and the four good-team-player traits.",yes,true,high,close,original_textbook_grounded,Three Wright Brothers Milestone exam forms used as style/difficulty reference only,draft,LTL1-C2-Q083,45,LTL1_C2_100
LTL1-C2-Q085,Learn to Lead Volume 1,2,The Cadet & The Team,LTL1-C2-a_mentor,multiple_choice,direct_exam_style,medium,recall,"Which of the following is a close, trusted, experienced advisor who gives informal one-on-one guidance and feedback?",a mentor,a formal grader,a commander who only gives orders,a random teammate,A,"A close, trusted, experienced advisor who gives informal one-on-one guidance and feedback.","A mentor is the best answer because it means a close, trusted, experienced advisor who gives informal one-on-one guidance and feedback.","Correct. A close, trusted, experienced advisor who gives informal one-on-one guidance and feedback.","Not this one. A formal grader is related to Chapter 2 or is a plausible distractor, but it does not match the specific definition or situation. A close, trusted, experienced advisor who gives informal one-on-one guidance and feedback.","Not this one. A commander who only gives orders is related to Chapter 2 or is a plausible distractor, but it does not match the specific definition or situation. A close, trusted, experienced advisor who gives informal one-on-one guidance and feedback.","Not this one. A random teammate is related to Chapter 2 or is a plausible distractor, but it does not match the specific definition or situation. A close, trusted, experienced advisor who gives informal one-on-one guidance and feedback.","Mentor = trusted guide, not boss.","Review Learn to Lead Volume 1, Chapter 2, page(s) 49. Then explain the concept in your own words without looking at the choices.",Learn to Lead Volume 1: Personal Leadership,49,ltl1_c2_mentoring,mentoring_stronger_together.png,/assets/cap-visuals/mentoring_stronger_together.png,approved,true,"Mentor definition, five mentor roles, informal one-on-one mentoring, and mentor-ready qualities.","Mentor definition, five mentor roles, informal one-on-one mentoring, and mentor-ready qualities.",yes,true,high,close,original_textbook_grounded,Three Wright Brothers Milestone exam forms used as style/difficulty reference only,draft,LTL1-C2-Q086,35,LTL1_C2_100
LTL1-C2-Q086,Learn to Lead Volume 1,2,The Cadet & The Team,LTL1-C2-a_mentor,multiple_choice,application_scenario,medium_hard,application,Which Chapter 2 idea is illustrated here? An experienced cadet guides a newer cadet without formally grading or ordering them.,a commander who only gives orders,a mentor,a formal grader,a random teammate,B,"A close, trusted, experienced advisor who gives informal one-on-one guidance and feedback.","A mentor is the best answer because it means a close, trusted, experienced advisor who gives informal one-on-one guidance and feedback.","Not this one. A commander who only gives orders is related to Chapter 2 or is a plausible distractor, but it does not match the specific definition or situation. A close, trusted, experienced advisor who gives informal one-on-one guidance and feedback.","Correct. A close, trusted, experienced advisor who gives informal one-on-one guidance and feedback.","Not this one. A formal grader is related to Chapter 2 or is a plausible distractor, but it does not match the specific definition or situation. A close, trusted, experienced advisor who gives informal one-on-one guidance and feedback.","Not this one. A random teammate is related to Chapter 2 or is a plausible distractor, but it does not match the specific definition or situation. A close, trusted, experienced advisor who gives informal one-on-one guidance and feedback.","Mentor = trusted guide, not boss.","Review Learn to Lead Volume 1, Chapter 2, page(s) 49. Then explain the concept in your own words without looking at the choices.",Learn to Lead Volume 1: Personal Leadership,49,ltl1_c2_mentoring,mentoring_stronger_together.png,/assets/cap-visuals/mentoring_stronger_together.png,approved,true,"Mentor definition, five mentor roles, informal one-on-one mentoring, and mentor-ready qualities.","Mentor definition, five mentor roles, informal one-on-one mentoring, and mentor-ready qualities.",no,false,medium,close,original_textbook_grounded,Three Wright Brothers Milestone exam forms used as style/difficulty reference only,draft,LTL1-C2-Q085,45,LTL1_C2_100
LTL1-C2-Q087,Learn to Lead Volume 1,2,The Cadet & The Team,LTL1-C2-mentor_roles_and_being_mentor_ready,multiple_choice,direct_exam_style,medium,recall,"What is the best term for mentors act as role models, challengers, friends, guides, and tutors; cadets benefit most when eager, humble, and ambitious?",mentors mainly assign grades,mentor-ready means knowing everything already,mentor roles and being mentor-ready,mentors do all the work for cadets,C,"Mentors act as role models, challengers, friends, guides, and tutors; cadets benefit most when eager, humble, and ambitious.","Mentor roles and being mentor-ready is the best answer because it means mentors act as role models, challengers, friends, guides, and tutors; cadets benefit most when eager, humble, and ambitious.","Not this one. Mentors mainly assign grades is related to Chapter 2 or is a plausible distractor, but it does not match the specific definition or situation. Mentors act as role models, challengers, friends, guides, and tutors; cadets benefit most when eager, humble, and ambitious.","Not this one. Mentor-ready means knowing everything already is related to Chapter 2 or is a plausible distractor, but it does not match the specific definition or situation. Mentors act as role models, challengers, friends, guides, and tutors; cadets benefit most when eager, humble, and ambitious.","Correct. Mentors act as role models, challengers, friends, guides, and tutors; cadets benefit most when eager, humble, and ambitious.","Not this one. Mentors do all the work for cadets is related to Chapter 2 or is a plausible distractor, but it does not match the specific definition or situation. Mentors act as role models, challengers, friends, guides, and tutors; cadets benefit most when eager, humble, and ambitious.",5 mentor roles; ready = eager + humble + ambitious.,"Review Learn to Lead Volume 1, Chapter 2, page(s) 49-50. Then explain the concept in your own words without looking at the choices.",Learn to Lead Volume 1: Personal Leadership,49-50,ltl1_c2_mentoring,mentoring_stronger_together.png,/assets/cap-visuals/mentoring_stronger_together.png,approved,true,"Mentor definition, five mentor roles, informal one-on-one mentoring, and mentor-ready qualities.","Mentor definition, five mentor roles, informal one-on-one mentoring, and mentor-ready qualities.",yes,true,high,close,original_textbook_grounded,Three Wright Brothers Milestone exam forms used as style/difficulty reference only,draft,LTL1-C2-Q088,35,LTL1_C2_100
LTL1-C2-Q088,Learn to Lead Volume 1,2,The Cadet & The Team,LTL1-C2-mentor_roles_and_being_mentor_ready,multiple_choice,application_scenario,medium_hard,application,"Based on Learn to Lead, what is the best answer? A cadet welcomes feedback, wants to improve, and uses a trusted advisor for guidance while still doing their own work.",mentor-ready means knowing everything already,mentors mainly assign grades,mentors do all the work for cadets,mentor roles and being mentor-ready,D,"Mentors act as role models, challengers, friends, guides, and tutors; cadets benefit most when eager, humble, and ambitious.","Mentor roles and being mentor-ready is the best answer because it means mentors act as role models, challengers, friends, guides, and tutors; cadets benefit most when eager, humble, and ambitious.","Not this one. Mentor-ready means knowing everything already is related to Chapter 2 or is a plausible distractor, but it does not match the specific definition or situation. Mentors act as role models, challengers, friends, guides, and tutors; cadets benefit most when eager, humble, and ambitious.","Not this one. Mentors mainly assign grades is related to Chapter 2 or is a plausible distractor, but it does not match the specific definition or situation. Mentors act as role models, challengers, friends, guides, and tutors; cadets benefit most when eager, humble, and ambitious.","Not this one. Mentors do all the work for cadets is related to Chapter 2 or is a plausible distractor, but it does not match the specific definition or situation. Mentors act as role models, challengers, friends, guides, and tutors; cadets benefit most when eager, humble, and ambitious.","Correct. Mentors act as role models, challengers, friends, guides, and tutors; cadets benefit most when eager, humble, and ambitious.",5 mentor roles; ready = eager + humble + ambitious.,"Review Learn to Lead Volume 1, Chapter 2, page(s) 49-50. Then explain the concept in your own words without looking at the choices.",Learn to Lead Volume 1: Personal Leadership,49-50,ltl1_c2_mentoring,mentoring_stronger_together.png,/assets/cap-visuals/mentoring_stronger_together.png,approved,true,"Mentor definition, five mentor roles, informal one-on-one mentoring, and mentor-ready qualities.","Mentor definition, five mentor roles, informal one-on-one mentoring, and mentor-ready qualities.",yes,true,high,close,original_textbook_grounded,Three Wright Brothers Milestone exam forms used as style/difficulty reference only,draft,LTL1-C2-Q087,45,LTL1_C2_100
LTL1-C2-Q089,Learn to Lead Volume 1,2,The Cadet & The Team,LTL1-C2-listening,multiple_choice,direct_exam_style,medium,recall,"Which answer correctly identifies receiving, deciphering, and responding to spoken and non-verbal messages?",listening,reading,hearing,brainstorming,A,"Receiving, deciphering, and responding to spoken and non-verbal messages.","Listening is the best answer because it means receiving, deciphering, and responding to spoken and non-verbal messages.","Correct. Receiving, deciphering, and responding to spoken and non-verbal messages.","Not this one. Reading is related to Chapter 2 or is a plausible distractor, but it does not match the specific definition or situation. Receiving, deciphering, and responding to spoken and non-verbal messages.","Not this one. Hearing is related to Chapter 2 or is a plausible distractor, but it does not match the specific definition or situation. Receiving, deciphering, and responding to spoken and non-verbal messages.","Not this one. Brainstorming is related to Chapter 2 or is a plausible distractor, but it does not match the specific definition or situation. Receiving, deciphering, and responding to spoken and non-verbal messages.",Listening = receive + decode + respond.,"Review Learn to Lead Volume 1, Chapter 2, page(s) 52. Then explain the concept in your own words without looking at the choices.",Learn to Lead Volume 1: Personal Leadership,52,ltl1_c2_active_listening,communication_and_active_listening_infographic.png,/assets/cap-visuals/communication_and_active_listening_infographic.png,approved,true,"Communication as sharing meaning, hearing vs listening, feedback, listening traps, and active-listening methods.","Communication as sharing meaning, hearing vs listening, feedback, listening traps, and active-listening methods.",yes,true,high,close,original_textbook_grounded,Three Wright Brothers Milestone exam forms used as style/difficulty reference only,draft,LTL1-C2-Q090,35,LTL1_C2_100
LTL1-C2-Q090,Learn to Lead Volume 1,2,The Cadet & The Team,LTL1-C2-listening,multiple_choice,application_scenario,medium_hard,application,"Which answer best applies to this situation? A cadet focuses intently on a leader's words, tone, and gestures and responds appropriately.",reading,listening,hearing,brainstorming,B,"Receiving, deciphering, and responding to spoken and non-verbal messages.","Listening is the best answer because it means receiving, deciphering, and responding to spoken and non-verbal messages.","Not this one. Reading is related to Chapter 2 or is a plausible distractor, but it does not match the specific definition or situation. Receiving, deciphering, and responding to spoken and non-verbal messages.","Correct. Receiving, deciphering, and responding to spoken and non-verbal messages.","Not this one. Hearing is related to Chapter 2 or is a plausible distractor, but it does not match the specific definition or situation. Receiving, deciphering, and responding to spoken and non-verbal messages.","Not this one. Brainstorming is related to Chapter 2 or is a plausible distractor, but it does not match the specific definition or situation. Receiving, deciphering, and responding to spoken and non-verbal messages.",Listening = receive + decode + respond.,"Review Learn to Lead Volume 1, Chapter 2, page(s) 52. Then explain the concept in your own words without looking at the choices.",Learn to Lead Volume 1: Personal Leadership,52,ltl1_c2_active_listening,communication_and_active_listening_infographic.png,/assets/cap-visuals/communication_and_active_listening_infographic.png,approved,true,"Communication as sharing meaning, hearing vs listening, feedback, listening traps, and active-listening methods.","Communication as sharing meaning, hearing vs listening, feedback, listening traps, and active-listening methods.",no,false,medium,close,original_textbook_grounded,Three Wright Brothers Milestone exam forms used as style/difficulty reference only,draft,LTL1-C2-Q089,45,LTL1_C2_100
LTL1-C2-Q091,Learn to Lead Volume 1,2,The Cadet & The Team,LTL1-C2-hearing_is_passive_listening_is_active,multiple_choice,direct_exam_style,medium,recall,Which answer best matches this description: the key difference between hearing sounds and examining a speaker's meaning?,listening ignores meaning,hearing requires more effort than listening,hearing is passive; listening is active,hearing and listening are identical,C,The key difference between hearing sounds and examining a speaker's meaning.,Hearing is passive; listening is active is the best answer because it means the key difference between hearing sounds and examining a speaker's meaning.,"Not this one. Listening ignores meaning is related to Chapter 2 or is a plausible distractor, but it does not match the specific definition or situation. The key difference between hearing sounds and examining a speaker's meaning.","Not this one. Hearing requires more effort than listening is related to Chapter 2 or is a plausible distractor, but it does not match the specific definition or situation. The key difference between hearing sounds and examining a speaker's meaning.",Correct. The key difference between hearing sounds and examining a speaker's meaning.,"Not this one. Hearing and listening are identical is related to Chapter 2 or is a plausible distractor, but it does not match the specific definition or situation. The key difference between hearing sounds and examining a speaker's meaning.",Hear sound; listen for meaning.,"Review Learn to Lead Volume 1, Chapter 2, page(s) 52. Then explain the concept in your own words without looking at the choices.",Learn to Lead Volume 1: Personal Leadership,52,ltl1_c2_active_listening,communication_and_active_listening_infographic.png,/assets/cap-visuals/communication_and_active_listening_infographic.png,approved,true,"Communication as sharing meaning, hearing vs listening, feedback, listening traps, and active-listening methods.","Communication as sharing meaning, hearing vs listening, feedback, listening traps, and active-listening methods.",yes,true,high,close,original_textbook_grounded,Three Wright Brothers Milestone exam forms used as style/difficulty reference only,draft,LTL1-C2-Q092,35,LTL1_C2_100
LTL1-C2-Q092,Learn to Lead Volume 1,2,The Cadet & The Team,LTL1-C2-hearing_is_passive_listening_is_active,multiple_choice,application_scenario,medium_hard,application,A cadet encounters this situation: A cadet hears words in the room but becomes an active listener only when analyzing what the speaker means. Which concept best applies?,hearing requires more effort than listening,listening ignores meaning,hearing and listening are identical,hearing is passive; listening is active,D,The key difference between hearing sounds and examining a speaker's meaning.,Hearing is passive; listening is active is the best answer because it means the key difference between hearing sounds and examining a speaker's meaning.,"Not this one. Hearing requires more effort than listening is related to Chapter 2 or is a plausible distractor, but it does not match the specific definition or situation. The key difference between hearing sounds and examining a speaker's meaning.","Not this one. Listening ignores meaning is related to Chapter 2 or is a plausible distractor, but it does not match the specific definition or situation. The key difference between hearing sounds and examining a speaker's meaning.","Not this one. Hearing and listening are identical is related to Chapter 2 or is a plausible distractor, but it does not match the specific definition or situation. The key difference between hearing sounds and examining a speaker's meaning.",Correct. The key difference between hearing sounds and examining a speaker's meaning.,Hear sound; listen for meaning.,"Review Learn to Lead Volume 1, Chapter 2, page(s) 52. Then explain the concept in your own words without looking at the choices.",Learn to Lead Volume 1: Personal Leadership,52,ltl1_c2_active_listening,communication_and_active_listening_infographic.png,/assets/cap-visuals/communication_and_active_listening_infographic.png,approved,true,"Communication as sharing meaning, hearing vs listening, feedback, listening traps, and active-listening methods.","Communication as sharing meaning, hearing vs listening, feedback, listening traps, and active-listening methods.",yes,true,high,close,original_textbook_grounded,Three Wright Brothers Milestone exam forms used as style/difficulty reference only,draft,LTL1-C2-Q091,45,LTL1_C2_100
LTL1-C2-Q093,Learn to Lead Volume 1,2,The Cadet & The Team,LTL1-C2-feedback,multiple_choice,direct_exam_style,medium,recall,"According to Learn to Lead, which term refers to returning part of a message to the speaker so both people can confirm shared understanding?",feedback,synergy,brainstorming,downtime,A,Returning part of a message to the speaker so both people can confirm shared understanding.,Feedback is the best answer because it means returning part of a message to the speaker so both people can confirm shared understanding.,Correct. Returning part of a message to the speaker so both people can confirm shared understanding.,"Not this one. Synergy is related to Chapter 2 or is a plausible distractor, but it does not match the specific definition or situation. Returning part of a message to the speaker so both people can confirm shared understanding.","Not this one. Brainstorming is related to Chapter 2 or is a plausible distractor, but it does not match the specific definition or situation. Returning part of a message to the speaker so both people can confirm shared understanding.","Not this one. Downtime is related to Chapter 2 or is a plausible distractor, but it does not match the specific definition or situation. Returning part of a message to the speaker so both people can confirm shared understanding.",Feedback closes the communication loop.,"Review Learn to Lead Volume 1, Chapter 2, page(s) 55. Then explain the concept in your own words without looking at the choices.",Learn to Lead Volume 1: Personal Leadership,55,ltl1_c2_active_listening,communication_and_active_listening_infographic.png,/assets/cap-visuals/communication_and_active_listening_infographic.png,approved,true,"Communication as sharing meaning, hearing vs listening, feedback, listening traps, and active-listening methods.","Communication as sharing meaning, hearing vs listening, feedback, listening traps, and active-listening methods.",yes,true,high,close,original_textbook_grounded,Three Wright Brothers Milestone exam forms used as style/difficulty reference only,draft,LTL1-C2-Q094,35,LTL1_C2_100
LTL1-C2-Q094,Learn to Lead Volume 1,2,The Cadet & The Team,LTL1-C2-feedback,multiple_choice,application_scenario,medium_hard,application,Which Chapter 2 idea is illustrated here? A cadet repeats instructions back and asks whether the understanding is correct.,synergy,feedback,brainstorming,downtime,B,Returning part of a message to the speaker so both people can confirm shared understanding.,Feedback is the best answer because it means returning part of a message to the speaker so both people can confirm shared understanding.,"Not this one. Synergy is related to Chapter 2 or is a plausible distractor, but it does not match the specific definition or situation. Returning part of a message to the speaker so both people can confirm shared understanding.",Correct. Returning part of a message to the speaker so both people can confirm shared understanding.,"Not this one. Brainstorming is related to Chapter 2 or is a plausible distractor, but it does not match the specific definition or situation. Returning part of a message to the speaker so both people can confirm shared understanding.","Not this one. Downtime is related to Chapter 2 or is a plausible distractor, but it does not match the specific definition or situation. Returning part of a message to the speaker so both people can confirm shared understanding.",Feedback closes the communication loop.,"Review Learn to Lead Volume 1, Chapter 2, page(s) 55. Then explain the concept in your own words without looking at the choices.",Learn to Lead Volume 1: Personal Leadership,55,ltl1_c2_active_listening,communication_and_active_listening_infographic.png,/assets/cap-visuals/communication_and_active_listening_infographic.png,approved,true,"Communication as sharing meaning, hearing vs listening, feedback, listening traps, and active-listening methods.","Communication as sharing meaning, hearing vs listening, feedback, listening traps, and active-listening methods.",no,false,medium,close,original_textbook_grounded,Three Wright Brothers Milestone exam forms used as style/difficulty reference only,draft,LTL1-C2-Q093,45,LTL1_C2_100
LTL1-C2-Q095,Learn to Lead Volume 1,2,The Cadet & The Team,LTL1-C2-knowledge_understanding_and_synthesis_questio,multiple_choice,direct_exam_style,medium,recall,Which of the following is the three levels of questioning: What? Why? and How??,"Who, Where, When","Fact, Opinion, Assumption","knowledge, understanding, and synthesis questions","Survey, Read, Review",C,The three levels of questioning: What? Why? and How?.,"Knowledge, understanding, and synthesis questions is the best answer because it means the three levels of questioning: What? Why? and How?.","Not this one. Who, where, when is related to Chapter 2 or is a plausible distractor, but it does not match the specific definition or situation. The three levels of questioning: What? Why? and How?.","Not this one. Fact, opinion, assumption is related to Chapter 2 or is a plausible distractor, but it does not match the specific definition or situation. The three levels of questioning: What? Why? and How?.",Correct. The three levels of questioning: What? Why? and How?.,"Not this one. Survey, read, review is related to Chapter 2 or is a plausible distractor, but it does not match the specific definition or situation. The three levels of questioning: What? Why? and How?.",What → Why → How.,"Review Learn to Lead Volume 1, Chapter 2, page(s) 56. Then explain the concept in your own words without looking at the choices.",Learn to Lead Volume 1: Personal Leadership,56,ltl1_c2_questions_sq3r,questions_and_critical_reading_academy_infographic.png,/assets/cap-visuals/questions_and_critical_reading_academy_infographic.png,approved,true,"Three levels of questions, feedback, critical reading, and the SQ3R method.","Three levels of questions, feedback, critical reading, and the SQ3R method.",yes,true,high,close,original_textbook_grounded,Three Wright Brothers Milestone exam forms used as style/difficulty reference only,draft,LTL1-C2-Q096,35,LTL1_C2_100
LTL1-C2-Q096,Learn to Lead Volume 1,2,The Cadet & The Team,LTL1-C2-knowledge_understanding_and_synthesis_questio,multiple_choice,application_scenario,medium_hard,application,"Based on Learn to Lead, what is the best answer? A cadet moves from asking for a basic fact to asking why it matters and then how it connects to another idea.","Who, Where, When","Fact, Opinion, Assumption","Survey, Read, Review","knowledge, understanding, and synthesis questions",D,The three levels of questioning: What? Why? and How?.,"Knowledge, understanding, and synthesis questions is the best answer because it means the three levels of questioning: What? Why? and How?.","Not this one. Who, where, when is related to Chapter 2 or is a plausible distractor, but it does not match the specific definition or situation. The three levels of questioning: What? Why? and How?.","Not this one. Fact, opinion, assumption is related to Chapter 2 or is a plausible distractor, but it does not match the specific definition or situation. The three levels of questioning: What? Why? and How?.","Not this one. Survey, read, review is related to Chapter 2 or is a plausible distractor, but it does not match the specific definition or situation. The three levels of questioning: What? Why? and How?.",Correct. The three levels of questioning: What? Why? and How?.,What → Why → How.,"Review Learn to Lead Volume 1, Chapter 2, page(s) 56. Then explain the concept in your own words without looking at the choices.",Learn to Lead Volume 1: Personal Leadership,56,ltl1_c2_questions_sq3r,questions_and_critical_reading_academy_infographic.png,/assets/cap-visuals/questions_and_critical_reading_academy_infographic.png,approved,true,"Three levels of questions, feedback, critical reading, and the SQ3R method.","Three levels of questions, feedback, critical reading, and the SQ3R method.",yes,true,high,close,original_textbook_grounded,Three Wright Brothers Milestone exam forms used as style/difficulty reference only,draft,LTL1-C2-Q095,45,LTL1_C2_100
LTL1-C2-Q097,Learn to Lead Volume 1,2,The Cadet & The Team,LTL1-C2-critical_reading,multiple_choice,direct_exam_style,medium,recall,"What is the best term for examining, analyzing, and evaluating a writer's message instead of merely passing your eyes over words?",critical reading,brainstorming,speed reading,hearing,A,"Examining, analyzing, and evaluating a writer's message instead of merely passing your eyes over words.","Critical reading is the best answer because it means examining, analyzing, and evaluating a writer's message instead of merely passing your eyes over words.","Correct. Examining, analyzing, and evaluating a writer's message instead of merely passing your eyes over words.","Not this one. Brainstorming is related to Chapter 2 or is a plausible distractor, but it does not match the specific definition or situation. Examining, analyzing, and evaluating a writer's message instead of merely passing your eyes over words.","Not this one. Speed reading is related to Chapter 2 or is a plausible distractor, but it does not match the specific definition or situation. Examining, analyzing, and evaluating a writer's message instead of merely passing your eyes over words.","Not this one. Hearing is related to Chapter 2 or is a plausible distractor, but it does not match the specific definition or situation. Examining, analyzing, and evaluating a writer's message instead of merely passing your eyes over words.",Critical reading = find and evaluate meaning.,"Review Learn to Lead Volume 1, Chapter 2, page(s) 57. Then explain the concept in your own words without looking at the choices.",Learn to Lead Volume 1: Personal Leadership,57,ltl1_c2_questions_sq3r,questions_and_critical_reading_academy_infographic.png,/assets/cap-visuals/questions_and_critical_reading_academy_infographic.png,approved,true,"Three levels of questions, feedback, critical reading, and the SQ3R method.","Three levels of questions, feedback, critical reading, and the SQ3R method.",yes,true,high,close,original_textbook_grounded,Three Wright Brothers Milestone exam forms used as style/difficulty reference only,draft,LTL1-C2-Q098,35,LTL1_C2_100
LTL1-C2-Q098,Learn to Lead Volume 1,2,The Cadet & The Team,LTL1-C2-critical_reading,multiple_choice,application_scenario,medium_hard,application,Which answer best applies to this situation? A cadet reads widely but also questions the author's message and looks for the main point.,brainstorming,critical reading,speed reading,hearing,B,"Examining, analyzing, and evaluating a writer's message instead of merely passing your eyes over words.","Critical reading is the best answer because it means examining, analyzing, and evaluating a writer's message instead of merely passing your eyes over words.","Not this one. Brainstorming is related to Chapter 2 or is a plausible distractor, but it does not match the specific definition or situation. Examining, analyzing, and evaluating a writer's message instead of merely passing your eyes over words.","Correct. Examining, analyzing, and evaluating a writer's message instead of merely passing your eyes over words.","Not this one. Speed reading is related to Chapter 2 or is a plausible distractor, but it does not match the specific definition or situation. Examining, analyzing, and evaluating a writer's message instead of merely passing your eyes over words.","Not this one. Hearing is related to Chapter 2 or is a plausible distractor, but it does not match the specific definition or situation. Examining, analyzing, and evaluating a writer's message instead of merely passing your eyes over words.",Critical reading = find and evaluate meaning.,"Review Learn to Lead Volume 1, Chapter 2, page(s) 57. Then explain the concept in your own words without looking at the choices.",Learn to Lead Volume 1: Personal Leadership,57,ltl1_c2_questions_sq3r,questions_and_critical_reading_academy_infographic.png,/assets/cap-visuals/questions_and_critical_reading_academy_infographic.png,approved,true,"Three levels of questions, feedback, critical reading, and the SQ3R method.","Three levels of questions, feedback, critical reading, and the SQ3R method.",no,false,medium,close,original_textbook_grounded,Three Wright Brothers Milestone exam forms used as style/difficulty reference only,draft,LTL1-C2-Q097,45,LTL1_C2_100
LTL1-C2-Q099,Learn to Lead Volume 1,2,The Cadet & The Team,LTL1-C2-sq3r,multiple_choice,direct_exam_style,medium,recall,"Which answer correctly identifies Survey, Question, Read, Recall, Review?","Survey, Quiz, Read, Record, Repeat","Stop, Question, Read, Respond, Review",SQ3R,"Scan, Quote, Read, Recall, Rewrite",C,"Survey, Question, Read, Recall, Review.","Sq3r is the best answer because it means Survey, Question, Read, Recall, Review.","Not this one. Survey, quiz, read, record, repeat is related to Chapter 2 or is a plausible distractor, but it does not match the specific definition or situation. Survey, Question, Read, Recall, Review.","Not this one. Stop, question, read, respond, review is related to Chapter 2 or is a plausible distractor, but it does not match the specific definition or situation. Survey, Question, Read, Recall, Review.","Correct. Survey, Question, Read, Recall, Review.","Not this one. Scan, quote, read, recall, rewrite is related to Chapter 2 or is a plausible distractor, but it does not match the specific definition or situation. Survey, Question, Read, Recall, Review.","SQ3R = Survey, Question, Read, Recall, Review.","Review Learn to Lead Volume 1, Chapter 2, page(s) 57-59. Then explain the concept in your own words without looking at the choices.",Learn to Lead Volume 1: Personal Leadership,57-59,ltl1_c2_questions_sq3r,questions_and_critical_reading_academy_infographic.png,/assets/cap-visuals/questions_and_critical_reading_academy_infographic.png,approved,true,"Three levels of questions, feedback, critical reading, and the SQ3R method.","Three levels of questions, feedback, critical reading, and the SQ3R method.",yes,true,high,close,original_textbook_grounded,Three Wright Brothers Milestone exam forms used as style/difficulty reference only,draft,LTL1-C2-Q100,35,LTL1_C2_100
LTL1-C2-Q100,Learn to Lead Volume 1,2,The Cadet & The Team,LTL1-C2-sq3r,multiple_choice,application_scenario,medium_hard,application,"A cadet encounters this situation: A student previews the text, creates questions, reads actively, recalls the main points, and reviews over time. Which concept best applies?","Scan, Quote, Read, Recall, Rewrite","Survey, Quiz, Read, Record, Repeat","Stop, Question, Read, Respond, Review",SQ3R,D,"Survey, Question, Read, Recall, Review.","Sq3r is the best answer because it means Survey, Question, Read, Recall, Review.","Not this one. Scan, quote, read, recall, rewrite is related to Chapter 2 or is a plausible distractor, but it does not match the specific definition or situation. Survey, Question, Read, Recall, Review.","Not this one. Survey, quiz, read, record, repeat is related to Chapter 2 or is a plausible distractor, but it does not match the specific definition or situation. Survey, Question, Read, Recall, Review.","Not this one. Stop, question, read, respond, review is related to Chapter 2 or is a plausible distractor, but it does not match the specific definition or situation. Survey, Question, Read, Recall, Review.","Correct. Survey, Question, Read, Recall, Review.","SQ3R = Survey, Question, Read, Recall, Review.","Review Learn to Lead Volume 1, Chapter 2, page(s) 57-59. Then explain the concept in your own words without looking at the choices.",Learn to Lead Volume 1: Personal Leadership,57-59,ltl1_c2_questions_sq3r,questions_and_critical_reading_academy_infographic.png,/assets/cap-visuals/questions_and_critical_reading_academy_infographic.png,approved,true,"Three levels of questions, feedback, critical reading, and the SQ3R method.","Three levels of questions, feedback, critical reading, and the SQ3R method.",yes,true,high,close,original_textbook_grounded,Three Wright Brothers Milestone exam forms used as style/difficulty reference only,draft,LTL1-C2-Q099,45,LTL1_C2_100
