external_id,module_number,chapter_number,chapter_title,objective_code,concept_code,question_family_code,question_type,question_style,difficulty,cognitive_level,question_text,choice_a,choice_b,choice_c,choice_d,correct_letter,short_explanation,explanation,choice_a_explanation,choice_b_explanation,choice_c_explanation,choice_d_explanation,memory_aid,remediation_text,source_document,source_pages,source_reference_text,visual_priority,visual_type,visual_display_mode,visual_asset_key,visual_group,visual_file_name,visual_storage_path,visual_status,show_visual_button,visual_brief,visual_caption,visual_alt_text,exam_likeness,distractor_difficulty,eligible_for_final_exam,final_exam_weight,content_origin,style_reference,review_status,reinforcement_question_ids,estimated_time_seconds,package_code
AD-M4-Q001,4,1,History of Rockets,AD4-1-hero_engine,AD4-1-hero_engine,AD4-1-hero_engine,multiple_choice,direct_exam_style,medium,recall,Which early device is described in Module 4 as the first rocket engine?,Archytas wooden pigeon,Congreve rocket,V-2 rocket,Hero engine,D,Hero developed an early steam-powered reaction device in which escaping steam produced thrust and rotated a sphere.,Hero developed an early steam-powered reaction device in which escaping steam produced thrust and rotated a sphere.,"Not this one. Archytas wooden pigeon is plausible, but it does not match the specific Module 4 fact or principle being tested. Hero developed an early steam-powered reaction device in which escaping steam produced thrust and rotated a sphere.","Not this one. Congreve rocket is plausible, but it does not match the specific Module 4 fact or principle being tested. Hero developed an early steam-powered reaction device in which escaping steam produced thrust and rotated a sphere.","Not this one. V-2 rocket is plausible, but it does not match the specific Module 4 fact or principle being tested. Hero developed an early steam-powered reaction device in which escaping steam produced thrust and rotated a sphere.",Correct. Hero developed an early steam-powered reaction device in which escaping steam produced thrust and rotated a sphere.,Hero = steam spins the sphere.,"Review Aerospace Dimensions Module 4, Chapter 1, pages 1-2. Then explain the distinction without looking at the choices.",Aerospace Dimensions Module 4: Rockets,1-2,"Module 4, Chapter 1, pages 1-2",high,educational_infographic,optional_after_answer,module4_history_timeline,module4_history_timeline,module4_history_timeline.png,/assets/cap-visuals/module4_history_timeline.png,approved,true,Early rocket history from Hero and Chinese gunpowder rockets through Congreve and Hale.,Early rocket history from Hero and Chinese gunpowder rockets through Congreve and Hale.,Early rocket history from Hero and Chinese gunpowder rockets through Congreve and Hale.,high,close,true,1.0,original_textbook_grounded,Mitchell_Aerospace_sample_style_analysis,draft,AD-M4-Q002,35,AD_M4_100
AD-M4-Q002,4,1,History of Rockets,AD4-1-hero_engine,AD4-1-hero_engine,AD4-1-hero_engine,multiple_choice,brief_application,medium_hard,application,"A heated pot makes steam enter a sphere and escape through two bent tubes, causing the sphere to rotate. What device is being demonstrated?",Congreve rocket,Hero engine,Archytas wooden pigeon,V-2 rocket,B,Hero developed an early steam-powered reaction device in which escaping steam produced thrust and rotated a sphere.,Hero developed an early steam-powered reaction device in which escaping steam produced thrust and rotated a sphere.,"Not this one. Congreve rocket is plausible, but it does not match the specific Module 4 fact or principle being tested. Hero developed an early steam-powered reaction device in which escaping steam produced thrust and rotated a sphere.",Correct. Hero developed an early steam-powered reaction device in which escaping steam produced thrust and rotated a sphere.,"Not this one. Archytas wooden pigeon is plausible, but it does not match the specific Module 4 fact or principle being tested. Hero developed an early steam-powered reaction device in which escaping steam produced thrust and rotated a sphere.","Not this one. V-2 rocket is plausible, but it does not match the specific Module 4 fact or principle being tested. Hero developed an early steam-powered reaction device in which escaping steam produced thrust and rotated a sphere.",Hero = steam spins the sphere.,"Review Aerospace Dimensions Module 4, Chapter 1, pages 1-2. Then explain the distinction without looking at the choices.",Aerospace Dimensions Module 4: Rockets,1-2,"Module 4, Chapter 1, pages 1-2",high,educational_infographic,optional_after_answer,module4_history_timeline,module4_history_timeline,module4_history_timeline.png,/assets/cap-visuals/module4_history_timeline.png,approved,true,Early rocket history from Hero and Chinese gunpowder rockets through Congreve and Hale.,Early rocket history from Hero and Chinese gunpowder rockets through Congreve and Hale.,Early rocket history from Hero and Chinese gunpowder rockets through Congreve and Hale.,high,close,false,0.8,original_textbook_grounded,Mitchell_Aerospace_sample_style_analysis,draft,AD-M4-Q001,45,AD_M4_100
AD-M4-Q003,4,1,History of Rockets,AD4-1-chinese_early_rockets,AD4-1-chinese_early_rockets,AD4-1-chinese_early_rockets,multiple_choice,direct_exam_style,medium,recall,Which civilization developed gunpowder-filled tubes that became early solid-propellant rockets?,the Germans,the Greeks,the British,the Chinese,D,The Chinese developed gunpowder and adapted gunpowder-filled tubes into early rockets.,The Chinese developed gunpowder and adapted gunpowder-filled tubes into early rockets.,"Not this one. the Germans is plausible, but it does not match the specific Module 4 fact or principle being tested. The Chinese developed gunpowder and adapted gunpowder-filled tubes into early rockets.","Not this one. the Greeks is plausible, but it does not match the specific Module 4 fact or principle being tested. The Chinese developed gunpowder and adapted gunpowder-filled tubes into early rockets.","Not this one. the British is plausible, but it does not match the specific Module 4 fact or principle being tested. The Chinese developed gunpowder and adapted gunpowder-filled tubes into early rockets.",Correct. The Chinese developed gunpowder and adapted gunpowder-filled tubes into early rockets.,China = gunpowder + flying fire.,"Review Aerospace Dimensions Module 4, Chapter 1, pages 2. Then explain the distinction without looking at the choices.",Aerospace Dimensions Module 4: Rockets,2,"Module 4, Chapter 1, pages 2",high,educational_infographic,optional_after_answer,module4_history_timeline,module4_history_timeline,module4_history_timeline.png,/assets/cap-visuals/module4_history_timeline.png,approved,true,Early rocket history from Hero and Chinese gunpowder rockets through Congreve and Hale.,Early rocket history from Hero and Chinese gunpowder rockets through Congreve and Hale.,Early rocket history from Hero and Chinese gunpowder rockets through Congreve and Hale.,high,close,true,1.0,original_textbook_grounded,Mitchell_Aerospace_sample_style_analysis,draft,AD-M4-Q004,35,AD_M4_100
AD-M4-Q004,4,1,History of Rockets,AD4-1-chinese_early_rockets,AD4-1-chinese_early_rockets,AD4-1-chinese_early_rockets,multiple_choice,brief_application,medium_hard,application,Bamboo tubes filled with gunpowder are attached to arrows and used as “arrows of flying fire.” Which civilization is associated with this development?,the British,the Greeks,the Germans,the Chinese,D,The Chinese developed gunpowder and adapted gunpowder-filled tubes into early rockets.,The Chinese developed gunpowder and adapted gunpowder-filled tubes into early rockets.,"Not this one. the British is plausible, but it does not match the specific Module 4 fact or principle being tested. The Chinese developed gunpowder and adapted gunpowder-filled tubes into early rockets.","Not this one. the Greeks is plausible, but it does not match the specific Module 4 fact or principle being tested. The Chinese developed gunpowder and adapted gunpowder-filled tubes into early rockets.","Not this one. the Germans is plausible, but it does not match the specific Module 4 fact or principle being tested. The Chinese developed gunpowder and adapted gunpowder-filled tubes into early rockets.",Correct. The Chinese developed gunpowder and adapted gunpowder-filled tubes into early rockets.,China = gunpowder + flying fire.,"Review Aerospace Dimensions Module 4, Chapter 1, pages 2. Then explain the distinction without looking at the choices.",Aerospace Dimensions Module 4: Rockets,2,"Module 4, Chapter 1, pages 2",high,educational_infographic,optional_after_answer,module4_history_timeline,module4_history_timeline,module4_history_timeline.png,/assets/cap-visuals/module4_history_timeline.png,approved,true,Early rocket history from Hero and Chinese gunpowder rockets through Congreve and Hale.,Early rocket history from Hero and Chinese gunpowder rockets through Congreve and Hale.,Early rocket history from Hero and Chinese gunpowder rockets through Congreve and Hale.,high,close,true,0.8,original_textbook_grounded,Mitchell_Aerospace_sample_style_analysis,draft,AD-M4-Q003,45,AD_M4_100
AD-M4-Q005,4,1,History of Rockets,AD4-1-roger_bacon,AD4-1-roger_bacon,AD4-1-roger_bacon,multiple_choice,direct_exam_style,medium,recall,Who improved forms of gunpowder and thereby increased rocket range?,Hermann Oberth,Roger Bacon,Jean Froissart,William Hale,B,"Roger Bacon improved gunpowder formulations, which increased the range of rockets.","Roger Bacon improved gunpowder formulations, which increased the range of rockets.","Not this one. Hermann Oberth is plausible, but it does not match the specific Module 4 fact or principle being tested. Roger Bacon improved gunpowder formulations, which increased the range of rockets.","Correct. Roger Bacon improved gunpowder formulations, which increased the range of rockets.","Not this one. Jean Froissart is plausible, but it does not match the specific Module 4 fact or principle being tested. Roger Bacon improved gunpowder formulations, which increased the range of rockets.","Not this one. William Hale is plausible, but it does not match the specific Module 4 fact or principle being tested. Roger Bacon improved gunpowder formulations, which increased the range of rockets.",Bacon boosted the burn—and the range.,"Review Aerospace Dimensions Module 4, Chapter 1, pages 2. Then explain the distinction without looking at the choices.",Aerospace Dimensions Module 4: Rockets,2,"Module 4, Chapter 1, pages 2",high,educational_infographic,optional_after_answer,module4_history_timeline,module4_history_timeline,module4_history_timeline.png,/assets/cap-visuals/module4_history_timeline.png,approved,true,Early rocket history from Hero and Chinese gunpowder rockets through Congreve and Hale.,Early rocket history from Hero and Chinese gunpowder rockets through Congreve and Hale.,Early rocket history from Hero and Chinese gunpowder rockets through Congreve and Hale.,high,close,true,1.0,original_textbook_grounded,Mitchell_Aerospace_sample_style_analysis,draft,AD-M4-Q006,35,AD_M4_100
AD-M4-Q006,4,1,History of Rockets,AD4-1-roger_bacon,AD4-1-roger_bacon,AD4-1-roger_bacon,multiple_choice,brief_application,medium_hard,application,"An inventor changes the powder mixture so rockets can travel farther, but does not primarily change their guidance. Which historical figure does this resemble?",Jean Froissart,Roger Bacon,William Hale,Hermann Oberth,B,"Roger Bacon improved gunpowder formulations, which increased the range of rockets.","Roger Bacon improved gunpowder formulations, which increased the range of rockets.","Not this one. Jean Froissart is plausible, but it does not match the specific Module 4 fact or principle being tested. Roger Bacon improved gunpowder formulations, which increased the range of rockets.","Correct. Roger Bacon improved gunpowder formulations, which increased the range of rockets.","Not this one. William Hale is plausible, but it does not match the specific Module 4 fact or principle being tested. Roger Bacon improved gunpowder formulations, which increased the range of rockets.","Not this one. Hermann Oberth is plausible, but it does not match the specific Module 4 fact or principle being tested. Roger Bacon improved gunpowder formulations, which increased the range of rockets.",Bacon boosted the burn—and the range.,"Review Aerospace Dimensions Module 4, Chapter 1, pages 2. Then explain the distinction without looking at the choices.",Aerospace Dimensions Module 4: Rockets,2,"Module 4, Chapter 1, pages 2",high,educational_infographic,optional_after_answer,module4_history_timeline,module4_history_timeline,module4_history_timeline.png,/assets/cap-visuals/module4_history_timeline.png,approved,true,Early rocket history from Hero and Chinese gunpowder rockets through Congreve and Hale.,Early rocket history from Hero and Chinese gunpowder rockets through Congreve and Hale.,Early rocket history from Hero and Chinese gunpowder rockets through Congreve and Hale.,high,close,false,0.8,original_textbook_grounded,Mitchell_Aerospace_sample_style_analysis,draft,AD-M4-Q005,45,AD_M4_100
AD-M4-Q007,4,1,History of Rockets,AD4-1-jean_froissart,AD4-1-jean_froissart,AD4-1-jean_froissart,multiple_choice,direct_exam_style,medium,recall,Who improved rocket accuracy by launching rockets through tubes?,Roger Bacon,Jean Froissart,Robert Goddard,William Congreve,B,Jean Froissart improved accuracy by launching rockets through tubes.,Jean Froissart improved accuracy by launching rockets through tubes.,"Not this one. Roger Bacon is plausible, but it does not match the specific Module 4 fact or principle being tested. Jean Froissart improved accuracy by launching rockets through tubes.",Correct. Jean Froissart improved accuracy by launching rockets through tubes.,"Not this one. Robert Goddard is plausible, but it does not match the specific Module 4 fact or principle being tested. Jean Froissart improved accuracy by launching rockets through tubes.","Not this one. William Congreve is plausible, but it does not match the specific Module 4 fact or principle being tested. Jean Froissart improved accuracy by launching rockets through tubes.",Froissart = tube for true aim.,"Review Aerospace Dimensions Module 4, Chapter 1, pages 2. Then explain the distinction without looking at the choices.",Aerospace Dimensions Module 4: Rockets,2,"Module 4, Chapter 1, pages 2",high,educational_infographic,optional_after_answer,module4_history_timeline,module4_history_timeline,module4_history_timeline.png,/assets/cap-visuals/module4_history_timeline.png,approved,true,Early rocket history from Hero and Chinese gunpowder rockets through Congreve and Hale.,Early rocket history from Hero and Chinese gunpowder rockets through Congreve and Hale.,Early rocket history from Hero and Chinese gunpowder rockets through Congreve and Hale.,high,close,true,1.0,original_textbook_grounded,Mitchell_Aerospace_sample_style_analysis,draft,AD-M4-Q008,35,AD_M4_100
AD-M4-Q008,4,1,History of Rockets,AD4-1-jean_froissart,AD4-1-jean_froissart,AD4-1-jean_froissart,multiple_choice,brief_application,medium_hard,application,"A designer improves accuracy by constraining the rocket at launch inside a tube, an idea that foreshadows the bazooka. Who is associated with this idea?",Roger Bacon,William Congreve,Robert Goddard,Jean Froissart,D,Jean Froissart improved accuracy by launching rockets through tubes.,Jean Froissart improved accuracy by launching rockets through tubes.,"Not this one. Roger Bacon is plausible, but it does not match the specific Module 4 fact or principle being tested. Jean Froissart improved accuracy by launching rockets through tubes.","Not this one. William Congreve is plausible, but it does not match the specific Module 4 fact or principle being tested. Jean Froissart improved accuracy by launching rockets through tubes.","Not this one. Robert Goddard is plausible, but it does not match the specific Module 4 fact or principle being tested. Jean Froissart improved accuracy by launching rockets through tubes.",Correct. Jean Froissart improved accuracy by launching rockets through tubes.,Froissart = tube for true aim.,"Review Aerospace Dimensions Module 4, Chapter 1, pages 2. Then explain the distinction without looking at the choices.",Aerospace Dimensions Module 4: Rockets,2,"Module 4, Chapter 1, pages 2",high,educational_infographic,optional_after_answer,module4_history_timeline,module4_history_timeline,module4_history_timeline.png,/assets/cap-visuals/module4_history_timeline.png,approved,true,Early rocket history from Hero and Chinese gunpowder rockets through Congreve and Hale.,Early rocket history from Hero and Chinese gunpowder rockets through Congreve and Hale.,Early rocket history from Hero and Chinese gunpowder rockets through Congreve and Hale.,high,close,true,0.8,original_textbook_grounded,Mitchell_Aerospace_sample_style_analysis,draft,AD-M4-Q007,45,AD_M4_100
AD-M4-Q009,4,1,History of Rockets,AD4-1-william_congreve,AD4-1-william_congreve,AD4-1-william_congreve,multiple_choice,direct_exam_style,medium,recall,"Who designed military rockets that increased range from about 200 to 3,000 yards?",Wernher von Braun,William Congreve,Konstantin Tsiolkovsky,William Hale,B,William Congreve developed military rockets with much greater range; their battlefield effectiveness came largely from firing many of them.,William Congreve developed military rockets with much greater range; their battlefield effectiveness came largely from firing many of them.,"Not this one. Wernher von Braun is plausible, but it does not match the specific Module 4 fact or principle being tested. William Congreve developed military rockets with much greater range; their battlefield effectiveness came largely from firing many of them.",Correct. William Congreve developed military rockets with much greater range; their battlefield effectiveness came largely from firing many of them.,"Not this one. Konstantin Tsiolkovsky is plausible, but it does not match the specific Module 4 fact or principle being tested. William Congreve developed military rockets with much greater range; their battlefield effectiveness came largely from firing many of them.","Not this one. William Hale is plausible, but it does not match the specific Module 4 fact or principle being tested. William Congreve developed military rockets with much greater range; their battlefield effectiveness came largely from firing many of them.",Congreve = combat rockets in great numbers.,"Review Aerospace Dimensions Module 4, Chapter 1, pages 2. Then explain the distinction without looking at the choices.",Aerospace Dimensions Module 4: Rockets,2,"Module 4, Chapter 1, pages 2",high,educational_infographic,optional_after_answer,module4_history_timeline,module4_history_timeline,module4_history_timeline.png,/assets/cap-visuals/module4_history_timeline.png,approved,true,Early rocket history from Hero and Chinese gunpowder rockets through Congreve and Hale.,Early rocket history from Hero and Chinese gunpowder rockets through Congreve and Hale.,Early rocket history from Hero and Chinese gunpowder rockets through Congreve and Hale.,high,close,true,1.0,original_textbook_grounded,Mitchell_Aerospace_sample_style_analysis,draft,AD-M4-Q010,35,AD_M4_100
AD-M4-Q010,4,1,History of Rockets,AD4-1-william_congreve,AD4-1-william_congreve,AD4-1-william_congreve,multiple_choice,brief_application,medium_hard,application,Thousands of inaccurate but long-range rockets are fired during a siege. Which rocket designer is most closely associated with this tactic?,Wernher von Braun,William Congreve,Konstantin Tsiolkovsky,William Hale,B,William Congreve developed military rockets with much greater range; their battlefield effectiveness came largely from firing many of them.,William Congreve developed military rockets with much greater range; their battlefield effectiveness came largely from firing many of them.,"Not this one. Wernher von Braun is plausible, but it does not match the specific Module 4 fact or principle being tested. William Congreve developed military rockets with much greater range; their battlefield effectiveness came largely from firing many of them.",Correct. William Congreve developed military rockets with much greater range; their battlefield effectiveness came largely from firing many of them.,"Not this one. Konstantin Tsiolkovsky is plausible, but it does not match the specific Module 4 fact or principle being tested. William Congreve developed military rockets with much greater range; their battlefield effectiveness came largely from firing many of them.","Not this one. William Hale is plausible, but it does not match the specific Module 4 fact or principle being tested. William Congreve developed military rockets with much greater range; their battlefield effectiveness came largely from firing many of them.",Congreve = combat rockets in great numbers.,"Review Aerospace Dimensions Module 4, Chapter 1, pages 2. Then explain the distinction without looking at the choices.",Aerospace Dimensions Module 4: Rockets,2,"Module 4, Chapter 1, pages 2",high,educational_infographic,optional_after_answer,module4_history_timeline,module4_history_timeline,module4_history_timeline.png,/assets/cap-visuals/module4_history_timeline.png,approved,true,Early rocket history from Hero and Chinese gunpowder rockets through Congreve and Hale.,Early rocket history from Hero and Chinese gunpowder rockets through Congreve and Hale.,Early rocket history from Hero and Chinese gunpowder rockets through Congreve and Hale.,high,close,false,0.8,original_textbook_grounded,Mitchell_Aerospace_sample_style_analysis,draft,AD-M4-Q009,45,AD_M4_100
AD-M4-Q011,4,1,History of Rockets,AD4-1-william_hale_spin_stabilization,AD4-1-william_hale_spin_stabilization,AD4-1-william_hale_spin_stabilization,multiple_choice,direct_exam_style,medium,recall,What technique did William Hale develop to improve rocket stability?,gimbaled-nozzle control,radio guidance,tube launching,spin stabilization,D,Hale’s spin stabilization used exhaust striking small vanes to make the rocket spin and stabilize.,Hale’s spin stabilization used exhaust striking small vanes to make the rocket spin and stabilize.,"Not this one. gimbaled-nozzle control is plausible, but it does not match the specific Module 4 fact or principle being tested. Hale’s spin stabilization used exhaust striking small vanes to make the rocket spin and stabilize.","Not this one. radio guidance is plausible, but it does not match the specific Module 4 fact or principle being tested. Hale’s spin stabilization used exhaust striking small vanes to make the rocket spin and stabilize.","Not this one. tube launching is plausible, but it does not match the specific Module 4 fact or principle being tested. Hale’s spin stabilization used exhaust striking small vanes to make the rocket spin and stabilize.",Correct. Hale’s spin stabilization used exhaust striking small vanes to make the rocket spin and stabilize.,Hale = spin like a bullet.,"Review Aerospace Dimensions Module 4, Chapter 1, pages 2. Then explain the distinction without looking at the choices.",Aerospace Dimensions Module 4: Rockets,2,"Module 4, Chapter 1, pages 2",high,educational_infographic,optional_after_answer,module4_history_timeline,module4_history_timeline,module4_history_timeline.png,/assets/cap-visuals/module4_history_timeline.png,approved,true,Early rocket history from Hero and Chinese gunpowder rockets through Congreve and Hale.,Early rocket history from Hero and Chinese gunpowder rockets through Congreve and Hale.,Early rocket history from Hero and Chinese gunpowder rockets through Congreve and Hale.,high,close,true,1.0,original_textbook_grounded,Mitchell_Aerospace_sample_style_analysis,draft,AD-M4-Q012,35,AD_M4_100
AD-M4-Q012,4,1,History of Rockets,AD4-1-william_hale_spin_stabilization,AD4-1-william_hale_spin_stabilization,AD4-1-william_hale_spin_stabilization,multiple_choice,brief_application,medium_hard,application,Exhaust strikes small vanes and makes a rocket rotate like a bullet in flight. What technique is being used?,gimbaled-nozzle control,radio guidance,tube launching,spin stabilization,D,Hale’s spin stabilization used exhaust striking small vanes to make the rocket spin and stabilize.,Hale’s spin stabilization used exhaust striking small vanes to make the rocket spin and stabilize.,"Not this one. gimbaled-nozzle control is plausible, but it does not match the specific Module 4 fact or principle being tested. Hale’s spin stabilization used exhaust striking small vanes to make the rocket spin and stabilize.","Not this one. radio guidance is plausible, but it does not match the specific Module 4 fact or principle being tested. Hale’s spin stabilization used exhaust striking small vanes to make the rocket spin and stabilize.","Not this one. tube launching is plausible, but it does not match the specific Module 4 fact or principle being tested. Hale’s spin stabilization used exhaust striking small vanes to make the rocket spin and stabilize.",Correct. Hale’s spin stabilization used exhaust striking small vanes to make the rocket spin and stabilize.,Hale = spin like a bullet.,"Review Aerospace Dimensions Module 4, Chapter 1, pages 2. Then explain the distinction without looking at the choices.",Aerospace Dimensions Module 4: Rockets,2,"Module 4, Chapter 1, pages 2",high,educational_infographic,optional_after_answer,module4_history_timeline,module4_history_timeline,module4_history_timeline.png,/assets/cap-visuals/module4_history_timeline.png,approved,true,Early rocket history from Hero and Chinese gunpowder rockets through Congreve and Hale.,Early rocket history from Hero and Chinese gunpowder rockets through Congreve and Hale.,Early rocket history from Hero and Chinese gunpowder rockets through Congreve and Hale.,high,close,true,0.8,original_textbook_grounded,Mitchell_Aerospace_sample_style_analysis,draft,AD-M4-Q011,45,AD_M4_100
AD-M4-Q013,4,1,History of Rockets,AD4-1-konstantin_tsiolkovsky,AD4-1-konstantin_tsiolkovsky,AD4-1-konstantin_tsiolkovsky,multiple_choice,direct_exam_style,medium,recall,Who proposed using rockets for space exploration and became known as the “Father of Modern Astronautics”?,Sergei Korolev,Robert Goddard,Konstantin Tsiolkovsky,Hermann Oberth,C,Konstantin Tsiolkovsky proposed rocket-powered space exploration and liquid propellants and is called the Father of Modern Astronautics.,Konstantin Tsiolkovsky proposed rocket-powered space exploration and liquid propellants and is called the Father of Modern Astronautics.,"Not this one. Sergei Korolev is plausible, but it does not match the specific Module 4 fact or principle being tested. Konstantin Tsiolkovsky proposed rocket-powered space exploration and liquid propellants and is called the Father of Modern Astronautics.","Not this one. Robert Goddard is plausible, but it does not match the specific Module 4 fact or principle being tested. Konstantin Tsiolkovsky proposed rocket-powered space exploration and liquid propellants and is called the Father of Modern Astronautics.",Correct. Konstantin Tsiolkovsky proposed rocket-powered space exploration and liquid propellants and is called the Father of Modern Astronautics.,"Not this one. Hermann Oberth is plausible, but it does not match the specific Module 4 fact or principle being tested. Konstantin Tsiolkovsky proposed rocket-powered space exploration and liquid propellants and is called the Father of Modern Astronautics.",Tsiolkovsky = astronautics vision.,"Review Aerospace Dimensions Module 4, Chapter 1, pages 3. Then explain the distinction without looking at the choices.",Aerospace Dimensions Module 4: Rockets,3,"Module 4, Chapter 1, pages 3",high,educational_infographic,optional_after_answer,module4_modern_rocketry_pioneers,module4_modern_rocketry_pioneers,module4_modern_rocketry_pioneers.png,/assets/cap-visuals/module4_modern_rocketry_pioneers.png,approved,true,"Key modern rocketry pioneers: Tsiolkovsky, Goddard, Oberth, von Braun, and Korolev.","Key modern rocketry pioneers: Tsiolkovsky, Goddard, Oberth, von Braun, and Korolev.","Key modern rocketry pioneers: Tsiolkovsky, Goddard, Oberth, von Braun, and Korolev.",high,close,true,1.0,original_textbook_grounded,Mitchell_Aerospace_sample_style_analysis,draft,AD-M4-Q014,35,AD_M4_100
AD-M4-Q014,4,1,History of Rockets,AD4-1-konstantin_tsiolkovsky,AD4-1-konstantin_tsiolkovsky,AD4-1-konstantin_tsiolkovsky,multiple_choice,brief_application,medium_hard,application,A Russian schoolteacher argues that liquid propellants could help rockets achieve greater range and envisions rocket travel into space. Who is he?,Robert Goddard,Sergei Korolev,Hermann Oberth,Konstantin Tsiolkovsky,D,Konstantin Tsiolkovsky proposed rocket-powered space exploration and liquid propellants and is called the Father of Modern Astronautics.,Konstantin Tsiolkovsky proposed rocket-powered space exploration and liquid propellants and is called the Father of Modern Astronautics.,"Not this one. Robert Goddard is plausible, but it does not match the specific Module 4 fact or principle being tested. Konstantin Tsiolkovsky proposed rocket-powered space exploration and liquid propellants and is called the Father of Modern Astronautics.","Not this one. Sergei Korolev is plausible, but it does not match the specific Module 4 fact or principle being tested. Konstantin Tsiolkovsky proposed rocket-powered space exploration and liquid propellants and is called the Father of Modern Astronautics.","Not this one. Hermann Oberth is plausible, but it does not match the specific Module 4 fact or principle being tested. Konstantin Tsiolkovsky proposed rocket-powered space exploration and liquid propellants and is called the Father of Modern Astronautics.",Correct. Konstantin Tsiolkovsky proposed rocket-powered space exploration and liquid propellants and is called the Father of Modern Astronautics.,Tsiolkovsky = astronautics vision.,"Review Aerospace Dimensions Module 4, Chapter 1, pages 3. Then explain the distinction without looking at the choices.",Aerospace Dimensions Module 4: Rockets,3,"Module 4, Chapter 1, pages 3",high,educational_infographic,optional_after_answer,module4_modern_rocketry_pioneers,module4_modern_rocketry_pioneers,module4_modern_rocketry_pioneers.png,/assets/cap-visuals/module4_modern_rocketry_pioneers.png,approved,true,"Key modern rocketry pioneers: Tsiolkovsky, Goddard, Oberth, von Braun, and Korolev.","Key modern rocketry pioneers: Tsiolkovsky, Goddard, Oberth, von Braun, and Korolev.","Key modern rocketry pioneers: Tsiolkovsky, Goddard, Oberth, von Braun, and Korolev.",high,close,false,0.8,original_textbook_grounded,Mitchell_Aerospace_sample_style_analysis,draft,AD-M4-Q013,45,AD_M4_100
AD-M4-Q015,4,1,History of Rockets,AD4-1-robert_goddard,AD4-1-robert_goddard,AD4-1-robert_goddard,multiple_choice,direct_exam_style,medium,recall,Who is called the “Father of Modern Rocketry” in Module 4?,Sergei Korolev,Konstantin Tsiolkovsky,Wernher von Braun,Robert Goddard,D,Robert Goddard conducted practical rocket experiments and achieved the first successful liquid-propellant rocket flight in 1926.,Robert Goddard conducted practical rocket experiments and achieved the first successful liquid-propellant rocket flight in 1926.,"Not this one. Sergei Korolev is plausible, but it does not match the specific Module 4 fact or principle being tested. Robert Goddard conducted practical rocket experiments and achieved the first successful liquid-propellant rocket flight in 1926.","Not this one. Konstantin Tsiolkovsky is plausible, but it does not match the specific Module 4 fact or principle being tested. Robert Goddard conducted practical rocket experiments and achieved the first successful liquid-propellant rocket flight in 1926.","Not this one. Wernher von Braun is plausible, but it does not match the specific Module 4 fact or principle being tested. Robert Goddard conducted practical rocket experiments and achieved the first successful liquid-propellant rocket flight in 1926.",Correct. Robert Goddard conducted practical rocket experiments and achieved the first successful liquid-propellant rocket flight in 1926.,Goddard = modern rocketry + 1926 liquid rocket.,"Review Aerospace Dimensions Module 4, Chapter 1, pages 3. Then explain the distinction without looking at the choices.",Aerospace Dimensions Module 4: Rockets,3,"Module 4, Chapter 1, pages 3",high,educational_infographic,optional_after_answer,module4_modern_rocketry_pioneers,module4_modern_rocketry_pioneers,module4_modern_rocketry_pioneers.png,/assets/cap-visuals/module4_modern_rocketry_pioneers.png,approved,true,"Key modern rocketry pioneers: Tsiolkovsky, Goddard, Oberth, von Braun, and Korolev.","Key modern rocketry pioneers: Tsiolkovsky, Goddard, Oberth, von Braun, and Korolev.","Key modern rocketry pioneers: Tsiolkovsky, Goddard, Oberth, von Braun, and Korolev.",high,close,true,1.0,original_textbook_grounded,Mitchell_Aerospace_sample_style_analysis,draft,AD-M4-Q016,35,AD_M4_100
AD-M4-Q016,4,1,History of Rockets,AD4-1-robert_goddard,AD4-1-robert_goddard,AD4-1-robert_goddard,multiple_choice,brief_application,medium_hard,application,A U.S. professor flies the first successful liquid-propellant rocket in 1926 using liquid oxygen and gasoline. Who is he?,Sergei Korolev,Wernher von Braun,Robert Goddard,Konstantin Tsiolkovsky,C,Robert Goddard conducted practical rocket experiments and achieved the first successful liquid-propellant rocket flight in 1926.,Robert Goddard conducted practical rocket experiments and achieved the first successful liquid-propellant rocket flight in 1926.,"Not this one. Sergei Korolev is plausible, but it does not match the specific Module 4 fact or principle being tested. Robert Goddard conducted practical rocket experiments and achieved the first successful liquid-propellant rocket flight in 1926.","Not this one. Wernher von Braun is plausible, but it does not match the specific Module 4 fact or principle being tested. Robert Goddard conducted practical rocket experiments and achieved the first successful liquid-propellant rocket flight in 1926.",Correct. Robert Goddard conducted practical rocket experiments and achieved the first successful liquid-propellant rocket flight in 1926.,"Not this one. Konstantin Tsiolkovsky is plausible, but it does not match the specific Module 4 fact or principle being tested. Robert Goddard conducted practical rocket experiments and achieved the first successful liquid-propellant rocket flight in 1926.",Goddard = modern rocketry + 1926 liquid rocket.,"Review Aerospace Dimensions Module 4, Chapter 1, pages 3. Then explain the distinction without looking at the choices.",Aerospace Dimensions Module 4: Rockets,3,"Module 4, Chapter 1, pages 3",high,educational_infographic,optional_after_answer,module4_modern_rocketry_pioneers,module4_modern_rocketry_pioneers,module4_modern_rocketry_pioneers.png,/assets/cap-visuals/module4_modern_rocketry_pioneers.png,approved,true,"Key modern rocketry pioneers: Tsiolkovsky, Goddard, Oberth, von Braun, and Korolev.","Key modern rocketry pioneers: Tsiolkovsky, Goddard, Oberth, von Braun, and Korolev.","Key modern rocketry pioneers: Tsiolkovsky, Goddard, Oberth, von Braun, and Korolev.",high,close,true,0.8,original_textbook_grounded,Mitchell_Aerospace_sample_style_analysis,draft,AD-M4-Q015,45,AD_M4_100
AD-M4-Q017,4,1,History of Rockets,AD4-1-hermann_oberth,AD4-1-hermann_oberth,AD4-1-hermann_oberth,multiple_choice,direct_exam_style,medium,recall,Who published a 1923 book about rocket travel into outer space that helped inspire rocket societies?,Roger Bacon,Hermann Oberth,William Congreve,Robert Goddard,B,Hermann Oberth wrote about rocket travel into outer space; his work helped stimulate rocket societies.,Hermann Oberth wrote about rocket travel into outer space; his work helped stimulate rocket societies.,"Not this one. Roger Bacon is plausible, but it does not match the specific Module 4 fact or principle being tested. Hermann Oberth wrote about rocket travel into outer space; his work helped stimulate rocket societies.",Correct. Hermann Oberth wrote about rocket travel into outer space; his work helped stimulate rocket societies.,"Not this one. William Congreve is plausible, but it does not match the specific Module 4 fact or principle being tested. Hermann Oberth wrote about rocket travel into outer space; his work helped stimulate rocket societies.","Not this one. Robert Goddard is plausible, but it does not match the specific Module 4 fact or principle being tested. Hermann Oberth wrote about rocket travel into outer space; his work helped stimulate rocket societies.",Oberth = book opens space travel ideas.,"Review Aerospace Dimensions Module 4, Chapter 1, pages 4. Then explain the distinction without looking at the choices.",Aerospace Dimensions Module 4: Rockets,4,"Module 4, Chapter 1, pages 4",high,educational_infographic,optional_after_answer,module4_modern_rocketry_pioneers,module4_modern_rocketry_pioneers,module4_modern_rocketry_pioneers.png,/assets/cap-visuals/module4_modern_rocketry_pioneers.png,approved,true,"Key modern rocketry pioneers: Tsiolkovsky, Goddard, Oberth, von Braun, and Korolev.","Key modern rocketry pioneers: Tsiolkovsky, Goddard, Oberth, von Braun, and Korolev.","Key modern rocketry pioneers: Tsiolkovsky, Goddard, Oberth, von Braun, and Korolev.",high,close,true,1.0,original_textbook_grounded,Mitchell_Aerospace_sample_style_analysis,draft,AD-M4-Q018,35,AD_M4_100
AD-M4-Q018,4,1,History of Rockets,AD4-1-hermann_oberth,AD4-1-hermann_oberth,AD4-1-hermann_oberth,multiple_choice,brief_application,medium_hard,application,"A German author’s writings help inspire the Society for Space Travel, which later contributes to V-2 development. Who is the author?",Hermann Oberth,William Congreve,Roger Bacon,Robert Goddard,A,Hermann Oberth wrote about rocket travel into outer space; his work helped stimulate rocket societies.,Hermann Oberth wrote about rocket travel into outer space; his work helped stimulate rocket societies.,Correct. Hermann Oberth wrote about rocket travel into outer space; his work helped stimulate rocket societies.,"Not this one. William Congreve is plausible, but it does not match the specific Module 4 fact or principle being tested. Hermann Oberth wrote about rocket travel into outer space; his work helped stimulate rocket societies.","Not this one. Roger Bacon is plausible, but it does not match the specific Module 4 fact or principle being tested. Hermann Oberth wrote about rocket travel into outer space; his work helped stimulate rocket societies.","Not this one. Robert Goddard is plausible, but it does not match the specific Module 4 fact or principle being tested. Hermann Oberth wrote about rocket travel into outer space; his work helped stimulate rocket societies.",Oberth = book opens space travel ideas.,"Review Aerospace Dimensions Module 4, Chapter 1, pages 4. Then explain the distinction without looking at the choices.",Aerospace Dimensions Module 4: Rockets,4,"Module 4, Chapter 1, pages 4",high,educational_infographic,optional_after_answer,module4_modern_rocketry_pioneers,module4_modern_rocketry_pioneers,module4_modern_rocketry_pioneers.png,/assets/cap-visuals/module4_modern_rocketry_pioneers.png,approved,true,"Key modern rocketry pioneers: Tsiolkovsky, Goddard, Oberth, von Braun, and Korolev.","Key modern rocketry pioneers: Tsiolkovsky, Goddard, Oberth, von Braun, and Korolev.","Key modern rocketry pioneers: Tsiolkovsky, Goddard, Oberth, von Braun, and Korolev.",high,close,false,0.8,original_textbook_grounded,Mitchell_Aerospace_sample_style_analysis,draft,AD-M4-Q017,45,AD_M4_100
AD-M4-Q019,4,1,History of Rockets,AD4-1-wernher_von_braun,AD4-1-wernher_von_braun,AD4-1-wernher_von_braun,multiple_choice,direct_exam_style,medium,recall,Who directed the German V-2 rocket project and later helped lead the U.S. rocket program?,Wernher von Braun,Sergei Korolev,Hermann Oberth,John Glenn,A,Wernher von Braun directed the V-2 project and later became a major leader in the U.S. rocket program.,Wernher von Braun directed the V-2 project and later became a major leader in the U.S. rocket program.,Correct. Wernher von Braun directed the V-2 project and later became a major leader in the U.S. rocket program.,"Not this one. Sergei Korolev is plausible, but it does not match the specific Module 4 fact or principle being tested. Wernher von Braun directed the V-2 project and later became a major leader in the U.S. rocket program.","Not this one. Hermann Oberth is plausible, but it does not match the specific Module 4 fact or principle being tested. Wernher von Braun directed the V-2 project and later became a major leader in the U.S. rocket program.","Not this one. John Glenn is plausible, but it does not match the specific Module 4 fact or principle being tested. Wernher von Braun directed the V-2 project and later became a major leader in the U.S. rocket program.",von Braun = V-2 to U.S. space rockets.,"Review Aerospace Dimensions Module 4, Chapter 1, pages 4. Then explain the distinction without looking at the choices.",Aerospace Dimensions Module 4: Rockets,4,"Module 4, Chapter 1, pages 4",high,educational_infographic,optional_after_answer,module4_modern_rocketry_pioneers,module4_modern_rocketry_pioneers,module4_modern_rocketry_pioneers.png,/assets/cap-visuals/module4_modern_rocketry_pioneers.png,approved,true,"Key modern rocketry pioneers: Tsiolkovsky, Goddard, Oberth, von Braun, and Korolev.","Key modern rocketry pioneers: Tsiolkovsky, Goddard, Oberth, von Braun, and Korolev.","Key modern rocketry pioneers: Tsiolkovsky, Goddard, Oberth, von Braun, and Korolev.",high,close,true,1.0,original_textbook_grounded,Mitchell_Aerospace_sample_style_analysis,draft,AD-M4-Q020,35,AD_M4_100
AD-M4-Q020,4,1,History of Rockets,AD4-1-wernher_von_braun,AD4-1-wernher_von_braun,AD4-1-wernher_von_braun,multiple_choice,brief_application,medium_hard,application,"After World War II, a German rocket leader and roughly 120 scientists work with the U.S. Army using captured V-2s to teach American engineers. Who led that team?",Sergei Korolev,Hermann Oberth,Wernher von Braun,John Glenn,C,Wernher von Braun directed the V-2 project and later became a major leader in the U.S. rocket program.,Wernher von Braun directed the V-2 project and later became a major leader in the U.S. rocket program.,"Not this one. Sergei Korolev is plausible, but it does not match the specific Module 4 fact or principle being tested. Wernher von Braun directed the V-2 project and later became a major leader in the U.S. rocket program.","Not this one. Hermann Oberth is plausible, but it does not match the specific Module 4 fact or principle being tested. Wernher von Braun directed the V-2 project and later became a major leader in the U.S. rocket program.",Correct. Wernher von Braun directed the V-2 project and later became a major leader in the U.S. rocket program.,"Not this one. John Glenn is plausible, but it does not match the specific Module 4 fact or principle being tested. Wernher von Braun directed the V-2 project and later became a major leader in the U.S. rocket program.",von Braun = V-2 to U.S. space rockets.,"Review Aerospace Dimensions Module 4, Chapter 1, pages 4. Then explain the distinction without looking at the choices.",Aerospace Dimensions Module 4: Rockets,4,"Module 4, Chapter 1, pages 4",high,educational_infographic,optional_after_answer,module4_modern_rocketry_pioneers,module4_modern_rocketry_pioneers,module4_modern_rocketry_pioneers.png,/assets/cap-visuals/module4_modern_rocketry_pioneers.png,approved,true,"Key modern rocketry pioneers: Tsiolkovsky, Goddard, Oberth, von Braun, and Korolev.","Key modern rocketry pioneers: Tsiolkovsky, Goddard, Oberth, von Braun, and Korolev.","Key modern rocketry pioneers: Tsiolkovsky, Goddard, Oberth, von Braun, and Korolev.",high,close,true,0.8,original_textbook_grounded,Mitchell_Aerospace_sample_style_analysis,draft,AD-M4-Q019,45,AD_M4_100
AD-M4-Q021,4,1,History of Rockets,AD4-1-sergei_korolev,AD4-1-sergei_korolev,AD4-1-sergei_korolev,multiple_choice,direct_exam_style,medium,recall,Who is identified as the “Father of the Soviet Space Program”?,Konstantin Tsiolkovsky,Wernher von Braun,Sergei Korolev,Yuri Gagarin,C,Sergei Korolev led Soviet rocket development and is known as the Father of the Soviet Space Program.,Sergei Korolev led Soviet rocket development and is known as the Father of the Soviet Space Program.,"Not this one. Konstantin Tsiolkovsky is plausible, but it does not match the specific Module 4 fact or principle being tested. Sergei Korolev led Soviet rocket development and is known as the Father of the Soviet Space Program.","Not this one. Wernher von Braun is plausible, but it does not match the specific Module 4 fact or principle being tested. Sergei Korolev led Soviet rocket development and is known as the Father of the Soviet Space Program.",Correct. Sergei Korolev led Soviet rocket development and is known as the Father of the Soviet Space Program.,"Not this one. Yuri Gagarin is plausible, but it does not match the specific Module 4 fact or principle being tested. Sergei Korolev led Soviet rocket development and is known as the Father of the Soviet Space Program.",Korolev = Soviet rocket chief.,"Review Aerospace Dimensions Module 4, Chapter 1, pages 4. Then explain the distinction without looking at the choices.",Aerospace Dimensions Module 4: Rockets,4,"Module 4, Chapter 1, pages 4",high,educational_infographic,optional_after_answer,module4_modern_rocketry_pioneers,module4_modern_rocketry_pioneers,module4_modern_rocketry_pioneers.png,/assets/cap-visuals/module4_modern_rocketry_pioneers.png,approved,true,"Key modern rocketry pioneers: Tsiolkovsky, Goddard, Oberth, von Braun, and Korolev.","Key modern rocketry pioneers: Tsiolkovsky, Goddard, Oberth, von Braun, and Korolev.","Key modern rocketry pioneers: Tsiolkovsky, Goddard, Oberth, von Braun, and Korolev.",high,close,true,1.0,original_textbook_grounded,Mitchell_Aerospace_sample_style_analysis,draft,AD-M4-Q022,35,AD_M4_100
AD-M4-Q022,4,1,History of Rockets,AD4-1-sergei_korolev,AD4-1-sergei_korolev,AD4-1-sergei_korolev,multiple_choice,brief_application,medium_hard,application,"A Soviet rocket scientist leads development of an intercontinental ballistic missile and, two months later, the launch of Sputnik I. Who is he?",Sergei Korolev,Wernher von Braun,Yuri Gagarin,Konstantin Tsiolkovsky,A,Sergei Korolev led Soviet rocket development and is known as the Father of the Soviet Space Program.,Sergei Korolev led Soviet rocket development and is known as the Father of the Soviet Space Program.,Correct. Sergei Korolev led Soviet rocket development and is known as the Father of the Soviet Space Program.,"Not this one. Wernher von Braun is plausible, but it does not match the specific Module 4 fact or principle being tested. Sergei Korolev led Soviet rocket development and is known as the Father of the Soviet Space Program.","Not this one. Yuri Gagarin is plausible, but it does not match the specific Module 4 fact or principle being tested. Sergei Korolev led Soviet rocket development and is known as the Father of the Soviet Space Program.","Not this one. Konstantin Tsiolkovsky is plausible, but it does not match the specific Module 4 fact or principle being tested. Sergei Korolev led Soviet rocket development and is known as the Father of the Soviet Space Program.",Korolev = Soviet rocket chief.,"Review Aerospace Dimensions Module 4, Chapter 1, pages 4. Then explain the distinction without looking at the choices.",Aerospace Dimensions Module 4: Rockets,4,"Module 4, Chapter 1, pages 4",high,educational_infographic,optional_after_answer,module4_modern_rocketry_pioneers,module4_modern_rocketry_pioneers,module4_modern_rocketry_pioneers.png,/assets/cap-visuals/module4_modern_rocketry_pioneers.png,approved,true,"Key modern rocketry pioneers: Tsiolkovsky, Goddard, Oberth, von Braun, and Korolev.","Key modern rocketry pioneers: Tsiolkovsky, Goddard, Oberth, von Braun, and Korolev.","Key modern rocketry pioneers: Tsiolkovsky, Goddard, Oberth, von Braun, and Korolev.",high,close,false,0.8,original_textbook_grounded,Mitchell_Aerospace_sample_style_analysis,draft,AD-M4-Q021,45,AD_M4_100
AD-M4-Q023,4,1,History of Rockets,AD4-1-launch_vehicle,AD4-1-launch_vehicle,AD4-1-launch_vehicle,multiple_choice,direct_exam_style,medium,recall,What is the rocket system that lifts a spacecraft and gives it enough force to reach orbit?,guidance system,airframe,payload,launch vehicle,D,A launch vehicle is the rocket system that lifts a spacecraft and provides the force needed to reach orbit.,A launch vehicle is the rocket system that lifts a spacecraft and provides the force needed to reach orbit.,"Not this one. guidance system is plausible, but it does not match the specific Module 4 fact or principle being tested. A launch vehicle is the rocket system that lifts a spacecraft and provides the force needed to reach orbit.","Not this one. airframe is plausible, but it does not match the specific Module 4 fact or principle being tested. A launch vehicle is the rocket system that lifts a spacecraft and provides the force needed to reach orbit.","Not this one. payload is plausible, but it does not match the specific Module 4 fact or principle being tested. A launch vehicle is the rocket system that lifts a spacecraft and provides the force needed to reach orbit.",Correct. A launch vehicle is the rocket system that lifts a spacecraft and provides the force needed to reach orbit.,Launch vehicle = rocket that lifts the spacecraft.,"Review Aerospace Dimensions Module 4, Chapter 1, pages 5. Then explain the distinction without looking at the choices.",Aerospace Dimensions Module 4: Rockets,5,"Module 4, Chapter 1, pages 5",high,educational_infographic,optional_after_answer,module4_space_race_launches,module4_space_race_launches,module4_space_race_launches.png,/assets/cap-visuals/module4_space_race_launches.png,approved,true,"Major Space Race launch vehicles and milestones from Sputnik through Apollo, Skylab, and the Shuttle.","Major Space Race launch vehicles and milestones from Sputnik through Apollo, Skylab, and the Shuttle.","Major Space Race launch vehicles and milestones from Sputnik through Apollo, Skylab, and the Shuttle.",high,close,true,1.0,original_textbook_grounded,Mitchell_Aerospace_sample_style_analysis,draft,AD-M4-Q024,35,AD_M4_100
AD-M4-Q024,4,1,History of Rockets,AD4-1-launch_vehicle,AD4-1-launch_vehicle,AD4-1-launch_vehicle,multiple_choice,brief_application,medium_hard,application,"Redstone, Atlas, and Titan are being used to carry spacecraft, people, or cargo toward orbit. Collectively, what role are they performing?",guidance system,airframe,launch vehicle,payload,C,A launch vehicle is the rocket system that lifts a spacecraft and provides the force needed to reach orbit.,A launch vehicle is the rocket system that lifts a spacecraft and provides the force needed to reach orbit.,"Not this one. guidance system is plausible, but it does not match the specific Module 4 fact or principle being tested. A launch vehicle is the rocket system that lifts a spacecraft and provides the force needed to reach orbit.","Not this one. airframe is plausible, but it does not match the specific Module 4 fact or principle being tested. A launch vehicle is the rocket system that lifts a spacecraft and provides the force needed to reach orbit.",Correct. A launch vehicle is the rocket system that lifts a spacecraft and provides the force needed to reach orbit.,"Not this one. payload is plausible, but it does not match the specific Module 4 fact or principle being tested. A launch vehicle is the rocket system that lifts a spacecraft and provides the force needed to reach orbit.",Launch vehicle = rocket that lifts the spacecraft.,"Review Aerospace Dimensions Module 4, Chapter 1, pages 5. Then explain the distinction without looking at the choices.",Aerospace Dimensions Module 4: Rockets,5,"Module 4, Chapter 1, pages 5",high,educational_infographic,optional_after_answer,module4_space_race_launches,module4_space_race_launches,module4_space_race_launches.png,/assets/cap-visuals/module4_space_race_launches.png,approved,true,"Major Space Race launch vehicles and milestones from Sputnik through Apollo, Skylab, and the Shuttle.","Major Space Race launch vehicles and milestones from Sputnik through Apollo, Skylab, and the Shuttle.","Major Space Race launch vehicles and milestones from Sputnik through Apollo, Skylab, and the Shuttle.",high,close,true,0.8,original_textbook_grounded,Mitchell_Aerospace_sample_style_analysis,draft,AD-M4-Q023,45,AD_M4_100
AD-M4-Q025,4,1,History of Rockets,AD4-1-sputnik_i,AD4-1-sputnik_i,AD4-1-sputnik_i,multiple_choice,direct_exam_style,medium,recall,What was the world’s first artificial satellite?,Sputnik I,Freedom 7,Explorer I,Friendship 7,A,Sputnik I was the first artificial satellite and was launched by the Soviet Union in 1957.,Sputnik I was the first artificial satellite and was launched by the Soviet Union in 1957.,Correct. Sputnik I was the first artificial satellite and was launched by the Soviet Union in 1957.,"Not this one. Freedom 7 is plausible, but it does not match the specific Module 4 fact or principle being tested. Sputnik I was the first artificial satellite and was launched by the Soviet Union in 1957.","Not this one. Explorer I is plausible, but it does not match the specific Module 4 fact or principle being tested. Sputnik I was the first artificial satellite and was launched by the Soviet Union in 1957.","Not this one. Friendship 7 is plausible, but it does not match the specific Module 4 fact or principle being tested. Sputnik I was the first artificial satellite and was launched by the Soviet Union in 1957.",Sputnik = Soviet first satellite.,"Review Aerospace Dimensions Module 4, Chapter 1, pages 4-5. Then explain the distinction without looking at the choices.",Aerospace Dimensions Module 4: Rockets,4-5,"Module 4, Chapter 1, pages 4-5",high,educational_infographic,optional_after_answer,module4_space_race_launches,module4_space_race_launches,module4_space_race_launches.png,/assets/cap-visuals/module4_space_race_launches.png,approved,true,"Major Space Race launch vehicles and milestones from Sputnik through Apollo, Skylab, and the Shuttle.","Major Space Race launch vehicles and milestones from Sputnik through Apollo, Skylab, and the Shuttle.","Major Space Race launch vehicles and milestones from Sputnik through Apollo, Skylab, and the Shuttle.",high,close,true,1.0,original_textbook_grounded,Mitchell_Aerospace_sample_style_analysis,draft,AD-M4-Q026,35,AD_M4_100
AD-M4-Q026,4,1,History of Rockets,AD4-1-sputnik_i,AD4-1-sputnik_i,AD4-1-sputnik_i,multiple_choice,brief_application,medium_hard,application,"On October 4, 1957, the Soviet Union launches an artificial satellite and the “space race” accelerates. Which spacecraft was it?",Friendship 7,Sputnik I,Freedom 7,Explorer I,B,Sputnik I was the first artificial satellite and was launched by the Soviet Union in 1957.,Sputnik I was the first artificial satellite and was launched by the Soviet Union in 1957.,"Not this one. Friendship 7 is plausible, but it does not match the specific Module 4 fact or principle being tested. Sputnik I was the first artificial satellite and was launched by the Soviet Union in 1957.",Correct. Sputnik I was the first artificial satellite and was launched by the Soviet Union in 1957.,"Not this one. Freedom 7 is plausible, but it does not match the specific Module 4 fact or principle being tested. Sputnik I was the first artificial satellite and was launched by the Soviet Union in 1957.","Not this one. Explorer I is plausible, but it does not match the specific Module 4 fact or principle being tested. Sputnik I was the first artificial satellite and was launched by the Soviet Union in 1957.",Sputnik = Soviet first satellite.,"Review Aerospace Dimensions Module 4, Chapter 1, pages 4-5. Then explain the distinction without looking at the choices.",Aerospace Dimensions Module 4: Rockets,4-5,"Module 4, Chapter 1, pages 4-5",high,educational_infographic,optional_after_answer,module4_space_race_launches,module4_space_race_launches,module4_space_race_launches.png,/assets/cap-visuals/module4_space_race_launches.png,approved,true,"Major Space Race launch vehicles and milestones from Sputnik through Apollo, Skylab, and the Shuttle.","Major Space Race launch vehicles and milestones from Sputnik through Apollo, Skylab, and the Shuttle.","Major Space Race launch vehicles and milestones from Sputnik through Apollo, Skylab, and the Shuttle.",high,close,false,0.8,original_textbook_grounded,Mitchell_Aerospace_sample_style_analysis,draft,AD-M4-Q025,45,AD_M4_100
AD-M4-Q027,4,1,History of Rockets,AD4-1-explorer_i,AD4-1-explorer_i,AD4-1-explorer_i,multiple_choice,direct_exam_style,medium,recall,What was the first U.S. satellite discussed in Module 4?,Sputnik I,Explorer I,Skylab,Freedom 7,B,Explorer I was the first U.S. satellite and helped identify the Van Allen radiation belt.,Explorer I was the first U.S. satellite and helped identify the Van Allen radiation belt.,"Not this one. Sputnik I is plausible, but it does not match the specific Module 4 fact or principle being tested. Explorer I was the first U.S. satellite and helped identify the Van Allen radiation belt.",Correct. Explorer I was the first U.S. satellite and helped identify the Van Allen radiation belt.,"Not this one. Skylab is plausible, but it does not match the specific Module 4 fact or principle being tested. Explorer I was the first U.S. satellite and helped identify the Van Allen radiation belt.","Not this one. Freedom 7 is plausible, but it does not match the specific Module 4 fact or principle being tested. Explorer I was the first U.S. satellite and helped identify the Van Allen radiation belt.",Explorer I = U.S. first satellite + Van Allen belt.,"Review Aerospace Dimensions Module 4, Chapter 1, pages 5-6. Then explain the distinction without looking at the choices.",Aerospace Dimensions Module 4: Rockets,5-6,"Module 4, Chapter 1, pages 5-6",high,educational_infographic,optional_after_answer,module4_space_race_launches,module4_space_race_launches,module4_space_race_launches.png,/assets/cap-visuals/module4_space_race_launches.png,approved,true,"Major Space Race launch vehicles and milestones from Sputnik through Apollo, Skylab, and the Shuttle.","Major Space Race launch vehicles and milestones from Sputnik through Apollo, Skylab, and the Shuttle.","Major Space Race launch vehicles and milestones from Sputnik through Apollo, Skylab, and the Shuttle.",high,close,true,1.0,original_textbook_grounded,Mitchell_Aerospace_sample_style_analysis,draft,AD-M4-Q028,35,AD_M4_100
AD-M4-Q028,4,1,History of Rockets,AD4-1-explorer_i,AD4-1-explorer_i,AD4-1-explorer_i,multiple_choice,brief_application,medium_hard,application,"A small U.S. satellite launched January 31, 1958 helps identify the Van Allen radiation belt. Which spacecraft was it?",Explorer I,Skylab,Freedom 7,Sputnik I,A,Explorer I was the first U.S. satellite and helped identify the Van Allen radiation belt.,Explorer I was the first U.S. satellite and helped identify the Van Allen radiation belt.,Correct. Explorer I was the first U.S. satellite and helped identify the Van Allen radiation belt.,"Not this one. Skylab is plausible, but it does not match the specific Module 4 fact or principle being tested. Explorer I was the first U.S. satellite and helped identify the Van Allen radiation belt.","Not this one. Freedom 7 is plausible, but it does not match the specific Module 4 fact or principle being tested. Explorer I was the first U.S. satellite and helped identify the Van Allen radiation belt.","Not this one. Sputnik I is plausible, but it does not match the specific Module 4 fact or principle being tested. Explorer I was the first U.S. satellite and helped identify the Van Allen radiation belt.",Explorer I = U.S. first satellite + Van Allen belt.,"Review Aerospace Dimensions Module 4, Chapter 1, pages 5-6. Then explain the distinction without looking at the choices.",Aerospace Dimensions Module 4: Rockets,5-6,"Module 4, Chapter 1, pages 5-6",high,educational_infographic,optional_after_answer,module4_space_race_launches,module4_space_race_launches,module4_space_race_launches.png,/assets/cap-visuals/module4_space_race_launches.png,approved,true,"Major Space Race launch vehicles and milestones from Sputnik through Apollo, Skylab, and the Shuttle.","Major Space Race launch vehicles and milestones from Sputnik through Apollo, Skylab, and the Shuttle.","Major Space Race launch vehicles and milestones from Sputnik through Apollo, Skylab, and the Shuttle.",high,close,true,0.8,original_textbook_grounded,Mitchell_Aerospace_sample_style_analysis,draft,AD-M4-Q027,45,AD_M4_100
AD-M4-Q029,4,1,History of Rockets,AD4-1-yuri_gagarin,AD4-1-yuri_gagarin,AD4-1-yuri_gagarin,multiple_choice,direct_exam_style,medium,recall,Who became the first person in space and the first person to orbit Earth?,John Glenn,Alan Shepard,Neil Armstrong,Yuri Gagarin,D,Yuri Gagarin was the first human in space and the first to orbit Earth.,Yuri Gagarin was the first human in space and the first to orbit Earth.,"Not this one. John Glenn is plausible, but it does not match the specific Module 4 fact or principle being tested. Yuri Gagarin was the first human in space and the first to orbit Earth.","Not this one. Alan Shepard is plausible, but it does not match the specific Module 4 fact or principle being tested. Yuri Gagarin was the first human in space and the first to orbit Earth.","Not this one. Neil Armstrong is plausible, but it does not match the specific Module 4 fact or principle being tested. Yuri Gagarin was the first human in space and the first to orbit Earth.",Correct. Yuri Gagarin was the first human in space and the first to orbit Earth.,Gagarin = first human orbit.,"Review Aerospace Dimensions Module 4, Chapter 1, pages 6. Then explain the distinction without looking at the choices.",Aerospace Dimensions Module 4: Rockets,6,"Module 4, Chapter 1, pages 6",high,educational_infographic,optional_after_answer,module4_space_race_launches,module4_space_race_launches,module4_space_race_launches.png,/assets/cap-visuals/module4_space_race_launches.png,approved,true,"Major Space Race launch vehicles and milestones from Sputnik through Apollo, Skylab, and the Shuttle.","Major Space Race launch vehicles and milestones from Sputnik through Apollo, Skylab, and the Shuttle.","Major Space Race launch vehicles and milestones from Sputnik through Apollo, Skylab, and the Shuttle.",high,close,true,1.0,original_textbook_grounded,Mitchell_Aerospace_sample_style_analysis,draft,AD-M4-Q030,35,AD_M4_100
AD-M4-Q030,4,1,History of Rockets,AD4-1-yuri_gagarin,AD4-1-yuri_gagarin,AD4-1-yuri_gagarin,multiple_choice,brief_application,medium_hard,application,"In April 1961, a Soviet cosmonaut completes the first human orbit of Earth. Who was he?",Yuri Gagarin,Alan Shepard,Neil Armstrong,John Glenn,A,Yuri Gagarin was the first human in space and the first to orbit Earth.,Yuri Gagarin was the first human in space and the first to orbit Earth.,Correct. Yuri Gagarin was the first human in space and the first to orbit Earth.,"Not this one. Alan Shepard is plausible, but it does not match the specific Module 4 fact or principle being tested. Yuri Gagarin was the first human in space and the first to orbit Earth.","Not this one. Neil Armstrong is plausible, but it does not match the specific Module 4 fact or principle being tested. Yuri Gagarin was the first human in space and the first to orbit Earth.","Not this one. John Glenn is plausible, but it does not match the specific Module 4 fact or principle being tested. Yuri Gagarin was the first human in space and the first to orbit Earth.",Gagarin = first human orbit.,"Review Aerospace Dimensions Module 4, Chapter 1, pages 6. Then explain the distinction without looking at the choices.",Aerospace Dimensions Module 4: Rockets,6,"Module 4, Chapter 1, pages 6",high,educational_infographic,optional_after_answer,module4_space_race_launches,module4_space_race_launches,module4_space_race_launches.png,/assets/cap-visuals/module4_space_race_launches.png,approved,true,"Major Space Race launch vehicles and milestones from Sputnik through Apollo, Skylab, and the Shuttle.","Major Space Race launch vehicles and milestones from Sputnik through Apollo, Skylab, and the Shuttle.","Major Space Race launch vehicles and milestones from Sputnik through Apollo, Skylab, and the Shuttle.",high,close,false,0.8,original_textbook_grounded,Mitchell_Aerospace_sample_style_analysis,draft,AD-M4-Q029,45,AD_M4_100
AD-M4-Q031,4,1,History of Rockets,AD4-1-alan_shepard_and_freedom_7,AD4-1-alan_shepard_and_freedom_7,AD4-1-alan_shepard_and_freedom_7,multiple_choice,direct_exam_style,medium,recall,Who became the first American in space aboard Freedom 7?,Yuri Gagarin aboard Vostok 1,Neil Armstrong aboard Apollo 11,John Glenn aboard Friendship 7,Alan Shepard aboard Freedom 7,D,Alan Shepard became the first American in space aboard Freedom 7 on a suborbital Mercury flight.,Alan Shepard became the first American in space aboard Freedom 7 on a suborbital Mercury flight.,"Not this one. Yuri Gagarin aboard Vostok 1 is plausible, but it does not match the specific Module 4 fact or principle being tested. Alan Shepard became the first American in space aboard Freedom 7 on a suborbital Mercury flight.","Not this one. Neil Armstrong aboard Apollo 11 is plausible, but it does not match the specific Module 4 fact or principle being tested. Alan Shepard became the first American in space aboard Freedom 7 on a suborbital Mercury flight.","Not this one. John Glenn aboard Friendship 7 is plausible, but it does not match the specific Module 4 fact or principle being tested. Alan Shepard became the first American in space aboard Freedom 7 on a suborbital Mercury flight.",Correct. Alan Shepard became the first American in space aboard Freedom 7 on a suborbital Mercury flight.,Shepard = Freedom 7 = first American in space.,"Review Aerospace Dimensions Module 4, Chapter 1, pages 6. Then explain the distinction without looking at the choices.",Aerospace Dimensions Module 4: Rockets,6,"Module 4, Chapter 1, pages 6",high,educational_infographic,optional_after_answer,module4_space_race_launches,module4_space_race_launches,module4_space_race_launches.png,/assets/cap-visuals/module4_space_race_launches.png,approved,true,"Major Space Race launch vehicles and milestones from Sputnik through Apollo, Skylab, and the Shuttle.","Major Space Race launch vehicles and milestones from Sputnik through Apollo, Skylab, and the Shuttle.","Major Space Race launch vehicles and milestones from Sputnik through Apollo, Skylab, and the Shuttle.",high,close,true,1.0,original_textbook_grounded,Mitchell_Aerospace_sample_style_analysis,draft,AD-M4-Q032,35,AD_M4_100
AD-M4-Q032,4,1,History of Rockets,AD4-1-alan_shepard_and_freedom_7,AD4-1-alan_shepard_and_freedom_7,AD4-1-alan_shepard_and_freedom_7,multiple_choice,brief_application,medium_hard,application,A Redstone rocket sends a Mercury capsule on a short suborbital flight because it cannot place the capsule into orbit. Who is the astronaut?,Yuri Gagarin aboard Vostok 1,John Glenn aboard Friendship 7,Neil Armstrong aboard Apollo 11,Alan Shepard aboard Freedom 7,D,Alan Shepard became the first American in space aboard Freedom 7 on a suborbital Mercury flight.,Alan Shepard became the first American in space aboard Freedom 7 on a suborbital Mercury flight.,"Not this one. Yuri Gagarin aboard Vostok 1 is plausible, but it does not match the specific Module 4 fact or principle being tested. Alan Shepard became the first American in space aboard Freedom 7 on a suborbital Mercury flight.","Not this one. John Glenn aboard Friendship 7 is plausible, but it does not match the specific Module 4 fact or principle being tested. Alan Shepard became the first American in space aboard Freedom 7 on a suborbital Mercury flight.","Not this one. Neil Armstrong aboard Apollo 11 is plausible, but it does not match the specific Module 4 fact or principle being tested. Alan Shepard became the first American in space aboard Freedom 7 on a suborbital Mercury flight.",Correct. Alan Shepard became the first American in space aboard Freedom 7 on a suborbital Mercury flight.,Shepard = Freedom 7 = first American in space.,"Review Aerospace Dimensions Module 4, Chapter 1, pages 6. Then explain the distinction without looking at the choices.",Aerospace Dimensions Module 4: Rockets,6,"Module 4, Chapter 1, pages 6",high,educational_infographic,optional_after_answer,module4_space_race_launches,module4_space_race_launches,module4_space_race_launches.png,/assets/cap-visuals/module4_space_race_launches.png,approved,true,"Major Space Race launch vehicles and milestones from Sputnik through Apollo, Skylab, and the Shuttle.","Major Space Race launch vehicles and milestones from Sputnik through Apollo, Skylab, and the Shuttle.","Major Space Race launch vehicles and milestones from Sputnik through Apollo, Skylab, and the Shuttle.",high,close,true,0.8,original_textbook_grounded,Mitchell_Aerospace_sample_style_analysis,draft,AD-M4-Q031,45,AD_M4_100
AD-M4-Q033,4,1,History of Rockets,AD4-1-john_glenn_and_friendship_7,AD4-1-john_glenn_and_friendship_7,AD4-1-john_glenn_and_friendship_7,multiple_choice,direct_exam_style,medium,recall,Who became the first American to orbit Earth aboard Friendship 7?,Alan Shepard aboard Freedom 7,Yuri Gagarin aboard Vostok 1,Neil Armstrong aboard Apollo 11,John Glenn aboard Friendship 7,D,John Glenn became the first American to orbit Earth aboard Friendship 7.,John Glenn became the first American to orbit Earth aboard Friendship 7.,"Not this one. Alan Shepard aboard Freedom 7 is plausible, but it does not match the specific Module 4 fact or principle being tested. John Glenn became the first American to orbit Earth aboard Friendship 7.","Not this one. Yuri Gagarin aboard Vostok 1 is plausible, but it does not match the specific Module 4 fact or principle being tested. John Glenn became the first American to orbit Earth aboard Friendship 7.","Not this one. Neil Armstrong aboard Apollo 11 is plausible, but it does not match the specific Module 4 fact or principle being tested. John Glenn became the first American to orbit Earth aboard Friendship 7.",Correct. John Glenn became the first American to orbit Earth aboard Friendship 7.,Glenn = Friendship 7 = first U.S. orbit.,"Review Aerospace Dimensions Module 4, Chapter 1, pages 6. Then explain the distinction without looking at the choices.",Aerospace Dimensions Module 4: Rockets,6,"Module 4, Chapter 1, pages 6",high,educational_infographic,optional_after_answer,module4_space_race_launches,module4_space_race_launches,module4_space_race_launches.png,/assets/cap-visuals/module4_space_race_launches.png,approved,true,"Major Space Race launch vehicles and milestones from Sputnik through Apollo, Skylab, and the Shuttle.","Major Space Race launch vehicles and milestones from Sputnik through Apollo, Skylab, and the Shuttle.","Major Space Race launch vehicles and milestones from Sputnik through Apollo, Skylab, and the Shuttle.",high,close,true,1.0,original_textbook_grounded,Mitchell_Aerospace_sample_style_analysis,draft,AD-M4-Q034,35,AD_M4_100
AD-M4-Q034,4,1,History of Rockets,AD4-1-john_glenn_and_friendship_7,AD4-1-john_glenn_and_friendship_7,AD4-1-john_glenn_and_friendship_7,multiple_choice,brief_application,medium_hard,application,An Atlas rocket launches a Mercury capsule that remains in orbit for nearly five hours in February 1962. Who was the astronaut?,Yuri Gagarin aboard Vostok 1,John Glenn aboard Friendship 7,Alan Shepard aboard Freedom 7,Neil Armstrong aboard Apollo 11,B,John Glenn became the first American to orbit Earth aboard Friendship 7.,John Glenn became the first American to orbit Earth aboard Friendship 7.,"Not this one. Yuri Gagarin aboard Vostok 1 is plausible, but it does not match the specific Module 4 fact or principle being tested. John Glenn became the first American to orbit Earth aboard Friendship 7.",Correct. John Glenn became the first American to orbit Earth aboard Friendship 7.,"Not this one. Alan Shepard aboard Freedom 7 is plausible, but it does not match the specific Module 4 fact or principle being tested. John Glenn became the first American to orbit Earth aboard Friendship 7.","Not this one. Neil Armstrong aboard Apollo 11 is plausible, but it does not match the specific Module 4 fact or principle being tested. John Glenn became the first American to orbit Earth aboard Friendship 7.",Glenn = Friendship 7 = first U.S. orbit.,"Review Aerospace Dimensions Module 4, Chapter 1, pages 6. Then explain the distinction without looking at the choices.",Aerospace Dimensions Module 4: Rockets,6,"Module 4, Chapter 1, pages 6",high,educational_infographic,optional_after_answer,module4_space_race_launches,module4_space_race_launches,module4_space_race_launches.png,/assets/cap-visuals/module4_space_race_launches.png,approved,true,"Major Space Race launch vehicles and milestones from Sputnik through Apollo, Skylab, and the Shuttle.","Major Space Race launch vehicles and milestones from Sputnik through Apollo, Skylab, and the Shuttle.","Major Space Race launch vehicles and milestones from Sputnik through Apollo, Skylab, and the Shuttle.",high,close,false,0.8,original_textbook_grounded,Mitchell_Aerospace_sample_style_analysis,draft,AD-M4-Q033,45,AD_M4_100
AD-M4-Q035,4,1,History of Rockets,AD4-1-gemini_and_titan_ii,AD4-1-gemini_and_titan_ii,AD4-1-gemini_and_titan_ii,multiple_choice,direct_exam_style,medium,recall,Which U.S. program used two-person crews and Titan II launch vehicles to practice skills such as rendezvous and docking?,Skylab missions launched by the Space Shuttle,Apollo missions launched only by Saturn V,Mercury missions launched by Redstone,Gemini missions launched by Titan II,D,Gemini used two-person crews and Titan II launch vehicles and helped prepare for Apollo by practicing rendezvous and docking.,Gemini used two-person crews and Titan II launch vehicles and helped prepare for Apollo by practicing rendezvous and docking.,"Not this one. Skylab missions launched by the Space Shuttle is plausible, but it does not match the specific Module 4 fact or principle being tested. Gemini used two-person crews and Titan II launch vehicles and helped prepare for Apollo by practicing rendezvous and docking.","Not this one. Apollo missions launched only by Saturn V is plausible, but it does not match the specific Module 4 fact or principle being tested. Gemini used two-person crews and Titan II launch vehicles and helped prepare for Apollo by practicing rendezvous and docking.","Not this one. Mercury missions launched by Redstone is plausible, but it does not match the specific Module 4 fact or principle being tested. Gemini used two-person crews and Titan II launch vehicles and helped prepare for Apollo by practicing rendezvous and docking.",Correct. Gemini used two-person crews and Titan II launch vehicles and helped prepare for Apollo by practicing rendezvous and docking.,Gemini = two people + docking practice.,"Review Aerospace Dimensions Module 4, Chapter 1, pages 7. Then explain the distinction without looking at the choices.",Aerospace Dimensions Module 4: Rockets,7,"Module 4, Chapter 1, pages 7",high,educational_infographic,optional_after_answer,module4_space_race_launches,module4_space_race_launches,module4_space_race_launches.png,/assets/cap-visuals/module4_space_race_launches.png,approved,true,"Major Space Race launch vehicles and milestones from Sputnik through Apollo, Skylab, and the Shuttle.","Major Space Race launch vehicles and milestones from Sputnik through Apollo, Skylab, and the Shuttle.","Major Space Race launch vehicles and milestones from Sputnik through Apollo, Skylab, and the Shuttle.",high,close,true,1.0,original_textbook_grounded,Mitchell_Aerospace_sample_style_analysis,draft,AD-M4-Q036,35,AD_M4_100
AD-M4-Q036,4,1,History of Rockets,AD4-1-gemini_and_titan_ii,AD4-1-gemini_and_titan_ii,AD4-1-gemini_and_titan_ii,multiple_choice,brief_application,medium_hard,application,NASA wants crews to practice rendezvous and docking before attempting a lunar landing. Which program is designed for that preparation?,Mercury missions launched by Redstone,Gemini missions launched by Titan II,Skylab missions launched by the Space Shuttle,Apollo missions launched only by Saturn V,B,Gemini used two-person crews and Titan II launch vehicles and helped prepare for Apollo by practicing rendezvous and docking.,Gemini used two-person crews and Titan II launch vehicles and helped prepare for Apollo by practicing rendezvous and docking.,"Not this one. Mercury missions launched by Redstone is plausible, but it does not match the specific Module 4 fact or principle being tested. Gemini used two-person crews and Titan II launch vehicles and helped prepare for Apollo by practicing rendezvous and docking.",Correct. Gemini used two-person crews and Titan II launch vehicles and helped prepare for Apollo by practicing rendezvous and docking.,"Not this one. Skylab missions launched by the Space Shuttle is plausible, but it does not match the specific Module 4 fact or principle being tested. Gemini used two-person crews and Titan II launch vehicles and helped prepare for Apollo by practicing rendezvous and docking.","Not this one. Apollo missions launched only by Saturn V is plausible, but it does not match the specific Module 4 fact or principle being tested. Gemini used two-person crews and Titan II launch vehicles and helped prepare for Apollo by practicing rendezvous and docking.",Gemini = two people + docking practice.,"Review Aerospace Dimensions Module 4, Chapter 1, pages 7. Then explain the distinction without looking at the choices.",Aerospace Dimensions Module 4: Rockets,7,"Module 4, Chapter 1, pages 7",high,educational_infographic,optional_after_answer,module4_space_race_launches,module4_space_race_launches,module4_space_race_launches.png,/assets/cap-visuals/module4_space_race_launches.png,approved,true,"Major Space Race launch vehicles and milestones from Sputnik through Apollo, Skylab, and the Shuttle.","Major Space Race launch vehicles and milestones from Sputnik through Apollo, Skylab, and the Shuttle.","Major Space Race launch vehicles and milestones from Sputnik through Apollo, Skylab, and the Shuttle.",high,close,true,0.8,original_textbook_grounded,Mitchell_Aerospace_sample_style_analysis,draft,AD-M4-Q035,45,AD_M4_100
AD-M4-Q037,4,1,History of Rockets,AD4-1-apollo_11_and_saturn_v,AD4-1-apollo_11_and_saturn_v,AD4-1-apollo_11_and_saturn_v,multiple_choice,direct_exam_style,medium,recall,Which mission landed humans on the Moon in July 1969 using a Saturn V launch vehicle?,Apollo 11 launched by Saturn V,Apollo 7 launched by Saturn IB,Skylab launched by Saturn IB,Gemini 4 launched by Titan II,A,"Apollo 11 landed on the Moon on July 20, 1969, and was launched by the Saturn V.","Apollo 11 landed on the Moon on July 20, 1969, and was launched by the Saturn V.","Correct. Apollo 11 landed on the Moon on July 20, 1969, and was launched by the Saturn V.","Not this one. Apollo 7 launched by Saturn IB is plausible, but it does not match the specific Module 4 fact or principle being tested. Apollo 11 landed on the Moon on July 20, 1969, and was launched by the Saturn V.","Not this one. Skylab launched by Saturn IB is plausible, but it does not match the specific Module 4 fact or principle being tested. Apollo 11 landed on the Moon on July 20, 1969, and was launched by the Saturn V.","Not this one. Gemini 4 launched by Titan II is plausible, but it does not match the specific Module 4 fact or principle being tested. Apollo 11 landed on the Moon on July 20, 1969, and was launched by the Saturn V.",Apollo 11 + Saturn V = Moon landing.,"Review Aerospace Dimensions Module 4, Chapter 1, pages 7. Then explain the distinction without looking at the choices.",Aerospace Dimensions Module 4: Rockets,7,"Module 4, Chapter 1, pages 7",high,educational_infographic,optional_after_answer,module4_space_race_launches,module4_space_race_launches,module4_space_race_launches.png,/assets/cap-visuals/module4_space_race_launches.png,approved,true,"Major Space Race launch vehicles and milestones from Sputnik through Apollo, Skylab, and the Shuttle.","Major Space Race launch vehicles and milestones from Sputnik through Apollo, Skylab, and the Shuttle.","Major Space Race launch vehicles and milestones from Sputnik through Apollo, Skylab, and the Shuttle.",high,close,true,1.0,original_textbook_grounded,Mitchell_Aerospace_sample_style_analysis,draft,AD-M4-Q038,35,AD_M4_100
AD-M4-Q038,4,1,History of Rockets,AD4-1-apollo_11_and_saturn_v,AD4-1-apollo_11_and_saturn_v,AD4-1-apollo_11_and_saturn_v,multiple_choice,brief_application,medium_hard,application,A three-stage launch vehicle is developed with the goal of sending humans to the Moon. Which mission-and-launch-vehicle pairing fulfilled that goal?,Apollo 11 launched by Saturn V,Skylab launched by Saturn IB,Apollo 7 launched by Saturn IB,Gemini 4 launched by Titan II,A,"Apollo 11 landed on the Moon on July 20, 1969, and was launched by the Saturn V.","Apollo 11 landed on the Moon on July 20, 1969, and was launched by the Saturn V.","Correct. Apollo 11 landed on the Moon on July 20, 1969, and was launched by the Saturn V.","Not this one. Skylab launched by Saturn IB is plausible, but it does not match the specific Module 4 fact or principle being tested. Apollo 11 landed on the Moon on July 20, 1969, and was launched by the Saturn V.","Not this one. Apollo 7 launched by Saturn IB is plausible, but it does not match the specific Module 4 fact or principle being tested. Apollo 11 landed on the Moon on July 20, 1969, and was launched by the Saturn V.","Not this one. Gemini 4 launched by Titan II is plausible, but it does not match the specific Module 4 fact or principle being tested. Apollo 11 landed on the Moon on July 20, 1969, and was launched by the Saturn V.",Apollo 11 + Saturn V = Moon landing.,"Review Aerospace Dimensions Module 4, Chapter 1, pages 7. Then explain the distinction without looking at the choices.",Aerospace Dimensions Module 4: Rockets,7,"Module 4, Chapter 1, pages 7",high,educational_infographic,optional_after_answer,module4_space_race_launches,module4_space_race_launches,module4_space_race_launches.png,/assets/cap-visuals/module4_space_race_launches.png,approved,true,"Major Space Race launch vehicles and milestones from Sputnik through Apollo, Skylab, and the Shuttle.","Major Space Race launch vehicles and milestones from Sputnik through Apollo, Skylab, and the Shuttle.","Major Space Race launch vehicles and milestones from Sputnik through Apollo, Skylab, and the Shuttle.",high,close,false,0.8,original_textbook_grounded,Mitchell_Aerospace_sample_style_analysis,draft,AD-M4-Q037,45,AD_M4_100
AD-M4-Q039,4,1,History of Rockets,AD4-1-skylab,AD4-1-skylab,AD4-1-skylab,multiple_choice,direct_exam_style,medium,recall,What was the first U.S. space station?,Explorer I,Skylab,Gemini,Space Shuttle,B,Skylab was the first U.S. space station.,Skylab was the first U.S. space station.,"Not this one. Explorer I is plausible, but it does not match the specific Module 4 fact or principle being tested. Skylab was the first U.S. space station.",Correct. Skylab was the first U.S. space station.,"Not this one. Gemini is plausible, but it does not match the specific Module 4 fact or principle being tested. Skylab was the first U.S. space station.","Not this one. Space Shuttle is plausible, but it does not match the specific Module 4 fact or principle being tested. Skylab was the first U.S. space station.",Skylab = first U.S. space station.,"Review Aerospace Dimensions Module 4, Chapter 1, pages 7. Then explain the distinction without looking at the choices.",Aerospace Dimensions Module 4: Rockets,7,"Module 4, Chapter 1, pages 7",high,educational_infographic,optional_after_answer,module4_space_race_launches,module4_space_race_launches,module4_space_race_launches.png,/assets/cap-visuals/module4_space_race_launches.png,approved,true,"Major Space Race launch vehicles and milestones from Sputnik through Apollo, Skylab, and the Shuttle.","Major Space Race launch vehicles and milestones from Sputnik through Apollo, Skylab, and the Shuttle.","Major Space Race launch vehicles and milestones from Sputnik through Apollo, Skylab, and the Shuttle.",high,close,true,1.0,original_textbook_grounded,Mitchell_Aerospace_sample_style_analysis,draft,AD-M4-Q040,35,AD_M4_100
AD-M4-Q040,4,1,History of Rockets,AD4-1-skylab,AD4-1-skylab,AD4-1-skylab,multiple_choice,brief_application,medium_hard,application,A U.S. orbital laboratory is launched in 1973 and supports three missions. What was it?,Gemini,Space Shuttle,Explorer I,Skylab,D,Skylab was the first U.S. space station.,Skylab was the first U.S. space station.,"Not this one. Gemini is plausible, but it does not match the specific Module 4 fact or principle being tested. Skylab was the first U.S. space station.","Not this one. Space Shuttle is plausible, but it does not match the specific Module 4 fact or principle being tested. Skylab was the first U.S. space station.","Not this one. Explorer I is plausible, but it does not match the specific Module 4 fact or principle being tested. Skylab was the first U.S. space station.",Correct. Skylab was the first U.S. space station.,Skylab = first U.S. space station.,"Review Aerospace Dimensions Module 4, Chapter 1, pages 7. Then explain the distinction without looking at the choices.",Aerospace Dimensions Module 4: Rockets,7,"Module 4, Chapter 1, pages 7",high,educational_infographic,optional_after_answer,module4_space_race_launches,module4_space_race_launches,module4_space_race_launches.png,/assets/cap-visuals/module4_space_race_launches.png,approved,true,"Major Space Race launch vehicles and milestones from Sputnik through Apollo, Skylab, and the Shuttle.","Major Space Race launch vehicles and milestones from Sputnik through Apollo, Skylab, and the Shuttle.","Major Space Race launch vehicles and milestones from Sputnik through Apollo, Skylab, and the Shuttle.",high,close,true,0.8,original_textbook_grounded,Mitchell_Aerospace_sample_style_analysis,draft,AD-M4-Q039,45,AD_M4_100
AD-M4-Q041,4,1,History of Rockets,AD4-1-space_shuttle_sts,AD4-1-space_shuttle_sts,AD4-1-space_shuttle_sts,multiple_choice,direct_exam_style,medium,recall,Which U.S. system used reusable solid rocket boosters and an orbiter to transport people and cargo to space and back?,Space Shuttle / Shuttle Transportation System (STS),Explorer I,Titan II,Saturn V,A,"The Shuttle Transportation System (STS), commonly called the Space Shuttle, was a reusable transportation system for travel to space and back.","The Shuttle Transportation System (STS), commonly called the Space Shuttle, was a reusable transportation system for travel to space and back.","Correct. The Shuttle Transportation System (STS), commonly called the Space Shuttle, was a reusable transportation system for travel to space and back.","Not this one. Explorer I is plausible, but it does not match the specific Module 4 fact or principle being tested. The Shuttle Transportation System (STS), commonly called the Space Shuttle, was a reusable transportation system for travel to space and back.","Not this one. Titan II is plausible, but it does not match the specific Module 4 fact or principle being tested. The Shuttle Transportation System (STS), commonly called the Space Shuttle, was a reusable transportation system for travel to space and back.","Not this one. Saturn V is plausible, but it does not match the specific Module 4 fact or principle being tested. The Shuttle Transportation System (STS), commonly called the Space Shuttle, was a reusable transportation system for travel to space and back.",STS = Shuttle Transportation System.,"Review Aerospace Dimensions Module 4, Chapter 1, pages 7-8. Then explain the distinction without looking at the choices.",Aerospace Dimensions Module 4: Rockets,7-8,"Module 4, Chapter 1, pages 7-8",high,educational_infographic,optional_after_answer,module4_space_race_launches,module4_space_race_launches,module4_space_race_launches.png,/assets/cap-visuals/module4_space_race_launches.png,approved,true,"Major Space Race launch vehicles and milestones from Sputnik through Apollo, Skylab, and the Shuttle.","Major Space Race launch vehicles and milestones from Sputnik through Apollo, Skylab, and the Shuttle.","Major Space Race launch vehicles and milestones from Sputnik through Apollo, Skylab, and the Shuttle.",high,close,true,1.0,original_textbook_grounded,Mitchell_Aerospace_sample_style_analysis,draft,AD-M4-Q042,35,AD_M4_100
AD-M4-Q042,4,1,History of Rockets,AD4-1-space_shuttle_sts,AD4-1-space_shuttle_sts,AD4-1-space_shuttle_sts,multiple_choice,brief_application,medium_hard,application,"A launch system uses two reusable solid rocket boosters that separate about two minutes after liftoff, while the orbiter later returns to Earth. Which system is this?",Space Shuttle / Shuttle Transportation System (STS),Explorer I,Titan II,Saturn V,A,"The Shuttle Transportation System (STS), commonly called the Space Shuttle, was a reusable transportation system for travel to space and back.","The Shuttle Transportation System (STS), commonly called the Space Shuttle, was a reusable transportation system for travel to space and back.","Correct. The Shuttle Transportation System (STS), commonly called the Space Shuttle, was a reusable transportation system for travel to space and back.","Not this one. Explorer I is plausible, but it does not match the specific Module 4 fact or principle being tested. The Shuttle Transportation System (STS), commonly called the Space Shuttle, was a reusable transportation system for travel to space and back.","Not this one. Titan II is plausible, but it does not match the specific Module 4 fact or principle being tested. The Shuttle Transportation System (STS), commonly called the Space Shuttle, was a reusable transportation system for travel to space and back.","Not this one. Saturn V is plausible, but it does not match the specific Module 4 fact or principle being tested. The Shuttle Transportation System (STS), commonly called the Space Shuttle, was a reusable transportation system for travel to space and back.",STS = Shuttle Transportation System.,"Review Aerospace Dimensions Module 4, Chapter 1, pages 7-8. Then explain the distinction without looking at the choices.",Aerospace Dimensions Module 4: Rockets,7-8,"Module 4, Chapter 1, pages 7-8",high,educational_infographic,optional_after_answer,module4_space_race_launches,module4_space_race_launches,module4_space_race_launches.png,/assets/cap-visuals/module4_space_race_launches.png,approved,true,"Major Space Race launch vehicles and milestones from Sputnik through Apollo, Skylab, and the Shuttle.","Major Space Race launch vehicles and milestones from Sputnik through Apollo, Skylab, and the Shuttle.","Major Space Race launch vehicles and milestones from Sputnik through Apollo, Skylab, and the Shuttle.",high,close,false,0.8,original_textbook_grounded,Mitchell_Aerospace_sample_style_analysis,draft,AD-M4-Q041,45,AD_M4_100
AD-M4-Q043,4,2,"Rocket Principles, Systems and Engines",AD4-2-acceleration,AD4-2-acceleration,AD4-2-acceleration,multiple_choice,direct_exam_style,medium,recall,What is the rate of change in velocity with respect to time?,acceleration,momentum,thrust,inertia,A,Acceleration is the rate at which velocity changes with time.,Acceleration is the rate at which velocity changes with time.,Correct. Acceleration is the rate at which velocity changes with time.,"Not this one. momentum is plausible, but it does not match the specific Module 4 fact or principle being tested. Acceleration is the rate at which velocity changes with time.","Not this one. thrust is plausible, but it does not match the specific Module 4 fact or principle being tested. Acceleration is the rate at which velocity changes with time.","Not this one. inertia is plausible, but it does not match the specific Module 4 fact or principle being tested. Acceleration is the rate at which velocity changes with time.",Acceleration = velocity changing over time.,"Review Aerospace Dimensions Module 4, Chapter 2, pages 11-12. Then explain the distinction without looking at the choices.",Aerospace Dimensions Module 4: Rockets,11-12,"Module 4, Chapter 2, pages 11-12",high,educational_infographic,optional_after_answer,module4_newton_rocket_forces,module4_newton_rocket_forces,module4_newton_rocket_forces.png,/assets/cap-visuals/module4_newton_rocket_forces.png,approved,true,"Newton’s three laws, F=ma, thrust, inertia, and the thrust-versus-weight condition for liftoff.","Newton’s three laws, F=ma, thrust, inertia, and the thrust-versus-weight condition for liftoff.","Newton’s three laws, F=ma, thrust, inertia, and the thrust-versus-weight condition for liftoff.",high,close,true,1.0,original_textbook_grounded,Mitchell_Aerospace_sample_style_analysis,draft,AD-M4-Q044,35,AD_M4_100
AD-M4-Q044,4,2,"Rocket Principles, Systems and Engines",AD4-2-acceleration,AD4-2-acceleration,AD4-2-acceleration,multiple_choice,brief_application,medium_hard,application,A rocket’s speed changes from one second to the next. Which quantity describes that rate of velocity change?,momentum,inertia,acceleration,thrust,C,Acceleration is the rate at which velocity changes with time.,Acceleration is the rate at which velocity changes with time.,"Not this one. momentum is plausible, but it does not match the specific Module 4 fact or principle being tested. Acceleration is the rate at which velocity changes with time.","Not this one. inertia is plausible, but it does not match the specific Module 4 fact or principle being tested. Acceleration is the rate at which velocity changes with time.",Correct. Acceleration is the rate at which velocity changes with time.,"Not this one. thrust is plausible, but it does not match the specific Module 4 fact or principle being tested. Acceleration is the rate at which velocity changes with time.",Acceleration = velocity changing over time.,"Review Aerospace Dimensions Module 4, Chapter 2, pages 11-12. Then explain the distinction without looking at the choices.",Aerospace Dimensions Module 4: Rockets,11-12,"Module 4, Chapter 2, pages 11-12",high,educational_infographic,optional_after_answer,module4_newton_rocket_forces,module4_newton_rocket_forces,module4_newton_rocket_forces.png,/assets/cap-visuals/module4_newton_rocket_forces.png,approved,true,"Newton’s three laws, F=ma, thrust, inertia, and the thrust-versus-weight condition for liftoff.","Newton’s three laws, F=ma, thrust, inertia, and the thrust-versus-weight condition for liftoff.","Newton’s three laws, F=ma, thrust, inertia, and the thrust-versus-weight condition for liftoff.",high,close,true,0.8,original_textbook_grounded,Mitchell_Aerospace_sample_style_analysis,draft,AD-M4-Q043,45,AD_M4_100
AD-M4-Q045,4,2,"Rocket Principles, Systems and Engines",AD4-2-inertia,AD4-2-inertia,AD4-2-inertia,multiple_choice,direct_exam_style,medium,recall,What is the tendency of an object at rest to remain at rest and an object in motion to remain in motion?,thrust,acceleration,propulsion,inertia,D,Inertia is an object’s tendency to resist a change in its state of rest or motion.,Inertia is an object’s tendency to resist a change in its state of rest or motion.,"Not this one. thrust is plausible, but it does not match the specific Module 4 fact or principle being tested. Inertia is an object’s tendency to resist a change in its state of rest or motion.","Not this one. acceleration is plausible, but it does not match the specific Module 4 fact or principle being tested. Inertia is an object’s tendency to resist a change in its state of rest or motion.","Not this one. propulsion is plausible, but it does not match the specific Module 4 fact or principle being tested. Inertia is an object’s tendency to resist a change in its state of rest or motion.",Correct. Inertia is an object’s tendency to resist a change in its state of rest or motion.,Inertia = keep doing what you’re doing.,"Review Aerospace Dimensions Module 4, Chapter 2, pages 11-12. Then explain the distinction without looking at the choices.",Aerospace Dimensions Module 4: Rockets,11-12,"Module 4, Chapter 2, pages 11-12",high,educational_infographic,optional_after_answer,module4_newton_rocket_forces,module4_newton_rocket_forces,module4_newton_rocket_forces.png,/assets/cap-visuals/module4_newton_rocket_forces.png,approved,true,"Newton’s three laws, F=ma, thrust, inertia, and the thrust-versus-weight condition for liftoff.","Newton’s three laws, F=ma, thrust, inertia, and the thrust-versus-weight condition for liftoff.","Newton’s three laws, F=ma, thrust, inertia, and the thrust-versus-weight condition for liftoff.",high,close,true,1.0,original_textbook_grounded,Mitchell_Aerospace_sample_style_analysis,draft,AD-M4-Q046,35,AD_M4_100
AD-M4-Q046,4,2,"Rocket Principles, Systems and Engines",AD4-2-inertia,AD4-2-inertia,AD4-2-inertia,multiple_choice,brief_application,medium_hard,application,A rocket remains on the pad until an unbalanced force acts on it. Which concept describes its tendency to remain at rest?,propulsion,inertia,acceleration,thrust,B,Inertia is an object’s tendency to resist a change in its state of rest or motion.,Inertia is an object’s tendency to resist a change in its state of rest or motion.,"Not this one. propulsion is plausible, but it does not match the specific Module 4 fact or principle being tested. Inertia is an object’s tendency to resist a change in its state of rest or motion.",Correct. Inertia is an object’s tendency to resist a change in its state of rest or motion.,"Not this one. acceleration is plausible, but it does not match the specific Module 4 fact or principle being tested. Inertia is an object’s tendency to resist a change in its state of rest or motion.","Not this one. thrust is plausible, but it does not match the specific Module 4 fact or principle being tested. Inertia is an object’s tendency to resist a change in its state of rest or motion.",Inertia = keep doing what you’re doing.,"Review Aerospace Dimensions Module 4, Chapter 2, pages 11-12. Then explain the distinction without looking at the choices.",Aerospace Dimensions Module 4: Rockets,11-12,"Module 4, Chapter 2, pages 11-12",high,educational_infographic,optional_after_answer,module4_newton_rocket_forces,module4_newton_rocket_forces,module4_newton_rocket_forces.png,/assets/cap-visuals/module4_newton_rocket_forces.png,approved,true,"Newton’s three laws, F=ma, thrust, inertia, and the thrust-versus-weight condition for liftoff.","Newton’s three laws, F=ma, thrust, inertia, and the thrust-versus-weight condition for liftoff.","Newton’s three laws, F=ma, thrust, inertia, and the thrust-versus-weight condition for liftoff.",high,close,false,0.8,original_textbook_grounded,Mitchell_Aerospace_sample_style_analysis,draft,AD-M4-Q045,45,AD_M4_100
AD-M4-Q047,4,2,"Rocket Principles, Systems and Engines",AD4-2-newton_first_law,AD4-2-newton_first_law,AD4-2-newton_first_law,multiple_choice,direct_exam_style,medium,recall,Which law states that a body at rest remains at rest and a body in motion stays in motion at constant velocity unless acted on by an outside force?,law of universal gravitation,Newton’s Second Law of Motion,Newton’s First Law of Motion,Newton’s Third Law of Motion,C,Newton’s First Law describes inertia and the need for an unbalanced external force to change motion.,Newton’s First Law describes inertia and the need for an unbalanced external force to change motion.,"Not this one. law of universal gravitation is plausible, but it does not match the specific Module 4 fact or principle being tested. Newton’s First Law describes inertia and the need for an unbalanced external force to change motion.","Not this one. Newton’s Second Law of Motion is plausible, but it does not match the specific Module 4 fact or principle being tested. Newton’s First Law describes inertia and the need for an unbalanced external force to change motion.",Correct. Newton’s First Law describes inertia and the need for an unbalanced external force to change motion.,"Not this one. Newton’s Third Law of Motion is plausible, but it does not match the specific Module 4 fact or principle being tested. Newton’s First Law describes inertia and the need for an unbalanced external force to change motion.","First = inertia: no outside force, no change.","Review Aerospace Dimensions Module 4, Chapter 2, pages 11-12. Then explain the distinction without looking at the choices.",Aerospace Dimensions Module 4: Rockets,11-12,"Module 4, Chapter 2, pages 11-12",high,educational_infographic,optional_after_answer,module4_newton_rocket_forces,module4_newton_rocket_forces,module4_newton_rocket_forces.png,/assets/cap-visuals/module4_newton_rocket_forces.png,approved,true,"Newton’s three laws, F=ma, thrust, inertia, and the thrust-versus-weight condition for liftoff.","Newton’s three laws, F=ma, thrust, inertia, and the thrust-versus-weight condition for liftoff.","Newton’s three laws, F=ma, thrust, inertia, and the thrust-versus-weight condition for liftoff.",high,close,true,1.0,original_textbook_grounded,Mitchell_Aerospace_sample_style_analysis,draft,AD-M4-Q048,35,AD_M4_100
AD-M4-Q048,4,2,"Rocket Principles, Systems and Engines",AD4-2-newton_first_law,AD4-2-newton_first_law,AD4-2-newton_first_law,multiple_choice,brief_application,medium_hard,application,A frictionless cart would continue moving at constant velocity without an additional push. Which law best explains this?,law of universal gravitation,Newton’s First Law of Motion,Newton’s Third Law of Motion,Newton’s Second Law of Motion,B,Newton’s First Law describes inertia and the need for an unbalanced external force to change motion.,Newton’s First Law describes inertia and the need for an unbalanced external force to change motion.,"Not this one. law of universal gravitation is plausible, but it does not match the specific Module 4 fact or principle being tested. Newton’s First Law describes inertia and the need for an unbalanced external force to change motion.",Correct. Newton’s First Law describes inertia and the need for an unbalanced external force to change motion.,"Not this one. Newton’s Third Law of Motion is plausible, but it does not match the specific Module 4 fact or principle being tested. Newton’s First Law describes inertia and the need for an unbalanced external force to change motion.","Not this one. Newton’s Second Law of Motion is plausible, but it does not match the specific Module 4 fact or principle being tested. Newton’s First Law describes inertia and the need for an unbalanced external force to change motion.","First = inertia: no outside force, no change.","Review Aerospace Dimensions Module 4, Chapter 2, pages 11-12. Then explain the distinction without looking at the choices.",Aerospace Dimensions Module 4: Rockets,11-12,"Module 4, Chapter 2, pages 11-12",high,educational_infographic,optional_after_answer,module4_newton_rocket_forces,module4_newton_rocket_forces,module4_newton_rocket_forces.png,/assets/cap-visuals/module4_newton_rocket_forces.png,approved,true,"Newton’s three laws, F=ma, thrust, inertia, and the thrust-versus-weight condition for liftoff.","Newton’s three laws, F=ma, thrust, inertia, and the thrust-versus-weight condition for liftoff.","Newton’s three laws, F=ma, thrust, inertia, and the thrust-versus-weight condition for liftoff.",high,close,true,0.8,original_textbook_grounded,Mitchell_Aerospace_sample_style_analysis,draft,AD-M4-Q047,45,AD_M4_100
AD-M4-Q049,4,2,"Rocket Principles, Systems and Engines",AD4-2-newton_second_law,AD4-2-newton_second_law,AD4-2-newton_second_law,multiple_choice,direct_exam_style,medium,recall,Which law is commonly summarized by the equation F = ma?,Bernoulli’s principle,Newton’s Second Law of Motion,Newton’s Third Law of Motion,Newton’s First Law of Motion,B,"Newton’s Second Law relates force, mass, and acceleration: F = ma.","Newton’s Second Law relates force, mass, and acceleration: F = ma.","Not this one. Bernoulli’s principle is plausible, but it does not match the specific Module 4 fact or principle being tested. Newton’s Second Law relates force, mass, and acceleration: F = ma.","Correct. Newton’s Second Law relates force, mass, and acceleration: F = ma.","Not this one. Newton’s Third Law of Motion is plausible, but it does not match the specific Module 4 fact or principle being tested. Newton’s Second Law relates force, mass, and acceleration: F = ma.","Not this one. Newton’s First Law of Motion is plausible, but it does not match the specific Module 4 fact or principle being tested. Newton’s Second Law relates force, mass, and acceleration: F = ma.",Second = F = ma.,"Review Aerospace Dimensions Module 4, Chapter 2, pages 12. Then explain the distinction without looking at the choices.",Aerospace Dimensions Module 4: Rockets,12,"Module 4, Chapter 2, pages 12",high,educational_infographic,optional_after_answer,module4_newton_rocket_forces,module4_newton_rocket_forces,module4_newton_rocket_forces.png,/assets/cap-visuals/module4_newton_rocket_forces.png,approved,true,"Newton’s three laws, F=ma, thrust, inertia, and the thrust-versus-weight condition for liftoff.","Newton’s three laws, F=ma, thrust, inertia, and the thrust-versus-weight condition for liftoff.","Newton’s three laws, F=ma, thrust, inertia, and the thrust-versus-weight condition for liftoff.",high,close,true,1.0,original_textbook_grounded,Mitchell_Aerospace_sample_style_analysis,draft,AD-M4-Q050,35,AD_M4_100
AD-M4-Q050,4,2,"Rocket Principles, Systems and Engines",AD4-2-newton_second_law,AD4-2-newton_second_law,AD4-2-newton_second_law,multiple_choice,brief_application,medium_hard,application,"Two objects receive the same force, but the lighter one accelerates more. Which law explains the relationship among force, mass, and acceleration?",Newton’s First Law of Motion,Bernoulli’s principle,Newton’s Second Law of Motion,Newton’s Third Law of Motion,C,"Newton’s Second Law relates force, mass, and acceleration: F = ma.","Newton’s Second Law relates force, mass, and acceleration: F = ma.","Not this one. Newton’s First Law of Motion is plausible, but it does not match the specific Module 4 fact or principle being tested. Newton’s Second Law relates force, mass, and acceleration: F = ma.","Not this one. Bernoulli’s principle is plausible, but it does not match the specific Module 4 fact or principle being tested. Newton’s Second Law relates force, mass, and acceleration: F = ma.","Correct. Newton’s Second Law relates force, mass, and acceleration: F = ma.","Not this one. Newton’s Third Law of Motion is plausible, but it does not match the specific Module 4 fact or principle being tested. Newton’s Second Law relates force, mass, and acceleration: F = ma.",Second = F = ma.,"Review Aerospace Dimensions Module 4, Chapter 2, pages 12. Then explain the distinction without looking at the choices.",Aerospace Dimensions Module 4: Rockets,12,"Module 4, Chapter 2, pages 12",high,educational_infographic,optional_after_answer,module4_newton_rocket_forces,module4_newton_rocket_forces,module4_newton_rocket_forces.png,/assets/cap-visuals/module4_newton_rocket_forces.png,approved,true,"Newton’s three laws, F=ma, thrust, inertia, and the thrust-versus-weight condition for liftoff.","Newton’s three laws, F=ma, thrust, inertia, and the thrust-versus-weight condition for liftoff.","Newton’s three laws, F=ma, thrust, inertia, and the thrust-versus-weight condition for liftoff.",high,close,false,0.8,original_textbook_grounded,Mitchell_Aerospace_sample_style_analysis,draft,AD-M4-Q049,45,AD_M4_100
AD-M4-Q051,4,2,"Rocket Principles, Systems and Engines",AD4-2-mass_acceleration_relationship,AD4-2-mass_acceleration_relationship,AD4-2-mass_acceleration_relationship,multiple_choice,direct_exam_style,medium,recall,"If the same force acts on two objects, what happens to acceleration as mass increases?",acceleration stays exactly the same,"if mass increases, acceleration decreases for the same force",acceleration becomes unrelated to force,acceleration increases,B,"From F = ma, for a fixed force, greater mass produces less acceleration.","From F = ma, for a fixed force, greater mass produces less acceleration.","Not this one. acceleration stays exactly the same is plausible, but it does not match the specific Module 4 fact or principle being tested. From F = ma, for a fixed force, greater mass produces less acceleration.","Correct. From F = ma, for a fixed force, greater mass produces less acceleration.","Not this one. acceleration becomes unrelated to force is plausible, but it does not match the specific Module 4 fact or principle being tested. From F = ma, for a fixed force, greater mass produces less acceleration.","Not this one. acceleration increases is plausible, but it does not match the specific Module 4 fact or principle being tested. From F = ma, for a fixed force, greater mass produces less acceleration.",Same force: more mass = less acceleration.,"Review Aerospace Dimensions Module 4, Chapter 2, pages 12. Then explain the distinction without looking at the choices.",Aerospace Dimensions Module 4: Rockets,12,"Module 4, Chapter 2, pages 12",high,educational_infographic,optional_after_answer,module4_newton_rocket_forces,module4_newton_rocket_forces,module4_newton_rocket_forces.png,/assets/cap-visuals/module4_newton_rocket_forces.png,approved,true,"Newton’s three laws, F=ma, thrust, inertia, and the thrust-versus-weight condition for liftoff.","Newton’s three laws, F=ma, thrust, inertia, and the thrust-versus-weight condition for liftoff.","Newton’s three laws, F=ma, thrust, inertia, and the thrust-versus-weight condition for liftoff.",high,close,true,1.0,original_textbook_grounded,Mitchell_Aerospace_sample_style_analysis,draft,AD-M4-Q052,35,AD_M4_100
AD-M4-Q052,4,2,"Rocket Principles, Systems and Engines",AD4-2-mass_acceleration_relationship,AD4-2-mass_acceleration_relationship,AD4-2-mass_acceleration_relationship,multiple_choice,brief_application,medium_hard,application,A rocket is made heavier while engine force stays unchanged. What should happen to its acceleration?,acceleration becomes unrelated to force,acceleration increases,"if mass increases, acceleration decreases for the same force",acceleration stays exactly the same,C,"From F = ma, for a fixed force, greater mass produces less acceleration.","From F = ma, for a fixed force, greater mass produces less acceleration.","Not this one. acceleration becomes unrelated to force is plausible, but it does not match the specific Module 4 fact or principle being tested. From F = ma, for a fixed force, greater mass produces less acceleration.","Not this one. acceleration increases is plausible, but it does not match the specific Module 4 fact or principle being tested. From F = ma, for a fixed force, greater mass produces less acceleration.","Correct. From F = ma, for a fixed force, greater mass produces less acceleration.","Not this one. acceleration stays exactly the same is plausible, but it does not match the specific Module 4 fact or principle being tested. From F = ma, for a fixed force, greater mass produces less acceleration.",Same force: more mass = less acceleration.,"Review Aerospace Dimensions Module 4, Chapter 2, pages 12. Then explain the distinction without looking at the choices.",Aerospace Dimensions Module 4: Rockets,12,"Module 4, Chapter 2, pages 12",high,educational_infographic,optional_after_answer,module4_newton_rocket_forces,module4_newton_rocket_forces,module4_newton_rocket_forces.png,/assets/cap-visuals/module4_newton_rocket_forces.png,approved,true,"Newton’s three laws, F=ma, thrust, inertia, and the thrust-versus-weight condition for liftoff.","Newton’s three laws, F=ma, thrust, inertia, and the thrust-versus-weight condition for liftoff.","Newton’s three laws, F=ma, thrust, inertia, and the thrust-versus-weight condition for liftoff.",high,close,true,0.8,original_textbook_grounded,Mitchell_Aerospace_sample_style_analysis,draft,AD-M4-Q051,45,AD_M4_100
AD-M4-Q053,4,2,"Rocket Principles, Systems and Engines",AD4-2-newton_third_law,AD4-2-newton_third_law,AD4-2-newton_third_law,multiple_choice,direct_exam_style,medium,recall,Which law states that for every action there is an equal and opposite reaction?,law of inertia only,Newton’s First Law of Motion,Newton’s Second Law of Motion,Newton’s Third Law of Motion,D,Newton’s Third Law explains the action-reaction pair between expelled gases and rocket motion.,Newton’s Third Law explains the action-reaction pair between expelled gases and rocket motion.,"Not this one. law of inertia only is plausible, but it does not match the specific Module 4 fact or principle being tested. Newton’s Third Law explains the action-reaction pair between expelled gases and rocket motion.","Not this one. Newton’s First Law of Motion is plausible, but it does not match the specific Module 4 fact or principle being tested. Newton’s Third Law explains the action-reaction pair between expelled gases and rocket motion.","Not this one. Newton’s Second Law of Motion is plausible, but it does not match the specific Module 4 fact or principle being tested. Newton’s Third Law explains the action-reaction pair between expelled gases and rocket motion.",Correct. Newton’s Third Law explains the action-reaction pair between expelled gases and rocket motion.,Third = action ↔ equal opposite reaction.,"Review Aerospace Dimensions Module 4, Chapter 2, pages 13. Then explain the distinction without looking at the choices.",Aerospace Dimensions Module 4: Rockets,13,"Module 4, Chapter 2, pages 13",high,educational_infographic,optional_after_answer,module4_newton_rocket_forces,module4_newton_rocket_forces,module4_newton_rocket_forces.png,/assets/cap-visuals/module4_newton_rocket_forces.png,approved,true,"Newton’s three laws, F=ma, thrust, inertia, and the thrust-versus-weight condition for liftoff.","Newton’s three laws, F=ma, thrust, inertia, and the thrust-versus-weight condition for liftoff.","Newton’s three laws, F=ma, thrust, inertia, and the thrust-versus-weight condition for liftoff.",high,close,true,1.0,original_textbook_grounded,Mitchell_Aerospace_sample_style_analysis,draft,AD-M4-Q054,35,AD_M4_100
AD-M4-Q054,4,2,"Rocket Principles, Systems and Engines",AD4-2-newton_third_law,AD4-2-newton_third_law,AD4-2-newton_third_law,multiple_choice,brief_application,medium_hard,application,Hot gases rush downward from a rocket and the rocket moves upward. Which law explains this pair of forces?,Newton’s First Law of Motion,law of inertia only,Newton’s Third Law of Motion,Newton’s Second Law of Motion,C,Newton’s Third Law explains the action-reaction pair between expelled gases and rocket motion.,Newton’s Third Law explains the action-reaction pair between expelled gases and rocket motion.,"Not this one. Newton’s First Law of Motion is plausible, but it does not match the specific Module 4 fact or principle being tested. Newton’s Third Law explains the action-reaction pair between expelled gases and rocket motion.","Not this one. law of inertia only is plausible, but it does not match the specific Module 4 fact or principle being tested. Newton’s Third Law explains the action-reaction pair between expelled gases and rocket motion.",Correct. Newton’s Third Law explains the action-reaction pair between expelled gases and rocket motion.,"Not this one. Newton’s Second Law of Motion is plausible, but it does not match the specific Module 4 fact or principle being tested. Newton’s Third Law explains the action-reaction pair between expelled gases and rocket motion.",Third = action ↔ equal opposite reaction.,"Review Aerospace Dimensions Module 4, Chapter 2, pages 13. Then explain the distinction without looking at the choices.",Aerospace Dimensions Module 4: Rockets,13,"Module 4, Chapter 2, pages 13",high,educational_infographic,optional_after_answer,module4_newton_rocket_forces,module4_newton_rocket_forces,module4_newton_rocket_forces.png,/assets/cap-visuals/module4_newton_rocket_forces.png,approved,true,"Newton’s three laws, F=ma, thrust, inertia, and the thrust-versus-weight condition for liftoff.","Newton’s three laws, F=ma, thrust, inertia, and the thrust-versus-weight condition for liftoff.","Newton’s three laws, F=ma, thrust, inertia, and the thrust-versus-weight condition for liftoff.",high,close,false,0.8,original_textbook_grounded,Mitchell_Aerospace_sample_style_analysis,draft,AD-M4-Q053,45,AD_M4_100
AD-M4-Q055,4,2,"Rocket Principles, Systems and Engines",AD4-2-thrust,AD4-2-thrust,AD4-2-thrust,multiple_choice,direct_exam_style,medium,recall,What term means the push that propels a rocket?,payload,guidance,thrust,inertia,C,Thrust is the pushing force produced by a rocket engine.,Thrust is the pushing force produced by a rocket engine.,"Not this one. payload is plausible, but it does not match the specific Module 4 fact or principle being tested. Thrust is the pushing force produced by a rocket engine.","Not this one. guidance is plausible, but it does not match the specific Module 4 fact or principle being tested. Thrust is the pushing force produced by a rocket engine.",Correct. Thrust is the pushing force produced by a rocket engine.,"Not this one. inertia is plausible, but it does not match the specific Module 4 fact or principle being tested. Thrust is the pushing force produced by a rocket engine.",Thrust = push.,"Review Aerospace Dimensions Module 4, Chapter 2, pages 11-13. Then explain the distinction without looking at the choices.",Aerospace Dimensions Module 4: Rockets,11-13,"Module 4, Chapter 2, pages 11-13",high,educational_infographic,optional_after_answer,module4_newton_rocket_forces,module4_newton_rocket_forces,module4_newton_rocket_forces.png,/assets/cap-visuals/module4_newton_rocket_forces.png,approved,true,"Newton’s three laws, F=ma, thrust, inertia, and the thrust-versus-weight condition for liftoff.","Newton’s three laws, F=ma, thrust, inertia, and the thrust-versus-weight condition for liftoff.","Newton’s three laws, F=ma, thrust, inertia, and the thrust-versus-weight condition for liftoff.",high,close,true,1.0,original_textbook_grounded,Mitchell_Aerospace_sample_style_analysis,draft,AD-M4-Q056,35,AD_M4_100
AD-M4-Q056,4,2,"Rocket Principles, Systems and Engines",AD4-2-thrust,AD4-2-thrust,AD4-2-thrust,multiple_choice,brief_application,medium_hard,application,The engines ignite and provide an upward force strong enough to overcome the rocket’s weight. What is that force called?,guidance,payload,inertia,thrust,D,Thrust is the pushing force produced by a rocket engine.,Thrust is the pushing force produced by a rocket engine.,"Not this one. guidance is plausible, but it does not match the specific Module 4 fact or principle being tested. Thrust is the pushing force produced by a rocket engine.","Not this one. payload is plausible, but it does not match the specific Module 4 fact or principle being tested. Thrust is the pushing force produced by a rocket engine.","Not this one. inertia is plausible, but it does not match the specific Module 4 fact or principle being tested. Thrust is the pushing force produced by a rocket engine.",Correct. Thrust is the pushing force produced by a rocket engine.,Thrust = push.,"Review Aerospace Dimensions Module 4, Chapter 2, pages 11-13. Then explain the distinction without looking at the choices.",Aerospace Dimensions Module 4: Rockets,11-13,"Module 4, Chapter 2, pages 11-13",high,educational_infographic,optional_after_answer,module4_newton_rocket_forces,module4_newton_rocket_forces,module4_newton_rocket_forces.png,/assets/cap-visuals/module4_newton_rocket_forces.png,approved,true,"Newton’s three laws, F=ma, thrust, inertia, and the thrust-versus-weight condition for liftoff.","Newton’s three laws, F=ma, thrust, inertia, and the thrust-versus-weight condition for liftoff.","Newton’s three laws, F=ma, thrust, inertia, and the thrust-versus-weight condition for liftoff.",high,close,true,0.8,original_textbook_grounded,Mitchell_Aerospace_sample_style_analysis,draft,AD-M4-Q055,45,AD_M4_100
AD-M4-Q057,4,2,"Rocket Principles, Systems and Engines",AD4-2-liftoff_condition,AD4-2-liftoff_condition,AD4-2-liftoff_condition,multiple_choice,direct_exam_style,medium,recall,What must be true for a rocket to lift off from the launch pad?,thrust must equal weight exactly,thrust must be greater than the rocket’s weight,weight must be greater than thrust,all forces must remain balanced,B,Liftoff begins when engine thrust exceeds the rocket’s weight and the forces become unbalanced upward.,Liftoff begins when engine thrust exceeds the rocket’s weight and the forces become unbalanced upward.,"Not this one. thrust must equal weight exactly is plausible, but it does not match the specific Module 4 fact or principle being tested. Liftoff begins when engine thrust exceeds the rocket’s weight and the forces become unbalanced upward.",Correct. Liftoff begins when engine thrust exceeds the rocket’s weight and the forces become unbalanced upward.,"Not this one. weight must be greater than thrust is plausible, but it does not match the specific Module 4 fact or principle being tested. Liftoff begins when engine thrust exceeds the rocket’s weight and the forces become unbalanced upward.","Not this one. all forces must remain balanced is plausible, but it does not match the specific Module 4 fact or principle being tested. Liftoff begins when engine thrust exceeds the rocket’s weight and the forces become unbalanced upward.",To lift: thrust > weight.,"Review Aerospace Dimensions Module 4, Chapter 2, pages 13. Then explain the distinction without looking at the choices.",Aerospace Dimensions Module 4: Rockets,13,"Module 4, Chapter 2, pages 13",high,educational_infographic,optional_after_answer,module4_newton_rocket_forces,module4_newton_rocket_forces,module4_newton_rocket_forces.png,/assets/cap-visuals/module4_newton_rocket_forces.png,approved,true,"Newton’s three laws, F=ma, thrust, inertia, and the thrust-versus-weight condition for liftoff.","Newton’s three laws, F=ma, thrust, inertia, and the thrust-versus-weight condition for liftoff.","Newton’s three laws, F=ma, thrust, inertia, and the thrust-versus-weight condition for liftoff.",high,close,true,1.0,original_textbook_grounded,Mitchell_Aerospace_sample_style_analysis,draft,AD-M4-Q058,35,AD_M4_100
AD-M4-Q058,4,2,"Rocket Principles, Systems and Engines",AD4-2-liftoff_condition,AD4-2-liftoff_condition,AD4-2-liftoff_condition,multiple_choice,brief_application,medium_hard,application,"A rocket engine is firing, but the vehicle is still sitting on the pad. Which change is necessary for liftoff?",all forces must remain balanced,thrust must be greater than the rocket’s weight,weight must be greater than thrust,thrust must equal weight exactly,B,Liftoff begins when engine thrust exceeds the rocket’s weight and the forces become unbalanced upward.,Liftoff begins when engine thrust exceeds the rocket’s weight and the forces become unbalanced upward.,"Not this one. all forces must remain balanced is plausible, but it does not match the specific Module 4 fact or principle being tested. Liftoff begins when engine thrust exceeds the rocket’s weight and the forces become unbalanced upward.",Correct. Liftoff begins when engine thrust exceeds the rocket’s weight and the forces become unbalanced upward.,"Not this one. weight must be greater than thrust is plausible, but it does not match the specific Module 4 fact or principle being tested. Liftoff begins when engine thrust exceeds the rocket’s weight and the forces become unbalanced upward.","Not this one. thrust must equal weight exactly is plausible, but it does not match the specific Module 4 fact or principle being tested. Liftoff begins when engine thrust exceeds the rocket’s weight and the forces become unbalanced upward.",To lift: thrust > weight.,"Review Aerospace Dimensions Module 4, Chapter 2, pages 13. Then explain the distinction without looking at the choices.",Aerospace Dimensions Module 4: Rockets,13,"Module 4, Chapter 2, pages 13",high,educational_infographic,optional_after_answer,module4_newton_rocket_forces,module4_newton_rocket_forces,module4_newton_rocket_forces.png,/assets/cap-visuals/module4_newton_rocket_forces.png,approved,true,"Newton’s three laws, F=ma, thrust, inertia, and the thrust-versus-weight condition for liftoff.","Newton’s three laws, F=ma, thrust, inertia, and the thrust-versus-weight condition for liftoff.","Newton’s three laws, F=ma, thrust, inertia, and the thrust-versus-weight condition for liftoff.",high,close,false,0.8,original_textbook_grounded,Mitchell_Aerospace_sample_style_analysis,draft,AD-M4-Q057,45,AD_M4_100
AD-M4-Q059,4,2,"Rocket Principles, Systems and Engines",AD4-2-payload,AD4-2-payload,AD4-2-payload,multiple_choice,direct_exam_style,medium,recall,What term means whatever the rocket is carrying?,guidance system,airframe,payload,propulsion system,C,"Payload is the person, equipment, spacecraft, explosives, or other material a rocket carries.","Payload is the person, equipment, spacecraft, explosives, or other material a rocket carries.","Not this one. guidance system is plausible, but it does not match the specific Module 4 fact or principle being tested. Payload is the person, equipment, spacecraft, explosives, or other material a rocket carries.","Not this one. airframe is plausible, but it does not match the specific Module 4 fact or principle being tested. Payload is the person, equipment, spacecraft, explosives, or other material a rocket carries.","Correct. Payload is the person, equipment, spacecraft, explosives, or other material a rocket carries.","Not this one. propulsion system is plausible, but it does not match the specific Module 4 fact or principle being tested. Payload is the person, equipment, spacecraft, explosives, or other material a rocket carries.",Payload = what rides along.,"Review Aerospace Dimensions Module 4, Chapter 2, pages 11,13. Then explain the distinction without looking at the choices.",Aerospace Dimensions Module 4: Rockets,"11,13","Module 4, Chapter 2, pages 11,13",high,educational_infographic,optional_after_answer,module4_rocket_systems_controls,module4_rocket_systems_controls,module4_rocket_systems_controls.png,/assets/cap-visuals/module4_rocket_systems_controls.png,approved,true,"The rocket airframe, payload, guidance, control, and common steering methods.","The rocket airframe, payload, guidance, control, and common steering methods.","The rocket airframe, payload, guidance, control, and common steering methods.",high,close,true,1.0,original_textbook_grounded,Mitchell_Aerospace_sample_style_analysis,draft,AD-M4-Q060,35,AD_M4_100
AD-M4-Q060,4,2,"Rocket Principles, Systems and Engines",AD4-2-payload,AD4-2-payload,AD4-2-payload,multiple_choice,brief_application,medium_hard,application,A launch vehicle is carrying a satellite to orbit. What is the satellite considered?,guidance system,airframe,propulsion system,payload,D,"Payload is the person, equipment, spacecraft, explosives, or other material a rocket carries.","Payload is the person, equipment, spacecraft, explosives, or other material a rocket carries.","Not this one. guidance system is plausible, but it does not match the specific Module 4 fact or principle being tested. Payload is the person, equipment, spacecraft, explosives, or other material a rocket carries.","Not this one. airframe is plausible, but it does not match the specific Module 4 fact or principle being tested. Payload is the person, equipment, spacecraft, explosives, or other material a rocket carries.","Not this one. propulsion system is plausible, but it does not match the specific Module 4 fact or principle being tested. Payload is the person, equipment, spacecraft, explosives, or other material a rocket carries.","Correct. Payload is the person, equipment, spacecraft, explosives, or other material a rocket carries.",Payload = what rides along.,"Review Aerospace Dimensions Module 4, Chapter 2, pages 11,13. Then explain the distinction without looking at the choices.",Aerospace Dimensions Module 4: Rockets,"11,13","Module 4, Chapter 2, pages 11,13",high,educational_infographic,optional_after_answer,module4_rocket_systems_controls,module4_rocket_systems_controls,module4_rocket_systems_controls.png,/assets/cap-visuals/module4_rocket_systems_controls.png,approved,true,"The rocket airframe, payload, guidance, control, and common steering methods.","The rocket airframe, payload, guidance, control, and common steering methods.","The rocket airframe, payload, guidance, control, and common steering methods.",high,close,true,0.8,original_textbook_grounded,Mitchell_Aerospace_sample_style_analysis,draft,AD-M4-Q059,45,AD_M4_100
AD-M4-Q061,4,2,"Rocket Principles, Systems and Engines",AD4-2-airframe,AD4-2-airframe,AD4-2-airframe,multiple_choice,direct_exam_style,medium,recall,Which major rocket system provides the vehicle’s shape and contains the other systems?,propulsion system,control system,guidance system,airframe,D,The airframe is the rocket’s structural body or skin and contains the other systems.,The airframe is the rocket’s structural body or skin and contains the other systems.,"Not this one. propulsion system is plausible, but it does not match the specific Module 4 fact or principle being tested. The airframe is the rocket’s structural body or skin and contains the other systems.","Not this one. control system is plausible, but it does not match the specific Module 4 fact or principle being tested. The airframe is the rocket’s structural body or skin and contains the other systems.","Not this one. guidance system is plausible, but it does not match the specific Module 4 fact or principle being tested. The airframe is the rocket’s structural body or skin and contains the other systems.",Correct. The airframe is the rocket’s structural body or skin and contains the other systems.,Airframe = rocket body/skin.,"Review Aerospace Dimensions Module 4, Chapter 2, pages 11,13. Then explain the distinction without looking at the choices.",Aerospace Dimensions Module 4: Rockets,"11,13","Module 4, Chapter 2, pages 11,13",high,educational_infographic,optional_after_answer,module4_rocket_systems_controls,module4_rocket_systems_controls,module4_rocket_systems_controls.png,/assets/cap-visuals/module4_rocket_systems_controls.png,approved,true,"The rocket airframe, payload, guidance, control, and common steering methods.","The rocket airframe, payload, guidance, control, and common steering methods.","The rocket airframe, payload, guidance, control, and common steering methods.",high,close,true,1.0,original_textbook_grounded,Mitchell_Aerospace_sample_style_analysis,draft,AD-M4-Q062,35,AD_M4_100
AD-M4-Q062,4,2,"Rocket Principles, Systems and Engines",AD4-2-airframe,AD4-2-airframe,AD4-2-airframe,multiple_choice,brief_application,medium_hard,application,"Engineers need a lightweight but strong structure that withstands heat, stress, and vibration and serves as the rocket’s skin. Which system are they designing?",propulsion system,control system,guidance system,airframe,D,The airframe is the rocket’s structural body or skin and contains the other systems.,The airframe is the rocket’s structural body or skin and contains the other systems.,"Not this one. propulsion system is plausible, but it does not match the specific Module 4 fact or principle being tested. The airframe is the rocket’s structural body or skin and contains the other systems.","Not this one. control system is plausible, but it does not match the specific Module 4 fact or principle being tested. The airframe is the rocket’s structural body or skin and contains the other systems.","Not this one. guidance system is plausible, but it does not match the specific Module 4 fact or principle being tested. The airframe is the rocket’s structural body or skin and contains the other systems.",Correct. The airframe is the rocket’s structural body or skin and contains the other systems.,Airframe = rocket body/skin.,"Review Aerospace Dimensions Module 4, Chapter 2, pages 11,13. Then explain the distinction without looking at the choices.",Aerospace Dimensions Module 4: Rockets,"11,13","Module 4, Chapter 2, pages 11,13",high,educational_infographic,optional_after_answer,module4_rocket_systems_controls,module4_rocket_systems_controls,module4_rocket_systems_controls.png,/assets/cap-visuals/module4_rocket_systems_controls.png,approved,true,"The rocket airframe, payload, guidance, control, and common steering methods.","The rocket airframe, payload, guidance, control, and common steering methods.","The rocket airframe, payload, guidance, control, and common steering methods.",high,close,false,0.8,original_textbook_grounded,Mitchell_Aerospace_sample_style_analysis,draft,AD-M4-Q061,45,AD_M4_100
AD-M4-Q063,4,2,"Rocket Principles, Systems and Engines",AD4-2-guidance_system,AD4-2-guidance_system,AD4-2-guidance_system,multiple_choice,direct_exam_style,medium,recall,Which major rocket system is described as the “brain” that gets the rocket and payload to the destination?,control system,propulsion system,guidance system,airframe,C,The guidance system determines where the rocket needs to go and is described as the brain of the rocket.,The guidance system determines where the rocket needs to go and is described as the brain of the rocket.,"Not this one. control system is plausible, but it does not match the specific Module 4 fact or principle being tested. The guidance system determines where the rocket needs to go and is described as the brain of the rocket.","Not this one. propulsion system is plausible, but it does not match the specific Module 4 fact or principle being tested. The guidance system determines where the rocket needs to go and is described as the brain of the rocket.",Correct. The guidance system determines where the rocket needs to go and is described as the brain of the rocket.,"Not this one. airframe is plausible, but it does not match the specific Module 4 fact or principle being tested. The guidance system determines where the rocket needs to go and is described as the brain of the rocket.",Guidance = brain and destination.,"Review Aerospace Dimensions Module 4, Chapter 2, pages 11,13-14. Then explain the distinction without looking at the choices.",Aerospace Dimensions Module 4: Rockets,"11,13-14","Module 4, Chapter 2, pages 11,13-14",high,educational_infographic,optional_after_answer,module4_rocket_systems_controls,module4_rocket_systems_controls,module4_rocket_systems_controls.png,/assets/cap-visuals/module4_rocket_systems_controls.png,approved,true,"The rocket airframe, payload, guidance, control, and common steering methods.","The rocket airframe, payload, guidance, control, and common steering methods.","The rocket airframe, payload, guidance, control, and common steering methods.",high,close,true,1.0,original_textbook_grounded,Mitchell_Aerospace_sample_style_analysis,draft,AD-M4-Q064,35,AD_M4_100
AD-M4-Q064,4,2,"Rocket Principles, Systems and Engines",AD4-2-guidance_system,AD4-2-guidance_system,AD4-2-guidance_system,multiple_choice,brief_application,medium_hard,application,A computer calculates the desired trajectory and can receive changes from mission controllers. Which system is doing this job?,guidance system,propulsion system,airframe,control system,A,The guidance system determines where the rocket needs to go and is described as the brain of the rocket.,The guidance system determines where the rocket needs to go and is described as the brain of the rocket.,Correct. The guidance system determines where the rocket needs to go and is described as the brain of the rocket.,"Not this one. propulsion system is plausible, but it does not match the specific Module 4 fact or principle being tested. The guidance system determines where the rocket needs to go and is described as the brain of the rocket.","Not this one. airframe is plausible, but it does not match the specific Module 4 fact or principle being tested. The guidance system determines where the rocket needs to go and is described as the brain of the rocket.","Not this one. control system is plausible, but it does not match the specific Module 4 fact or principle being tested. The guidance system determines where the rocket needs to go and is described as the brain of the rocket.",Guidance = brain and destination.,"Review Aerospace Dimensions Module 4, Chapter 2, pages 11,13-14. Then explain the distinction without looking at the choices.",Aerospace Dimensions Module 4: Rockets,"11,13-14","Module 4, Chapter 2, pages 11,13-14",high,educational_infographic,optional_after_answer,module4_rocket_systems_controls,module4_rocket_systems_controls,module4_rocket_systems_controls.png,/assets/cap-visuals/module4_rocket_systems_controls.png,approved,true,"The rocket airframe, payload, guidance, control, and common steering methods.","The rocket airframe, payload, guidance, control, and common steering methods.","The rocket airframe, payload, guidance, control, and common steering methods.",high,close,true,0.8,original_textbook_grounded,Mitchell_Aerospace_sample_style_analysis,draft,AD-M4-Q063,45,AD_M4_100
AD-M4-Q065,4,2,"Rocket Principles, Systems and Engines",AD4-2-control_system,AD4-2-control_system,AD4-2-control_system,multiple_choice,direct_exam_style,medium,recall,"Which major rocket system takes guidance information, steers the rocket, and keeps it stable?",control system,payload system,propulsion system,guidance system,A,The control system uses guidance information to steer and stabilize the rocket.,The control system uses guidance information to steer and stabilize the rocket.,Correct. The control system uses guidance information to steer and stabilize the rocket.,"Not this one. payload system is plausible, but it does not match the specific Module 4 fact or principle being tested. The control system uses guidance information to steer and stabilize the rocket.","Not this one. propulsion system is plausible, but it does not match the specific Module 4 fact or principle being tested. The control system uses guidance information to steer and stabilize the rocket.","Not this one. guidance system is plausible, but it does not match the specific Module 4 fact or principle being tested. The control system uses guidance information to steer and stabilize the rocket.",Guidance decides; control steers.,"Review Aerospace Dimensions Module 4, Chapter 2, pages 11,14. Then explain the distinction without looking at the choices.",Aerospace Dimensions Module 4: Rockets,"11,14","Module 4, Chapter 2, pages 11,14",high,educational_infographic,optional_after_answer,module4_rocket_systems_controls,module4_rocket_systems_controls,module4_rocket_systems_controls.png,/assets/cap-visuals/module4_rocket_systems_controls.png,approved,true,"The rocket airframe, payload, guidance, control, and common steering methods.","The rocket airframe, payload, guidance, control, and common steering methods.","The rocket airframe, payload, guidance, control, and common steering methods.",high,close,true,1.0,original_textbook_grounded,Mitchell_Aerospace_sample_style_analysis,draft,AD-M4-Q066,35,AD_M4_100
AD-M4-Q066,4,2,"Rocket Principles, Systems and Engines",AD4-2-control_system,AD4-2-control_system,AD4-2-control_system,multiple_choice,brief_application,medium_hard,application,"The guidance computer commands a course correction, and hardware physically turns the vehicle. Which system performs the steering?",control system,propulsion system,payload system,guidance system,A,The control system uses guidance information to steer and stabilize the rocket.,The control system uses guidance information to steer and stabilize the rocket.,Correct. The control system uses guidance information to steer and stabilize the rocket.,"Not this one. propulsion system is plausible, but it does not match the specific Module 4 fact or principle being tested. The control system uses guidance information to steer and stabilize the rocket.","Not this one. payload system is plausible, but it does not match the specific Module 4 fact or principle being tested. The control system uses guidance information to steer and stabilize the rocket.","Not this one. guidance system is plausible, but it does not match the specific Module 4 fact or principle being tested. The control system uses guidance information to steer and stabilize the rocket.",Guidance decides; control steers.,"Review Aerospace Dimensions Module 4, Chapter 2, pages 11,14. Then explain the distinction without looking at the choices.",Aerospace Dimensions Module 4: Rockets,"11,14","Module 4, Chapter 2, pages 11,14",high,educational_infographic,optional_after_answer,module4_rocket_systems_controls,module4_rocket_systems_controls,module4_rocket_systems_controls.png,/assets/cap-visuals/module4_rocket_systems_controls.png,approved,true,"The rocket airframe, payload, guidance, control, and common steering methods.","The rocket airframe, payload, guidance, control, and common steering methods.","The rocket airframe, payload, guidance, control, and common steering methods.",high,close,false,0.8,original_textbook_grounded,Mitchell_Aerospace_sample_style_analysis,draft,AD-M4-Q065,45,AD_M4_100
AD-M4-Q067,4,2,"Rocket Principles, Systems and Engines",AD4-2-control_methods,AD4-2-control_methods,AD4-2-control_methods,multiple_choice,direct_exam_style,medium,recall,Which group lists examples of rocket control devices described in Module 4?,"fuel tanks, payloads, and parachutes","altimeters, pitot tubes, and rudders","heat shields, landing gear, and wings only","vanes, movable fins, gimbaled nozzles, and attitude-control rockets",D,"Rocket control can use vanes, movable fins, gimbaled nozzles, and attitude-control rockets.","Rocket control can use vanes, movable fins, gimbaled nozzles, and attitude-control rockets.","Not this one. fuel tanks, payloads, and parachutes is plausible, but it does not match the specific Module 4 fact or principle being tested. Rocket control can use vanes, movable fins, gimbaled nozzles, and attitude-control rockets.","Not this one. altimeters, pitot tubes, and rudders is plausible, but it does not match the specific Module 4 fact or principle being tested. Rocket control can use vanes, movable fins, gimbaled nozzles, and attitude-control rockets.","Not this one. heat shields, landing gear, and wings only is plausible, but it does not match the specific Module 4 fact or principle being tested. Rocket control can use vanes, movable fins, gimbaled nozzles, and attitude-control rockets.","Correct. Rocket control can use vanes, movable fins, gimbaled nozzles, and attitude-control rockets.","V-F-G-A: Vanes, Fins, Gimbals, Attitude rockets.","Review Aerospace Dimensions Module 4, Chapter 2, pages 14. Then explain the distinction without looking at the choices.",Aerospace Dimensions Module 4: Rockets,14,"Module 4, Chapter 2, pages 14",high,educational_infographic,optional_after_answer,module4_rocket_systems_controls,module4_rocket_systems_controls,module4_rocket_systems_controls.png,/assets/cap-visuals/module4_rocket_systems_controls.png,approved,true,"The rocket airframe, payload, guidance, control, and common steering methods.","The rocket airframe, payload, guidance, control, and common steering methods.","The rocket airframe, payload, guidance, control, and common steering methods.",high,close,true,1.0,original_textbook_grounded,Mitchell_Aerospace_sample_style_analysis,draft,AD-M4-Q068,35,AD_M4_100
AD-M4-Q068,4,2,"Rocket Principles, Systems and Engines",AD4-2-control_methods,AD4-2-control_methods,AD4-2-control_methods,multiple_choice,brief_application,medium_hard,application,"A vehicle needs to turn by deflecting exhaust, moving fins, swiveling a nozzle, or firing small thrusters. What category do these devices belong to?","vanes, movable fins, gimbaled nozzles, and attitude-control rockets","heat shields, landing gear, and wings only","fuel tanks, payloads, and parachutes","altimeters, pitot tubes, and rudders",A,"Rocket control can use vanes, movable fins, gimbaled nozzles, and attitude-control rockets.","Rocket control can use vanes, movable fins, gimbaled nozzles, and attitude-control rockets.","Correct. Rocket control can use vanes, movable fins, gimbaled nozzles, and attitude-control rockets.","Not this one. heat shields, landing gear, and wings only is plausible, but it does not match the specific Module 4 fact or principle being tested. Rocket control can use vanes, movable fins, gimbaled nozzles, and attitude-control rockets.","Not this one. fuel tanks, payloads, and parachutes is plausible, but it does not match the specific Module 4 fact or principle being tested. Rocket control can use vanes, movable fins, gimbaled nozzles, and attitude-control rockets.","Not this one. altimeters, pitot tubes, and rudders is plausible, but it does not match the specific Module 4 fact or principle being tested. Rocket control can use vanes, movable fins, gimbaled nozzles, and attitude-control rockets.","V-F-G-A: Vanes, Fins, Gimbals, Attitude rockets.","Review Aerospace Dimensions Module 4, Chapter 2, pages 14. Then explain the distinction without looking at the choices.",Aerospace Dimensions Module 4: Rockets,14,"Module 4, Chapter 2, pages 14",high,educational_infographic,optional_after_answer,module4_rocket_systems_controls,module4_rocket_systems_controls,module4_rocket_systems_controls.png,/assets/cap-visuals/module4_rocket_systems_controls.png,approved,true,"The rocket airframe, payload, guidance, control, and common steering methods.","The rocket airframe, payload, guidance, control, and common steering methods.","The rocket airframe, payload, guidance, control, and common steering methods.",high,close,true,0.8,original_textbook_grounded,Mitchell_Aerospace_sample_style_analysis,draft,AD-M4-Q067,45,AD_M4_100
AD-M4-Q069,4,2,"Rocket Principles, Systems and Engines",AD4-2-propulsion_system,AD4-2-propulsion_system,AD4-2-propulsion_system,multiple_choice,direct_exam_style,medium,recall,"Which major rocket system includes the propellant, propellant containers, and engine?",propulsion system,airframe,guidance system,control system,A,The propulsion system includes everything directly associated with propelling the rocket.,The propulsion system includes everything directly associated with propelling the rocket.,Correct. The propulsion system includes everything directly associated with propelling the rocket.,"Not this one. airframe is plausible, but it does not match the specific Module 4 fact or principle being tested. The propulsion system includes everything directly associated with propelling the rocket.","Not this one. guidance system is plausible, but it does not match the specific Module 4 fact or principle being tested. The propulsion system includes everything directly associated with propelling the rocket.","Not this one. control system is plausible, but it does not match the specific Module 4 fact or principle being tested. The propulsion system includes everything directly associated with propelling the rocket.",Propulsion = propellant + tanks + engine.,"Review Aerospace Dimensions Module 4, Chapter 2, pages 11,14. Then explain the distinction without looking at the choices.",Aerospace Dimensions Module 4: Rockets,"11,14","Module 4, Chapter 2, pages 11,14",high,educational_infographic,optional_after_answer,module4_propulsion_staging,module4_propulsion_staging,module4_propulsion_staging.png,/assets/cap-visuals/module4_propulsion_staging.png,approved,true,"Solid versus liquid propulsion, fuel and oxidizer, rocket operation in space, and staging.","Solid versus liquid propulsion, fuel and oxidizer, rocket operation in space, and staging.","Solid versus liquid propulsion, fuel and oxidizer, rocket operation in space, and staging.",high,close,true,1.0,original_textbook_grounded,Mitchell_Aerospace_sample_style_analysis,draft,AD-M4-Q070,35,AD_M4_100
AD-M4-Q070,4,2,"Rocket Principles, Systems and Engines",AD4-2-propulsion_system,AD4-2-propulsion_system,AD4-2-propulsion_system,multiple_choice,brief_application,medium_hard,application,"A technician is working on fuel, oxidizer tanks, pumps, combustion chamber, and nozzle. Which major system is being serviced?",propulsion system,airframe,control system,guidance system,A,The propulsion system includes everything directly associated with propelling the rocket.,The propulsion system includes everything directly associated with propelling the rocket.,Correct. The propulsion system includes everything directly associated with propelling the rocket.,"Not this one. airframe is plausible, but it does not match the specific Module 4 fact or principle being tested. The propulsion system includes everything directly associated with propelling the rocket.","Not this one. control system is plausible, but it does not match the specific Module 4 fact or principle being tested. The propulsion system includes everything directly associated with propelling the rocket.","Not this one. guidance system is plausible, but it does not match the specific Module 4 fact or principle being tested. The propulsion system includes everything directly associated with propelling the rocket.",Propulsion = propellant + tanks + engine.,"Review Aerospace Dimensions Module 4, Chapter 2, pages 11,14. Then explain the distinction without looking at the choices.",Aerospace Dimensions Module 4: Rockets,"11,14","Module 4, Chapter 2, pages 11,14",high,educational_infographic,optional_after_answer,module4_propulsion_staging,module4_propulsion_staging,module4_propulsion_staging.png,/assets/cap-visuals/module4_propulsion_staging.png,approved,true,"Solid versus liquid propulsion, fuel and oxidizer, rocket operation in space, and staging.","Solid versus liquid propulsion, fuel and oxidizer, rocket operation in space, and staging.","Solid versus liquid propulsion, fuel and oxidizer, rocket operation in space, and staging.",high,close,false,0.8,original_textbook_grounded,Mitchell_Aerospace_sample_style_analysis,draft,AD-M4-Q069,45,AD_M4_100
AD-M4-Q071,4,2,"Rocket Principles, Systems and Engines",AD4-2-oxidizer,AD4-2-oxidizer,AD4-2-oxidizer,multiple_choice,direct_exam_style,medium,recall,What part of rocket propellant supplies the oxygen needed for combustion?,guidance computer,oxidizer,airframe,payload,B,Rocket propellant includes fuel and an oxidizer; the oxidizer supplies oxygen for combustion.,Rocket propellant includes fuel and an oxidizer; the oxidizer supplies oxygen for combustion.,"Not this one. guidance computer is plausible, but it does not match the specific Module 4 fact or principle being tested. Rocket propellant includes fuel and an oxidizer; the oxidizer supplies oxygen for combustion.",Correct. Rocket propellant includes fuel and an oxidizer; the oxidizer supplies oxygen for combustion.,"Not this one. airframe is plausible, but it does not match the specific Module 4 fact or principle being tested. Rocket propellant includes fuel and an oxidizer; the oxidizer supplies oxygen for combustion.","Not this one. payload is plausible, but it does not match the specific Module 4 fact or principle being tested. Rocket propellant includes fuel and an oxidizer; the oxidizer supplies oxygen for combustion.",Oxidizer brings the oxygen.,"Review Aerospace Dimensions Module 4, Chapter 2, pages 14. Then explain the distinction without looking at the choices.",Aerospace Dimensions Module 4: Rockets,14,"Module 4, Chapter 2, pages 14",high,educational_infographic,optional_after_answer,module4_propulsion_staging,module4_propulsion_staging,module4_propulsion_staging.png,/assets/cap-visuals/module4_propulsion_staging.png,approved,true,"Solid versus liquid propulsion, fuel and oxidizer, rocket operation in space, and staging.","Solid versus liquid propulsion, fuel and oxidizer, rocket operation in space, and staging.","Solid versus liquid propulsion, fuel and oxidizer, rocket operation in space, and staging.",high,close,true,1.0,original_textbook_grounded,Mitchell_Aerospace_sample_style_analysis,draft,AD-M4-Q072,35,AD_M4_100
AD-M4-Q072,4,2,"Rocket Principles, Systems and Engines",AD4-2-oxidizer,AD4-2-oxidizer,AD4-2-oxidizer,multiple_choice,brief_application,medium_hard,application,"A rocket must burn fuel in space, where the surrounding environment provides essentially no usable oxygen. What must the rocket carry with its fuel?",guidance computer,payload,airframe,oxidizer,D,Rocket propellant includes fuel and an oxidizer; the oxidizer supplies oxygen for combustion.,Rocket propellant includes fuel and an oxidizer; the oxidizer supplies oxygen for combustion.,"Not this one. guidance computer is plausible, but it does not match the specific Module 4 fact or principle being tested. Rocket propellant includes fuel and an oxidizer; the oxidizer supplies oxygen for combustion.","Not this one. payload is plausible, but it does not match the specific Module 4 fact or principle being tested. Rocket propellant includes fuel and an oxidizer; the oxidizer supplies oxygen for combustion.","Not this one. airframe is plausible, but it does not match the specific Module 4 fact or principle being tested. Rocket propellant includes fuel and an oxidizer; the oxidizer supplies oxygen for combustion.",Correct. Rocket propellant includes fuel and an oxidizer; the oxidizer supplies oxygen for combustion.,Oxidizer brings the oxygen.,"Review Aerospace Dimensions Module 4, Chapter 2, pages 14. Then explain the distinction without looking at the choices.",Aerospace Dimensions Module 4: Rockets,14,"Module 4, Chapter 2, pages 14",high,educational_infographic,optional_after_answer,module4_propulsion_staging,module4_propulsion_staging,module4_propulsion_staging.png,/assets/cap-visuals/module4_propulsion_staging.png,approved,true,"Solid versus liquid propulsion, fuel and oxidizer, rocket operation in space, and staging.","Solid versus liquid propulsion, fuel and oxidizer, rocket operation in space, and staging.","Solid versus liquid propulsion, fuel and oxidizer, rocket operation in space, and staging.",high,close,true,0.8,original_textbook_grounded,Mitchell_Aerospace_sample_style_analysis,draft,AD-M4-Q071,45,AD_M4_100
AD-M4-Q073,4,2,"Rocket Principles, Systems and Engines",AD4-2-solid_propellant,AD4-2-solid_propellant,AD4-2-solid_propellant,multiple_choice,direct_exam_style,medium,recall,Which propellant type is carried in the combustion chamber and is simpler in design?,jet fuel only,solid propellant,compressed-air propellant,liquid propellant,B,Solid propellant is stored as a solid grain in the combustion chamber and is mechanically simpler.,Solid propellant is stored as a solid grain in the combustion chamber and is mechanically simpler.,"Not this one. jet fuel only is plausible, but it does not match the specific Module 4 fact or principle being tested. Solid propellant is stored as a solid grain in the combustion chamber and is mechanically simpler.",Correct. Solid propellant is stored as a solid grain in the combustion chamber and is mechanically simpler.,"Not this one. compressed-air propellant is plausible, but it does not match the specific Module 4 fact or principle being tested. Solid propellant is stored as a solid grain in the combustion chamber and is mechanically simpler.","Not this one. liquid propellant is plausible, but it does not match the specific Module 4 fact or principle being tested. Solid propellant is stored as a solid grain in the combustion chamber and is mechanically simpler.",Solid = grain in the chamber.,"Review Aerospace Dimensions Module 4, Chapter 2, pages 14. Then explain the distinction without looking at the choices.",Aerospace Dimensions Module 4: Rockets,14,"Module 4, Chapter 2, pages 14",high,educational_infographic,optional_after_answer,module4_propulsion_staging,module4_propulsion_staging,module4_propulsion_staging.png,/assets/cap-visuals/module4_propulsion_staging.png,approved,true,"Solid versus liquid propulsion, fuel and oxidizer, rocket operation in space, and staging.","Solid versus liquid propulsion, fuel and oxidizer, rocket operation in space, and staging.","Solid versus liquid propulsion, fuel and oxidizer, rocket operation in space, and staging.",high,close,true,1.0,original_textbook_grounded,Mitchell_Aerospace_sample_style_analysis,draft,AD-M4-Q074,35,AD_M4_100
AD-M4-Q074,4,2,"Rocket Principles, Systems and Engines",AD4-2-solid_propellant,AD4-2-solid_propellant,AD4-2-solid_propellant,multiple_choice,brief_application,medium_hard,application,The fuel and oxidizer are combined in a solid grain inside the motor casing. Which propulsion type is this?,liquid propellant,jet fuel only,compressed-air propellant,solid propellant,D,Solid propellant is stored as a solid grain in the combustion chamber and is mechanically simpler.,Solid propellant is stored as a solid grain in the combustion chamber and is mechanically simpler.,"Not this one. liquid propellant is plausible, but it does not match the specific Module 4 fact or principle being tested. Solid propellant is stored as a solid grain in the combustion chamber and is mechanically simpler.","Not this one. jet fuel only is plausible, but it does not match the specific Module 4 fact or principle being tested. Solid propellant is stored as a solid grain in the combustion chamber and is mechanically simpler.","Not this one. compressed-air propellant is plausible, but it does not match the specific Module 4 fact or principle being tested. Solid propellant is stored as a solid grain in the combustion chamber and is mechanically simpler.",Correct. Solid propellant is stored as a solid grain in the combustion chamber and is mechanically simpler.,Solid = grain in the chamber.,"Review Aerospace Dimensions Module 4, Chapter 2, pages 14. Then explain the distinction without looking at the choices.",Aerospace Dimensions Module 4: Rockets,14,"Module 4, Chapter 2, pages 14",high,educational_infographic,optional_after_answer,module4_propulsion_staging,module4_propulsion_staging,module4_propulsion_staging.png,/assets/cap-visuals/module4_propulsion_staging.png,approved,true,"Solid versus liquid propulsion, fuel and oxidizer, rocket operation in space, and staging.","Solid versus liquid propulsion, fuel and oxidizer, rocket operation in space, and staging.","Solid versus liquid propulsion, fuel and oxidizer, rocket operation in space, and staging.",high,close,false,0.8,original_textbook_grounded,Mitchell_Aerospace_sample_style_analysis,draft,AD-M4-Q073,45,AD_M4_100
AD-M4-Q075,4,2,"Rocket Principles, Systems and Engines",AD4-2-liquid_propellant,AD4-2-liquid_propellant,AD4-2-liquid_propellant,multiple_choice,direct_exam_style,medium,recall,Which propellant type stores fuel and oxidizer in separate compartments and is easier to control?,liquid propellant,compressed-air propulsion,solid propellant,gunpowder propellant only,A,Liquid-propellant systems store liquid fuel and oxidizer separately and feed them into the combustion chamber.,Liquid-propellant systems store liquid fuel and oxidizer separately and feed them into the combustion chamber.,Correct. Liquid-propellant systems store liquid fuel and oxidizer separately and feed them into the combustion chamber.,"Not this one. compressed-air propulsion is plausible, but it does not match the specific Module 4 fact or principle being tested. Liquid-propellant systems store liquid fuel and oxidizer separately and feed them into the combustion chamber.","Not this one. solid propellant is plausible, but it does not match the specific Module 4 fact or principle being tested. Liquid-propellant systems store liquid fuel and oxidizer separately and feed them into the combustion chamber.","Not this one. gunpowder propellant only is plausible, but it does not match the specific Module 4 fact or principle being tested. Liquid-propellant systems store liquid fuel and oxidizer separately and feed them into the combustion chamber.",Liquid = separate fuel + oxidizer tanks.,"Review Aerospace Dimensions Module 4, Chapter 2, pages 14. Then explain the distinction without looking at the choices.",Aerospace Dimensions Module 4: Rockets,14,"Module 4, Chapter 2, pages 14",high,educational_infographic,optional_after_answer,module4_propulsion_staging,module4_propulsion_staging,module4_propulsion_staging.png,/assets/cap-visuals/module4_propulsion_staging.png,approved,true,"Solid versus liquid propulsion, fuel and oxidizer, rocket operation in space, and staging.","Solid versus liquid propulsion, fuel and oxidizer, rocket operation in space, and staging.","Solid versus liquid propulsion, fuel and oxidizer, rocket operation in space, and staging.",high,close,true,1.0,original_textbook_grounded,Mitchell_Aerospace_sample_style_analysis,draft,AD-M4-Q076,35,AD_M4_100
AD-M4-Q076,4,2,"Rocket Principles, Systems and Engines",AD4-2-liquid_propellant,AD4-2-liquid_propellant,AD4-2-liquid_propellant,multiple_choice,brief_application,medium_hard,application,"A rocket has a liquid-hydrogen tank, a liquid-oxygen tank, pumps, and injectors feeding a combustion chamber. Which propulsion type is shown?",solid propellant,gunpowder propellant only,liquid propellant,compressed-air propulsion,C,Liquid-propellant systems store liquid fuel and oxidizer separately and feed them into the combustion chamber.,Liquid-propellant systems store liquid fuel and oxidizer separately and feed them into the combustion chamber.,"Not this one. solid propellant is plausible, but it does not match the specific Module 4 fact or principle being tested. Liquid-propellant systems store liquid fuel and oxidizer separately and feed them into the combustion chamber.","Not this one. gunpowder propellant only is plausible, but it does not match the specific Module 4 fact or principle being tested. Liquid-propellant systems store liquid fuel and oxidizer separately and feed them into the combustion chamber.",Correct. Liquid-propellant systems store liquid fuel and oxidizer separately and feed them into the combustion chamber.,"Not this one. compressed-air propulsion is plausible, but it does not match the specific Module 4 fact or principle being tested. Liquid-propellant systems store liquid fuel and oxidizer separately and feed them into the combustion chamber.",Liquid = separate fuel + oxidizer tanks.,"Review Aerospace Dimensions Module 4, Chapter 2, pages 14. Then explain the distinction without looking at the choices.",Aerospace Dimensions Module 4: Rockets,14,"Module 4, Chapter 2, pages 14",high,educational_infographic,optional_after_answer,module4_propulsion_staging,module4_propulsion_staging,module4_propulsion_staging.png,/assets/cap-visuals/module4_propulsion_staging.png,approved,true,"Solid versus liquid propulsion, fuel and oxidizer, rocket operation in space, and staging.","Solid versus liquid propulsion, fuel and oxidizer, rocket operation in space, and staging.","Solid versus liquid propulsion, fuel and oxidizer, rocket operation in space, and staging.",high,close,true,0.8,original_textbook_grounded,Mitchell_Aerospace_sample_style_analysis,draft,AD-M4-Q075,45,AD_M4_100
AD-M4-Q077,4,2,"Rocket Principles, Systems and Engines",AD4-2-rocket_works_in_space,AD4-2-rocket_works_in_space,AD4-2-rocket_works_in_space,multiple_choice,direct_exam_style,medium,recall,Why can a rocket engine operate in space where there is almost no air?,gravity supplies the oxygen required by the engine,space contains enough free oxygen for combustion,"a rocket carries both fuel and oxidizer, so it does not need atmospheric oxygen",rockets do not use combustion or propellant,C,"Rockets carry both fuel and oxidizer, so combustion does not depend on oxygen from the surrounding atmosphere.","Rockets carry both fuel and oxidizer, so combustion does not depend on oxygen from the surrounding atmosphere.","Not this one. gravity supplies the oxygen required by the engine is plausible, but it does not match the specific Module 4 fact or principle being tested. Rockets carry both fuel and oxidizer, so combustion does not depend on oxygen from the surrounding atmosphere.","Not this one. space contains enough free oxygen for combustion is plausible, but it does not match the specific Module 4 fact or principle being tested. Rockets carry both fuel and oxidizer, so combustion does not depend on oxygen from the surrounding atmosphere.","Correct. Rockets carry both fuel and oxidizer, so combustion does not depend on oxygen from the surrounding atmosphere.","Not this one. rockets do not use combustion or propellant is plausible, but it does not match the specific Module 4 fact or principle being tested. Rockets carry both fuel and oxidizer, so combustion does not depend on oxygen from the surrounding atmosphere.",Rockets bring their own oxygen.,"Review Aerospace Dimensions Module 4, Chapter 2, pages 14-15. Then explain the distinction without looking at the choices.",Aerospace Dimensions Module 4: Rockets,14-15,"Module 4, Chapter 2, pages 14-15",high,educational_infographic,optional_after_answer,module4_propulsion_staging,module4_propulsion_staging,module4_propulsion_staging.png,/assets/cap-visuals/module4_propulsion_staging.png,approved,true,"Solid versus liquid propulsion, fuel and oxidizer, rocket operation in space, and staging.","Solid versus liquid propulsion, fuel and oxidizer, rocket operation in space, and staging.","Solid versus liquid propulsion, fuel and oxidizer, rocket operation in space, and staging.",high,close,true,1.0,original_textbook_grounded,Mitchell_Aerospace_sample_style_analysis,draft,AD-M4-Q078,35,AD_M4_100
AD-M4-Q078,4,2,"Rocket Principles, Systems and Engines",AD4-2-rocket_works_in_space,AD4-2-rocket_works_in_space,AD4-2-rocket_works_in_space,multiple_choice,brief_application,medium_hard,application,A vehicle fires its rocket engine beyond the atmosphere. Which feature makes combustion possible there?,space contains enough free oxygen for combustion,"a rocket carries both fuel and oxidizer, so it does not need atmospheric oxygen",rockets do not use combustion or propellant,gravity supplies the oxygen required by the engine,B,"Rockets carry both fuel and oxidizer, so combustion does not depend on oxygen from the surrounding atmosphere.","Rockets carry both fuel and oxidizer, so combustion does not depend on oxygen from the surrounding atmosphere.","Not this one. space contains enough free oxygen for combustion is plausible, but it does not match the specific Module 4 fact or principle being tested. Rockets carry both fuel and oxidizer, so combustion does not depend on oxygen from the surrounding atmosphere.","Correct. Rockets carry both fuel and oxidizer, so combustion does not depend on oxygen from the surrounding atmosphere.","Not this one. rockets do not use combustion or propellant is plausible, but it does not match the specific Module 4 fact or principle being tested. Rockets carry both fuel and oxidizer, so combustion does not depend on oxygen from the surrounding atmosphere.","Not this one. gravity supplies the oxygen required by the engine is plausible, but it does not match the specific Module 4 fact or principle being tested. Rockets carry both fuel and oxidizer, so combustion does not depend on oxygen from the surrounding atmosphere.",Rockets bring their own oxygen.,"Review Aerospace Dimensions Module 4, Chapter 2, pages 14-15. Then explain the distinction without looking at the choices.",Aerospace Dimensions Module 4: Rockets,14-15,"Module 4, Chapter 2, pages 14-15",high,educational_infographic,optional_after_answer,module4_propulsion_staging,module4_propulsion_staging,module4_propulsion_staging.png,/assets/cap-visuals/module4_propulsion_staging.png,approved,true,"Solid versus liquid propulsion, fuel and oxidizer, rocket operation in space, and staging.","Solid versus liquid propulsion, fuel and oxidizer, rocket operation in space, and staging.","Solid versus liquid propulsion, fuel and oxidizer, rocket operation in space, and staging.",high,close,false,0.8,original_textbook_grounded,Mitchell_Aerospace_sample_style_analysis,draft,AD-M4-Q077,45,AD_M4_100
AD-M4-Q079,4,2,"Rocket Principles, Systems and Engines",AD4-2-rocket_staging,AD4-2-rocket_staging,AD4-2-rocket_staging,multiple_choice,direct_exam_style,medium,recall,What is the main advantage of rocket staging described in Module 4?,it keeps every empty tank attached for stability,discarding an exhausted stage reduces mass and makes the remaining stages more efficient,it eliminates the need for propulsion in upper stages,it prevents the rocket from changing mass,B,Dropping an exhausted stage removes dead mass and lets later stages accelerate the remaining vehicle more efficiently.,Dropping an exhausted stage removes dead mass and lets later stages accelerate the remaining vehicle more efficiently.,"Not this one. it keeps every empty tank attached for stability is plausible, but it does not match the specific Module 4 fact or principle being tested. Dropping an exhausted stage removes dead mass and lets later stages accelerate the remaining vehicle more efficiently.",Correct. Dropping an exhausted stage removes dead mass and lets later stages accelerate the remaining vehicle more efficiently.,"Not this one. it eliminates the need for propulsion in upper stages is plausible, but it does not match the specific Module 4 fact or principle being tested. Dropping an exhausted stage removes dead mass and lets later stages accelerate the remaining vehicle more efficiently.","Not this one. it prevents the rocket from changing mass is plausible, but it does not match the specific Module 4 fact or principle being tested. Dropping an exhausted stage removes dead mass and lets later stages accelerate the remaining vehicle more efficiently.",Stage empty? Drop the dead weight.,"Review Aerospace Dimensions Module 4, Chapter 2, pages 7,10. Then explain the distinction without looking at the choices.",Aerospace Dimensions Module 4: Rockets,"7,10","Module 4, Chapter 2, pages 7,10",high,educational_infographic,optional_after_answer,module4_propulsion_staging,module4_propulsion_staging,module4_propulsion_staging.png,/assets/cap-visuals/module4_propulsion_staging.png,approved,true,"Solid versus liquid propulsion, fuel and oxidizer, rocket operation in space, and staging.","Solid versus liquid propulsion, fuel and oxidizer, rocket operation in space, and staging.","Solid versus liquid propulsion, fuel and oxidizer, rocket operation in space, and staging.",high,close,true,1.0,original_textbook_grounded,Mitchell_Aerospace_sample_style_analysis,draft,AD-M4-Q080,35,AD_M4_100
AD-M4-Q080,4,2,"Rocket Principles, Systems and Engines",AD4-2-rocket_staging,AD4-2-rocket_staging,AD4-2-rocket_staging,multiple_choice,brief_application,medium_hard,application,A lower stage runs out of propellant and drops away while an upper stage continues firing. Why does this help the rocket?,it prevents the rocket from changing mass,discarding an exhausted stage reduces mass and makes the remaining stages more efficient,it keeps every empty tank attached for stability,it eliminates the need for propulsion in upper stages,B,Dropping an exhausted stage removes dead mass and lets later stages accelerate the remaining vehicle more efficiently.,Dropping an exhausted stage removes dead mass and lets later stages accelerate the remaining vehicle more efficiently.,"Not this one. it prevents the rocket from changing mass is plausible, but it does not match the specific Module 4 fact or principle being tested. Dropping an exhausted stage removes dead mass and lets later stages accelerate the remaining vehicle more efficiently.",Correct. Dropping an exhausted stage removes dead mass and lets later stages accelerate the remaining vehicle more efficiently.,"Not this one. it keeps every empty tank attached for stability is plausible, but it does not match the specific Module 4 fact or principle being tested. Dropping an exhausted stage removes dead mass and lets later stages accelerate the remaining vehicle more efficiently.","Not this one. it eliminates the need for propulsion in upper stages is plausible, but it does not match the specific Module 4 fact or principle being tested. Dropping an exhausted stage removes dead mass and lets later stages accelerate the remaining vehicle more efficiently.",Stage empty? Drop the dead weight.,"Review Aerospace Dimensions Module 4, Chapter 2, pages 7,10. Then explain the distinction without looking at the choices.",Aerospace Dimensions Module 4: Rockets,"7,10","Module 4, Chapter 2, pages 7,10",high,educational_infographic,optional_after_answer,module4_propulsion_staging,module4_propulsion_staging,module4_propulsion_staging.png,/assets/cap-visuals/module4_propulsion_staging.png,approved,true,"Solid versus liquid propulsion, fuel and oxidizer, rocket operation in space, and staging.","Solid versus liquid propulsion, fuel and oxidizer, rocket operation in space, and staging.","Solid versus liquid propulsion, fuel and oxidizer, rocket operation in space, and staging.",high,close,true,0.8,original_textbook_grounded,Mitchell_Aerospace_sample_style_analysis,draft,AD-M4-Q079,45,AD_M4_100
AD-M4-Q081,4,2,"Rocket Principles, Systems and Engines",AD4-2-blue_flame,AD4-2-blue_flame,AD4-2-blue_flame,multiple_choice,direct_exam_style,medium,recall,Which rocket-powered car set a land speed record of 622.407 mph in 1970?,Bloodhound SSC,Thrust SSC,Blue Flame,North American Eagle,C,The Blue Flame was a rocket-powered land-speed car that reached 622.407 mph in 1970.,The Blue Flame was a rocket-powered land-speed car that reached 622.407 mph in 1970.,"Not this one. Bloodhound SSC is plausible, but it does not match the specific Module 4 fact or principle being tested. The Blue Flame was a rocket-powered land-speed car that reached 622.407 mph in 1970.","Not this one. Thrust SSC is plausible, but it does not match the specific Module 4 fact or principle being tested. The Blue Flame was a rocket-powered land-speed car that reached 622.407 mph in 1970.",Correct. The Blue Flame was a rocket-powered land-speed car that reached 622.407 mph in 1970.,"Not this one. North American Eagle is plausible, but it does not match the specific Module 4 fact or principle being tested. The Blue Flame was a rocket-powered land-speed car that reached 622.407 mph in 1970.","Blue Flame = rocket car, 622 mph.","Review Aerospace Dimensions Module 4, Chapter 2, pages 15. Then explain the distinction without looking at the choices.",Aerospace Dimensions Module 4: Rockets,15,"Module 4, Chapter 2, pages 15",high,educational_infographic,optional_after_answer,module4_land_speed_private_space,module4_land_speed_private_space,module4_land_speed_private_space.png,/assets/cap-visuals/module4_land_speed_private_space.png,approved,true,"Rocket-powered land-speed concepts, the X-Prize, SpaceShipOne, and the SpaceShipTwo flight profile.","Rocket-powered land-speed concepts, the X-Prize, SpaceShipOne, and the SpaceShipTwo flight profile.","Rocket-powered land-speed concepts, the X-Prize, SpaceShipOne, and the SpaceShipTwo flight profile.",high,close,true,1.0,original_textbook_grounded,Mitchell_Aerospace_sample_style_analysis,draft,AD-M4-Q082,35,AD_M4_100
AD-M4-Q082,4,2,"Rocket Principles, Systems and Engines",AD4-2-blue_flame,AD4-2-blue_flame,AD4-2-blue_flame,multiple_choice,brief_application,medium_hard,application,Gary Gabelich drives a rocket-powered car using methane fuel and hydrogen peroxide oxidizer. Which vehicle is it?,Blue Flame,Thrust SSC,North American Eagle,Bloodhound SSC,A,The Blue Flame was a rocket-powered land-speed car that reached 622.407 mph in 1970.,The Blue Flame was a rocket-powered land-speed car that reached 622.407 mph in 1970.,Correct. The Blue Flame was a rocket-powered land-speed car that reached 622.407 mph in 1970.,"Not this one. Thrust SSC is plausible, but it does not match the specific Module 4 fact or principle being tested. The Blue Flame was a rocket-powered land-speed car that reached 622.407 mph in 1970.","Not this one. North American Eagle is plausible, but it does not match the specific Module 4 fact or principle being tested. The Blue Flame was a rocket-powered land-speed car that reached 622.407 mph in 1970.","Not this one. Bloodhound SSC is plausible, but it does not match the specific Module 4 fact or principle being tested. The Blue Flame was a rocket-powered land-speed car that reached 622.407 mph in 1970.","Blue Flame = rocket car, 622 mph.","Review Aerospace Dimensions Module 4, Chapter 2, pages 15. Then explain the distinction without looking at the choices.",Aerospace Dimensions Module 4: Rockets,15,"Module 4, Chapter 2, pages 15",high,educational_infographic,optional_after_answer,module4_land_speed_private_space,module4_land_speed_private_space,module4_land_speed_private_space.png,/assets/cap-visuals/module4_land_speed_private_space.png,approved,true,"Rocket-powered land-speed concepts, the X-Prize, SpaceShipOne, and the SpaceShipTwo flight profile.","Rocket-powered land-speed concepts, the X-Prize, SpaceShipOne, and the SpaceShipTwo flight profile.","Rocket-powered land-speed concepts, the X-Prize, SpaceShipOne, and the SpaceShipTwo flight profile.",high,close,false,0.8,original_textbook_grounded,Mitchell_Aerospace_sample_style_analysis,draft,AD-M4-Q081,45,AD_M4_100
AD-M4-Q083,4,2,"Rocket Principles, Systems and Engines",AD4-2-thrust_ssc,AD4-2-thrust_ssc,AD4-2-thrust_ssc,multiple_choice,direct_exam_style,medium,recall,Which jet-powered car officially broke the sound barrier on land at about 763 mph in 1997?,Blue Flame,Bloodhound SSC,North American Eagle,Thrust SSC,D,Thrust SSC officially broke the sound barrier on land in 1997 at about 763 mph.,Thrust SSC officially broke the sound barrier on land in 1997 at about 763 mph.,"Not this one. Blue Flame is plausible, but it does not match the specific Module 4 fact or principle being tested. Thrust SSC officially broke the sound barrier on land in 1997 at about 763 mph.","Not this one. Bloodhound SSC is plausible, but it does not match the specific Module 4 fact or principle being tested. Thrust SSC officially broke the sound barrier on land in 1997 at about 763 mph.","Not this one. North American Eagle is plausible, but it does not match the specific Module 4 fact or principle being tested. Thrust SSC officially broke the sound barrier on land in 1997 at about 763 mph.",Correct. Thrust SSC officially broke the sound barrier on land in 1997 at about 763 mph.,Thrust SSC = supersonic 763 mph.,"Review Aerospace Dimensions Module 4, Chapter 2, pages 16-17. Then explain the distinction without looking at the choices.",Aerospace Dimensions Module 4: Rockets,16-17,"Module 4, Chapter 2, pages 16-17",high,educational_infographic,optional_after_answer,module4_land_speed_private_space,module4_land_speed_private_space,module4_land_speed_private_space.png,/assets/cap-visuals/module4_land_speed_private_space.png,approved,true,"Rocket-powered land-speed concepts, the X-Prize, SpaceShipOne, and the SpaceShipTwo flight profile.","Rocket-powered land-speed concepts, the X-Prize, SpaceShipOne, and the SpaceShipTwo flight profile.","Rocket-powered land-speed concepts, the X-Prize, SpaceShipOne, and the SpaceShipTwo flight profile.",high,close,true,1.0,original_textbook_grounded,Mitchell_Aerospace_sample_style_analysis,draft,AD-M4-Q084,35,AD_M4_100
AD-M4-Q084,4,2,"Rocket Principles, Systems and Engines",AD4-2-thrust_ssc,AD4-2-thrust_ssc,AD4-2-thrust_ssc,multiple_choice,brief_application,medium_hard,application,Andy Green pilots a British car powered by two Rolls-Royce Spey turbofan engines to a supersonic land-speed record. Which vehicle is it?,North American Eagle,Thrust SSC,Blue Flame,Bloodhound SSC,B,Thrust SSC officially broke the sound barrier on land in 1997 at about 763 mph.,Thrust SSC officially broke the sound barrier on land in 1997 at about 763 mph.,"Not this one. North American Eagle is plausible, but it does not match the specific Module 4 fact or principle being tested. Thrust SSC officially broke the sound barrier on land in 1997 at about 763 mph.",Correct. Thrust SSC officially broke the sound barrier on land in 1997 at about 763 mph.,"Not this one. Blue Flame is plausible, but it does not match the specific Module 4 fact or principle being tested. Thrust SSC officially broke the sound barrier on land in 1997 at about 763 mph.","Not this one. Bloodhound SSC is plausible, but it does not match the specific Module 4 fact or principle being tested. Thrust SSC officially broke the sound barrier on land in 1997 at about 763 mph.",Thrust SSC = supersonic 763 mph.,"Review Aerospace Dimensions Module 4, Chapter 2, pages 16-17. Then explain the distinction without looking at the choices.",Aerospace Dimensions Module 4: Rockets,16-17,"Module 4, Chapter 2, pages 16-17",high,educational_infographic,optional_after_answer,module4_land_speed_private_space,module4_land_speed_private_space,module4_land_speed_private_space.png,/assets/cap-visuals/module4_land_speed_private_space.png,approved,true,"Rocket-powered land-speed concepts, the X-Prize, SpaceShipOne, and the SpaceShipTwo flight profile.","Rocket-powered land-speed concepts, the X-Prize, SpaceShipOne, and the SpaceShipTwo flight profile.","Rocket-powered land-speed concepts, the X-Prize, SpaceShipOne, and the SpaceShipTwo flight profile.",high,close,true,0.8,original_textbook_grounded,Mitchell_Aerospace_sample_style_analysis,draft,AD-M4-Q083,45,AD_M4_100
AD-M4-Q085,4,3,Rocket and Private Space Travel,AD4-3-ansari_x_prize_purpose,AD4-3-ansari_x_prize_purpose,AD4-3-ansari_x_prize_purpose,multiple_choice,direct_exam_style,medium,recall,What was the main purpose of the Ansari X-Prize described in Module 4?,to fund only government launch vehicles,to develop a new intercontinental ballistic missile,to encourage private/commercial spaceflight,to replace NASA with a military space agency,C,The Ansari X-Prize was created to stimulate private spaceflight.,The Ansari X-Prize was created to stimulate private spaceflight.,"Not this one. to fund only government launch vehicles is plausible, but it does not match the specific Module 4 fact or principle being tested. The Ansari X-Prize was created to stimulate private spaceflight.","Not this one. to develop a new intercontinental ballistic missile is plausible, but it does not match the specific Module 4 fact or principle being tested. The Ansari X-Prize was created to stimulate private spaceflight.",Correct. The Ansari X-Prize was created to stimulate private spaceflight.,"Not this one. to replace NASA with a military space agency is plausible, but it does not match the specific Module 4 fact or principle being tested. The Ansari X-Prize was created to stimulate private spaceflight.",X-Prize = eXcite private spaceflight.,"Review Aerospace Dimensions Module 4, Chapter 3, pages 27. Then explain the distinction without looking at the choices.",Aerospace Dimensions Module 4: Rockets,27,"Module 4, Chapter 3, pages 27",high,educational_infographic,optional_after_answer,module4_land_speed_private_space,module4_land_speed_private_space,module4_land_speed_private_space.png,/assets/cap-visuals/module4_land_speed_private_space.png,approved,true,"Rocket-powered land-speed concepts, the X-Prize, SpaceShipOne, and the SpaceShipTwo flight profile.","Rocket-powered land-speed concepts, the X-Prize, SpaceShipOne, and the SpaceShipTwo flight profile.","Rocket-powered land-speed concepts, the X-Prize, SpaceShipOne, and the SpaceShipTwo flight profile.",high,close,true,1.0,original_textbook_grounded,Mitchell_Aerospace_sample_style_analysis,draft,AD-M4-Q086,35,AD_M4_100
AD-M4-Q086,4,3,Rocket and Private Space Travel,AD4-3-ansari_x_prize_purpose,AD4-3-ansari_x_prize_purpose,AD4-3-ansari_x_prize_purpose,multiple_choice,brief_application,medium_hard,application,A privately funded competition offers a large cash award for a reusable nongovernment spacecraft. What broader goal is the competition trying to encourage?,to develop a new intercontinental ballistic missile,to encourage private/commercial spaceflight,to replace NASA with a military space agency,to fund only government launch vehicles,B,The Ansari X-Prize was created to stimulate private spaceflight.,The Ansari X-Prize was created to stimulate private spaceflight.,"Not this one. to develop a new intercontinental ballistic missile is plausible, but it does not match the specific Module 4 fact or principle being tested. The Ansari X-Prize was created to stimulate private spaceflight.",Correct. The Ansari X-Prize was created to stimulate private spaceflight.,"Not this one. to replace NASA with a military space agency is plausible, but it does not match the specific Module 4 fact or principle being tested. The Ansari X-Prize was created to stimulate private spaceflight.","Not this one. to fund only government launch vehicles is plausible, but it does not match the specific Module 4 fact or principle being tested. The Ansari X-Prize was created to stimulate private spaceflight.",X-Prize = eXcite private spaceflight.,"Review Aerospace Dimensions Module 4, Chapter 3, pages 27. Then explain the distinction without looking at the choices.",Aerospace Dimensions Module 4: Rockets,27,"Module 4, Chapter 3, pages 27",high,educational_infographic,optional_after_answer,module4_land_speed_private_space,module4_land_speed_private_space,module4_land_speed_private_space.png,/assets/cap-visuals/module4_land_speed_private_space.png,approved,true,"Rocket-powered land-speed concepts, the X-Prize, SpaceShipOne, and the SpaceShipTwo flight profile.","Rocket-powered land-speed concepts, the X-Prize, SpaceShipOne, and the SpaceShipTwo flight profile.","Rocket-powered land-speed concepts, the X-Prize, SpaceShipOne, and the SpaceShipTwo flight profile.",high,close,false,0.8,original_textbook_grounded,Mitchell_Aerospace_sample_style_analysis,draft,AD-M4-Q085,45,AD_M4_100
AD-M4-Q087,4,3,Rocket and Private Space Travel,AD4-3-x_prize_altitude,AD4-3-x_prize_altitude,AD4-3-x_prize_altitude,multiple_choice,direct_exam_style,medium,recall,"To meet the X-Prize requirement, approximately how high did the spacecraft have to fly?","1,000 kilometers (621 miles)",100 kilometers (62 miles),250 kilometers (155 miles),50 kilometers (31 miles),B,"The X-Prize used 100 km, or about 62 miles, as the required altitude and the line defining the beginning of space.","The X-Prize used 100 km, or about 62 miles, as the required altitude and the line defining the beginning of space.","Not this one. 1,000 kilometers (621 miles) is plausible, but it does not match the specific Module 4 fact or principle being tested. The X-Prize used 100 km, or about 62 miles, as the required altitude and the line defining the beginning of space.","Correct. The X-Prize used 100 km, or about 62 miles, as the required altitude and the line defining the beginning of space.","Not this one. 250 kilometers (155 miles) is plausible, but it does not match the specific Module 4 fact or principle being tested. The X-Prize used 100 km, or about 62 miles, as the required altitude and the line defining the beginning of space.","Not this one. 50 kilometers (31 miles) is plausible, but it does not match the specific Module 4 fact or principle being tested. The X-Prize used 100 km, or about 62 miles, as the required altitude and the line defining the beginning of space.",X-Prize line: 100 km = 62 mi.,"Review Aerospace Dimensions Module 4, Chapter 3, pages 27. Then explain the distinction without looking at the choices.",Aerospace Dimensions Module 4: Rockets,27,"Module 4, Chapter 3, pages 27",high,educational_infographic,optional_after_answer,module4_land_speed_private_space,module4_land_speed_private_space,module4_land_speed_private_space.png,/assets/cap-visuals/module4_land_speed_private_space.png,approved,true,"Rocket-powered land-speed concepts, the X-Prize, SpaceShipOne, and the SpaceShipTwo flight profile.","Rocket-powered land-speed concepts, the X-Prize, SpaceShipOne, and the SpaceShipTwo flight profile.","Rocket-powered land-speed concepts, the X-Prize, SpaceShipOne, and the SpaceShipTwo flight profile.",high,close,true,1.0,original_textbook_grounded,Mitchell_Aerospace_sample_style_analysis,draft,AD-M4-Q088,35,AD_M4_100
AD-M4-Q088,4,3,Rocket and Private Space Travel,AD4-3-x_prize_altitude,AD4-3-x_prize_altitude,AD4-3-x_prize_altitude,multiple_choice,brief_application,medium_hard,application,A team reaches 98 km and returns safely. Why has it not yet satisfied the altitude requirement stated in Module 4?,100 kilometers (62 miles),"1,000 kilometers (621 miles)",250 kilometers (155 miles),50 kilometers (31 miles),A,"The X-Prize used 100 km, or about 62 miles, as the required altitude and the line defining the beginning of space.","The X-Prize used 100 km, or about 62 miles, as the required altitude and the line defining the beginning of space.","Correct. The X-Prize used 100 km, or about 62 miles, as the required altitude and the line defining the beginning of space.","Not this one. 1,000 kilometers (621 miles) is plausible, but it does not match the specific Module 4 fact or principle being tested. The X-Prize used 100 km, or about 62 miles, as the required altitude and the line defining the beginning of space.","Not this one. 250 kilometers (155 miles) is plausible, but it does not match the specific Module 4 fact or principle being tested. The X-Prize used 100 km, or about 62 miles, as the required altitude and the line defining the beginning of space.","Not this one. 50 kilometers (31 miles) is plausible, but it does not match the specific Module 4 fact or principle being tested. The X-Prize used 100 km, or about 62 miles, as the required altitude and the line defining the beginning of space.",X-Prize line: 100 km = 62 mi.,"Review Aerospace Dimensions Module 4, Chapter 3, pages 27. Then explain the distinction without looking at the choices.",Aerospace Dimensions Module 4: Rockets,27,"Module 4, Chapter 3, pages 27",high,educational_infographic,optional_after_answer,module4_land_speed_private_space,module4_land_speed_private_space,module4_land_speed_private_space.png,/assets/cap-visuals/module4_land_speed_private_space.png,approved,true,"Rocket-powered land-speed concepts, the X-Prize, SpaceShipOne, and the SpaceShipTwo flight profile.","Rocket-powered land-speed concepts, the X-Prize, SpaceShipOne, and the SpaceShipTwo flight profile.","Rocket-powered land-speed concepts, the X-Prize, SpaceShipOne, and the SpaceShipTwo flight profile.",high,close,true,0.8,original_textbook_grounded,Mitchell_Aerospace_sample_style_analysis,draft,AD-M4-Q087,45,AD_M4_100
AD-M4-Q089,4,3,Rocket and Private Space Travel,AD4-3-x_prize_repeat_flight_requirement,AD4-3-x_prize_repeat_flight_requirement,AD4-3-x_prize_repeat_flight_requirement,multiple_choice,direct_exam_style,medium,recall,What reuse requirement was part of winning the Ansari X-Prize?,remain in orbit for two weeks,complete only one flight carrying six passengers,fly a different vehicle the next day,repeat the flight with the same vehicle within two weeks,D,The same vehicle had to repeat the qualifying flight within a two-week period.,The same vehicle had to repeat the qualifying flight within a two-week period.,"Not this one. remain in orbit for two weeks is plausible, but it does not match the specific Module 4 fact or principle being tested. The same vehicle had to repeat the qualifying flight within a two-week period.","Not this one. complete only one flight carrying six passengers is plausible, but it does not match the specific Module 4 fact or principle being tested. The same vehicle had to repeat the qualifying flight within a two-week period.","Not this one. fly a different vehicle the next day is plausible, but it does not match the specific Module 4 fact or principle being tested. The same vehicle had to repeat the qualifying flight within a two-week period.",Correct. The same vehicle had to repeat the qualifying flight within a two-week period.,"X-Prize = same craft, twice, within 2 weeks.","Review Aerospace Dimensions Module 4, Chapter 3, pages 27. Then explain the distinction without looking at the choices.",Aerospace Dimensions Module 4: Rockets,27,"Module 4, Chapter 3, pages 27",high,educational_infographic,optional_after_answer,module4_land_speed_private_space,module4_land_speed_private_space,module4_land_speed_private_space.png,/assets/cap-visuals/module4_land_speed_private_space.png,approved,true,"Rocket-powered land-speed concepts, the X-Prize, SpaceShipOne, and the SpaceShipTwo flight profile.","Rocket-powered land-speed concepts, the X-Prize, SpaceShipOne, and the SpaceShipTwo flight profile.","Rocket-powered land-speed concepts, the X-Prize, SpaceShipOne, and the SpaceShipTwo flight profile.",high,close,true,1.0,original_textbook_grounded,Mitchell_Aerospace_sample_style_analysis,draft,AD-M4-Q090,35,AD_M4_100
AD-M4-Q090,4,3,Rocket and Private Space Travel,AD4-3-x_prize_repeat_flight_requirement,AD4-3-x_prize_repeat_flight_requirement,AD4-3-x_prize_repeat_flight_requirement,multiple_choice,brief_application,medium_hard,application,A private spacecraft reaches the required altitude once. What must the team still demonstrate to satisfy the repeatability requirement?,repeat the flight with the same vehicle within two weeks,remain in orbit for two weeks,fly a different vehicle the next day,complete only one flight carrying six passengers,A,The same vehicle had to repeat the qualifying flight within a two-week period.,The same vehicle had to repeat the qualifying flight within a two-week period.,Correct. The same vehicle had to repeat the qualifying flight within a two-week period.,"Not this one. remain in orbit for two weeks is plausible, but it does not match the specific Module 4 fact or principle being tested. The same vehicle had to repeat the qualifying flight within a two-week period.","Not this one. fly a different vehicle the next day is plausible, but it does not match the specific Module 4 fact or principle being tested. The same vehicle had to repeat the qualifying flight within a two-week period.","Not this one. complete only one flight carrying six passengers is plausible, but it does not match the specific Module 4 fact or principle being tested. The same vehicle had to repeat the qualifying flight within a two-week period.","X-Prize = same craft, twice, within 2 weeks.","Review Aerospace Dimensions Module 4, Chapter 3, pages 27. Then explain the distinction without looking at the choices.",Aerospace Dimensions Module 4: Rockets,27,"Module 4, Chapter 3, pages 27",high,educational_infographic,optional_after_answer,module4_land_speed_private_space,module4_land_speed_private_space,module4_land_speed_private_space.png,/assets/cap-visuals/module4_land_speed_private_space.png,approved,true,"Rocket-powered land-speed concepts, the X-Prize, SpaceShipOne, and the SpaceShipTwo flight profile.","Rocket-powered land-speed concepts, the X-Prize, SpaceShipOne, and the SpaceShipTwo flight profile.","Rocket-powered land-speed concepts, the X-Prize, SpaceShipOne, and the SpaceShipTwo flight profile.",high,close,false,0.8,original_textbook_grounded,Mitchell_Aerospace_sample_style_analysis,draft,AD-M4-Q089,45,AD_M4_100
AD-M4-Q091,4,3,Rocket and Private Space Travel,AD4-3-x_prize_payload_requirement,AD4-3-x_prize_payload_requirement,AD4-3-x_prize_payload_requirement,multiple_choice,direct_exam_style,medium,recall,What carrying requirement applied to both qualifying X-Prize flights?,a full orbital satellite payload,one pilot only with no additional weight,the weight of ten adult humans,the weight of three adult humans,D,Each qualifying flight had to carry the weight equivalent of three adult humans.,Each qualifying flight had to carry the weight equivalent of three adult humans.,"Not this one. a full orbital satellite payload is plausible, but it does not match the specific Module 4 fact or principle being tested. Each qualifying flight had to carry the weight equivalent of three adult humans.","Not this one. one pilot only with no additional weight is plausible, but it does not match the specific Module 4 fact or principle being tested. Each qualifying flight had to carry the weight equivalent of three adult humans.","Not this one. the weight of ten adult humans is plausible, but it does not match the specific Module 4 fact or principle being tested. Each qualifying flight had to carry the weight equivalent of three adult humans.",Correct. Each qualifying flight had to carry the weight equivalent of three adult humans.,X-Prize carried 3-adult weight.,"Review Aerospace Dimensions Module 4, Chapter 3, pages 27. Then explain the distinction without looking at the choices.",Aerospace Dimensions Module 4: Rockets,27,"Module 4, Chapter 3, pages 27",high,educational_infographic,optional_after_answer,module4_land_speed_private_space,module4_land_speed_private_space,module4_land_speed_private_space.png,/assets/cap-visuals/module4_land_speed_private_space.png,approved,true,"Rocket-powered land-speed concepts, the X-Prize, SpaceShipOne, and the SpaceShipTwo flight profile.","Rocket-powered land-speed concepts, the X-Prize, SpaceShipOne, and the SpaceShipTwo flight profile.","Rocket-powered land-speed concepts, the X-Prize, SpaceShipOne, and the SpaceShipTwo flight profile.",high,close,true,1.0,original_textbook_grounded,Mitchell_Aerospace_sample_style_analysis,draft,AD-M4-Q092,35,AD_M4_100
AD-M4-Q092,4,3,Rocket and Private Space Travel,AD4-3-x_prize_payload_requirement,AD4-3-x_prize_payload_requirement,AD4-3-x_prize_payload_requirement,multiple_choice,brief_application,medium_hard,application,A vehicle reaches 100 km twice in two weeks but carries only the pilot with no equivalent added mass. Which X-Prize requirement is missing?,the weight of ten adult humans,the weight of three adult humans,one pilot only with no additional weight,a full orbital satellite payload,B,Each qualifying flight had to carry the weight equivalent of three adult humans.,Each qualifying flight had to carry the weight equivalent of three adult humans.,"Not this one. the weight of ten adult humans is plausible, but it does not match the specific Module 4 fact or principle being tested. Each qualifying flight had to carry the weight equivalent of three adult humans.",Correct. Each qualifying flight had to carry the weight equivalent of three adult humans.,"Not this one. one pilot only with no additional weight is plausible, but it does not match the specific Module 4 fact or principle being tested. Each qualifying flight had to carry the weight equivalent of three adult humans.","Not this one. a full orbital satellite payload is plausible, but it does not match the specific Module 4 fact or principle being tested. Each qualifying flight had to carry the weight equivalent of three adult humans.",X-Prize carried 3-adult weight.,"Review Aerospace Dimensions Module 4, Chapter 3, pages 27. Then explain the distinction without looking at the choices.",Aerospace Dimensions Module 4: Rockets,27,"Module 4, Chapter 3, pages 27",high,educational_infographic,optional_after_answer,module4_land_speed_private_space,module4_land_speed_private_space,module4_land_speed_private_space.png,/assets/cap-visuals/module4_land_speed_private_space.png,approved,true,"Rocket-powered land-speed concepts, the X-Prize, SpaceShipOne, and the SpaceShipTwo flight profile.","Rocket-powered land-speed concepts, the X-Prize, SpaceShipOne, and the SpaceShipTwo flight profile.","Rocket-powered land-speed concepts, the X-Prize, SpaceShipOne, and the SpaceShipTwo flight profile.",high,close,true,0.8,original_textbook_grounded,Mitchell_Aerospace_sample_style_analysis,draft,AD-M4-Q091,45,AD_M4_100
AD-M4-Q093,4,3,Rocket and Private Space Travel,AD4-3-spaceshipone,AD4-3-spaceshipone,AD4-3-spaceshipone,multiple_choice,direct_exam_style,medium,recall,Which private craft won the Ansari X-Prize in 2004?,SpaceShipTwo,Space Shuttle,WhiteKnightTwo,SpaceShipOne,D,SpaceShipOne completed the qualifying flights that won the Ansari X-Prize in 2004.,SpaceShipOne completed the qualifying flights that won the Ansari X-Prize in 2004.,"Not this one. SpaceShipTwo is plausible, but it does not match the specific Module 4 fact or principle being tested. SpaceShipOne completed the qualifying flights that won the Ansari X-Prize in 2004.","Not this one. Space Shuttle is plausible, but it does not match the specific Module 4 fact or principle being tested. SpaceShipOne completed the qualifying flights that won the Ansari X-Prize in 2004.","Not this one. WhiteKnightTwo is plausible, but it does not match the specific Module 4 fact or principle being tested. SpaceShipOne completed the qualifying flights that won the Ansari X-Prize in 2004.",Correct. SpaceShipOne completed the qualifying flights that won the Ansari X-Prize in 2004.,SpaceShipOne = first X-Prize winner.,"Review Aerospace Dimensions Module 4, Chapter 3, pages 27-29. Then explain the distinction without looking at the choices.",Aerospace Dimensions Module 4: Rockets,27-29,"Module 4, Chapter 3, pages 27-29",high,educational_infographic,optional_after_answer,module4_land_speed_private_space,module4_land_speed_private_space,module4_land_speed_private_space.png,/assets/cap-visuals/module4_land_speed_private_space.png,approved,true,"Rocket-powered land-speed concepts, the X-Prize, SpaceShipOne, and the SpaceShipTwo flight profile.","Rocket-powered land-speed concepts, the X-Prize, SpaceShipOne, and the SpaceShipTwo flight profile.","Rocket-powered land-speed concepts, the X-Prize, SpaceShipOne, and the SpaceShipTwo flight profile.",high,close,true,1.0,original_textbook_grounded,Mitchell_Aerospace_sample_style_analysis,draft,AD-M4-Q094,35,AD_M4_100
AD-M4-Q094,4,3,Rocket and Private Space Travel,AD4-3-spaceshipone,AD4-3-spaceshipone,AD4-3-spaceshipone,multiple_choice,brief_application,medium_hard,application,Scaled Composites uses a small suborbital craft whose successful 2004 flights trigger major investment in private space travel. Which craft is it?,Space Shuttle,WhiteKnightTwo,SpaceShipTwo,SpaceShipOne,D,SpaceShipOne completed the qualifying flights that won the Ansari X-Prize in 2004.,SpaceShipOne completed the qualifying flights that won the Ansari X-Prize in 2004.,"Not this one. Space Shuttle is plausible, but it does not match the specific Module 4 fact or principle being tested. SpaceShipOne completed the qualifying flights that won the Ansari X-Prize in 2004.","Not this one. WhiteKnightTwo is plausible, but it does not match the specific Module 4 fact or principle being tested. SpaceShipOne completed the qualifying flights that won the Ansari X-Prize in 2004.","Not this one. SpaceShipTwo is plausible, but it does not match the specific Module 4 fact or principle being tested. SpaceShipOne completed the qualifying flights that won the Ansari X-Prize in 2004.",Correct. SpaceShipOne completed the qualifying flights that won the Ansari X-Prize in 2004.,SpaceShipOne = first X-Prize winner.,"Review Aerospace Dimensions Module 4, Chapter 3, pages 27-29. Then explain the distinction without looking at the choices.",Aerospace Dimensions Module 4: Rockets,27-29,"Module 4, Chapter 3, pages 27-29",high,educational_infographic,optional_after_answer,module4_land_speed_private_space,module4_land_speed_private_space,module4_land_speed_private_space.png,/assets/cap-visuals/module4_land_speed_private_space.png,approved,true,"Rocket-powered land-speed concepts, the X-Prize, SpaceShipOne, and the SpaceShipTwo flight profile.","Rocket-powered land-speed concepts, the X-Prize, SpaceShipOne, and the SpaceShipTwo flight profile.","Rocket-powered land-speed concepts, the X-Prize, SpaceShipOne, and the SpaceShipTwo flight profile.",high,close,false,0.8,original_textbook_grounded,Mitchell_Aerospace_sample_style_analysis,draft,AD-M4-Q093,45,AD_M4_100
AD-M4-Q095,4,3,Rocket and Private Space Travel,AD4-3-mike_melvill_and_brian_binnie,AD4-3-mike_melvill_and_brian_binnie,AD4-3-mike_melvill_and_brian_binnie,multiple_choice,direct_exam_style,medium,recall,Which two pilots made the key 2004 SpaceShipOne X-Prize flights described in Module 4?,Wernher von Braun and Sergei Korolev,Mike Melvill and Brian Binnie,Alan Shepard and John Glenn,Neil Armstrong and Buzz Aldrin,B,Mike Melvill and Brian Binnie piloted the key SpaceShipOne flights that completed the X-Prize requirements.,Mike Melvill and Brian Binnie piloted the key SpaceShipOne flights that completed the X-Prize requirements.,"Not this one. Wernher von Braun and Sergei Korolev is plausible, but it does not match the specific Module 4 fact or principle being tested. Mike Melvill and Brian Binnie piloted the key SpaceShipOne flights that completed the X-Prize requirements.",Correct. Mike Melvill and Brian Binnie piloted the key SpaceShipOne flights that completed the X-Prize requirements.,"Not this one. Alan Shepard and John Glenn is plausible, but it does not match the specific Module 4 fact or principle being tested. Mike Melvill and Brian Binnie piloted the key SpaceShipOne flights that completed the X-Prize requirements.","Not this one. Neil Armstrong and Buzz Aldrin is plausible, but it does not match the specific Module 4 fact or principle being tested. Mike Melvill and Brian Binnie piloted the key SpaceShipOne flights that completed the X-Prize requirements.",Melvill first qualifier; Binnie seals the prize.,"Review Aerospace Dimensions Module 4, Chapter 3, pages 27. Then explain the distinction without looking at the choices.",Aerospace Dimensions Module 4: Rockets,27,"Module 4, Chapter 3, pages 27",high,educational_infographic,optional_after_answer,module4_land_speed_private_space,module4_land_speed_private_space,module4_land_speed_private_space.png,/assets/cap-visuals/module4_land_speed_private_space.png,approved,true,"Rocket-powered land-speed concepts, the X-Prize, SpaceShipOne, and the SpaceShipTwo flight profile.","Rocket-powered land-speed concepts, the X-Prize, SpaceShipOne, and the SpaceShipTwo flight profile.","Rocket-powered land-speed concepts, the X-Prize, SpaceShipOne, and the SpaceShipTwo flight profile.",high,close,true,1.0,original_textbook_grounded,Mitchell_Aerospace_sample_style_analysis,draft,AD-M4-Q096,35,AD_M4_100
AD-M4-Q096,4,3,Rocket and Private Space Travel,AD4-3-mike_melvill_and_brian_binnie,AD4-3-mike_melvill_and_brian_binnie,AD4-3-mike_melvill_and_brian_binnie,multiple_choice,brief_application,medium_hard,application,"One pilot makes the first official qualifying flight on September 29, and another flies to 69.2 miles on October 4 to secure the prize. Who are they?",Neil Armstrong and Buzz Aldrin,Alan Shepard and John Glenn,Wernher von Braun and Sergei Korolev,Mike Melvill and Brian Binnie,D,Mike Melvill and Brian Binnie piloted the key SpaceShipOne flights that completed the X-Prize requirements.,Mike Melvill and Brian Binnie piloted the key SpaceShipOne flights that completed the X-Prize requirements.,"Not this one. Neil Armstrong and Buzz Aldrin is plausible, but it does not match the specific Module 4 fact or principle being tested. Mike Melvill and Brian Binnie piloted the key SpaceShipOne flights that completed the X-Prize requirements.","Not this one. Alan Shepard and John Glenn is plausible, but it does not match the specific Module 4 fact or principle being tested. Mike Melvill and Brian Binnie piloted the key SpaceShipOne flights that completed the X-Prize requirements.","Not this one. Wernher von Braun and Sergei Korolev is plausible, but it does not match the specific Module 4 fact or principle being tested. Mike Melvill and Brian Binnie piloted the key SpaceShipOne flights that completed the X-Prize requirements.",Correct. Mike Melvill and Brian Binnie piloted the key SpaceShipOne flights that completed the X-Prize requirements.,Melvill first qualifier; Binnie seals the prize.,"Review Aerospace Dimensions Module 4, Chapter 3, pages 27. Then explain the distinction without looking at the choices.",Aerospace Dimensions Module 4: Rockets,27,"Module 4, Chapter 3, pages 27",high,educational_infographic,optional_after_answer,module4_land_speed_private_space,module4_land_speed_private_space,module4_land_speed_private_space.png,/assets/cap-visuals/module4_land_speed_private_space.png,approved,true,"Rocket-powered land-speed concepts, the X-Prize, SpaceShipOne, and the SpaceShipTwo flight profile.","Rocket-powered land-speed concepts, the X-Prize, SpaceShipOne, and the SpaceShipTwo flight profile.","Rocket-powered land-speed concepts, the X-Prize, SpaceShipOne, and the SpaceShipTwo flight profile.",high,close,true,0.8,original_textbook_grounded,Mitchell_Aerospace_sample_style_analysis,draft,AD-M4-Q095,45,AD_M4_100
AD-M4-Q097,4,3,Rocket and Private Space Travel,AD4-3-spaceshiptwo_flight_sequence,AD4-3-spaceshiptwo_flight_sequence,AD4-3-spaceshiptwo_flight_sequence,multiple_choice,direct_exam_style,medium,recall,Which description best matches the SpaceShipTwo flight sequence in Module 4?,SpaceShipTwo remains attached to WhiteKnightTwo for the entire trip,SpaceShipTwo is carried directly into orbit by the Space Shuttle,SpaceShipTwo launches vertically from the ground on a Saturn V,"WhiteKnightTwo carries SpaceShipTwo to about 50,000 feet, then SpaceShipTwo separates and rockets to suborbital space",D,WhiteKnightTwo carries SpaceShipTwo to altitude; SpaceShipTwo then separates and rockets into suborbital space.,WhiteKnightTwo carries SpaceShipTwo to altitude; SpaceShipTwo then separates and rockets into suborbital space.,"Not this one. SpaceShipTwo remains attached to WhiteKnightTwo for the entire trip is plausible, but it does not match the specific Module 4 fact or principle being tested. WhiteKnightTwo carries SpaceShipTwo to altitude; SpaceShipTwo then separates and rockets into suborbital space.","Not this one. SpaceShipTwo is carried directly into orbit by the Space Shuttle is plausible, but it does not match the specific Module 4 fact or principle being tested. WhiteKnightTwo carries SpaceShipTwo to altitude; SpaceShipTwo then separates and rockets into suborbital space.","Not this one. SpaceShipTwo launches vertically from the ground on a Saturn V is plausible, but it does not match the specific Module 4 fact or principle being tested. WhiteKnightTwo carries SpaceShipTwo to altitude; SpaceShipTwo then separates and rockets into suborbital space.",Correct. WhiteKnightTwo carries SpaceShipTwo to altitude; SpaceShipTwo then separates and rockets into suborbital space.,Carry → release → rocket → glide.,"Review Aerospace Dimensions Module 4, Chapter 3, pages 29-32. Then explain the distinction without looking at the choices.",Aerospace Dimensions Module 4: Rockets,29-32,"Module 4, Chapter 3, pages 29-32",high,educational_infographic,optional_after_answer,module4_land_speed_private_space,module4_land_speed_private_space,module4_land_speed_private_space.png,/assets/cap-visuals/module4_land_speed_private_space.png,approved,true,"Rocket-powered land-speed concepts, the X-Prize, SpaceShipOne, and the SpaceShipTwo flight profile.","Rocket-powered land-speed concepts, the X-Prize, SpaceShipOne, and the SpaceShipTwo flight profile.","Rocket-powered land-speed concepts, the X-Prize, SpaceShipOne, and the SpaceShipTwo flight profile.",high,close,true,1.0,original_textbook_grounded,Mitchell_Aerospace_sample_style_analysis,draft,AD-M4-Q098,35,AD_M4_100
AD-M4-Q098,4,3,Rocket and Private Space Travel,AD4-3-spaceshiptwo_flight_sequence,AD4-3-spaceshiptwo_flight_sequence,AD4-3-spaceshiptwo_flight_sequence,multiple_choice,brief_application,medium_hard,application,"A mother ship climbs to roughly 50,000 feet, releases a passenger spacecraft, and the spacecraft then ignites a rocket motor. Which system is being described?",SpaceShipTwo remains attached to WhiteKnightTwo for the entire trip,"WhiteKnightTwo carries SpaceShipTwo to about 50,000 feet, then SpaceShipTwo separates and rockets to suborbital space",SpaceShipTwo launches vertically from the ground on a Saturn V,SpaceShipTwo is carried directly into orbit by the Space Shuttle,B,WhiteKnightTwo carries SpaceShipTwo to altitude; SpaceShipTwo then separates and rockets into suborbital space.,WhiteKnightTwo carries SpaceShipTwo to altitude; SpaceShipTwo then separates and rockets into suborbital space.,"Not this one. SpaceShipTwo remains attached to WhiteKnightTwo for the entire trip is plausible, but it does not match the specific Module 4 fact or principle being tested. WhiteKnightTwo carries SpaceShipTwo to altitude; SpaceShipTwo then separates and rockets into suborbital space.",Correct. WhiteKnightTwo carries SpaceShipTwo to altitude; SpaceShipTwo then separates and rockets into suborbital space.,"Not this one. SpaceShipTwo launches vertically from the ground on a Saturn V is plausible, but it does not match the specific Module 4 fact or principle being tested. WhiteKnightTwo carries SpaceShipTwo to altitude; SpaceShipTwo then separates and rockets into suborbital space.","Not this one. SpaceShipTwo is carried directly into orbit by the Space Shuttle is plausible, but it does not match the specific Module 4 fact or principle being tested. WhiteKnightTwo carries SpaceShipTwo to altitude; SpaceShipTwo then separates and rockets into suborbital space.",Carry → release → rocket → glide.,"Review Aerospace Dimensions Module 4, Chapter 3, pages 29-32. Then explain the distinction without looking at the choices.",Aerospace Dimensions Module 4: Rockets,29-32,"Module 4, Chapter 3, pages 29-32",high,educational_infographic,optional_after_answer,module4_land_speed_private_space,module4_land_speed_private_space,module4_land_speed_private_space.png,/assets/cap-visuals/module4_land_speed_private_space.png,approved,true,"Rocket-powered land-speed concepts, the X-Prize, SpaceShipOne, and the SpaceShipTwo flight profile.","Rocket-powered land-speed concepts, the X-Prize, SpaceShipOne, and the SpaceShipTwo flight profile.","Rocket-powered land-speed concepts, the X-Prize, SpaceShipOne, and the SpaceShipTwo flight profile.",high,close,false,0.8,original_textbook_grounded,Mitchell_Aerospace_sample_style_analysis,draft,AD-M4-Q097,45,AD_M4_100
AD-M4-Q099,4,3,Rocket and Private Space Travel,AD4-3-spaceshiptwo_feathered_reentry,AD4-3-spaceshiptwo_feathered_reentry,AD4-3-spaceshiptwo_feathered_reentry,multiple_choice,direct_exam_style,medium,recall,What is the purpose of SpaceShipTwo’s feathered reentry configuration?,to keep the vehicle attached to WhiteKnightTwo,to store extra liquid oxygen in the wings,to create more thrust for orbital insertion,folding the wings upward to slow and stabilize reentry before gliding to landing,D,"SpaceShipTwo folds its wings upward during reentry to increase stability and drag, slow down, and prepare for a glide landing.","SpaceShipTwo folds its wings upward during reentry to increase stability and drag, slow down, and prepare for a glide landing.","Not this one. to keep the vehicle attached to WhiteKnightTwo is plausible, but it does not match the specific Module 4 fact or principle being tested. SpaceShipTwo folds its wings upward during reentry to increase stability and drag, slow down, and prepare for a glide landing.","Not this one. to store extra liquid oxygen in the wings is plausible, but it does not match the specific Module 4 fact or principle being tested. SpaceShipTwo folds its wings upward during reentry to increase stability and drag, slow down, and prepare for a glide landing.","Not this one. to create more thrust for orbital insertion is plausible, but it does not match the specific Module 4 fact or principle being tested. SpaceShipTwo folds its wings upward during reentry to increase stability and drag, slow down, and prepare for a glide landing.","Correct. SpaceShipTwo folds its wings upward during reentry to increase stability and drag, slow down, and prepare for a glide landing.",Feather up to slow; fold down to glide.,"Review Aerospace Dimensions Module 4, Chapter 3, pages 30-32. Then explain the distinction without looking at the choices.",Aerospace Dimensions Module 4: Rockets,30-32,"Module 4, Chapter 3, pages 30-32",high,educational_infographic,optional_after_answer,module4_land_speed_private_space,module4_land_speed_private_space,module4_land_speed_private_space.png,/assets/cap-visuals/module4_land_speed_private_space.png,approved,true,"Rocket-powered land-speed concepts, the X-Prize, SpaceShipOne, and the SpaceShipTwo flight profile.","Rocket-powered land-speed concepts, the X-Prize, SpaceShipOne, and the SpaceShipTwo flight profile.","Rocket-powered land-speed concepts, the X-Prize, SpaceShipOne, and the SpaceShipTwo flight profile.",high,close,true,1.0,original_textbook_grounded,Mitchell_Aerospace_sample_style_analysis,draft,AD-M4-Q100,35,AD_M4_100
AD-M4-Q100,4,3,Rocket and Private Space Travel,AD4-3-spaceshiptwo_feathered_reentry,AD4-3-spaceshiptwo_feathered_reentry,AD4-3-spaceshiptwo_feathered_reentry,multiple_choice,brief_application,medium_hard,application,"During reentry, a spacecraft pivots its wings upward, slows gently, then returns them for an unpowered glide to the runway. What function is this design serving?",to keep the vehicle attached to WhiteKnightTwo,folding the wings upward to slow and stabilize reentry before gliding to landing,to store extra liquid oxygen in the wings,to create more thrust for orbital insertion,B,"SpaceShipTwo folds its wings upward during reentry to increase stability and drag, slow down, and prepare for a glide landing.","SpaceShipTwo folds its wings upward during reentry to increase stability and drag, slow down, and prepare for a glide landing.","Not this one. to keep the vehicle attached to WhiteKnightTwo is plausible, but it does not match the specific Module 4 fact or principle being tested. SpaceShipTwo folds its wings upward during reentry to increase stability and drag, slow down, and prepare for a glide landing.","Correct. SpaceShipTwo folds its wings upward during reentry to increase stability and drag, slow down, and prepare for a glide landing.","Not this one. to store extra liquid oxygen in the wings is plausible, but it does not match the specific Module 4 fact or principle being tested. SpaceShipTwo folds its wings upward during reentry to increase stability and drag, slow down, and prepare for a glide landing.","Not this one. to create more thrust for orbital insertion is plausible, but it does not match the specific Module 4 fact or principle being tested. SpaceShipTwo folds its wings upward during reentry to increase stability and drag, slow down, and prepare for a glide landing.",Feather up to slow; fold down to glide.,"Review Aerospace Dimensions Module 4, Chapter 3, pages 30-32. Then explain the distinction without looking at the choices.",Aerospace Dimensions Module 4: Rockets,30-32,"Module 4, Chapter 3, pages 30-32",high,educational_infographic,optional_after_answer,module4_land_speed_private_space,module4_land_speed_private_space,module4_land_speed_private_space.png,/assets/cap-visuals/module4_land_speed_private_space.png,approved,true,"Rocket-powered land-speed concepts, the X-Prize, SpaceShipOne, and the SpaceShipTwo flight profile.","Rocket-powered land-speed concepts, the X-Prize, SpaceShipOne, and the SpaceShipTwo flight profile.","Rocket-powered land-speed concepts, the X-Prize, SpaceShipOne, and the SpaceShipTwo flight profile.",high,close,true,0.8,original_textbook_grounded,Mitchell_Aerospace_sample_style_analysis,draft,AD-M4-Q099,45,AD_M4_100
