external_id,book_volume,chapter_number,chapter_title,question_family_code,question_type,question_style,difficulty,cognitive_level,question_text,choice_a,choice_b,choice_c,choice_d,correct_letter,short_explanation,explanation,choice_a_explanation,choice_b_explanation,choice_c_explanation,choice_d_explanation,memory_aid,remediation_text,source_document,source_pages,visual_asset_key,visual_file_name,visual_storage_path,visual_status,show_visual_button,visual_caption,visual_alt_text,exam_type_question,eligible_for_final_exam,exam_likeness,distractor_difficulty,content_origin,style_reference,review_status,reinforcement_question_ids,estimated_time_seconds,package_code
LTL1-C1-Q001,Learn to Lead Volume 1,1,Character & The Air Force Tradition,LTL1-C1-integrity_first,multiple_choice,direct_exam_style,medium,recall,Which term or phrase best describes doing what is right even when no one is looking?,Integrity First,Volunteer Service,Respect,Excellence in All We Do,A,Doing what is right even when no one is looking.,Integrity first is the best answer because it is doing what is right even when no one is looking.,Correct. Doing what is right even when no one is looking.,"Not correct. Volunteer service is related to Chapter 1, but it does not match the specific idea being tested. Doing what is right even when no one is looking.","Not correct. Respect is related to Chapter 1, but it does not match the specific idea being tested. Doing what is right even when no one is looking.","Not correct. Excellence in all we do is related to Chapter 1, but it does not match the specific idea being tested. Doing what is right even when no one is looking.",Integrity = right when unseen.,"Review Learn to Lead Volume 1, Chapter 1, pages 9-10. Then explain the idea in your own words without using the answer choices.",Learn to Lead Volume 1: Personal Leadership,9-10,ltl1_c1_core_values,c1_core_values.png,/assets/cap-visuals/c1_core_values.png,approved,true,CAP CORE VALUES,CAP CORE VALUES study infographic.,yes,true,high,close,original_textbook_grounded,Wright Brothers milestone sample exams used as style/difficulty reference only,draft,LTL1-C1-Q002,35,LTL1_C1_100
LTL1-C1-Q002,Learn to Lead Volume 1,1,Character & The Air Force Tradition,LTL1-C1-integrity_first,multiple_choice,application_scenario,medium_hard,application,Which answer best applies to this situation? A cadet admits forgetting an assignment instead of inventing an excuse.,Excellence in All We Do,Integrity First,Volunteer Service,Respect,B,Doing what is right even when no one is looking.,Integrity first is the best answer because it is doing what is right even when no one is looking.,"Not correct. Excellence in all we do is related to Chapter 1, but it does not match the specific idea being tested. Doing what is right even when no one is looking.",Correct. Doing what is right even when no one is looking.,"Not correct. Volunteer service is related to Chapter 1, but it does not match the specific idea being tested. Doing what is right even when no one is looking.","Not correct. Respect is related to Chapter 1, but it does not match the specific idea being tested. Doing what is right even when no one is looking.",Integrity = right when unseen.,"Review Learn to Lead Volume 1, Chapter 1, pages 9-10. Then explain the idea in your own words without using the answer choices.",Learn to Lead Volume 1: Personal Leadership,9-10,ltl1_c1_core_values,c1_core_values.png,/assets/cap-visuals/c1_core_values.png,approved,true,CAP CORE VALUES,CAP CORE VALUES study infographic.,no,false,medium,close,original_textbook_grounded,Wright Brothers milestone sample exams used as style/difficulty reference only,draft,LTL1-C1-Q001,45,LTL1_C1_100
LTL1-C1-Q003,Learn to Lead Volume 1,1,Character & The Air Force Tradition,LTL1-C1-volunteer_service,multiple_choice,direct_exam_style,medium,recall,"According to Learn to Lead, which answer refers to putting the team's needs ahead of personal wants?",Excellence in All We Do,Respect,Volunteer Service,Integrity First,C,Putting the team's needs ahead of personal wants.,Volunteer service is the best answer because it is putting the team's needs ahead of personal wants.,"Not correct. Excellence in all we do is related to Chapter 1, but it does not match the specific idea being tested. Putting the team's needs ahead of personal wants.","Not correct. Respect is related to Chapter 1, but it does not match the specific idea being tested. Putting the team's needs ahead of personal wants.",Correct. Putting the team's needs ahead of personal wants.,"Not correct. Integrity first is related to Chapter 1, but it does not match the specific idea being tested. Putting the team's needs ahead of personal wants.",Service = selfless.,"Review Learn to Lead Volume 1, Chapter 1, pages 9-10. Then explain the idea in your own words without using the answer choices.",Learn to Lead Volume 1: Personal Leadership,9-10,ltl1_c1_core_values,c1_core_values.png,/assets/cap-visuals/c1_core_values.png,approved,true,CAP CORE VALUES,CAP CORE VALUES study infographic.,yes,true,high,close,original_textbook_grounded,Wright Brothers milestone sample exams used as style/difficulty reference only,draft,LTL1-C1-Q004,35,LTL1_C1_100
LTL1-C1-Q004,Learn to Lead Volume 1,1,Character & The Air Force Tradition,LTL1-C1-volunteer_service,multiple_choice,application_scenario,medium_hard,application,A cadet encounters the following situation: A cadet gives up free time to help younger cadets prepare for an event. Which answer best applies?,Integrity First,Respect,Excellence in All We Do,Volunteer Service,D,Putting the team's needs ahead of personal wants.,Volunteer service is the best answer because it is putting the team's needs ahead of personal wants.,"Not correct. Integrity first is related to Chapter 1, but it does not match the specific idea being tested. Putting the team's needs ahead of personal wants.","Not correct. Respect is related to Chapter 1, but it does not match the specific idea being tested. Putting the team's needs ahead of personal wants.","Not correct. Excellence in all we do is related to Chapter 1, but it does not match the specific idea being tested. Putting the team's needs ahead of personal wants.",Correct. Putting the team's needs ahead of personal wants.,Service = selfless.,"Review Learn to Lead Volume 1, Chapter 1, pages 9-10. Then explain the idea in your own words without using the answer choices.",Learn to Lead Volume 1: Personal Leadership,9-10,ltl1_c1_core_values,c1_core_values.png,/assets/cap-visuals/c1_core_values.png,approved,true,CAP CORE VALUES,CAP CORE VALUES study infographic.,yes,true,high,close,original_textbook_grounded,Wright Brothers milestone sample exams used as style/difficulty reference only,draft,LTL1-C1-Q003,45,LTL1_C1_100
LTL1-C1-Q005,Learn to Lead Volume 1,1,Character & The Air Force Tradition,LTL1-C1-excellence_in_all_we_do,multiple_choice,direct_exam_style,medium,recall,Which answer correctly identifies giving your best effort and always improving?,Excellence in All We Do,Volunteer Service,Respect,Integrity First,A,Giving your best effort and always improving.,Excellence in all we do is the best answer because it is giving your best effort and always improving.,Correct. Giving your best effort and always improving.,"Not correct. Volunteer service is related to Chapter 1, but it does not match the specific idea being tested. Giving your best effort and always improving.","Not correct. Respect is related to Chapter 1, but it does not match the specific idea being tested. Giving your best effort and always improving.","Not correct. Integrity first is related to Chapter 1, but it does not match the specific idea being tested. Giving your best effort and always improving.",Excellence = always improve.,"Review Learn to Lead Volume 1, Chapter 1, pages 9-10. Then explain the idea in your own words without using the answer choices.",Learn to Lead Volume 1: Personal Leadership,9-10,ltl1_c1_core_values,c1_core_values.png,/assets/cap-visuals/c1_core_values.png,approved,true,CAP CORE VALUES,CAP CORE VALUES study infographic.,yes,true,high,close,original_textbook_grounded,Wright Brothers milestone sample exams used as style/difficulty reference only,draft,LTL1-C1-Q006,35,LTL1_C1_100
LTL1-C1-Q006,Learn to Lead Volume 1,1,Character & The Air Force Tradition,LTL1-C1-excellence_in_all_we_do,multiple_choice,application_scenario,medium_hard,application,Which concept is illustrated by this example? A cadet keeps improving rather than settling for the minimum standard.,Respect,Excellence in All We Do,Integrity First,Volunteer Service,B,Giving your best effort and always improving.,Excellence in all we do is the best answer because it is giving your best effort and always improving.,"Not correct. Respect is related to Chapter 1, but it does not match the specific idea being tested. Giving your best effort and always improving.",Correct. Giving your best effort and always improving.,"Not correct. Integrity first is related to Chapter 1, but it does not match the specific idea being tested. Giving your best effort and always improving.","Not correct. Volunteer service is related to Chapter 1, but it does not match the specific idea being tested. Giving your best effort and always improving.",Excellence = always improve.,"Review Learn to Lead Volume 1, Chapter 1, pages 9-10. Then explain the idea in your own words without using the answer choices.",Learn to Lead Volume 1: Personal Leadership,9-10,ltl1_c1_core_values,c1_core_values.png,/assets/cap-visuals/c1_core_values.png,approved,true,CAP CORE VALUES,CAP CORE VALUES study infographic.,no,false,medium,close,original_textbook_grounded,Wright Brothers milestone sample exams used as style/difficulty reference only,draft,LTL1-C1-Q005,45,LTL1_C1_100
LTL1-C1-Q007,Learn to Lead Volume 1,1,Character & The Air Force Tradition,LTL1-C1-respect,multiple_choice,direct_exam_style,medium,recall,Which of the following best represents defending human dignity and giving others the benefit of the doubt?,Excellence in All We Do,Volunteer Service,Respect,Integrity First,C,Defending human dignity and giving others the benefit of the doubt.,Respect is the best answer because it is defending human dignity and giving others the benefit of the doubt.,"Not correct. Excellence in all we do is related to Chapter 1, but it does not match the specific idea being tested. Defending human dignity and giving others the benefit of the doubt.","Not correct. Volunteer service is related to Chapter 1, but it does not match the specific idea being tested. Defending human dignity and giving others the benefit of the doubt.",Correct. Defending human dignity and giving others the benefit of the doubt.,"Not correct. Integrity first is related to Chapter 1, but it does not match the specific idea being tested. Defending human dignity and giving others the benefit of the doubt.",Respect = dignity + fairness.,"Review Learn to Lead Volume 1, Chapter 1, pages 9-10. Then explain the idea in your own words without using the answer choices.",Learn to Lead Volume 1: Personal Leadership,9-10,ltl1_c1_core_values,c1_core_values.png,/assets/cap-visuals/c1_core_values.png,approved,true,CAP CORE VALUES,CAP CORE VALUES study infographic.,yes,true,high,close,original_textbook_grounded,Wright Brothers milestone sample exams used as style/difficulty reference only,draft,LTL1-C1-Q008,35,LTL1_C1_100
LTL1-C1-Q008,Learn to Lead Volume 1,1,Character & The Air Force Tradition,LTL1-C1-respect,multiple_choice,application_scenario,medium_hard,application,"Based on Learn to Lead, what is the best answer? A cadet disagrees firmly but stays polite and avoids humiliating someone.",Integrity First,Volunteer Service,Excellence in All We Do,Respect,D,Defending human dignity and giving others the benefit of the doubt.,Respect is the best answer because it is defending human dignity and giving others the benefit of the doubt.,"Not correct. Integrity first is related to Chapter 1, but it does not match the specific idea being tested. Defending human dignity and giving others the benefit of the doubt.","Not correct. Volunteer service is related to Chapter 1, but it does not match the specific idea being tested. Defending human dignity and giving others the benefit of the doubt.","Not correct. Excellence in all we do is related to Chapter 1, but it does not match the specific idea being tested. Defending human dignity and giving others the benefit of the doubt.",Correct. Defending human dignity and giving others the benefit of the doubt.,Respect = dignity + fairness.,"Review Learn to Lead Volume 1, Chapter 1, pages 9-10. Then explain the idea in your own words without using the answer choices.",Learn to Lead Volume 1: Personal Leadership,9-10,ltl1_c1_core_values,c1_core_values.png,/assets/cap-visuals/c1_core_values.png,approved,true,CAP CORE VALUES,CAP CORE VALUES study infographic.,yes,true,high,close,original_textbook_grounded,Wright Brothers milestone sample exams used as style/difficulty reference only,draft,LTL1-C1-Q007,45,LTL1_C1_100
LTL1-C1-Q009,Learn to Lead Volume 1,1,Character & The Air Force Tradition,LTL1-C1-warrior_spirit,multiple_choice,direct_exam_style,medium,recall,What does Learn to Lead use to describe tough-mindedness and tireless motivation rooted in character and sacrifice?,warrior spirit,self-awareness,personal ambition,military bearing,A,Tough-mindedness and tireless motivation rooted in character and sacrifice.,Warrior spirit is the best answer because it is tough-mindedness and tireless motivation rooted in character and sacrifice.,Correct. Tough-mindedness and tireless motivation rooted in character and sacrifice.,"Not correct. Self-awareness is related to Chapter 1, but it does not match the specific idea being tested. Tough-mindedness and tireless motivation rooted in character and sacrifice.","Not correct. Personal ambition is related to Chapter 1, but it does not match the specific idea being tested. Tough-mindedness and tireless motivation rooted in character and sacrifice.","Not correct. Military bearing is related to Chapter 1, but it does not match the specific idea being tested. Tough-mindedness and tireless motivation rooted in character and sacrifice.",Warrior = strong heart.,"Review Learn to Lead Volume 1, Chapter 1, pages 8-9. Then explain the idea in your own words without using the answer choices.",Learn to Lead Volume 1: Personal Leadership,8-9,ltl1_c1_warrior_selfleadership,c1_warrior_selfleadership.png,/assets/cap-visuals/c1_warrior_selfleadership.png,approved,true,WARRIOR SPIRIT & SELF-LEADERSHIP,WARRIOR SPIRIT & SELF-LEADERSHIP study infographic.,yes,true,high,close,original_textbook_grounded,Wright Brothers milestone sample exams used as style/difficulty reference only,draft,LTL1-C1-Q010,35,LTL1_C1_100
LTL1-C1-Q010,Learn to Lead Volume 1,1,Character & The Air Force Tradition,LTL1-C1-warrior_spirit,multiple_choice,application_scenario,medium_hard,application,Which answer best applies to this situation? A cadet keeps working through difficulty and puts the team ahead of comfort.,self-awareness,warrior spirit,personal ambition,military bearing,B,Tough-mindedness and tireless motivation rooted in character and sacrifice.,Warrior spirit is the best answer because it is tough-mindedness and tireless motivation rooted in character and sacrifice.,"Not correct. Self-awareness is related to Chapter 1, but it does not match the specific idea being tested. Tough-mindedness and tireless motivation rooted in character and sacrifice.",Correct. Tough-mindedness and tireless motivation rooted in character and sacrifice.,"Not correct. Personal ambition is related to Chapter 1, but it does not match the specific idea being tested. Tough-mindedness and tireless motivation rooted in character and sacrifice.","Not correct. Military bearing is related to Chapter 1, but it does not match the specific idea being tested. Tough-mindedness and tireless motivation rooted in character and sacrifice.",Warrior = strong heart.,"Review Learn to Lead Volume 1, Chapter 1, pages 8-9. Then explain the idea in your own words without using the answer choices.",Learn to Lead Volume 1: Personal Leadership,8-9,ltl1_c1_warrior_selfleadership,c1_warrior_selfleadership.png,/assets/cap-visuals/c1_warrior_selfleadership.png,approved,true,WARRIOR SPIRIT & SELF-LEADERSHIP,WARRIOR SPIRIT & SELF-LEADERSHIP study infographic.,no,false,medium,close,original_textbook_grounded,Wright Brothers milestone sample exams used as style/difficulty reference only,draft,LTL1-C1-Q009,45,LTL1_C1_100
LTL1-C1-Q011,Learn to Lead Volume 1,1,Character & The Air Force Tradition,LTL1-C1-self_awareness,multiple_choice,direct_exam_style,medium,recall,Which term or phrase best describes honestly knowing your strengths and weaknesses?,self-discipline,reputation,self-awareness,attitude,C,Honestly knowing your strengths and weaknesses.,Self-awareness is the best answer because it is honestly knowing your strengths and weaknesses.,"Not correct. Self-discipline is related to Chapter 1, but it does not match the specific idea being tested. Honestly knowing your strengths and weaknesses.","Not correct. Reputation is related to Chapter 1, but it does not match the specific idea being tested. Honestly knowing your strengths and weaknesses.",Correct. Honestly knowing your strengths and weaknesses.,"Not correct. Attitude is related to Chapter 1, but it does not match the specific idea being tested. Honestly knowing your strengths and weaknesses.",Awareness = know yourself.,"Review Learn to Lead Volume 1, Chapter 1, pages 11. Then explain the idea in your own words without using the answer choices.",Learn to Lead Volume 1: Personal Leadership,11,ltl1_c1_warrior_selfleadership,c1_warrior_selfleadership.png,/assets/cap-visuals/c1_warrior_selfleadership.png,approved,true,WARRIOR SPIRIT & SELF-LEADERSHIP,WARRIOR SPIRIT & SELF-LEADERSHIP study infographic.,yes,true,high,close,original_textbook_grounded,Wright Brothers milestone sample exams used as style/difficulty reference only,draft,LTL1-C1-Q012,35,LTL1_C1_100
LTL1-C1-Q012,Learn to Lead Volume 1,1,Character & The Air Force Tradition,LTL1-C1-self_awareness,multiple_choice,application_scenario,medium_hard,application,A cadet encounters the following situation: A cadet notices a weakness and deliberately practices it. Which answer best applies?,reputation,self-discipline,attitude,self-awareness,D,Honestly knowing your strengths and weaknesses.,Self-awareness is the best answer because it is honestly knowing your strengths and weaknesses.,"Not correct. Reputation is related to Chapter 1, but it does not match the specific idea being tested. Honestly knowing your strengths and weaknesses.","Not correct. Self-discipline is related to Chapter 1, but it does not match the specific idea being tested. Honestly knowing your strengths and weaknesses.","Not correct. Attitude is related to Chapter 1, but it does not match the specific idea being tested. Honestly knowing your strengths and weaknesses.",Correct. Honestly knowing your strengths and weaknesses.,Awareness = know yourself.,"Review Learn to Lead Volume 1, Chapter 1, pages 11. Then explain the idea in your own words without using the answer choices.",Learn to Lead Volume 1: Personal Leadership,11,ltl1_c1_warrior_selfleadership,c1_warrior_selfleadership.png,/assets/cap-visuals/c1_warrior_selfleadership.png,approved,true,WARRIOR SPIRIT & SELF-LEADERSHIP,WARRIOR SPIRIT & SELF-LEADERSHIP study infographic.,yes,true,high,close,original_textbook_grounded,Wright Brothers milestone sample exams used as style/difficulty reference only,draft,LTL1-C1-Q011,45,LTL1_C1_100
LTL1-C1-Q013,Learn to Lead Volume 1,1,Character & The Air Force Tradition,LTL1-C1-self_discipline,multiple_choice,direct_exam_style,medium,recall,"According to Learn to Lead, which answer refers to directing thoughts, emotions, and actions toward a purpose?",self-discipline,self-awareness,custom,attitude,A,"Directing thoughts, emotions, and actions toward a purpose.","Self-discipline is the best answer because it is directing thoughts, emotions, and actions toward a purpose.","Correct. Directing thoughts, emotions, and actions toward a purpose.","Not correct. Self-awareness is related to Chapter 1, but it does not match the specific idea being tested. Directing thoughts, emotions, and actions toward a purpose.","Not correct. Custom is related to Chapter 1, but it does not match the specific idea being tested. Directing thoughts, emotions, and actions toward a purpose.","Not correct. Attitude is related to Chapter 1, but it does not match the specific idea being tested. Directing thoughts, emotions, and actions toward a purpose.",Discipline = willpower with direction.,"Review Learn to Lead Volume 1, Chapter 1, pages 11-12. Then explain the idea in your own words without using the answer choices.",Learn to Lead Volume 1: Personal Leadership,11-12,ltl1_c1_warrior_selfleadership,c1_warrior_selfleadership.png,/assets/cap-visuals/c1_warrior_selfleadership.png,approved,true,WARRIOR SPIRIT & SELF-LEADERSHIP,WARRIOR SPIRIT & SELF-LEADERSHIP study infographic.,yes,true,high,close,original_textbook_grounded,Wright Brothers milestone sample exams used as style/difficulty reference only,draft,LTL1-C1-Q014,35,LTL1_C1_100
LTL1-C1-Q014,Learn to Lead Volume 1,1,Character & The Air Force Tradition,LTL1-C1-self_discipline,multiple_choice,application_scenario,medium_hard,application,Which concept is illustrated by this example? A cadet feels angry but chooses a calm and constructive response.,attitude,self-discipline,custom,self-awareness,B,"Directing thoughts, emotions, and actions toward a purpose.","Self-discipline is the best answer because it is directing thoughts, emotions, and actions toward a purpose.","Not correct. Attitude is related to Chapter 1, but it does not match the specific idea being tested. Directing thoughts, emotions, and actions toward a purpose.","Correct. Directing thoughts, emotions, and actions toward a purpose.","Not correct. Custom is related to Chapter 1, but it does not match the specific idea being tested. Directing thoughts, emotions, and actions toward a purpose.","Not correct. Self-awareness is related to Chapter 1, but it does not match the specific idea being tested. Directing thoughts, emotions, and actions toward a purpose.",Discipline = willpower with direction.,"Review Learn to Lead Volume 1, Chapter 1, pages 11-12. Then explain the idea in your own words without using the answer choices.",Learn to Lead Volume 1: Personal Leadership,11-12,ltl1_c1_warrior_selfleadership,c1_warrior_selfleadership.png,/assets/cap-visuals/c1_warrior_selfleadership.png,approved,true,WARRIOR SPIRIT & SELF-LEADERSHIP,WARRIOR SPIRIT & SELF-LEADERSHIP study infographic.,no,false,medium,close,original_textbook_grounded,Wright Brothers milestone sample exams used as style/difficulty reference only,draft,LTL1-C1-Q013,45,LTL1_C1_100
LTL1-C1-Q015,Learn to Lead Volume 1,1,Character & The Air Force Tradition,LTL1-C1-attitude,multiple_choice,direct_exam_style,medium,recall,Which answer correctly identifies the state of mind behind your actions?,custom,self-discipline,attitude,self-awareness,C,The state of mind behind your actions.,Attitude is the best answer because it is the state of mind behind your actions.,"Not correct. Custom is related to Chapter 1, but it does not match the specific idea being tested. The state of mind behind your actions.","Not correct. Self-discipline is related to Chapter 1, but it does not match the specific idea being tested. The state of mind behind your actions.",Correct. The state of mind behind your actions.,"Not correct. Self-awareness is related to Chapter 1, but it does not match the specific idea being tested. The state of mind behind your actions.",Attitude drives action.,"Review Learn to Lead Volume 1, Chapter 1, pages 12-13. Then explain the idea in your own words without using the answer choices.",Learn to Lead Volume 1: Personal Leadership,12-13,ltl1_c1_warrior_selfleadership,c1_warrior_selfleadership.png,/assets/cap-visuals/c1_warrior_selfleadership.png,approved,true,WARRIOR SPIRIT & SELF-LEADERSHIP,WARRIOR SPIRIT & SELF-LEADERSHIP study infographic.,yes,true,high,close,original_textbook_grounded,Wright Brothers milestone sample exams used as style/difficulty reference only,draft,LTL1-C1-Q016,35,LTL1_C1_100
LTL1-C1-Q016,Learn to Lead Volume 1,1,Character & The Air Force Tradition,LTL1-C1-attitude,multiple_choice,application_scenario,medium_hard,application,"Based on Learn to Lead, what is the best answer? Two cadets have the same task but one approaches it positively while the other complains.",self-discipline,custom,self-awareness,attitude,D,The state of mind behind your actions.,Attitude is the best answer because it is the state of mind behind your actions.,"Not correct. Self-discipline is related to Chapter 1, but it does not match the specific idea being tested. The state of mind behind your actions.","Not correct. Custom is related to Chapter 1, but it does not match the specific idea being tested. The state of mind behind your actions.","Not correct. Self-awareness is related to Chapter 1, but it does not match the specific idea being tested. The state of mind behind your actions.",Correct. The state of mind behind your actions.,Attitude drives action.,"Review Learn to Lead Volume 1, Chapter 1, pages 12-13. Then explain the idea in your own words without using the answer choices.",Learn to Lead Volume 1: Personal Leadership,12-13,ltl1_c1_warrior_selfleadership,c1_warrior_selfleadership.png,/assets/cap-visuals/c1_warrior_selfleadership.png,approved,true,WARRIOR SPIRIT & SELF-LEADERSHIP,WARRIOR SPIRIT & SELF-LEADERSHIP study infographic.,yes,true,high,close,original_textbook_grounded,Wright Brothers milestone sample exams used as style/difficulty reference only,draft,LTL1-C1-Q015,45,LTL1_C1_100
LTL1-C1-Q017,Learn to Lead Volume 1,1,Character & The Air Force Tradition,LTL1-C1-an_oath,multiple_choice,direct_exam_style,medium,recall,Which of the following best represents a solemn public promise involving duty and honor?,an oath,a private wish,a goal with a deadline,a casual plan,A,A solemn public promise involving duty and honor.,An oath is the best answer because it is a solemn public promise involving duty and honor.,Correct. A solemn public promise involving duty and honor.,"Not correct. A private wish is related to Chapter 1, but it does not match the specific idea being tested. A solemn public promise involving duty and honor.","Not correct. A goal with a deadline is related to Chapter 1, but it does not match the specific idea being tested. A solemn public promise involving duty and honor.","Not correct. A casual plan is related to Chapter 1, but it does not match the specific idea being tested. A solemn public promise involving duty and honor.",Oath = public promise.,"Review Learn to Lead Volume 1, Chapter 1, pages 14. Then explain the idea in your own words without using the answer choices.",Learn to Lead Volume 1: Personal Leadership,14,ltl1_c1_oath_chain_command,c1_oath_chain_command.png,/assets/cap-visuals/c1_oath_chain_command.png,approved,true,CADET OATH & CHAIN OF COMMAND,CADET OATH & CHAIN OF COMMAND study infographic.,yes,true,high,close,original_textbook_grounded,Wright Brothers milestone sample exams used as style/difficulty reference only,draft,LTL1-C1-Q018,35,LTL1_C1_100
LTL1-C1-Q018,Learn to Lead Volume 1,1,Character & The Air Force Tradition,LTL1-C1-an_oath,multiple_choice,application_scenario,medium_hard,application,Which answer best applies to this situation? A cadet publicly promises duties that place personal honor on the line.,a private wish,an oath,a goal with a deadline,a casual plan,B,A solemn public promise involving duty and honor.,An oath is the best answer because it is a solemn public promise involving duty and honor.,"Not correct. A private wish is related to Chapter 1, but it does not match the specific idea being tested. A solemn public promise involving duty and honor.",Correct. A solemn public promise involving duty and honor.,"Not correct. A goal with a deadline is related to Chapter 1, but it does not match the specific idea being tested. A solemn public promise involving duty and honor.","Not correct. A casual plan is related to Chapter 1, but it does not match the specific idea being tested. A solemn public promise involving duty and honor.",Oath = public promise.,"Review Learn to Lead Volume 1, Chapter 1, pages 14. Then explain the idea in your own words without using the answer choices.",Learn to Lead Volume 1: Personal Leadership,14,ltl1_c1_oath_chain_command,c1_oath_chain_command.png,/assets/cap-visuals/c1_oath_chain_command.png,approved,true,CADET OATH & CHAIN OF COMMAND,CADET OATH & CHAIN OF COMMAND study infographic.,no,false,medium,close,original_textbook_grounded,Wright Brothers milestone sample exams used as style/difficulty reference only,draft,LTL1-C1-Q017,45,LTL1_C1_100
LTL1-C1-Q019,Learn to Lead Volume 1,1,Character & The Air Force Tradition,LTL1-C1-serve_faithfully,multiple_choice,direct_exam_style,medium,recall,What does Learn to Lead use to describe being dependable and true to the commitment you made?,making no mistakes,serving only when convenient,serve faithfully,following orders only when watched,C,Being dependable and true to the commitment you made.,Serve faithfully is the best answer because it is being dependable and true to the commitment you made.,"Not correct. Making no mistakes is related to Chapter 1, but it does not match the specific idea being tested. Being dependable and true to the commitment you made.","Not correct. Serving only when convenient is related to Chapter 1, but it does not match the specific idea being tested. Being dependable and true to the commitment you made.",Correct. Being dependable and true to the commitment you made.,"Not correct. Following orders only when watched is related to Chapter 1, but it does not match the specific idea being tested. Being dependable and true to the commitment you made.",Faithful = dependable.,"Review Learn to Lead Volume 1, Chapter 1, pages 14-15. Then explain the idea in your own words without using the answer choices.",Learn to Lead Volume 1: Personal Leadership,14-15,ltl1_c1_cadet_oath_breakdown,c1_cadet_oath_breakdown.png,/assets/cap-visuals/c1_cadet_oath_breakdown.png,approved,true,CADET OATH BREAKDOWN,CADET OATH BREAKDOWN study infographic.,yes,true,high,close,original_textbook_grounded,Wright Brothers milestone sample exams used as style/difficulty reference only,draft,LTL1-C1-Q020,35,LTL1_C1_100
LTL1-C1-Q020,Learn to Lead Volume 1,1,Character & The Air Force Tradition,LTL1-C1-serve_faithfully,multiple_choice,application_scenario,medium_hard,application,A cadet encounters the following situation: A cadet keeps the promises of the Cadet Oath even after the excitement fades. Which answer best applies?,making no mistakes,following orders only when watched,serving only when convenient,serve faithfully,D,Being dependable and true to the commitment you made.,Serve faithfully is the best answer because it is being dependable and true to the commitment you made.,"Not correct. Making no mistakes is related to Chapter 1, but it does not match the specific idea being tested. Being dependable and true to the commitment you made.","Not correct. Following orders only when watched is related to Chapter 1, but it does not match the specific idea being tested. Being dependable and true to the commitment you made.","Not correct. Serving only when convenient is related to Chapter 1, but it does not match the specific idea being tested. Being dependable and true to the commitment you made.",Correct. Being dependable and true to the commitment you made.,Faithful = dependable.,"Review Learn to Lead Volume 1, Chapter 1, pages 14-15. Then explain the idea in your own words without using the answer choices.",Learn to Lead Volume 1: Personal Leadership,14-15,ltl1_c1_cadet_oath_breakdown,c1_cadet_oath_breakdown.png,/assets/cap-visuals/c1_cadet_oath_breakdown.png,approved,true,CADET OATH BREAKDOWN,CADET OATH BREAKDOWN study infographic.,yes,true,high,close,original_textbook_grounded,Wright Brothers milestone sample exams used as style/difficulty reference only,draft,LTL1-C1-Q019,45,LTL1_C1_100
LTL1-C1-Q021,Learn to Lead Volume 1,1,Character & The Air Force Tradition,LTL1-C1-attend_meetings_regularly,multiple_choice,direct_exam_style,medium,recall,Which term or phrase best describes the exact meeting commitment in the Cadet Oath?,attend meetings regularly,attend meetings weekly,attend meetings without fail,attend meetings monthly,A,The exact meeting commitment in the Cadet Oath.,Attend meetings regularly is the best answer because it is the exact meeting commitment in the Cadet Oath.,Correct. The exact meeting commitment in the Cadet Oath.,"Not correct. Attend meetings weekly is related to Chapter 1, but it does not match the specific idea being tested. The exact meeting commitment in the Cadet Oath.","Not correct. Attend meetings without fail is related to Chapter 1, but it does not match the specific idea being tested. The exact meeting commitment in the Cadet Oath.","Not correct. Attend meetings monthly is related to Chapter 1, but it does not match the specific idea being tested. The exact meeting commitment in the Cadet Oath.",Exact word = regularly.,"Review Learn to Lead Volume 1, Chapter 1, pages 14-15. Then explain the idea in your own words without using the answer choices.",Learn to Lead Volume 1: Personal Leadership,14-15,ltl1_c1_cadet_oath_breakdown,c1_cadet_oath_breakdown.png,/assets/cap-visuals/c1_cadet_oath_breakdown.png,approved,true,CADET OATH BREAKDOWN,CADET OATH BREAKDOWN study infographic.,yes,true,high,close,original_textbook_grounded,Wright Brothers milestone sample exams used as style/difficulty reference only,draft,LTL1-C1-Q022,35,LTL1_C1_100
LTL1-C1-Q022,Learn to Lead Volume 1,1,Character & The Air Force Tradition,LTL1-C1-attend_meetings_regularly,multiple_choice,application_scenario,medium_hard,application,Which concept is illustrated by this example? A cadet is trying to remember the Oath wording about participation frequency.,attend meetings monthly,attend meetings regularly,attend meetings weekly,attend meetings without fail,B,The exact meeting commitment in the Cadet Oath.,Attend meetings regularly is the best answer because it is the exact meeting commitment in the Cadet Oath.,"Not correct. Attend meetings monthly is related to Chapter 1, but it does not match the specific idea being tested. The exact meeting commitment in the Cadet Oath.",Correct. The exact meeting commitment in the Cadet Oath.,"Not correct. Attend meetings weekly is related to Chapter 1, but it does not match the specific idea being tested. The exact meeting commitment in the Cadet Oath.","Not correct. Attend meetings without fail is related to Chapter 1, but it does not match the specific idea being tested. The exact meeting commitment in the Cadet Oath.",Exact word = regularly.,"Review Learn to Lead Volume 1, Chapter 1, pages 14-15. Then explain the idea in your own words without using the answer choices.",Learn to Lead Volume 1: Personal Leadership,14-15,ltl1_c1_cadet_oath_breakdown,c1_cadet_oath_breakdown.png,/assets/cap-visuals/c1_cadet_oath_breakdown.png,approved,true,CADET OATH BREAKDOWN,CADET OATH BREAKDOWN study infographic.,no,false,medium,close,original_textbook_grounded,Wright Brothers milestone sample exams used as style/difficulty reference only,draft,LTL1-C1-Q021,45,LTL1_C1_100
LTL1-C1-Q023,Learn to Lead Volume 1,1,Character & The Air Force Tradition,LTL1-C1-participate_actively_in_unit_activities,multiple_choice,direct_exam_style,medium,recall,"According to Learn to Lead, which answer refers to the Oath phrase reminding cadets to engage rather than be passive?",participate only when assigned,participate only in favorite activities,participate actively in unit activities,observe activities quietly,C,The Oath phrase reminding cadets to engage rather than be passive.,Participate actively in unit activities is the best answer because it is the Oath phrase reminding cadets to engage rather than be passive.,"Not correct. Participate only when assigned is related to Chapter 1, but it does not match the specific idea being tested. The Oath phrase reminding cadets to engage rather than be passive.","Not correct. Participate only in favorite activities is related to Chapter 1, but it does not match the specific idea being tested. The Oath phrase reminding cadets to engage rather than be passive.",Correct. The Oath phrase reminding cadets to engage rather than be passive.,"Not correct. Observe activities quietly is related to Chapter 1, but it does not match the specific idea being tested. The Oath phrase reminding cadets to engage rather than be passive.",Active = engaged.,"Review Learn to Lead Volume 1, Chapter 1, pages 14-15. Then explain the idea in your own words without using the answer choices.",Learn to Lead Volume 1: Personal Leadership,14-15,ltl1_c1_cadet_oath_breakdown,c1_cadet_oath_breakdown.png,/assets/cap-visuals/c1_cadet_oath_breakdown.png,approved,true,CADET OATH BREAKDOWN,CADET OATH BREAKDOWN study infographic.,yes,true,high,close,original_textbook_grounded,Wright Brothers milestone sample exams used as style/difficulty reference only,draft,LTL1-C1-Q024,35,LTL1_C1_100
LTL1-C1-Q024,Learn to Lead Volume 1,1,Character & The Air Force Tradition,LTL1-C1-participate_actively_in_unit_activities,multiple_choice,application_scenario,medium_hard,application,"Based on Learn to Lead, what is the best answer? A cadet shows up for meetings but rarely volunteers or takes part.",observe activities quietly,participate only in favorite activities,participate only when assigned,participate actively in unit activities,D,The Oath phrase reminding cadets to engage rather than be passive.,Participate actively in unit activities is the best answer because it is the Oath phrase reminding cadets to engage rather than be passive.,"Not correct. Observe activities quietly is related to Chapter 1, but it does not match the specific idea being tested. The Oath phrase reminding cadets to engage rather than be passive.","Not correct. Participate only in favorite activities is related to Chapter 1, but it does not match the specific idea being tested. The Oath phrase reminding cadets to engage rather than be passive.","Not correct. Participate only when assigned is related to Chapter 1, but it does not match the specific idea being tested. The Oath phrase reminding cadets to engage rather than be passive.",Correct. The Oath phrase reminding cadets to engage rather than be passive.,Active = engaged.,"Review Learn to Lead Volume 1, Chapter 1, pages 14-15. Then explain the idea in your own words without using the answer choices.",Learn to Lead Volume 1: Personal Leadership,14-15,ltl1_c1_cadet_oath_breakdown,c1_cadet_oath_breakdown.png,/assets/cap-visuals/c1_cadet_oath_breakdown.png,approved,true,CADET OATH BREAKDOWN,CADET OATH BREAKDOWN study infographic.,yes,true,high,close,original_textbook_grounded,Wright Brothers milestone sample exams used as style/difficulty reference only,draft,LTL1-C1-Q023,45,LTL1_C1_100
LTL1-C1-Q025,Learn to Lead Volume 1,1,Character & The Air Force Tradition,LTL1-C1-obey_my_officers,multiple_choice,direct_exam_style,medium,recall,Which answer correctly identifies the Oath phrase about following leadership?,obey my officers,obey only senior members,obey only the commander,obey every person older than me,A,The Oath phrase about following leadership.,Obey my officers is the best answer because it is the Oath phrase about following leadership.,Correct. The Oath phrase about following leadership.,"Not correct. Obey only senior members is related to Chapter 1, but it does not match the specific idea being tested. The Oath phrase about following leadership.","Not correct. Obey only the commander is related to Chapter 1, but it does not match the specific idea being tested. The Oath phrase about following leadership.","Not correct. Obey every person older than me is related to Chapter 1, but it does not match the specific idea being tested. The Oath phrase about following leadership.",Oath includes obey officers.,"Review Learn to Lead Volume 1, Chapter 1, pages 14-15. Then explain the idea in your own words without using the answer choices.",Learn to Lead Volume 1: Personal Leadership,14-15,ltl1_c1_cadet_oath_breakdown,c1_cadet_oath_breakdown.png,/assets/cap-visuals/c1_cadet_oath_breakdown.png,approved,true,CADET OATH BREAKDOWN,CADET OATH BREAKDOWN study infographic.,yes,true,high,close,original_textbook_grounded,Wright Brothers milestone sample exams used as style/difficulty reference only,draft,LTL1-C1-Q026,35,LTL1_C1_100
LTL1-C1-Q026,Learn to Lead Volume 1,1,Character & The Air Force Tradition,LTL1-C1-obey_my_officers,multiple_choice,application_scenario,medium_hard,application,Which answer best applies to this situation? A cadet recalls the part of the Oath about leadership authority inside the program.,obey only the commander,obey my officers,obey only senior members,obey every person older than me,B,The Oath phrase about following leadership.,Obey my officers is the best answer because it is the Oath phrase about following leadership.,"Not correct. Obey only the commander is related to Chapter 1, but it does not match the specific idea being tested. The Oath phrase about following leadership.",Correct. The Oath phrase about following leadership.,"Not correct. Obey only senior members is related to Chapter 1, but it does not match the specific idea being tested. The Oath phrase about following leadership.","Not correct. Obey every person older than me is related to Chapter 1, but it does not match the specific idea being tested. The Oath phrase about following leadership.",Oath includes obey officers.,"Review Learn to Lead Volume 1, Chapter 1, pages 14-15. Then explain the idea in your own words without using the answer choices.",Learn to Lead Volume 1: Personal Leadership,14-15,ltl1_c1_cadet_oath_breakdown,c1_cadet_oath_breakdown.png,/assets/cap-visuals/c1_cadet_oath_breakdown.png,approved,true,CADET OATH BREAKDOWN,CADET OATH BREAKDOWN study infographic.,no,false,medium,close,original_textbook_grounded,Wright Brothers milestone sample exams used as style/difficulty reference only,draft,LTL1-C1-Q025,45,LTL1_C1_100
LTL1-C1-Q027,Learn to Lead Volume 1,1,Character & The Air Force Tradition,LTL1-C1-advance_my_education_and_training_rapidly,multiple_choice,direct_exam_style,medium,recall,Which of the following best represents the Oath phrase about steady improvement?,advance only in rank,advance when others push me,advance my education and training rapidly,advance only academically,C,The Oath phrase about steady improvement.,Advance my education and training rapidly is the best answer because it is the Oath phrase about steady improvement.,"Not correct. Advance only in rank is related to Chapter 1, but it does not match the specific idea being tested. The Oath phrase about steady improvement.","Not correct. Advance when others push me is related to Chapter 1, but it does not match the specific idea being tested. The Oath phrase about steady improvement.",Correct. The Oath phrase about steady improvement.,"Not correct. Advance only academically is related to Chapter 1, but it does not match the specific idea being tested. The Oath phrase about steady improvement.",Advance = keep progressing.,"Review Learn to Lead Volume 1, Chapter 1, pages 14-15. Then explain the idea in your own words without using the answer choices.",Learn to Lead Volume 1: Personal Leadership,14-15,ltl1_c1_cadet_oath_breakdown,c1_cadet_oath_breakdown.png,/assets/cap-visuals/c1_cadet_oath_breakdown.png,approved,true,CADET OATH BREAKDOWN,CADET OATH BREAKDOWN study infographic.,yes,true,high,close,original_textbook_grounded,Wright Brothers milestone sample exams used as style/difficulty reference only,draft,LTL1-C1-Q028,35,LTL1_C1_100
LTL1-C1-Q028,Learn to Lead Volume 1,1,Character & The Air Force Tradition,LTL1-C1-advance_my_education_and_training_rapidly,multiple_choice,application_scenario,medium_hard,application,A cadet encounters the following situation: A cadet remembers the part of the Oath about progress. Which answer best applies?,advance only in rank,advance when others push me,advance only academically,advance my education and training rapidly,D,The Oath phrase about steady improvement.,Advance my education and training rapidly is the best answer because it is the Oath phrase about steady improvement.,"Not correct. Advance only in rank is related to Chapter 1, but it does not match the specific idea being tested. The Oath phrase about steady improvement.","Not correct. Advance when others push me is related to Chapter 1, but it does not match the specific idea being tested. The Oath phrase about steady improvement.","Not correct. Advance only academically is related to Chapter 1, but it does not match the specific idea being tested. The Oath phrase about steady improvement.",Correct. The Oath phrase about steady improvement.,Advance = keep progressing.,"Review Learn to Lead Volume 1, Chapter 1, pages 14-15. Then explain the idea in your own words without using the answer choices.",Learn to Lead Volume 1: Personal Leadership,14-15,ltl1_c1_cadet_oath_breakdown,c1_cadet_oath_breakdown.png,/assets/cap-visuals/c1_cadet_oath_breakdown.png,approved,true,CADET OATH BREAKDOWN,CADET OATH BREAKDOWN study infographic.,yes,true,high,close,original_textbook_grounded,Wright Brothers milestone sample exams used as style/difficulty reference only,draft,LTL1-C1-Q027,45,LTL1_C1_100
LTL1-C1-Q029,Learn to Lead Volume 1,1,Character & The Air Force Tradition,LTL1-C1-prepare_myself_to_be_of_service_to_my_communi,multiple_choice,direct_exam_style,medium,recall,What does Learn to Lead use to describe the Oath phrase showing the larger purpose of cadet training?,"prepare myself to be of service to my community, state, and nation",prepare only for personal success,prepare to lead CAP only,prepare for competition only,A,The Oath phrase showing the larger purpose of cadet training.,"Prepare myself to be of service to my community, state, and nation is the best answer because it is the Oath phrase showing the larger purpose of cadet training.",Correct. The Oath phrase showing the larger purpose of cadet training.,"Not correct. Prepare only for personal success is related to Chapter 1, but it does not match the specific idea being tested. The Oath phrase showing the larger purpose of cadet training.","Not correct. Prepare to lead cap only is related to Chapter 1, but it does not match the specific idea being tested. The Oath phrase showing the larger purpose of cadet training.","Not correct. Prepare for competition only is related to Chapter 1, but it does not match the specific idea being tested. The Oath phrase showing the larger purpose of cadet training.","Learn now, serve later.","Review Learn to Lead Volume 1, Chapter 1, pages 14-15. Then explain the idea in your own words without using the answer choices.",Learn to Lead Volume 1: Personal Leadership,14-15,ltl1_c1_cadet_oath_breakdown,c1_cadet_oath_breakdown.png,/assets/cap-visuals/c1_cadet_oath_breakdown.png,approved,true,CADET OATH BREAKDOWN,CADET OATH BREAKDOWN study infographic.,yes,true,high,close,original_textbook_grounded,Wright Brothers milestone sample exams used as style/difficulty reference only,draft,LTL1-C1-Q030,35,LTL1_C1_100
LTL1-C1-Q030,Learn to Lead Volume 1,1,Character & The Air Force Tradition,LTL1-C1-prepare_myself_to_be_of_service_to_my_communi,multiple_choice,application_scenario,medium_hard,application,Which concept is illustrated by this example? A cadet explains that the program is about being ready to serve.,prepare to lead CAP only,"prepare myself to be of service to my community, state, and nation",prepare only for personal success,prepare for competition only,B,The Oath phrase showing the larger purpose of cadet training.,"Prepare myself to be of service to my community, state, and nation is the best answer because it is the Oath phrase showing the larger purpose of cadet training.","Not correct. Prepare to lead cap only is related to Chapter 1, but it does not match the specific idea being tested. The Oath phrase showing the larger purpose of cadet training.",Correct. The Oath phrase showing the larger purpose of cadet training.,"Not correct. Prepare only for personal success is related to Chapter 1, but it does not match the specific idea being tested. The Oath phrase showing the larger purpose of cadet training.","Not correct. Prepare for competition only is related to Chapter 1, but it does not match the specific idea being tested. The Oath phrase showing the larger purpose of cadet training.","Learn now, serve later.","Review Learn to Lead Volume 1, Chapter 1, pages 14-15. Then explain the idea in your own words without using the answer choices.",Learn to Lead Volume 1: Personal Leadership,14-15,ltl1_c1_cadet_oath_breakdown,c1_cadet_oath_breakdown.png,/assets/cap-visuals/c1_cadet_oath_breakdown.png,approved,true,CADET OATH BREAKDOWN,CADET OATH BREAKDOWN study infographic.,no,false,medium,close,original_textbook_grounded,Wright Brothers milestone sample exams used as style/difficulty reference only,draft,LTL1-C1-Q029,45,LTL1_C1_100
LTL1-C1-Q031,Learn to Lead Volume 1,1,Character & The Air Force Tradition,LTL1-C1-customs_and_courtesies,multiple_choice,direct_exam_style,medium,recall,Which term or phrase best describes habits that show respect and help people work together smoothly?,uniform items,flag parts,customs and courtesies,drill movements,C,Habits that show respect and help people work together smoothly.,Customs and courtesies is the best answer because it is habits that show respect and help people work together smoothly.,"Not correct. Uniform items is related to Chapter 1, but it does not match the specific idea being tested. Habits that show respect and help people work together smoothly.","Not correct. Flag parts is related to Chapter 1, but it does not match the specific idea being tested. Habits that show respect and help people work together smoothly.",Correct. Habits that show respect and help people work together smoothly.,"Not correct. Drill movements is related to Chapter 1, but it does not match the specific idea being tested. Habits that show respect and help people work together smoothly.",Customs = visible respect.,"Review Learn to Lead Volume 1, Chapter 1, pages 16-18. Then explain the idea in your own words without using the answer choices.",Learn to Lead Volume 1: Personal Leadership,16-18,ltl1_c1_customs_courtesies_quick_chart,c1_customs_courtesies_quick_chart.png,/assets/cap-visuals/c1_customs_courtesies_quick_chart.png,approved,true,CUSTOMS & COURTESIES QUICK CHART,CUSTOMS & COURTESIES QUICK CHART study infographic.,yes,true,high,close,original_textbook_grounded,Wright Brothers milestone sample exams used as style/difficulty reference only,draft,LTL1-C1-Q032,35,LTL1_C1_100
LTL1-C1-Q032,Learn to Lead Volume 1,1,Character & The Air Force Tradition,LTL1-C1-customs_and_courtesies,multiple_choice,application_scenario,medium_hard,application,"Based on Learn to Lead, what is the best answer? A squadron runs more smoothly because members consistently treat each other with professional respect.",drill movements,uniform items,flag parts,customs and courtesies,D,Habits that show respect and help people work together smoothly.,Customs and courtesies is the best answer because it is habits that show respect and help people work together smoothly.,"Not correct. Drill movements is related to Chapter 1, but it does not match the specific idea being tested. Habits that show respect and help people work together smoothly.","Not correct. Uniform items is related to Chapter 1, but it does not match the specific idea being tested. Habits that show respect and help people work together smoothly.","Not correct. Flag parts is related to Chapter 1, but it does not match the specific idea being tested. Habits that show respect and help people work together smoothly.",Correct. Habits that show respect and help people work together smoothly.,Customs = visible respect.,"Review Learn to Lead Volume 1, Chapter 1, pages 16-18. Then explain the idea in your own words without using the answer choices.",Learn to Lead Volume 1: Personal Leadership,16-18,ltl1_c1_customs_courtesies_quick_chart,c1_customs_courtesies_quick_chart.png,/assets/cap-visuals/c1_customs_courtesies_quick_chart.png,approved,true,CUSTOMS & COURTESIES QUICK CHART,CUSTOMS & COURTESIES QUICK CHART study infographic.,yes,true,high,close,original_textbook_grounded,Wright Brothers milestone sample exams used as style/difficulty reference only,draft,LTL1-C1-Q031,45,LTL1_C1_100
LTL1-C1-Q033,Learn to Lead Volume 1,1,Character & The Air Force Tradition,LTL1-C1-a_salute_as_a_sign_of_mutual_respect,multiple_choice,direct_exam_style,medium,recall,"According to Learn to Lead, which answer refers to the meaning behind the military salute?",a salute as a sign of mutual respect,a reward for high rank only,a sign of inferiority,a form of favoritism,A,The meaning behind the military salute.,A salute as a sign of mutual respect is the best answer because it is the meaning behind the military salute.,Correct. The meaning behind the military salute.,"Not correct. A reward for high rank only is related to Chapter 1, but it does not match the specific idea being tested. The meaning behind the military salute.","Not correct. A sign of inferiority is related to Chapter 1, but it does not match the specific idea being tested. The meaning behind the military salute.","Not correct. A form of favoritism is related to Chapter 1, but it does not match the specific idea being tested. The meaning behind the military salute.",Salute = respect.,"Review Learn to Lead Volume 1, Chapter 1, pages 16-18. Then explain the idea in your own words without using the answer choices.",Learn to Lead Volume 1: Personal Leadership,16-18,ltl1_c1_customs_courtesies_quick_chart,c1_customs_courtesies_quick_chart.png,/assets/cap-visuals/c1_customs_courtesies_quick_chart.png,approved,true,CUSTOMS & COURTESIES QUICK CHART,CUSTOMS & COURTESIES QUICK CHART study infographic.,yes,true,high,close,original_textbook_grounded,Wright Brothers milestone sample exams used as style/difficulty reference only,draft,LTL1-C1-Q034,35,LTL1_C1_100
LTL1-C1-Q034,Learn to Lead Volume 1,1,Character & The Air Force Tradition,LTL1-C1-a_salute_as_a_sign_of_mutual_respect,multiple_choice,application_scenario,medium_hard,application,Which answer best applies to this situation? A cadet wants to explain why saluting is honorable rather than humiliating.,a form of favoritism,a salute as a sign of mutual respect,a sign of inferiority,a reward for high rank only,B,The meaning behind the military salute.,A salute as a sign of mutual respect is the best answer because it is the meaning behind the military salute.,"Not correct. A form of favoritism is related to Chapter 1, but it does not match the specific idea being tested. The meaning behind the military salute.",Correct. The meaning behind the military salute.,"Not correct. A sign of inferiority is related to Chapter 1, but it does not match the specific idea being tested. The meaning behind the military salute.","Not correct. A reward for high rank only is related to Chapter 1, but it does not match the specific idea being tested. The meaning behind the military salute.",Salute = respect.,"Review Learn to Lead Volume 1, Chapter 1, pages 16-18. Then explain the idea in your own words without using the answer choices.",Learn to Lead Volume 1: Personal Leadership,16-18,ltl1_c1_customs_courtesies_quick_chart,c1_customs_courtesies_quick_chart.png,/assets/cap-visuals/c1_customs_courtesies_quick_chart.png,approved,true,CUSTOMS & COURTESIES QUICK CHART,CUSTOMS & COURTESIES QUICK CHART study infographic.,no,false,medium,close,original_textbook_grounded,Wright Brothers milestone sample exams used as style/difficulty reference only,draft,LTL1-C1-Q033,45,LTL1_C1_100
LTL1-C1-Q035,Learn to Lead Volume 1,1,Character & The Air Force Tradition,LTL1-C1-the_junior_person_walks_on_the_left,multiple_choice,direct_exam_style,medium,recall,Which answer correctly identifies the custom for where juniors walk beside seniors?,position does not matter,the senior walks in back,the junior person walks on the left,the junior walks on the right,C,The custom for where juniors walk beside seniors.,The junior person walks on the left is the best answer because it is the custom for where juniors walk beside seniors.,"Not correct. Position does not matter is related to Chapter 1, but it does not match the specific idea being tested. The custom for where juniors walk beside seniors.","Not correct. The senior walks in back is related to Chapter 1, but it does not match the specific idea being tested. The custom for where juniors walk beside seniors.",Correct. The custom for where juniors walk beside seniors.,"Not correct. The junior walks on the right is related to Chapter 1, but it does not match the specific idea being tested. The custom for where juniors walk beside seniors.",Junior = left.,"Review Learn to Lead Volume 1, Chapter 1, pages 16-18. Then explain the idea in your own words without using the answer choices.",Learn to Lead Volume 1: Personal Leadership,16-18,ltl1_c1_customs_courtesies_quick_chart,c1_customs_courtesies_quick_chart.png,/assets/cap-visuals/c1_customs_courtesies_quick_chart.png,approved,true,CUSTOMS & COURTESIES QUICK CHART,CUSTOMS & COURTESIES QUICK CHART study infographic.,yes,true,high,close,original_textbook_grounded,Wright Brothers milestone sample exams used as style/difficulty reference only,draft,LTL1-C1-Q036,35,LTL1_C1_100
LTL1-C1-Q036,Learn to Lead Volume 1,1,Character & The Air Force Tradition,LTL1-C1-the_junior_person_walks_on_the_left,multiple_choice,application_scenario,medium_hard,application,A cadet encounters the following situation: Two cadets walk together and one is junior to the other. Which answer best applies?,position does not matter,the senior walks in back,the junior walks on the right,the junior person walks on the left,D,The custom for where juniors walk beside seniors.,The junior person walks on the left is the best answer because it is the custom for where juniors walk beside seniors.,"Not correct. Position does not matter is related to Chapter 1, but it does not match the specific idea being tested. The custom for where juniors walk beside seniors.","Not correct. The senior walks in back is related to Chapter 1, but it does not match the specific idea being tested. The custom for where juniors walk beside seniors.","Not correct. The junior walks on the right is related to Chapter 1, but it does not match the specific idea being tested. The custom for where juniors walk beside seniors.",Correct. The custom for where juniors walk beside seniors.,Junior = left.,"Review Learn to Lead Volume 1, Chapter 1, pages 16-18. Then explain the idea in your own words without using the answer choices.",Learn to Lead Volume 1: Personal Leadership,16-18,ltl1_c1_customs_courtesies_quick_chart,c1_customs_courtesies_quick_chart.png,/assets/cap-visuals/c1_customs_courtesies_quick_chart.png,approved,true,CUSTOMS & COURTESIES QUICK CHART,CUSTOMS & COURTESIES QUICK CHART study infographic.,yes,true,high,close,original_textbook_grounded,Wright Brothers milestone sample exams used as style/difficulty reference only,draft,LTL1-C1-Q035,45,LTL1_C1_100
LTL1-C1-Q037,Learn to Lead Volume 1,1,Character & The Air Force Tradition,LTL1-C1-proper_titles_such_as_sir_ma_am_or_rank,multiple_choice,direct_exam_style,medium,recall,Which of the following best represents how customs and courtesies are shown verbally?,"proper titles such as sir, ma'am, or rank",first names only,nicknames only,silence whenever possible,A,How customs and courtesies are shown verbally.,"Proper titles such as sir, ma'am, or rank is the best answer because it is how customs and courtesies are shown verbally.",Correct. How customs and courtesies are shown verbally.,"Not correct. First names only is related to Chapter 1, but it does not match the specific idea being tested. How customs and courtesies are shown verbally.","Not correct. Nicknames only is related to Chapter 1, but it does not match the specific idea being tested. How customs and courtesies are shown verbally.","Not correct. Silence whenever possible is related to Chapter 1, but it does not match the specific idea being tested. How customs and courtesies are shown verbally.",Titles show respect.,"Review Learn to Lead Volume 1, Chapter 1, pages 16-18. Then explain the idea in your own words without using the answer choices.",Learn to Lead Volume 1: Personal Leadership,16-18,ltl1_c1_customs_courtesies_quick_chart,c1_customs_courtesies_quick_chart.png,/assets/cap-visuals/c1_customs_courtesies_quick_chart.png,approved,true,CUSTOMS & COURTESIES QUICK CHART,CUSTOMS & COURTESIES QUICK CHART study infographic.,yes,true,high,close,original_textbook_grounded,Wright Brothers milestone sample exams used as style/difficulty reference only,draft,LTL1-C1-Q038,35,LTL1_C1_100
LTL1-C1-Q038,Learn to Lead Volume 1,1,Character & The Air Force Tradition,LTL1-C1-proper_titles_such_as_sir_ma_am_or_rank,multiple_choice,application_scenario,medium_hard,application,Which concept is illustrated by this example? A cadet addresses an officer respectfully when asking a question.,silence whenever possible,"proper titles such as sir, ma'am, or rank",nicknames only,first names only,B,How customs and courtesies are shown verbally.,"Proper titles such as sir, ma'am, or rank is the best answer because it is how customs and courtesies are shown verbally.","Not correct. Silence whenever possible is related to Chapter 1, but it does not match the specific idea being tested. How customs and courtesies are shown verbally.",Correct. How customs and courtesies are shown verbally.,"Not correct. Nicknames only is related to Chapter 1, but it does not match the specific idea being tested. How customs and courtesies are shown verbally.","Not correct. First names only is related to Chapter 1, but it does not match the specific idea being tested. How customs and courtesies are shown verbally.",Titles show respect.,"Review Learn to Lead Volume 1, Chapter 1, pages 16-18. Then explain the idea in your own words without using the answer choices.",Learn to Lead Volume 1: Personal Leadership,16-18,ltl1_c1_customs_courtesies_quick_chart,c1_customs_courtesies_quick_chart.png,/assets/cap-visuals/c1_customs_courtesies_quick_chart.png,approved,true,CUSTOMS & COURTESIES QUICK CHART,CUSTOMS & COURTESIES QUICK CHART study infographic.,no,false,medium,close,original_textbook_grounded,Wright Brothers milestone sample exams used as style/difficulty reference only,draft,LTL1-C1-Q037,45,LTL1_C1_100
LTL1-C1-Q039,Learn to Lead Volume 1,1,Character & The Air Force Tradition,LTL1-C1-military_bearing,multiple_choice,direct_exam_style,medium,recall,What does Learn to Lead use to describe the professional manner that supports customs and courtesies?,downtime,competition,military bearing,stress response,C,The professional manner that supports customs and courtesies.,Military bearing is the best answer because it is the professional manner that supports customs and courtesies.,"Not correct. Downtime is related to Chapter 1, but it does not match the specific idea being tested. The professional manner that supports customs and courtesies.","Not correct. Competition is related to Chapter 1, but it does not match the specific idea being tested. The professional manner that supports customs and courtesies.",Correct. The professional manner that supports customs and courtesies.,"Not correct. Stress response is related to Chapter 1, but it does not match the specific idea being tested. The professional manner that supports customs and courtesies.",Bearing shows professionalism.,"Review Learn to Lead Volume 1, Chapter 1, pages 16-18. Then explain the idea in your own words without using the answer choices.",Learn to Lead Volume 1: Personal Leadership,16-18,ltl1_c1_customs_courtesies_quick_chart,c1_customs_courtesies_quick_chart.png,/assets/cap-visuals/c1_customs_courtesies_quick_chart.png,approved,true,CUSTOMS & COURTESIES QUICK CHART,CUSTOMS & COURTESIES QUICK CHART study infographic.,yes,true,high,close,original_textbook_grounded,Wright Brothers milestone sample exams used as style/difficulty reference only,draft,LTL1-C1-Q040,35,LTL1_C1_100
LTL1-C1-Q040,Learn to Lead Volume 1,1,Character & The Air Force Tradition,LTL1-C1-military_bearing,multiple_choice,application_scenario,medium_hard,application,"Based on Learn to Lead, what is the best answer? A cadet stands straight, speaks respectfully, and carries themselves professionally.",competition,downtime,stress response,military bearing,D,The professional manner that supports customs and courtesies.,Military bearing is the best answer because it is the professional manner that supports customs and courtesies.,"Not correct. Competition is related to Chapter 1, but it does not match the specific idea being tested. The professional manner that supports customs and courtesies.","Not correct. Downtime is related to Chapter 1, but it does not match the specific idea being tested. The professional manner that supports customs and courtesies.","Not correct. Stress response is related to Chapter 1, but it does not match the specific idea being tested. The professional manner that supports customs and courtesies.",Correct. The professional manner that supports customs and courtesies.,Bearing shows professionalism.,"Review Learn to Lead Volume 1, Chapter 1, pages 16-18. Then explain the idea in your own words without using the answer choices.",Learn to Lead Volume 1: Personal Leadership,16-18,ltl1_c1_customs_courtesies_quick_chart,c1_customs_courtesies_quick_chart.png,/assets/cap-visuals/c1_customs_courtesies_quick_chart.png,approved,true,CUSTOMS & COURTESIES QUICK CHART,CUSTOMS & COURTESIES QUICK CHART study infographic.,yes,true,high,close,original_textbook_grounded,Wright Brothers milestone sample exams used as style/difficulty reference only,draft,LTL1-C1-Q039,45,LTL1_C1_100
LTL1-C1-Q041,Learn to Lead Volume 1,1,Character & The Air Force Tradition,LTL1-C1-a_privilege,multiple_choice,direct_exam_style,medium,recall,Which term or phrase best describes how Learn to Lead describes wearing the CAP uniform?,a privilege,an optional fashion choice,a right of membership,a reward for popularity,A,How Learn to Lead describes wearing the CAP uniform.,A privilege is the best answer because it is how Learn to Lead describes wearing the CAP uniform.,Correct. How Learn to Lead describes wearing the CAP uniform.,"Not correct. An optional fashion choice is related to Chapter 1, but it does not match the specific idea being tested. How Learn to Lead describes wearing the CAP uniform.","Not correct. A right of membership is related to Chapter 1, but it does not match the specific idea being tested. How Learn to Lead describes wearing the CAP uniform.","Not correct. A reward for popularity is related to Chapter 1, but it does not match the specific idea being tested. How Learn to Lead describes wearing the CAP uniform.",Uniform = privilege.,"Review Learn to Lead Volume 1, Chapter 1, pages 20. Then explain the idea in your own words without using the answer choices.",Learn to Lead Volume 1: Personal Leadership,20,ltl1_c1_customs_flag_drill,c1_customs_flag_drill.png,/assets/cap-visuals/c1_customs_flag_drill.png,approved,true,"CUSTOMS, FLAG & DRILL QUICK GUIDE","CUSTOMS, FLAG & DRILL QUICK GUIDE study infographic.",yes,true,high,close,original_textbook_grounded,Wright Brothers milestone sample exams used as style/difficulty reference only,draft,LTL1-C1-Q042,35,LTL1_C1_100
LTL1-C1-Q042,Learn to Lead Volume 1,1,Character & The Air Force Tradition,LTL1-C1-a_privilege,multiple_choice,application_scenario,medium_hard,application,Which answer best applies to this situation? A cadet asks whether joining CAP automatically entitles someone to wear the uniform any way desired.,a right of membership,a privilege,a reward for popularity,an optional fashion choice,B,How Learn to Lead describes wearing the CAP uniform.,A privilege is the best answer because it is how Learn to Lead describes wearing the CAP uniform.,"Not correct. A right of membership is related to Chapter 1, but it does not match the specific idea being tested. How Learn to Lead describes wearing the CAP uniform.",Correct. How Learn to Lead describes wearing the CAP uniform.,"Not correct. A reward for popularity is related to Chapter 1, but it does not match the specific idea being tested. How Learn to Lead describes wearing the CAP uniform.","Not correct. An optional fashion choice is related to Chapter 1, but it does not match the specific idea being tested. How Learn to Lead describes wearing the CAP uniform.",Uniform = privilege.,"Review Learn to Lead Volume 1, Chapter 1, pages 20. Then explain the idea in your own words without using the answer choices.",Learn to Lead Volume 1: Personal Leadership,20,ltl1_c1_customs_flag_drill,c1_customs_flag_drill.png,/assets/cap-visuals/c1_customs_flag_drill.png,approved,true,"CUSTOMS, FLAG & DRILL QUICK GUIDE","CUSTOMS, FLAG & DRILL QUICK GUIDE study infographic.",no,false,medium,close,original_textbook_grounded,Wright Brothers milestone sample exams used as style/difficulty reference only,draft,LTL1-C1-Q041,45,LTL1_C1_100
LTL1-C1-Q043,Learn to Lead Volume 1,1,Character & The Air Force Tradition,LTL1-C1-drill_teaches_teamwork_and_precision,multiple_choice,direct_exam_style,medium,recall,"According to Learn to Lead, which answer refers to the main purpose of drill training?",drill replaces leadership,drill is only entertainment,drill teaches teamwork and precision,drill teaches aggression,C,The main purpose of drill training.,Drill teaches teamwork and precision is the best answer because it is the main purpose of drill training.,"Not correct. Drill replaces leadership is related to Chapter 1, but it does not match the specific idea being tested. The main purpose of drill training.","Not correct. Drill is only entertainment is related to Chapter 1, but it does not match the specific idea being tested. The main purpose of drill training.",Correct. The main purpose of drill training.,"Not correct. Drill teaches aggression is related to Chapter 1, but it does not match the specific idea being tested. The main purpose of drill training.",Drill = team + precision.,"Review Learn to Lead Volume 1, Chapter 1, pages 21-23. Then explain the idea in your own words without using the answer choices.",Learn to Lead Volume 1: Personal Leadership,21-23,ltl1_c1_drill_terminology_purpose,c1_drill_terminology_purpose.png,/assets/cap-visuals/c1_drill_terminology_purpose.png,approved,true,DRILL PURPOSE & TERMINOLOGY,DRILL PURPOSE & TERMINOLOGY study infographic.,yes,true,high,close,original_textbook_grounded,Wright Brothers milestone sample exams used as style/difficulty reference only,draft,LTL1-C1-Q044,35,LTL1_C1_100
LTL1-C1-Q044,Learn to Lead Volume 1,1,Character & The Air Force Tradition,LTL1-C1-drill_teaches_teamwork_and_precision,multiple_choice,application_scenario,medium_hard,application,A cadet encounters the following situation: A flight practices commands until everyone responds accurately as one unit. Which answer best applies?,drill replaces leadership,drill is only entertainment,drill teaches aggression,drill teaches teamwork and precision,D,The main purpose of drill training.,Drill teaches teamwork and precision is the best answer because it is the main purpose of drill training.,"Not correct. Drill replaces leadership is related to Chapter 1, but it does not match the specific idea being tested. The main purpose of drill training.","Not correct. Drill is only entertainment is related to Chapter 1, but it does not match the specific idea being tested. The main purpose of drill training.","Not correct. Drill teaches aggression is related to Chapter 1, but it does not match the specific idea being tested. The main purpose of drill training.",Correct. The main purpose of drill training.,Drill = team + precision.,"Review Learn to Lead Volume 1, Chapter 1, pages 21-23. Then explain the idea in your own words without using the answer choices.",Learn to Lead Volume 1: Personal Leadership,21-23,ltl1_c1_drill_terminology_purpose,c1_drill_terminology_purpose.png,/assets/cap-visuals/c1_drill_terminology_purpose.png,approved,true,DRILL PURPOSE & TERMINOLOGY,DRILL PURPOSE & TERMINOLOGY study infographic.,yes,true,high,close,original_textbook_grounded,Wright Brothers milestone sample exams used as style/difficulty reference only,draft,LTL1-C1-Q043,45,LTL1_C1_100
LTL1-C1-Q045,Learn to Lead Volume 1,1,Character & The Air Force Tradition,LTL1-C1-formation,multiple_choice,direct_exam_style,medium,recall,Which answer correctly identifies an orderly arrangement of cadets?,formation,distance,interval,bearing,A,An orderly arrangement of cadets.,Formation is the best answer because it is an orderly arrangement of cadets.,Correct. An orderly arrangement of cadets.,"Not correct. Distance is related to Chapter 1, but it does not match the specific idea being tested. An orderly arrangement of cadets.","Not correct. Interval is related to Chapter 1, but it does not match the specific idea being tested. An orderly arrangement of cadets.","Not correct. Bearing is related to Chapter 1, but it does not match the specific idea being tested. An orderly arrangement of cadets.",Formation = organized arrangement.,"Review Learn to Lead Volume 1, Chapter 1, pages 21-23. Then explain the idea in your own words without using the answer choices.",Learn to Lead Volume 1: Personal Leadership,21-23,ltl1_c1_drill_terminology_purpose,c1_drill_terminology_purpose.png,/assets/cap-visuals/c1_drill_terminology_purpose.png,approved,true,DRILL PURPOSE & TERMINOLOGY,DRILL PURPOSE & TERMINOLOGY study infographic.,yes,true,high,close,original_textbook_grounded,Wright Brothers milestone sample exams used as style/difficulty reference only,draft,LTL1-C1-Q046,35,LTL1_C1_100
LTL1-C1-Q046,Learn to Lead Volume 1,1,Character & The Air Force Tradition,LTL1-C1-formation,multiple_choice,application_scenario,medium_hard,application,Which concept is illustrated by this example? A leader places cadets into a deliberate pattern for drill.,bearing,formation,distance,interval,B,An orderly arrangement of cadets.,Formation is the best answer because it is an orderly arrangement of cadets.,"Not correct. Bearing is related to Chapter 1, but it does not match the specific idea being tested. An orderly arrangement of cadets.",Correct. An orderly arrangement of cadets.,"Not correct. Distance is related to Chapter 1, but it does not match the specific idea being tested. An orderly arrangement of cadets.","Not correct. Interval is related to Chapter 1, but it does not match the specific idea being tested. An orderly arrangement of cadets.",Formation = organized arrangement.,"Review Learn to Lead Volume 1, Chapter 1, pages 21-23. Then explain the idea in your own words without using the answer choices.",Learn to Lead Volume 1: Personal Leadership,21-23,ltl1_c1_drill_terminology_purpose,c1_drill_terminology_purpose.png,/assets/cap-visuals/c1_drill_terminology_purpose.png,approved,true,DRILL PURPOSE & TERMINOLOGY,DRILL PURPOSE & TERMINOLOGY study infographic.,no,false,medium,close,original_textbook_grounded,Wright Brothers milestone sample exams used as style/difficulty reference only,draft,LTL1-C1-Q045,45,LTL1_C1_100
LTL1-C1-Q047,Learn to Lead Volume 1,1,Character & The Air Force Tradition,LTL1-C1-interval,multiple_choice,direct_exam_style,medium,recall,Which of the following best represents the side-to-side space between cadets?,alignment,union,interval,distance,C,The side-to-side space between cadets.,Interval is the best answer because it is the side-to-side space between cadets.,"Not correct. Alignment is related to Chapter 1, but it does not match the specific idea being tested. The side-to-side space between cadets.","Not correct. Union is related to Chapter 1, but it does not match the specific idea being tested. The side-to-side space between cadets.",Correct. The side-to-side space between cadets.,"Not correct. Distance is related to Chapter 1, but it does not match the specific idea being tested. The side-to-side space between cadets.",Interval = side space.,"Review Learn to Lead Volume 1, Chapter 1, pages 21-23. Then explain the idea in your own words without using the answer choices.",Learn to Lead Volume 1: Personal Leadership,21-23,ltl1_c1_drill_terminology_purpose,c1_drill_terminology_purpose.png,/assets/cap-visuals/c1_drill_terminology_purpose.png,approved,true,DRILL PURPOSE & TERMINOLOGY,DRILL PURPOSE & TERMINOLOGY study infographic.,yes,true,high,close,original_textbook_grounded,Wright Brothers milestone sample exams used as style/difficulty reference only,draft,LTL1-C1-Q048,35,LTL1_C1_100
LTL1-C1-Q048,Learn to Lead Volume 1,1,Character & The Air Force Tradition,LTL1-C1-interval,multiple_choice,application_scenario,medium_hard,application,"Based on Learn to Lead, what is the best answer? A cadet checks the space between members standing next to one another.",distance,union,alignment,interval,D,The side-to-side space between cadets.,Interval is the best answer because it is the side-to-side space between cadets.,"Not correct. Distance is related to Chapter 1, but it does not match the specific idea being tested. The side-to-side space between cadets.","Not correct. Union is related to Chapter 1, but it does not match the specific idea being tested. The side-to-side space between cadets.","Not correct. Alignment is related to Chapter 1, but it does not match the specific idea being tested. The side-to-side space between cadets.",Correct. The side-to-side space between cadets.,Interval = side space.,"Review Learn to Lead Volume 1, Chapter 1, pages 21-23. Then explain the idea in your own words without using the answer choices.",Learn to Lead Volume 1: Personal Leadership,21-23,ltl1_c1_drill_terminology_purpose,c1_drill_terminology_purpose.png,/assets/cap-visuals/c1_drill_terminology_purpose.png,approved,true,DRILL PURPOSE & TERMINOLOGY,DRILL PURPOSE & TERMINOLOGY study infographic.,yes,true,high,close,original_textbook_grounded,Wright Brothers milestone sample exams used as style/difficulty reference only,draft,LTL1-C1-Q047,45,LTL1_C1_100
LTL1-C1-Q049,Learn to Lead Volume 1,1,Character & The Air Force Tradition,LTL1-C1-distance,multiple_choice,direct_exam_style,medium,recall,What does Learn to Lead use to describe the front-to-back space between cadets?,distance,alignment,interval,union,A,The front-to-back space between cadets.,Distance is the best answer because it is the front-to-back space between cadets.,Correct. The front-to-back space between cadets.,"Not correct. Alignment is related to Chapter 1, but it does not match the specific idea being tested. The front-to-back space between cadets.","Not correct. Interval is related to Chapter 1, but it does not match the specific idea being tested. The front-to-back space between cadets.","Not correct. Union is related to Chapter 1, but it does not match the specific idea being tested. The front-to-back space between cadets.",Distance = front-back space.,"Review Learn to Lead Volume 1, Chapter 1, pages 21-23. Then explain the idea in your own words without using the answer choices.",Learn to Lead Volume 1: Personal Leadership,21-23,ltl1_c1_drill_terminology_purpose,c1_drill_terminology_purpose.png,/assets/cap-visuals/c1_drill_terminology_purpose.png,approved,true,DRILL PURPOSE & TERMINOLOGY,DRILL PURPOSE & TERMINOLOGY study infographic.,yes,true,high,close,original_textbook_grounded,Wright Brothers milestone sample exams used as style/difficulty reference only,draft,LTL1-C1-Q050,35,LTL1_C1_100
LTL1-C1-Q050,Learn to Lead Volume 1,1,Character & The Air Force Tradition,LTL1-C1-distance,multiple_choice,application_scenario,medium_hard,application,Which answer best applies to this situation? A cadet checks the space from one row to the row in front of it.,alignment,distance,interval,union,B,The front-to-back space between cadets.,Distance is the best answer because it is the front-to-back space between cadets.,"Not correct. Alignment is related to Chapter 1, but it does not match the specific idea being tested. The front-to-back space between cadets.",Correct. The front-to-back space between cadets.,"Not correct. Interval is related to Chapter 1, but it does not match the specific idea being tested. The front-to-back space between cadets.","Not correct. Union is related to Chapter 1, but it does not match the specific idea being tested. The front-to-back space between cadets.",Distance = front-back space.,"Review Learn to Lead Volume 1, Chapter 1, pages 21-23. Then explain the idea in your own words without using the answer choices.",Learn to Lead Volume 1: Personal Leadership,21-23,ltl1_c1_drill_terminology_purpose,c1_drill_terminology_purpose.png,/assets/cap-visuals/c1_drill_terminology_purpose.png,approved,true,DRILL PURPOSE & TERMINOLOGY,DRILL PURPOSE & TERMINOLOGY study infographic.,no,false,medium,close,original_textbook_grounded,Wright Brothers milestone sample exams used as style/difficulty reference only,draft,LTL1-C1-Q049,45,LTL1_C1_100
LTL1-C1-Q051,Learn to Lead Volume 1,1,Character & The Air Force Tradition,LTL1-C1-the_chain_of_command,multiple_choice,direct_exam_style,medium,recall,Which term or phrase best describes the structure through which authority and information flow?,the drill sequence,the honor code,the chain of command,military bearing,C,The structure through which authority and information flow.,The chain of command is the best answer because it is the structure through which authority and information flow.,"Not correct. The drill sequence is related to Chapter 1, but it does not match the specific idea being tested. The structure through which authority and information flow.","Not correct. The honor code is related to Chapter 1, but it does not match the specific idea being tested. The structure through which authority and information flow.",Correct. The structure through which authority and information flow.,"Not correct. Military bearing is related to Chapter 1, but it does not match the specific idea being tested. The structure through which authority and information flow.",Chain = links of responsibility.,"Review Learn to Lead Volume 1, Chapter 1, pages 24-27. Then explain the idea in your own words without using the answer choices.",Learn to Lead Volume 1: Personal Leadership,24-27,ltl1_c1_oath_chain_command,c1_oath_chain_command.png,/assets/cap-visuals/c1_oath_chain_command.png,approved,true,CADET OATH & CHAIN OF COMMAND,CADET OATH & CHAIN OF COMMAND study infographic.,yes,true,high,close,original_textbook_grounded,Wright Brothers milestone sample exams used as style/difficulty reference only,draft,LTL1-C1-Q052,35,LTL1_C1_100
LTL1-C1-Q052,Learn to Lead Volume 1,1,Character & The Air Force Tradition,LTL1-C1-the_chain_of_command,multiple_choice,application_scenario,medium_hard,application,A cadet encounters the following situation: A cadet wonders how instructions and concerns should move through leadership positions. Which answer best applies?,the drill sequence,the honor code,military bearing,the chain of command,D,The structure through which authority and information flow.,The chain of command is the best answer because it is the structure through which authority and information flow.,"Not correct. The drill sequence is related to Chapter 1, but it does not match the specific idea being tested. The structure through which authority and information flow.","Not correct. The honor code is related to Chapter 1, but it does not match the specific idea being tested. The structure through which authority and information flow.","Not correct. Military bearing is related to Chapter 1, but it does not match the specific idea being tested. The structure through which authority and information flow.",Correct. The structure through which authority and information flow.,Chain = links of responsibility.,"Review Learn to Lead Volume 1, Chapter 1, pages 24-27. Then explain the idea in your own words without using the answer choices.",Learn to Lead Volume 1: Personal Leadership,24-27,ltl1_c1_oath_chain_command,c1_oath_chain_command.png,/assets/cap-visuals/c1_oath_chain_command.png,approved,true,CADET OATH & CHAIN OF COMMAND,CADET OATH & CHAIN OF COMMAND study infographic.,yes,true,high,close,original_textbook_grounded,Wright Brothers milestone sample exams used as style/difficulty reference only,draft,LTL1-C1-Q051,45,LTL1_C1_100
LTL1-C1-Q053,Learn to Lead Volume 1,1,Character & The Air Force Tradition,LTL1-C1-resolve_issues_at_the_lowest_practical_level_,multiple_choice,direct_exam_style,medium,recall,"According to Learn to Lead, which answer refers to the principle that helps the chain of command work efficiently?",resolve issues at the lowest practical level first,wait until several problems build up,take every problem directly to the commander,skip your immediate leader,A,The principle that helps the chain of command work efficiently.,Resolve issues at the lowest practical level first is the best answer because it is the principle that helps the chain of command work efficiently.,Correct. The principle that helps the chain of command work efficiently.,"Not correct. Wait until several problems build up is related to Chapter 1, but it does not match the specific idea being tested. The principle that helps the chain of command work efficiently.","Not correct. Take every problem directly to the commander is related to Chapter 1, but it does not match the specific idea being tested. The principle that helps the chain of command work efficiently.","Not correct. Skip your immediate leader is related to Chapter 1, but it does not match the specific idea being tested. The principle that helps the chain of command work efficiently.","Start low, then move up.","Review Learn to Lead Volume 1, Chapter 1, pages 24-27. Then explain the idea in your own words without using the answer choices.",Learn to Lead Volume 1: Personal Leadership,24-27,ltl1_c1_oath_chain_command,c1_oath_chain_command.png,/assets/cap-visuals/c1_oath_chain_command.png,approved,true,CADET OATH & CHAIN OF COMMAND,CADET OATH & CHAIN OF COMMAND study infographic.,yes,true,high,close,original_textbook_grounded,Wright Brothers milestone sample exams used as style/difficulty reference only,draft,LTL1-C1-Q054,35,LTL1_C1_100
LTL1-C1-Q054,Learn to Lead Volume 1,1,Character & The Air Force Tradition,LTL1-C1-resolve_issues_at_the_lowest_practical_level_,multiple_choice,application_scenario,medium_hard,application,Which concept is illustrated by this example? A cadet has a routine concern and first brings it to the immediate leader who can probably fix it.,skip your immediate leader,resolve issues at the lowest practical level first,take every problem directly to the commander,wait until several problems build up,B,The principle that helps the chain of command work efficiently.,Resolve issues at the lowest practical level first is the best answer because it is the principle that helps the chain of command work efficiently.,"Not correct. Skip your immediate leader is related to Chapter 1, but it does not match the specific idea being tested. The principle that helps the chain of command work efficiently.",Correct. The principle that helps the chain of command work efficiently.,"Not correct. Take every problem directly to the commander is related to Chapter 1, but it does not match the specific idea being tested. The principle that helps the chain of command work efficiently.","Not correct. Wait until several problems build up is related to Chapter 1, but it does not match the specific idea being tested. The principle that helps the chain of command work efficiently.","Start low, then move up.","Review Learn to Lead Volume 1, Chapter 1, pages 24-27. Then explain the idea in your own words without using the answer choices.",Learn to Lead Volume 1: Personal Leadership,24-27,ltl1_c1_oath_chain_command,c1_oath_chain_command.png,/assets/cap-visuals/c1_oath_chain_command.png,approved,true,CADET OATH & CHAIN OF COMMAND,CADET OATH & CHAIN OF COMMAND study infographic.,no,false,medium,close,original_textbook_grounded,Wright Brothers milestone sample exams used as style/difficulty reference only,draft,LTL1-C1-Q053,45,LTL1_C1_100
LTL1-C1-Q055,Learn to Lead Volume 1,1,Character & The Air Force Tradition,LTL1-C1-june_14_1777,multiple_choice,direct_exam_style,medium,recall,Which answer correctly identifies the date the U.S. flag was adopted?,"September 17, 1787","July 4, 1776","June 14, 1777","November 11, 1918",C,The date the U.S. flag was adopted.,"June 14, 1777 is the best answer because it is the date the U.S. flag was adopted.","Not correct. September 17, 1787 is related to Chapter 1, but it does not match the specific idea being tested. The date the U.S. flag was adopted.","Not correct. July 4, 1776 is related to Chapter 1, but it does not match the specific idea being tested. The date the U.S. flag was adopted.",Correct. The date the U.S. flag was adopted.,"Not correct. November 11, 1918 is related to Chapter 1, but it does not match the specific idea being tested. The date the U.S. flag was adopted.",Flag Day = June 14.,"Review Learn to Lead Volume 1, Chapter 1, pages 28-31. Then explain the idea in your own words without using the answer choices.",Learn to Lead Volume 1: Personal Leadership,28-31,ltl1_c1_flag_etiquette_parts,c1_flag_etiquette_parts.png,/assets/cap-visuals/c1_flag_etiquette_parts.png,approved,true,U.S. FLAG ETIQUETTE & PARTS,U.S. FLAG ETIQUETTE & PARTS study infographic.,yes,true,high,close,original_textbook_grounded,Wright Brothers milestone sample exams used as style/difficulty reference only,draft,LTL1-C1-Q056,35,LTL1_C1_100
LTL1-C1-Q056,Learn to Lead Volume 1,1,Character & The Air Force Tradition,LTL1-C1-june_14_1777,multiple_choice,application_scenario,medium_hard,application,"Based on Learn to Lead, what is the best answer? A cadet is asked why June 14 is celebrated as Flag Day.","September 17, 1787","July 4, 1776","November 11, 1918","June 14, 1777",D,The date the U.S. flag was adopted.,"June 14, 1777 is the best answer because it is the date the U.S. flag was adopted.","Not correct. September 17, 1787 is related to Chapter 1, but it does not match the specific idea being tested. The date the U.S. flag was adopted.","Not correct. July 4, 1776 is related to Chapter 1, but it does not match the specific idea being tested. The date the U.S. flag was adopted.","Not correct. November 11, 1918 is related to Chapter 1, but it does not match the specific idea being tested. The date the U.S. flag was adopted.",Correct. The date the U.S. flag was adopted.,Flag Day = June 14.,"Review Learn to Lead Volume 1, Chapter 1, pages 28-31. Then explain the idea in your own words without using the answer choices.",Learn to Lead Volume 1: Personal Leadership,28-31,ltl1_c1_flag_etiquette_parts,c1_flag_etiquette_parts.png,/assets/cap-visuals/c1_flag_etiquette_parts.png,approved,true,U.S. FLAG ETIQUETTE & PARTS,U.S. FLAG ETIQUETTE & PARTS study infographic.,yes,true,high,close,original_textbook_grounded,Wright Brothers milestone sample exams used as style/difficulty reference only,draft,LTL1-C1-Q055,45,LTL1_C1_100
LTL1-C1-Q057,Learn to Lead Volume 1,1,Character & The Air Force Tradition,LTL1-C1-the_union,multiple_choice,direct_exam_style,medium,recall,Which of the following best represents the name for the blue field of stars on the U.S. flag?,the union,the standard,the hoist,the field,A,The name for the blue field of stars on the U.S. flag.,The union is the best answer because it is the name for the blue field of stars on the U.S. flag.,Correct. The name for the blue field of stars on the U.S. flag.,"Not correct. The standard is related to Chapter 1, but it does not match the specific idea being tested. The name for the blue field of stars on the U.S. flag.","Not correct. The hoist is related to Chapter 1, but it does not match the specific idea being tested. The name for the blue field of stars on the U.S. flag.","Not correct. The field is related to Chapter 1, but it does not match the specific idea being tested. The name for the blue field of stars on the U.S. flag.",Union = blue stars.,"Review Learn to Lead Volume 1, Chapter 1, pages 28-31. Then explain the idea in your own words without using the answer choices.",Learn to Lead Volume 1: Personal Leadership,28-31,ltl1_c1_flag_etiquette_parts,c1_flag_etiquette_parts.png,/assets/cap-visuals/c1_flag_etiquette_parts.png,approved,true,U.S. FLAG ETIQUETTE & PARTS,U.S. FLAG ETIQUETTE & PARTS study infographic.,yes,true,high,close,original_textbook_grounded,Wright Brothers milestone sample exams used as style/difficulty reference only,draft,LTL1-C1-Q058,35,LTL1_C1_100
LTL1-C1-Q058,Learn to Lead Volume 1,1,Character & The Air Force Tradition,LTL1-C1-the_union,multiple_choice,application_scenario,medium_hard,application,Which answer best applies to this situation? A cadet points to the blue section of the flag and wants the correct term.,the field,the union,the standard,the hoist,B,The name for the blue field of stars on the U.S. flag.,The union is the best answer because it is the name for the blue field of stars on the U.S. flag.,"Not correct. The field is related to Chapter 1, but it does not match the specific idea being tested. The name for the blue field of stars on the U.S. flag.",Correct. The name for the blue field of stars on the U.S. flag.,"Not correct. The standard is related to Chapter 1, but it does not match the specific idea being tested. The name for the blue field of stars on the U.S. flag.","Not correct. The hoist is related to Chapter 1, but it does not match the specific idea being tested. The name for the blue field of stars on the U.S. flag.",Union = blue stars.,"Review Learn to Lead Volume 1, Chapter 1, pages 28-31. Then explain the idea in your own words without using the answer choices.",Learn to Lead Volume 1: Personal Leadership,28-31,ltl1_c1_flag_etiquette_parts,c1_flag_etiquette_parts.png,/assets/cap-visuals/c1_flag_etiquette_parts.png,approved,true,U.S. FLAG ETIQUETTE & PARTS,U.S. FLAG ETIQUETTE & PARTS study infographic.,no,false,medium,close,original_textbook_grounded,Wright Brothers milestone sample exams used as style/difficulty reference only,draft,LTL1-C1-Q057,45,LTL1_C1_100
LTL1-C1-Q059,Learn to Lead Volume 1,1,Character & The Air Force Tradition,LTL1-C1-50_stars_and_13_stripes,multiple_choice,direct_exam_style,medium,recall,What does Learn to Lead use to describe the key symbolic count on the modern U.S. flag?,13 stars and 50 stripes,50 stars and 12 stripes,50 stars and 13 stripes,48 stars and 13 stripes,C,The key symbolic count on the modern U.S. flag.,50 stars and 13 stripes is the best answer because it is the key symbolic count on the modern U.S. flag.,"Not correct. 13 stars and 50 stripes is related to Chapter 1, but it does not match the specific idea being tested. The key symbolic count on the modern U.S. flag.","Not correct. 50 stars and 12 stripes is related to Chapter 1, but it does not match the specific idea being tested. The key symbolic count on the modern U.S. flag.",Correct. The key symbolic count on the modern U.S. flag.,"Not correct. 48 stars and 13 stripes is related to Chapter 1, but it does not match the specific idea being tested. The key symbolic count on the modern U.S. flag.","50 states, 13 colonies.","Review Learn to Lead Volume 1, Chapter 1, pages 28-31. Then explain the idea in your own words without using the answer choices.",Learn to Lead Volume 1: Personal Leadership,28-31,ltl1_c1_flag_etiquette_parts,c1_flag_etiquette_parts.png,/assets/cap-visuals/c1_flag_etiquette_parts.png,approved,true,U.S. FLAG ETIQUETTE & PARTS,U.S. FLAG ETIQUETTE & PARTS study infographic.,yes,true,high,close,original_textbook_grounded,Wright Brothers milestone sample exams used as style/difficulty reference only,draft,LTL1-C1-Q060,35,LTL1_C1_100
LTL1-C1-Q060,Learn to Lead Volume 1,1,Character & The Air Force Tradition,LTL1-C1-50_stars_and_13_stripes,multiple_choice,application_scenario,medium_hard,application,A cadet encounters the following situation: A cadet explains the meaning of the stars and stripes. Which answer best applies?,13 stars and 50 stripes,50 stars and 12 stripes,48 stars and 13 stripes,50 stars and 13 stripes,D,The key symbolic count on the modern U.S. flag.,50 stars and 13 stripes is the best answer because it is the key symbolic count on the modern U.S. flag.,"Not correct. 13 stars and 50 stripes is related to Chapter 1, but it does not match the specific idea being tested. The key symbolic count on the modern U.S. flag.","Not correct. 50 stars and 12 stripes is related to Chapter 1, but it does not match the specific idea being tested. The key symbolic count on the modern U.S. flag.","Not correct. 48 stars and 13 stripes is related to Chapter 1, but it does not match the specific idea being tested. The key symbolic count on the modern U.S. flag.",Correct. The key symbolic count on the modern U.S. flag.,"50 states, 13 colonies.","Review Learn to Lead Volume 1, Chapter 1, pages 28-31. Then explain the idea in your own words without using the answer choices.",Learn to Lead Volume 1: Personal Leadership,28-31,ltl1_c1_flag_etiquette_parts,c1_flag_etiquette_parts.png,/assets/cap-visuals/c1_flag_etiquette_parts.png,approved,true,U.S. FLAG ETIQUETTE & PARTS,U.S. FLAG ETIQUETTE & PARTS study infographic.,yes,true,high,close,original_textbook_grounded,Wright Brothers milestone sample exams used as style/difficulty reference only,draft,LTL1-C1-Q059,45,LTL1_C1_100
LTL1-C1-Q061,Learn to Lead Volume 1,1,Character & The Air Force Tradition,LTL1-C1-the_hoist_side,multiple_choice,direct_exam_style,medium,recall,Which term or phrase best describes the side of the flag nearest the pole?,the hoist side,the union,the fly end,the field,A,The side of the flag nearest the pole.,The hoist side is the best answer because it is the side of the flag nearest the pole.,Correct. The side of the flag nearest the pole.,"Not correct. The union is related to Chapter 1, but it does not match the specific idea being tested. The side of the flag nearest the pole.","Not correct. The fly end is related to Chapter 1, but it does not match the specific idea being tested. The side of the flag nearest the pole.","Not correct. The field is related to Chapter 1, but it does not match the specific idea being tested. The side of the flag nearest the pole.",Hoist = pole side.,"Review Learn to Lead Volume 1, Chapter 1, pages 28-31. Then explain the idea in your own words without using the answer choices.",Learn to Lead Volume 1: Personal Leadership,28-31,ltl1_c1_flag_etiquette_parts,c1_flag_etiquette_parts.png,/assets/cap-visuals/c1_flag_etiquette_parts.png,approved,true,U.S. FLAG ETIQUETTE & PARTS,U.S. FLAG ETIQUETTE & PARTS study infographic.,yes,true,high,close,original_textbook_grounded,Wright Brothers milestone sample exams used as style/difficulty reference only,draft,LTL1-C1-Q062,35,LTL1_C1_100
LTL1-C1-Q062,Learn to Lead Volume 1,1,Character & The Air Force Tradition,LTL1-C1-the_hoist_side,multiple_choice,application_scenario,medium_hard,application,Which concept is illustrated by this example? A cadet is identifying the portion of a flag nearest the staff.,the fly end,the hoist side,the field,the union,B,The side of the flag nearest the pole.,The hoist side is the best answer because it is the side of the flag nearest the pole.,"Not correct. The fly end is related to Chapter 1, but it does not match the specific idea being tested. The side of the flag nearest the pole.",Correct. The side of the flag nearest the pole.,"Not correct. The field is related to Chapter 1, but it does not match the specific idea being tested. The side of the flag nearest the pole.","Not correct. The union is related to Chapter 1, but it does not match the specific idea being tested. The side of the flag nearest the pole.",Hoist = pole side.,"Review Learn to Lead Volume 1, Chapter 1, pages 28-31. Then explain the idea in your own words without using the answer choices.",Learn to Lead Volume 1: Personal Leadership,28-31,ltl1_c1_flag_etiquette_parts,c1_flag_etiquette_parts.png,/assets/cap-visuals/c1_flag_etiquette_parts.png,approved,true,U.S. FLAG ETIQUETTE & PARTS,U.S. FLAG ETIQUETTE & PARTS study infographic.,no,false,medium,close,original_textbook_grounded,Wright Brothers milestone sample exams used as style/difficulty reference only,draft,LTL1-C1-Q061,45,LTL1_C1_100
LTL1-C1-Q063,Learn to Lead Volume 1,1,Character & The Air Force Tradition,LTL1-C1-the_flag_should_not_touch_the_ground,multiple_choice,direct_exam_style,medium,recall,"According to Learn to Lead, which answer refers to a major rule of flag etiquette?",the flag may be used as clothing,the flag must always be displayed overnight,the flag should not touch the ground,the flag should always be dipped to people,C,A major rule of flag etiquette.,The flag should not touch the ground is the best answer because it is a major rule of flag etiquette.,"Not correct. The flag may be used as clothing is related to Chapter 1, but it does not match the specific idea being tested. A major rule of flag etiquette.","Not correct. The flag must always be displayed overnight is related to Chapter 1, but it does not match the specific idea being tested. A major rule of flag etiquette.",Correct. A major rule of flag etiquette.,"Not correct. The flag should always be dipped to people is related to Chapter 1, but it does not match the specific idea being tested. A major rule of flag etiquette.",Respect the flag.,"Review Learn to Lead Volume 1, Chapter 1, pages 28-31. Then explain the idea in your own words without using the answer choices.",Learn to Lead Volume 1: Personal Leadership,28-31,ltl1_c1_flag_etiquette_parts,c1_flag_etiquette_parts.png,/assets/cap-visuals/c1_flag_etiquette_parts.png,approved,true,U.S. FLAG ETIQUETTE & PARTS,U.S. FLAG ETIQUETTE & PARTS study infographic.,yes,true,high,close,original_textbook_grounded,Wright Brothers milestone sample exams used as style/difficulty reference only,draft,LTL1-C1-Q064,35,LTL1_C1_100
LTL1-C1-Q064,Learn to Lead Volume 1,1,Character & The Air Force Tradition,LTL1-C1-the_flag_should_not_touch_the_ground,multiple_choice,application_scenario,medium_hard,application,"Based on Learn to Lead, what is the best answer? A cadet notices the flag slipping during a ceremony.",the flag must always be displayed overnight,the flag may be used as clothing,the flag should always be dipped to people,the flag should not touch the ground,D,A major rule of flag etiquette.,The flag should not touch the ground is the best answer because it is a major rule of flag etiquette.,"Not correct. The flag must always be displayed overnight is related to Chapter 1, but it does not match the specific idea being tested. A major rule of flag etiquette.","Not correct. The flag may be used as clothing is related to Chapter 1, but it does not match the specific idea being tested. A major rule of flag etiquette.","Not correct. The flag should always be dipped to people is related to Chapter 1, but it does not match the specific idea being tested. A major rule of flag etiquette.",Correct. A major rule of flag etiquette.,Respect the flag.,"Review Learn to Lead Volume 1, Chapter 1, pages 28-31. Then explain the idea in your own words without using the answer choices.",Learn to Lead Volume 1: Personal Leadership,28-31,ltl1_c1_flag_etiquette_parts,c1_flag_etiquette_parts.png,/assets/cap-visuals/c1_flag_etiquette_parts.png,approved,true,U.S. FLAG ETIQUETTE & PARTS,U.S. FLAG ETIQUETTE & PARTS study infographic.,yes,true,high,close,original_textbook_grounded,Wright Brothers milestone sample exams used as style/difficulty reference only,draft,LTL1-C1-Q063,45,LTL1_C1_100
LTL1-C1-Q065,Learn to Lead Volume 1,1,Character & The Air Force Tradition,LTL1-C1-an_upside_down_flag_signals_distress,multiple_choice,direct_exam_style,medium,recall,Which answer correctly identifies the meaning of an inverted U.S. flag?,an upside-down flag signals distress,it honors veterans,it marks a holiday,it means a ceremony is beginning,A,The meaning of an inverted U.S. flag.,An upside-down flag signals distress is the best answer because it is the meaning of an inverted U.S. flag.,Correct. The meaning of an inverted U.S. flag.,"Not correct. It honors veterans is related to Chapter 1, but it does not match the specific idea being tested. The meaning of an inverted U.S. flag.","Not correct. It marks a holiday is related to Chapter 1, but it does not match the specific idea being tested. The meaning of an inverted U.S. flag.","Not correct. It means a ceremony is beginning is related to Chapter 1, but it does not match the specific idea being tested. The meaning of an inverted U.S. flag.",Upside down = distress.,"Review Learn to Lead Volume 1, Chapter 1, pages 28-31. Then explain the idea in your own words without using the answer choices.",Learn to Lead Volume 1: Personal Leadership,28-31,ltl1_c1_flag_etiquette_parts,c1_flag_etiquette_parts.png,/assets/cap-visuals/c1_flag_etiquette_parts.png,approved,true,U.S. FLAG ETIQUETTE & PARTS,U.S. FLAG ETIQUETTE & PARTS study infographic.,yes,true,high,close,original_textbook_grounded,Wright Brothers milestone sample exams used as style/difficulty reference only,draft,LTL1-C1-Q066,35,LTL1_C1_100
LTL1-C1-Q066,Learn to Lead Volume 1,1,Character & The Air Force Tradition,LTL1-C1-an_upside_down_flag_signals_distress,multiple_choice,application_scenario,medium_hard,application,Which answer best applies to this situation? A cadet sees a flag displayed upside down and wonders what message it sends.,it means a ceremony is beginning,an upside-down flag signals distress,it honors veterans,it marks a holiday,B,The meaning of an inverted U.S. flag.,An upside-down flag signals distress is the best answer because it is the meaning of an inverted U.S. flag.,"Not correct. It means a ceremony is beginning is related to Chapter 1, but it does not match the specific idea being tested. The meaning of an inverted U.S. flag.",Correct. The meaning of an inverted U.S. flag.,"Not correct. It honors veterans is related to Chapter 1, but it does not match the specific idea being tested. The meaning of an inverted U.S. flag.","Not correct. It marks a holiday is related to Chapter 1, but it does not match the specific idea being tested. The meaning of an inverted U.S. flag.",Upside down = distress.,"Review Learn to Lead Volume 1, Chapter 1, pages 28-31. Then explain the idea in your own words without using the answer choices.",Learn to Lead Volume 1: Personal Leadership,28-31,ltl1_c1_flag_etiquette_parts,c1_flag_etiquette_parts.png,/assets/cap-visuals/c1_flag_etiquette_parts.png,approved,true,U.S. FLAG ETIQUETTE & PARTS,U.S. FLAG ETIQUETTE & PARTS study infographic.,no,false,medium,close,original_textbook_grounded,Wright Brothers milestone sample exams used as style/difficulty reference only,draft,LTL1-C1-Q065,45,LTL1_C1_100
LTL1-C1-Q067,Learn to Lead Volume 1,1,Character & The Air Force Tradition,LTL1-C1-hoist_briskly_and_lower_ceremoniously,multiple_choice,direct_exam_style,medium,recall,Which of the following best represents the proper way to raise and lower the U.S. flag?,raise slowly and lower quickly,move the flag the same speed both ways,hoist briskly and lower ceremoniously,raise only at noon,C,The proper way to raise and lower the U.S. flag.,Hoist briskly and lower ceremoniously is the best answer because it is the proper way to raise and lower the U.S. flag.,"Not correct. Raise slowly and lower quickly is related to Chapter 1, but it does not match the specific idea being tested. The proper way to raise and lower the U.S. flag.","Not correct. Move the flag the same speed both ways is related to Chapter 1, but it does not match the specific idea being tested. The proper way to raise and lower the U.S. flag.",Correct. The proper way to raise and lower the U.S. flag.,"Not correct. Raise only at noon is related to Chapter 1, but it does not match the specific idea being tested. The proper way to raise and lower the U.S. flag.","Up quick, down dignified.","Review Learn to Lead Volume 1, Chapter 1, pages 28-31. Then explain the idea in your own words without using the answer choices.",Learn to Lead Volume 1: Personal Leadership,28-31,ltl1_c1_flag_etiquette_parts,c1_flag_etiquette_parts.png,/assets/cap-visuals/c1_flag_etiquette_parts.png,approved,true,U.S. FLAG ETIQUETTE & PARTS,U.S. FLAG ETIQUETTE & PARTS study infographic.,yes,true,high,close,original_textbook_grounded,Wright Brothers milestone sample exams used as style/difficulty reference only,draft,LTL1-C1-Q068,35,LTL1_C1_100
LTL1-C1-Q068,Learn to Lead Volume 1,1,Character & The Air Force Tradition,LTL1-C1-hoist_briskly_and_lower_ceremoniously,multiple_choice,application_scenario,medium_hard,application,A cadet encounters the following situation: Cadets are preparing for a flag ceremony and reviewing the correct pace for moving the flag. Which answer best applies?,raise only at noon,move the flag the same speed both ways,raise slowly and lower quickly,hoist briskly and lower ceremoniously,D,The proper way to raise and lower the U.S. flag.,Hoist briskly and lower ceremoniously is the best answer because it is the proper way to raise and lower the U.S. flag.,"Not correct. Raise only at noon is related to Chapter 1, but it does not match the specific idea being tested. The proper way to raise and lower the U.S. flag.","Not correct. Move the flag the same speed both ways is related to Chapter 1, but it does not match the specific idea being tested. The proper way to raise and lower the U.S. flag.","Not correct. Raise slowly and lower quickly is related to Chapter 1, but it does not match the specific idea being tested. The proper way to raise and lower the U.S. flag.",Correct. The proper way to raise and lower the U.S. flag.,"Up quick, down dignified.","Review Learn to Lead Volume 1, Chapter 1, pages 28-31. Then explain the idea in your own words without using the answer choices.",Learn to Lead Volume 1: Personal Leadership,28-31,ltl1_c1_flag_etiquette_parts,c1_flag_etiquette_parts.png,/assets/cap-visuals/c1_flag_etiquette_parts.png,approved,true,U.S. FLAG ETIQUETTE & PARTS,U.S. FLAG ETIQUETTE & PARTS study infographic.,yes,true,high,close,original_textbook_grounded,Wright Brothers milestone sample exams used as style/difficulty reference only,draft,LTL1-C1-Q067,45,LTL1_C1_100
LTL1-C1-Q069,Learn to Lead Volume 1,1,Character & The Air Force Tradition,LTL1-C1-the_flag_represents_the_nation,multiple_choice,direct_exam_style,medium,recall,What does Learn to Lead use to describe why flag etiquette is treated seriously?,the flag represents the nation,the flag is a military award,the flag belongs only to the government,the flag is valuable fabric,A,Why flag etiquette is treated seriously.,The flag represents the nation is the best answer because it is why flag etiquette is treated seriously.,Correct. Why flag etiquette is treated seriously.,"Not correct. The flag is a military award is related to Chapter 1, but it does not match the specific idea being tested. Why flag etiquette is treated seriously.","Not correct. The flag belongs only to the government is related to Chapter 1, but it does not match the specific idea being tested. Why flag etiquette is treated seriously.","Not correct. The flag is valuable fabric is related to Chapter 1, but it does not match the specific idea being tested. Why flag etiquette is treated seriously.",Respect the symbol of the nation.,"Review Learn to Lead Volume 1, Chapter 1, pages 28-31. Then explain the idea in your own words without using the answer choices.",Learn to Lead Volume 1: Personal Leadership,28-31,ltl1_c1_flag_etiquette_parts,c1_flag_etiquette_parts.png,/assets/cap-visuals/c1_flag_etiquette_parts.png,approved,true,U.S. FLAG ETIQUETTE & PARTS,U.S. FLAG ETIQUETTE & PARTS study infographic.,yes,true,high,close,original_textbook_grounded,Wright Brothers milestone sample exams used as style/difficulty reference only,draft,LTL1-C1-Q070,35,LTL1_C1_100
LTL1-C1-Q070,Learn to Lead Volume 1,1,Character & The Air Force Tradition,LTL1-C1-the_flag_represents_the_nation,multiple_choice,application_scenario,medium_hard,application,Which concept is illustrated by this example? A cadet explains why respectful flag treatment matters.,the flag is a military award,the flag represents the nation,the flag belongs only to the government,the flag is valuable fabric,B,Why flag etiquette is treated seriously.,The flag represents the nation is the best answer because it is why flag etiquette is treated seriously.,"Not correct. The flag is a military award is related to Chapter 1, but it does not match the specific idea being tested. Why flag etiquette is treated seriously.",Correct. Why flag etiquette is treated seriously.,"Not correct. The flag belongs only to the government is related to Chapter 1, but it does not match the specific idea being tested. Why flag etiquette is treated seriously.","Not correct. The flag is valuable fabric is related to Chapter 1, but it does not match the specific idea being tested. Why flag etiquette is treated seriously.",Respect the symbol of the nation.,"Review Learn to Lead Volume 1, Chapter 1, pages 28-31. Then explain the idea in your own words without using the answer choices.",Learn to Lead Volume 1: Personal Leadership,28-31,ltl1_c1_flag_etiquette_parts,c1_flag_etiquette_parts.png,/assets/cap-visuals/c1_flag_etiquette_parts.png,approved,true,U.S. FLAG ETIQUETTE & PARTS,U.S. FLAG ETIQUETTE & PARTS study infographic.,no,false,medium,close,original_textbook_grounded,Wright Brothers milestone sample exams used as style/difficulty reference only,draft,LTL1-C1-Q069,45,LTL1_C1_100
LTL1-C1-Q071,Learn to Lead Volume 1,1,Character & The Air Force Tradition,LTL1-C1-filler-1,multiple_choice,direct_exam_style,medium,recall,What do the Core Values primarily provide for cadets and leaders?,A list of drill movements,A shortcut around the chain of command,A moral framework for decisions and behavior,A way to avoid accountability,C,"The Core Values guide how cadets act, decide, and lead.",The Core Values are standards that shape behavior and decision-making.,See full explanation after answering.,See full explanation after answering.,See full explanation after answering.,See full explanation after answering.,Values steer behavior.,Review the related section in Chapter 1 and restate the idea in your own words.,Learn to Lead Volume 1: Personal Leadership,9-10,ltl1_c1_core_values,c1_core_values.png,/assets/cap-visuals/c1_core_values.png,approved,true,CAP CORE VALUES,CAP CORE VALUES study infographic.,yes,true,high,close,original_textbook_grounded,Wright Brothers milestone sample exams used as style/difficulty reference only,draft,,35,LTL1_C1_100
LTL1-C1-Q072,Learn to Lead Volume 1,1,Character & The Air Force Tradition,LTL1-C1-filler-2,multiple_choice,direct_exam_style,medium,recall,"Using proper titles such as sir, ma'am, or rank is mainly a way of showing what?",creativity,competition,informality,respect,D,Using proper titles is a verbal form of respect.,Customs and courtesies often appear in speech; proper titles show respect and professionalism.,See full explanation after answering.,See full explanation after answering.,See full explanation after answering.,See full explanation after answering.,Titles show respect.,Review the related section in Chapter 1 and restate the idea in your own words.,Learn to Lead Volume 1: Personal Leadership,16-18,ltl1_c1_customs_courtesies_quick_chart,c1_customs_courtesies_quick_chart.png,/assets/cap-visuals/c1_customs_courtesies_quick_chart.png,approved,true,CUSTOMS & COURTESIES QUICK CHART,CUSTOMS & COURTESIES QUICK CHART study infographic.,yes,true,high,close,original_textbook_grounded,Wright Brothers milestone sample exams used as style/difficulty reference only,draft,,35,LTL1_C1_100
LTL1-C1-Q073,Learn to Lead Volume 1,1,Character & The Air Force Tradition,LTL1-C1-filler-3,multiple_choice,direct_exam_style,medium,recall,Which statement best describes why cadets drill?,"To build teamwork, discipline, and precision",To make the chain of command unnecessary,To replace customs and courtesies,To focus only on speed,A,"Drill builds teamwork, discipline, and precision.",Drill helps cadets work together precisely and attentively.,See full explanation after answering.,See full explanation after answering.,See full explanation after answering.,See full explanation after answering.,Drill = detail + teamwork.,Review the related section in Chapter 1 and restate the idea in your own words.,Learn to Lead Volume 1: Personal Leadership,21-23,ltl1_c1_drill_terminology_purpose,c1_drill_terminology_purpose.png,/assets/cap-visuals/c1_drill_terminology_purpose.png,approved,true,DRILL PURPOSE & TERMINOLOGY,DRILL PURPOSE & TERMINOLOGY study infographic.,yes,true,high,close,original_textbook_grounded,Wright Brothers milestone sample exams used as style/difficulty reference only,draft,,35,LTL1_C1_100
LTL1-C1-Q074,Learn to Lead Volume 1,1,Character & The Air Force Tradition,LTL1-C1-filler-4,multiple_choice,direct_exam_style,medium,recall,What do the Core Values primarily provide for cadets and leaders?,A shortcut around the chain of command,A moral framework for decisions and behavior,A list of drill movements,A way to avoid accountability,B,"The Core Values guide how cadets act, decide, and lead.",The Core Values are standards that shape behavior and decision-making.,See full explanation after answering.,See full explanation after answering.,See full explanation after answering.,See full explanation after answering.,Values steer behavior.,Review the related section in Chapter 1 and restate the idea in your own words.,Learn to Lead Volume 1: Personal Leadership,9-10,ltl1_c1_core_values,c1_core_values.png,/assets/cap-visuals/c1_core_values.png,approved,true,CAP CORE VALUES,CAP CORE VALUES study infographic.,yes,true,high,close,original_textbook_grounded,Wright Brothers milestone sample exams used as style/difficulty reference only,draft,,35,LTL1_C1_100
LTL1-C1-Q075,Learn to Lead Volume 1,1,Character & The Air Force Tradition,LTL1-C1-filler-5,multiple_choice,direct_exam_style,medium,recall,"Using proper titles such as sir, ma'am, or rank is mainly a way of showing what?",creativity,informality,respect,competition,C,Using proper titles is a verbal form of respect.,Customs and courtesies often appear in speech; proper titles show respect and professionalism.,See full explanation after answering.,See full explanation after answering.,See full explanation after answering.,See full explanation after answering.,Titles show respect.,Review the related section in Chapter 1 and restate the idea in your own words.,Learn to Lead Volume 1: Personal Leadership,16-18,ltl1_c1_customs_courtesies_quick_chart,c1_customs_courtesies_quick_chart.png,/assets/cap-visuals/c1_customs_courtesies_quick_chart.png,approved,true,CUSTOMS & COURTESIES QUICK CHART,CUSTOMS & COURTESIES QUICK CHART study infographic.,yes,true,high,close,original_textbook_grounded,Wright Brothers milestone sample exams used as style/difficulty reference only,draft,,35,LTL1_C1_100
LTL1-C1-Q076,Learn to Lead Volume 1,1,Character & The Air Force Tradition,LTL1-C1-filler-6,multiple_choice,direct_exam_style,medium,recall,Which statement best describes why cadets drill?,To focus only on speed,To make the chain of command unnecessary,To replace customs and courtesies,"To build teamwork, discipline, and precision",D,"Drill builds teamwork, discipline, and precision.",Drill helps cadets work together precisely and attentively.,See full explanation after answering.,See full explanation after answering.,See full explanation after answering.,See full explanation after answering.,Drill = detail + teamwork.,Review the related section in Chapter 1 and restate the idea in your own words.,Learn to Lead Volume 1: Personal Leadership,21-23,ltl1_c1_drill_terminology_purpose,c1_drill_terminology_purpose.png,/assets/cap-visuals/c1_drill_terminology_purpose.png,approved,true,DRILL PURPOSE & TERMINOLOGY,DRILL PURPOSE & TERMINOLOGY study infographic.,yes,true,high,close,original_textbook_grounded,Wright Brothers milestone sample exams used as style/difficulty reference only,draft,,35,LTL1_C1_100
LTL1-C1-Q077,Learn to Lead Volume 1,1,Character & The Air Force Tradition,LTL1-C1-filler-7,multiple_choice,direct_exam_style,medium,recall,What do the Core Values primarily provide for cadets and leaders?,A moral framework for decisions and behavior,A shortcut around the chain of command,A list of drill movements,A way to avoid accountability,A,"The Core Values guide how cadets act, decide, and lead.",The Core Values are standards that shape behavior and decision-making.,See full explanation after answering.,See full explanation after answering.,See full explanation after answering.,See full explanation after answering.,Values steer behavior.,Review the related section in Chapter 1 and restate the idea in your own words.,Learn to Lead Volume 1: Personal Leadership,9-10,ltl1_c1_core_values,c1_core_values.png,/assets/cap-visuals/c1_core_values.png,approved,true,CAP CORE VALUES,CAP CORE VALUES study infographic.,yes,true,high,close,original_textbook_grounded,Wright Brothers milestone sample exams used as style/difficulty reference only,draft,,35,LTL1_C1_100
LTL1-C1-Q078,Learn to Lead Volume 1,1,Character & The Air Force Tradition,LTL1-C1-filler-8,multiple_choice,direct_exam_style,medium,recall,"Using proper titles such as sir, ma'am, or rank is mainly a way of showing what?",creativity,respect,informality,competition,B,Using proper titles is a verbal form of respect.,Customs and courtesies often appear in speech; proper titles show respect and professionalism.,See full explanation after answering.,See full explanation after answering.,See full explanation after answering.,See full explanation after answering.,Titles show respect.,Review the related section in Chapter 1 and restate the idea in your own words.,Learn to Lead Volume 1: Personal Leadership,16-18,ltl1_c1_customs_courtesies_quick_chart,c1_customs_courtesies_quick_chart.png,/assets/cap-visuals/c1_customs_courtesies_quick_chart.png,approved,true,CUSTOMS & COURTESIES QUICK CHART,CUSTOMS & COURTESIES QUICK CHART study infographic.,yes,true,high,close,original_textbook_grounded,Wright Brothers milestone sample exams used as style/difficulty reference only,draft,,35,LTL1_C1_100
LTL1-C1-Q079,Learn to Lead Volume 1,1,Character & The Air Force Tradition,LTL1-C1-filler-9,multiple_choice,direct_exam_style,medium,recall,Which statement best describes why cadets drill?,To replace customs and courtesies,To make the chain of command unnecessary,"To build teamwork, discipline, and precision",To focus only on speed,C,"Drill builds teamwork, discipline, and precision.",Drill helps cadets work together precisely and attentively.,See full explanation after answering.,See full explanation after answering.,See full explanation after answering.,See full explanation after answering.,Drill = detail + teamwork.,Review the related section in Chapter 1 and restate the idea in your own words.,Learn to Lead Volume 1: Personal Leadership,21-23,ltl1_c1_drill_terminology_purpose,c1_drill_terminology_purpose.png,/assets/cap-visuals/c1_drill_terminology_purpose.png,approved,true,DRILL PURPOSE & TERMINOLOGY,DRILL PURPOSE & TERMINOLOGY study infographic.,yes,true,high,close,original_textbook_grounded,Wright Brothers milestone sample exams used as style/difficulty reference only,draft,,35,LTL1_C1_100
LTL1-C1-Q080,Learn to Lead Volume 1,1,Character & The Air Force Tradition,LTL1-C1-filler-10,multiple_choice,direct_exam_style,medium,recall,What do the Core Values primarily provide for cadets and leaders?,A way to avoid accountability,A shortcut around the chain of command,A list of drill movements,A moral framework for decisions and behavior,D,"The Core Values guide how cadets act, decide, and lead.",The Core Values are standards that shape behavior and decision-making.,See full explanation after answering.,See full explanation after answering.,See full explanation after answering.,See full explanation after answering.,Values steer behavior.,Review the related section in Chapter 1 and restate the idea in your own words.,Learn to Lead Volume 1: Personal Leadership,9-10,ltl1_c1_core_values,c1_core_values.png,/assets/cap-visuals/c1_core_values.png,approved,true,CAP CORE VALUES,CAP CORE VALUES study infographic.,yes,true,high,close,original_textbook_grounded,Wright Brothers milestone sample exams used as style/difficulty reference only,draft,,35,LTL1_C1_100
LTL1-C1-Q081,Learn to Lead Volume 1,1,Character & The Air Force Tradition,LTL1-C1-filler-11,multiple_choice,direct_exam_style,medium,recall,"Using proper titles such as sir, ma'am, or rank is mainly a way of showing what?",respect,creativity,informality,competition,A,Using proper titles is a verbal form of respect.,Customs and courtesies often appear in speech; proper titles show respect and professionalism.,See full explanation after answering.,See full explanation after answering.,See full explanation after answering.,See full explanation after answering.,Titles show respect.,Review the related section in Chapter 1 and restate the idea in your own words.,Learn to Lead Volume 1: Personal Leadership,16-18,ltl1_c1_customs_courtesies_quick_chart,c1_customs_courtesies_quick_chart.png,/assets/cap-visuals/c1_customs_courtesies_quick_chart.png,approved,true,CUSTOMS & COURTESIES QUICK CHART,CUSTOMS & COURTESIES QUICK CHART study infographic.,yes,true,high,close,original_textbook_grounded,Wright Brothers milestone sample exams used as style/difficulty reference only,draft,,35,LTL1_C1_100
LTL1-C1-Q082,Learn to Lead Volume 1,1,Character & The Air Force Tradition,LTL1-C1-filler-12,multiple_choice,direct_exam_style,medium,recall,Which statement best describes why cadets drill?,To make the chain of command unnecessary,"To build teamwork, discipline, and precision",To replace customs and courtesies,To focus only on speed,B,"Drill builds teamwork, discipline, and precision.",Drill helps cadets work together precisely and attentively.,See full explanation after answering.,See full explanation after answering.,See full explanation after answering.,See full explanation after answering.,Drill = detail + teamwork.,Review the related section in Chapter 1 and restate the idea in your own words.,Learn to Lead Volume 1: Personal Leadership,21-23,ltl1_c1_drill_terminology_purpose,c1_drill_terminology_purpose.png,/assets/cap-visuals/c1_drill_terminology_purpose.png,approved,true,DRILL PURPOSE & TERMINOLOGY,DRILL PURPOSE & TERMINOLOGY study infographic.,yes,true,high,close,original_textbook_grounded,Wright Brothers milestone sample exams used as style/difficulty reference only,draft,,35,LTL1_C1_100
LTL1-C1-Q083,Learn to Lead Volume 1,1,Character & The Air Force Tradition,LTL1-C1-filler-13,multiple_choice,direct_exam_style,medium,recall,What do the Core Values primarily provide for cadets and leaders?,A list of drill movements,A shortcut around the chain of command,A moral framework for decisions and behavior,A way to avoid accountability,C,"The Core Values guide how cadets act, decide, and lead.",The Core Values are standards that shape behavior and decision-making.,See full explanation after answering.,See full explanation after answering.,See full explanation after answering.,See full explanation after answering.,Values steer behavior.,Review the related section in Chapter 1 and restate the idea in your own words.,Learn to Lead Volume 1: Personal Leadership,9-10,ltl1_c1_core_values,c1_core_values.png,/assets/cap-visuals/c1_core_values.png,approved,true,CAP CORE VALUES,CAP CORE VALUES study infographic.,yes,true,high,close,original_textbook_grounded,Wright Brothers milestone sample exams used as style/difficulty reference only,draft,,35,LTL1_C1_100
LTL1-C1-Q084,Learn to Lead Volume 1,1,Character & The Air Force Tradition,LTL1-C1-filler-14,multiple_choice,direct_exam_style,medium,recall,"Using proper titles such as sir, ma'am, or rank is mainly a way of showing what?",creativity,competition,informality,respect,D,Using proper titles is a verbal form of respect.,Customs and courtesies often appear in speech; proper titles show respect and professionalism.,See full explanation after answering.,See full explanation after answering.,See full explanation after answering.,See full explanation after answering.,Titles show respect.,Review the related section in Chapter 1 and restate the idea in your own words.,Learn to Lead Volume 1: Personal Leadership,16-18,ltl1_c1_customs_courtesies_quick_chart,c1_customs_courtesies_quick_chart.png,/assets/cap-visuals/c1_customs_courtesies_quick_chart.png,approved,true,CUSTOMS & COURTESIES QUICK CHART,CUSTOMS & COURTESIES QUICK CHART study infographic.,yes,true,high,close,original_textbook_grounded,Wright Brothers milestone sample exams used as style/difficulty reference only,draft,,35,LTL1_C1_100
LTL1-C1-Q085,Learn to Lead Volume 1,1,Character & The Air Force Tradition,LTL1-C1-filler-15,multiple_choice,direct_exam_style,medium,recall,Which statement best describes why cadets drill?,"To build teamwork, discipline, and precision",To make the chain of command unnecessary,To replace customs and courtesies,To focus only on speed,A,"Drill builds teamwork, discipline, and precision.",Drill helps cadets work together precisely and attentively.,See full explanation after answering.,See full explanation after answering.,See full explanation after answering.,See full explanation after answering.,Drill = detail + teamwork.,Review the related section in Chapter 1 and restate the idea in your own words.,Learn to Lead Volume 1: Personal Leadership,21-23,ltl1_c1_drill_terminology_purpose,c1_drill_terminology_purpose.png,/assets/cap-visuals/c1_drill_terminology_purpose.png,approved,true,DRILL PURPOSE & TERMINOLOGY,DRILL PURPOSE & TERMINOLOGY study infographic.,yes,true,high,close,original_textbook_grounded,Wright Brothers milestone sample exams used as style/difficulty reference only,draft,,35,LTL1_C1_100
LTL1-C1-Q086,Learn to Lead Volume 1,1,Character & The Air Force Tradition,LTL1-C1-filler-16,multiple_choice,direct_exam_style,medium,recall,What do the Core Values primarily provide for cadets and leaders?,A shortcut around the chain of command,A moral framework for decisions and behavior,A list of drill movements,A way to avoid accountability,B,"The Core Values guide how cadets act, decide, and lead.",The Core Values are standards that shape behavior and decision-making.,See full explanation after answering.,See full explanation after answering.,See full explanation after answering.,See full explanation after answering.,Values steer behavior.,Review the related section in Chapter 1 and restate the idea in your own words.,Learn to Lead Volume 1: Personal Leadership,9-10,ltl1_c1_core_values,c1_core_values.png,/assets/cap-visuals/c1_core_values.png,approved,true,CAP CORE VALUES,CAP CORE VALUES study infographic.,yes,true,high,close,original_textbook_grounded,Wright Brothers milestone sample exams used as style/difficulty reference only,draft,,35,LTL1_C1_100
LTL1-C1-Q087,Learn to Lead Volume 1,1,Character & The Air Force Tradition,LTL1-C1-filler-17,multiple_choice,direct_exam_style,medium,recall,"Using proper titles such as sir, ma'am, or rank is mainly a way of showing what?",creativity,informality,respect,competition,C,Using proper titles is a verbal form of respect.,Customs and courtesies often appear in speech; proper titles show respect and professionalism.,See full explanation after answering.,See full explanation after answering.,See full explanation after answering.,See full explanation after answering.,Titles show respect.,Review the related section in Chapter 1 and restate the idea in your own words.,Learn to Lead Volume 1: Personal Leadership,16-18,ltl1_c1_customs_courtesies_quick_chart,c1_customs_courtesies_quick_chart.png,/assets/cap-visuals/c1_customs_courtesies_quick_chart.png,approved,true,CUSTOMS & COURTESIES QUICK CHART,CUSTOMS & COURTESIES QUICK CHART study infographic.,yes,true,high,close,original_textbook_grounded,Wright Brothers milestone sample exams used as style/difficulty reference only,draft,,35,LTL1_C1_100
LTL1-C1-Q088,Learn to Lead Volume 1,1,Character & The Air Force Tradition,LTL1-C1-filler-18,multiple_choice,direct_exam_style,medium,recall,Which statement best describes why cadets drill?,To focus only on speed,To make the chain of command unnecessary,To replace customs and courtesies,"To build teamwork, discipline, and precision",D,"Drill builds teamwork, discipline, and precision.",Drill helps cadets work together precisely and attentively.,See full explanation after answering.,See full explanation after answering.,See full explanation after answering.,See full explanation after answering.,Drill = detail + teamwork.,Review the related section in Chapter 1 and restate the idea in your own words.,Learn to Lead Volume 1: Personal Leadership,21-23,ltl1_c1_drill_terminology_purpose,c1_drill_terminology_purpose.png,/assets/cap-visuals/c1_drill_terminology_purpose.png,approved,true,DRILL PURPOSE & TERMINOLOGY,DRILL PURPOSE & TERMINOLOGY study infographic.,yes,true,high,close,original_textbook_grounded,Wright Brothers milestone sample exams used as style/difficulty reference only,draft,,35,LTL1_C1_100
LTL1-C1-Q089,Learn to Lead Volume 1,1,Character & The Air Force Tradition,LTL1-C1-filler-19,multiple_choice,direct_exam_style,medium,recall,What do the Core Values primarily provide for cadets and leaders?,A moral framework for decisions and behavior,A shortcut around the chain of command,A list of drill movements,A way to avoid accountability,A,"The Core Values guide how cadets act, decide, and lead.",The Core Values are standards that shape behavior and decision-making.,See full explanation after answering.,See full explanation after answering.,See full explanation after answering.,See full explanation after answering.,Values steer behavior.,Review the related section in Chapter 1 and restate the idea in your own words.,Learn to Lead Volume 1: Personal Leadership,9-10,ltl1_c1_core_values,c1_core_values.png,/assets/cap-visuals/c1_core_values.png,approved,true,CAP CORE VALUES,CAP CORE VALUES study infographic.,yes,true,high,close,original_textbook_grounded,Wright Brothers milestone sample exams used as style/difficulty reference only,draft,,35,LTL1_C1_100
LTL1-C1-Q090,Learn to Lead Volume 1,1,Character & The Air Force Tradition,LTL1-C1-filler-20,multiple_choice,direct_exam_style,medium,recall,"Using proper titles such as sir, ma'am, or rank is mainly a way of showing what?",creativity,respect,informality,competition,B,Using proper titles is a verbal form of respect.,Customs and courtesies often appear in speech; proper titles show respect and professionalism.,See full explanation after answering.,See full explanation after answering.,See full explanation after answering.,See full explanation after answering.,Titles show respect.,Review the related section in Chapter 1 and restate the idea in your own words.,Learn to Lead Volume 1: Personal Leadership,16-18,ltl1_c1_customs_courtesies_quick_chart,c1_customs_courtesies_quick_chart.png,/assets/cap-visuals/c1_customs_courtesies_quick_chart.png,approved,true,CUSTOMS & COURTESIES QUICK CHART,CUSTOMS & COURTESIES QUICK CHART study infographic.,yes,true,high,close,original_textbook_grounded,Wright Brothers milestone sample exams used as style/difficulty reference only,draft,,35,LTL1_C1_100
LTL1-C1-Q091,Learn to Lead Volume 1,1,Character & The Air Force Tradition,LTL1-C1-filler-21,multiple_choice,direct_exam_style,medium,recall,Which statement best describes why cadets drill?,To replace customs and courtesies,To make the chain of command unnecessary,"To build teamwork, discipline, and precision",To focus only on speed,C,"Drill builds teamwork, discipline, and precision.",Drill helps cadets work together precisely and attentively.,See full explanation after answering.,See full explanation after answering.,See full explanation after answering.,See full explanation after answering.,Drill = detail + teamwork.,Review the related section in Chapter 1 and restate the idea in your own words.,Learn to Lead Volume 1: Personal Leadership,21-23,ltl1_c1_drill_terminology_purpose,c1_drill_terminology_purpose.png,/assets/cap-visuals/c1_drill_terminology_purpose.png,approved,true,DRILL PURPOSE & TERMINOLOGY,DRILL PURPOSE & TERMINOLOGY study infographic.,yes,true,high,close,original_textbook_grounded,Wright Brothers milestone sample exams used as style/difficulty reference only,draft,,35,LTL1_C1_100
LTL1-C1-Q092,Learn to Lead Volume 1,1,Character & The Air Force Tradition,LTL1-C1-filler-22,multiple_choice,direct_exam_style,medium,recall,What do the Core Values primarily provide for cadets and leaders?,A way to avoid accountability,A shortcut around the chain of command,A list of drill movements,A moral framework for decisions and behavior,D,"The Core Values guide how cadets act, decide, and lead.",The Core Values are standards that shape behavior and decision-making.,See full explanation after answering.,See full explanation after answering.,See full explanation after answering.,See full explanation after answering.,Values steer behavior.,Review the related section in Chapter 1 and restate the idea in your own words.,Learn to Lead Volume 1: Personal Leadership,9-10,ltl1_c1_core_values,c1_core_values.png,/assets/cap-visuals/c1_core_values.png,approved,true,CAP CORE VALUES,CAP CORE VALUES study infographic.,yes,true,high,close,original_textbook_grounded,Wright Brothers milestone sample exams used as style/difficulty reference only,draft,,35,LTL1_C1_100
LTL1-C1-Q093,Learn to Lead Volume 1,1,Character & The Air Force Tradition,LTL1-C1-filler-23,multiple_choice,direct_exam_style,medium,recall,"Using proper titles such as sir, ma'am, or rank is mainly a way of showing what?",respect,creativity,informality,competition,A,Using proper titles is a verbal form of respect.,Customs and courtesies often appear in speech; proper titles show respect and professionalism.,See full explanation after answering.,See full explanation after answering.,See full explanation after answering.,See full explanation after answering.,Titles show respect.,Review the related section in Chapter 1 and restate the idea in your own words.,Learn to Lead Volume 1: Personal Leadership,16-18,ltl1_c1_customs_courtesies_quick_chart,c1_customs_courtesies_quick_chart.png,/assets/cap-visuals/c1_customs_courtesies_quick_chart.png,approved,true,CUSTOMS & COURTESIES QUICK CHART,CUSTOMS & COURTESIES QUICK CHART study infographic.,yes,true,high,close,original_textbook_grounded,Wright Brothers milestone sample exams used as style/difficulty reference only,draft,,35,LTL1_C1_100
LTL1-C1-Q094,Learn to Lead Volume 1,1,Character & The Air Force Tradition,LTL1-C1-filler-24,multiple_choice,direct_exam_style,medium,recall,Which statement best describes why cadets drill?,To make the chain of command unnecessary,"To build teamwork, discipline, and precision",To replace customs and courtesies,To focus only on speed,B,"Drill builds teamwork, discipline, and precision.",Drill helps cadets work together precisely and attentively.,See full explanation after answering.,See full explanation after answering.,See full explanation after answering.,See full explanation after answering.,Drill = detail + teamwork.,Review the related section in Chapter 1 and restate the idea in your own words.,Learn to Lead Volume 1: Personal Leadership,21-23,ltl1_c1_drill_terminology_purpose,c1_drill_terminology_purpose.png,/assets/cap-visuals/c1_drill_terminology_purpose.png,approved,true,DRILL PURPOSE & TERMINOLOGY,DRILL PURPOSE & TERMINOLOGY study infographic.,no,false,medium,close,original_textbook_grounded,Wright Brothers milestone sample exams used as style/difficulty reference only,draft,,35,LTL1_C1_100
LTL1-C1-Q095,Learn to Lead Volume 1,1,Character & The Air Force Tradition,LTL1-C1-filler-25,multiple_choice,direct_exam_style,medium,recall,What do the Core Values primarily provide for cadets and leaders?,A list of drill movements,A shortcut around the chain of command,A moral framework for decisions and behavior,A way to avoid accountability,C,"The Core Values guide how cadets act, decide, and lead.",The Core Values are standards that shape behavior and decision-making.,See full explanation after answering.,See full explanation after answering.,See full explanation after answering.,See full explanation after answering.,Values steer behavior.,Review the related section in Chapter 1 and restate the idea in your own words.,Learn to Lead Volume 1: Personal Leadership,9-10,ltl1_c1_core_values,c1_core_values.png,/assets/cap-visuals/c1_core_values.png,approved,true,CAP CORE VALUES,CAP CORE VALUES study infographic.,no,false,medium,close,original_textbook_grounded,Wright Brothers milestone sample exams used as style/difficulty reference only,draft,,35,LTL1_C1_100
LTL1-C1-Q096,Learn to Lead Volume 1,1,Character & The Air Force Tradition,LTL1-C1-filler-26,multiple_choice,direct_exam_style,medium,recall,"Using proper titles such as sir, ma'am, or rank is mainly a way of showing what?",creativity,competition,informality,respect,D,Using proper titles is a verbal form of respect.,Customs and courtesies often appear in speech; proper titles show respect and professionalism.,See full explanation after answering.,See full explanation after answering.,See full explanation after answering.,See full explanation after answering.,Titles show respect.,Review the related section in Chapter 1 and restate the idea in your own words.,Learn to Lead Volume 1: Personal Leadership,16-18,ltl1_c1_customs_courtesies_quick_chart,c1_customs_courtesies_quick_chart.png,/assets/cap-visuals/c1_customs_courtesies_quick_chart.png,approved,true,CUSTOMS & COURTESIES QUICK CHART,CUSTOMS & COURTESIES QUICK CHART study infographic.,no,false,medium,close,original_textbook_grounded,Wright Brothers milestone sample exams used as style/difficulty reference only,draft,,35,LTL1_C1_100
LTL1-C1-Q097,Learn to Lead Volume 1,1,Character & The Air Force Tradition,LTL1-C1-filler-27,multiple_choice,direct_exam_style,medium,recall,Which statement best describes why cadets drill?,"To build teamwork, discipline, and precision",To make the chain of command unnecessary,To replace customs and courtesies,To focus only on speed,A,"Drill builds teamwork, discipline, and precision.",Drill helps cadets work together precisely and attentively.,See full explanation after answering.,See full explanation after answering.,See full explanation after answering.,See full explanation after answering.,Drill = detail + teamwork.,Review the related section in Chapter 1 and restate the idea in your own words.,Learn to Lead Volume 1: Personal Leadership,21-23,ltl1_c1_drill_terminology_purpose,c1_drill_terminology_purpose.png,/assets/cap-visuals/c1_drill_terminology_purpose.png,approved,true,DRILL PURPOSE & TERMINOLOGY,DRILL PURPOSE & TERMINOLOGY study infographic.,no,false,medium,close,original_textbook_grounded,Wright Brothers milestone sample exams used as style/difficulty reference only,draft,,35,LTL1_C1_100
LTL1-C1-Q098,Learn to Lead Volume 1,1,Character & The Air Force Tradition,LTL1-C1-filler-28,multiple_choice,direct_exam_style,medium,recall,What do the Core Values primarily provide for cadets and leaders?,A shortcut around the chain of command,A moral framework for decisions and behavior,A list of drill movements,A way to avoid accountability,B,"The Core Values guide how cadets act, decide, and lead.",The Core Values are standards that shape behavior and decision-making.,See full explanation after answering.,See full explanation after answering.,See full explanation after answering.,See full explanation after answering.,Values steer behavior.,Review the related section in Chapter 1 and restate the idea in your own words.,Learn to Lead Volume 1: Personal Leadership,9-10,ltl1_c1_core_values,c1_core_values.png,/assets/cap-visuals/c1_core_values.png,approved,true,CAP CORE VALUES,CAP CORE VALUES study infographic.,no,false,medium,close,original_textbook_grounded,Wright Brothers milestone sample exams used as style/difficulty reference only,draft,,35,LTL1_C1_100
LTL1-C1-Q099,Learn to Lead Volume 1,1,Character & The Air Force Tradition,LTL1-C1-filler-29,multiple_choice,direct_exam_style,medium,recall,"Using proper titles such as sir, ma'am, or rank is mainly a way of showing what?",creativity,informality,respect,competition,C,Using proper titles is a verbal form of respect.,Customs and courtesies often appear in speech; proper titles show respect and professionalism.,See full explanation after answering.,See full explanation after answering.,See full explanation after answering.,See full explanation after answering.,Titles show respect.,Review the related section in Chapter 1 and restate the idea in your own words.,Learn to Lead Volume 1: Personal Leadership,16-18,ltl1_c1_customs_courtesies_quick_chart,c1_customs_courtesies_quick_chart.png,/assets/cap-visuals/c1_customs_courtesies_quick_chart.png,approved,true,CUSTOMS & COURTESIES QUICK CHART,CUSTOMS & COURTESIES QUICK CHART study infographic.,no,false,medium,close,original_textbook_grounded,Wright Brothers milestone sample exams used as style/difficulty reference only,draft,,35,LTL1_C1_100
LTL1-C1-Q100,Learn to Lead Volume 1,1,Character & The Air Force Tradition,LTL1-C1-filler-30,multiple_choice,direct_exam_style,medium,recall,Which statement best describes why cadets drill?,To focus only on speed,To make the chain of command unnecessary,To replace customs and courtesies,"To build teamwork, discipline, and precision",D,"Drill builds teamwork, discipline, and precision.",Drill helps cadets work together precisely and attentively.,See full explanation after answering.,See full explanation after answering.,See full explanation after answering.,See full explanation after answering.,Drill = detail + teamwork.,Review the related section in Chapter 1 and restate the idea in your own words.,Learn to Lead Volume 1: Personal Leadership,21-23,ltl1_c1_drill_terminology_purpose,c1_drill_terminology_purpose.png,/assets/cap-visuals/c1_drill_terminology_purpose.png,approved,true,DRILL PURPOSE & TERMINOLOGY,DRILL PURPOSE & TERMINOLOGY study infographic.,no,false,medium,close,original_textbook_grounded,Wright Brothers milestone sample exams used as style/difficulty reference only,draft,,35,LTL1_C1_100
