external_id	pilot_batch	objective_code	concept_code	question_family_code	difficulty	cognitive_level	question_type	question_mode	question_style	question_text	choice_a	choice_b	choice_c	choice_d	correct_letter	short_explanation	feedback_display_version	explanation	choice_a_explanation	choice_b_explanation	choice_c_explanation	choice_d_explanation	common_mistake	remediation_text	memory_aid	visual_priority	visual_type	visual_display_mode	visual_asset_key	visual_brief	visual_caption	visual_alt_text	source_reference_text	source_pages	source_status	review_status	reinforcement_question_ids	estimated_time_seconds
LTL2-C8-PA-Q001	Chapter 8 A: Purpose, Audience & Organization	LTL2-C8-OBJ-1-4	LTL2-C8-COMMUNICATION_PURPOSES	LTL2-C8-A-COMMUNICATION_PURPOSES	easy	recall	multiple_choice	both	cap_direct	What are the three main purposes of communication?	To describe, debate, or command	To entertain, inform, or persuade	To outline, support, or conclude	To teach, test, or evaluate	B	Communication commonly aims to entertain, inform, or persuade.	1	Communication commonly aims to entertain, inform, or persuade. The closest distractors describe related communication ideas but not the precise answer.	Not quite. “To describe, debate, or command” is plausible, but it does not match the exact concept. Communication commonly aims to entertain, inform, or persuade.	Correct. Communication commonly aims to entertain, inform, or persuade.	Not quite. “To outline, support, or conclude” is plausible, but it does not match the exact concept. Communication commonly aims to entertain, inform, or persuade.	Not quite. “To teach, test, or evaluate” is plausible, but it does not match the exact concept. Communication commonly aims to entertain, inform, or persuade.	Choosing a related communication term that serves a different purpose.	Review communication purposes and compare it with the closest wrong choice. State the key difference in one sentence.	E-I-P: entertain, inform, persuade.	medium	comparison_diagram	optional_after_answer	ltl2_c8_pa_q001	Simple instructional comparison showing communication purposes and a nearby but different concept.	E-I-P: entertain, inform, persuade.	A simple diagram explaining communication purposes.	Learn to Lead Volume 2, Chapter 8, objectives 1-4	153-155	approved_source	draft	LTL2-C8-PA-Q002,LTL2-C8-PA-Q003	40
LTL2-C8-PA-Q002	Chapter 8 A: Purpose, Audience & Organization	LTL2-C8-OBJ-1-4	LTL2-C8-SPECIFIC_PURPOSE	LTL2-C8-A-SPECIFIC_PURPOSE	medium	understanding	multiple_choice	both	cap_direct	A specific purpose states	what you want the audience to understand, do, or believe	the order of every paragraph	the evidence supporting each claim	the speaker’s credentials	A	A specific purpose precisely identifies the intended audience outcome.	1	A specific purpose precisely identifies the intended audience outcome. The closest distractors describe related communication ideas but not the precise answer.	Correct. A specific purpose precisely identifies the intended audience outcome.	Not quite. “the order of every paragraph” is plausible, but it does not match the exact concept. A specific purpose precisely identifies the intended audience outcome.	Not quite. “the evidence supporting each claim” is plausible, but it does not match the exact concept. A specific purpose precisely identifies the intended audience outcome.	Not quite. “the speaker’s credentials” is plausible, but it does not match the exact concept. A specific purpose precisely identifies the intended audience outcome.	Choosing a related communication term that serves a different purpose.	Review specific purpose and compare it with the closest wrong choice. State the key difference in one sentence.	Understand, do, or believe.	medium	comparison_diagram	optional_after_answer	ltl2_c8_pa_q002	Simple instructional comparison showing specific purpose and a nearby but different concept.	Understand, do, or believe.	A simple diagram explaining specific purpose.	Learn to Lead Volume 2, Chapter 8, objectives 1-4	153-155	approved_source	draft	LTL2-C8-PA-Q003,LTL2-C8-PA-Q004	40
LTL2-C8-PA-Q003	Chapter 8 A: Purpose, Audience & Organization	LTL2-C8-OBJ-1-4	LTL2-C8-PURPOSE	LTL2-C8-A-PURPOSE	medium	scenario	multiple_choice	both	scenario	A cadet explains how to perform an about face. The primary purpose is to	entertain	persuade	criticize	inform	D	Teaching a skill is primarily informative communication.	1	Teaching a skill is primarily informative communication. The closest distractors describe related communication ideas but not the precise answer.	Not quite. “entertain” is plausible, but it does not match the exact concept. Teaching a skill is primarily informative communication.	Not quite. “persuade” is plausible, but it does not match the exact concept. Teaching a skill is primarily informative communication.	Not quite. “criticize” is plausible, but it does not match the exact concept. Teaching a skill is primarily informative communication.	Correct. Teaching a skill is primarily informative communication.	Choosing a related communication term that serves a different purpose.	Review purpose and compare it with the closest wrong choice. State the key difference in one sentence.	Teaching mainly informs.	medium	comparison_diagram	optional_after_answer	ltl2_c8_pa_q003	Simple instructional comparison showing purpose and a nearby but different concept.	Teaching mainly informs.	A simple diagram explaining purpose.	Learn to Lead Volume 2, Chapter 8, objectives 1-4	153-155	approved_source	draft	LTL2-C8-PA-Q004,LTL2-C8-PA-Q005	40
LTL2-C8-PA-Q004	Chapter 8 A: Purpose, Audience & Organization	LTL2-C8-OBJ-1-4	LTL2-C8-AUDIENCE	LTL2-C8-A-AUDIENCE	easy	recall	multiple_choice	both	cap_direct	An audience is	only people attending a live speech	the group that approves an outline	the people to whom you speak or write	the evidence used in an argument	C	The audience is the group receiving spoken or written communication.	1	The audience is the group receiving spoken or written communication. The closest distractors describe related communication ideas but not the precise answer.	Not quite. “only people attending a live speech” is plausible, but it does not match the exact concept. The audience is the group receiving spoken or written communication.	Not quite. “the group that approves an outline” is plausible, but it does not match the exact concept. The audience is the group receiving spoken or written communication.	Correct. The audience is the group receiving spoken or written communication.	Not quite. “the evidence used in an argument” is plausible, but it does not match the exact concept. The audience is the group receiving spoken or written communication.	Choosing a related communication term that serves a different purpose.	Review audience and compare it with the closest wrong choice. State the key difference in one sentence.	Audience = receivers.	medium	comparison_diagram	optional_after_answer	ltl2_c8_pa_q004	Simple instructional comparison showing audience and a nearby but different concept.	Audience = receivers.	A simple diagram explaining audience.	Learn to Lead Volume 2, Chapter 8, objectives 1-4	153-155	approved_source	draft	LTL2-C8-PA-Q005,LTL2-C8-PA-Q006	40
LTL2-C8-PA-Q005	Chapter 8 A: Purpose, Audience & Organization	LTL2-C8-OBJ-1-4	LTL2-C8-AUDIENCE_ANALYSIS	LTL2-C8-A-AUDIENCE_ANALYSIS	medium	understanding	multiple_choice	both	cap_direct	Why must a communicator analyze the audience?	To avoid stating a clear purpose	To match content and level to the audience’s needs and knowledge	To guarantee agreement	To replace organization with personality	B	Audience analysis helps make the message appropriate and useful.	1	Audience analysis helps make the message appropriate and useful. The closest distractors describe related communication ideas but not the precise answer.	Not quite. “To avoid stating a clear purpose” is plausible, but it does not match the exact concept. Audience analysis helps make the message appropriate and useful.	Correct. Audience analysis helps make the message appropriate and useful.	Not quite. “To guarantee agreement” is plausible, but it does not match the exact concept. Audience analysis helps make the message appropriate and useful.	Not quite. “To replace organization with personality” is plausible, but it does not match the exact concept. Audience analysis helps make the message appropriate and useful.	Choosing a related communication term that serves a different purpose.	Review audience analysis and compare it with the closest wrong choice. State the key difference in one sentence.	Know who, then know how.	medium	comparison_diagram	optional_after_answer	ltl2_c8_pa_q005	Simple instructional comparison showing audience analysis and a nearby but different concept.	Know who, then know how.	A simple diagram explaining audience analysis.	Learn to Lead Volume 2, Chapter 8, objectives 1-4	153-155	approved_source	draft	LTL2-C8-PA-Q006,LTL2-C8-PA-Q007	40
LTL2-C8-PA-Q006	Chapter 8 A: Purpose, Audience & Organization	LTL2-C8-OBJ-1-4	LTL2-C8-AUDIENCE_ANALYSIS	LTL2-C8-A-AUDIENCE_ANALYSIS	medium	scenario	multiple_choice	both	scenario	An advanced rocketry club becomes bored by a presentation on basic rockets. The speaker most likely failed to	analyze the audience	use active voice	write a conclusion	anticipate objections	A	The content was not matched to the audience’s existing knowledge.	1	The content was not matched to the audience’s existing knowledge. The closest distractors describe related communication ideas but not the precise answer.	Correct. The content was not matched to the audience’s existing knowledge.	Not quite. “use active voice” is plausible, but it does not match the exact concept. The content was not matched to the audience’s existing knowledge.	Not quite. “write a conclusion” is plausible, but it does not match the exact concept. The content was not matched to the audience’s existing knowledge.	Not quite. “anticipate objections” is plausible, but it does not match the exact concept. The content was not matched to the audience’s existing knowledge.	Choosing a related communication term that serves a different purpose.	Review audience analysis and compare it with the closest wrong choice. State the key difference in one sentence.	Great content can miss the wrong audience.	medium	comparison_diagram	optional_after_answer	ltl2_c8_pa_q006	Simple instructional comparison showing audience analysis and a nearby but different concept.	Great content can miss the wrong audience.	A simple diagram explaining audience analysis.	Learn to Lead Volume 2, Chapter 8, objectives 1-4	153-155	approved_source	draft	LTL2-C8-PA-Q007,LTL2-C8-PA-Q008	40
LTL2-C8-PA-Q007	Chapter 8 A: Purpose, Audience & Organization	LTL2-C8-OBJ-1-4	LTL2-C8-OUTLINE	LTL2-C8-A-OUTLINE	medium	understanding	multiple_choice	both	cap_direct	An outline is best defined as	a complete first draft	a list of sources only	a short statement of the main idea	a diagram showing how communication will be organized	D	An outline maps the organization of an essay or speech.	1	An outline maps the organization of an essay or speech. The closest distractors describe related communication ideas but not the precise answer.	Not quite. “a complete first draft” is plausible, but it does not match the exact concept. An outline maps the organization of an essay or speech.	Not quite. “a list of sources only” is plausible, but it does not match the exact concept. An outline maps the organization of an essay or speech.	Not quite. “a short statement of the main idea” is plausible, but it does not match the exact concept. An outline maps the organization of an essay or speech.	Correct. An outline maps the organization of an essay or speech.	Choosing a related communication term that serves a different purpose.	Review outline and compare it with the closest wrong choice. State the key difference in one sentence.	Outline = communication map.	medium	comparison_diagram	optional_after_answer	ltl2_c8_pa_q007	Simple instructional comparison showing outline and a nearby but different concept.	Outline = communication map.	A simple diagram explaining outline.	Learn to Lead Volume 2, Chapter 8, objectives 1-4	153-155	approved_source	draft	LTL2-C8-PA-Q008,LTL2-C8-PA-Q009	40
LTL2-C8-PA-Q008	Chapter 8 A: Purpose, Audience & Organization	LTL2-C8-OBJ-1-4	LTL2-C8-OUTLINE	LTL2-C8-A-OUTLINE	medium	application	multiple_choice	both	cap_direct	Which is a major benefit of outlining?	It eliminates the need to edit	It guarantees persuasive success	It helps organize ideas and prevents important points from being omitted	It replaces audience analysis	C	An outline organizes the message and acts as a checklist.	1	An outline organizes the message and acts as a checklist. The closest distractors describe related communication ideas but not the precise answer.	Not quite. “It eliminates the need to edit” is plausible, but it does not match the exact concept. An outline organizes the message and acts as a checklist.	Not quite. “It guarantees persuasive success” is plausible, but it does not match the exact concept. An outline organizes the message and acts as a checklist.	Correct. An outline organizes the message and acts as a checklist.	Not quite. “It replaces audience analysis” is plausible, but it does not match the exact concept. An outline organizes the message and acts as a checklist.	Choosing a related communication term that serves a different purpose.	Review outline and compare it with the closest wrong choice. State the key difference in one sentence.	Map it, then check it.	medium	comparison_diagram	optional_after_answer	ltl2_c8_pa_q008	Simple instructional comparison showing outline and a nearby but different concept.	Map it, then check it.	A simple diagram explaining outline.	Learn to Lead Volume 2, Chapter 8, objectives 1-4	153-155	approved_source	draft	LTL2-C8-PA-Q009,LTL2-C8-PA-Q010	40
LTL2-C8-PA-Q009	Chapter 8 A: Purpose, Audience & Organization	LTL2-C8-OBJ-1-4	LTL2-C8-FOCUS_PRINCIPLES	LTL2-C8-A-FOCUS_PRINCIPLES	hard	recall	multiple_choice	both	cap_direct	In the chapter’s FOCUS principles, the letter U stands for	Useful	Understanding	Unified	Unbiased	B	FOCUS means Focused, Organized, Clear, Understanding, and Supported.	1	FOCUS means Focused, Organized, Clear, Understanding, and Supported. The closest distractors describe related communication ideas but not the precise answer.	Not quite. “Useful” is plausible, but it does not match the exact concept. FOCUS means Focused, Organized, Clear, Understanding, and Supported.	Correct. FOCUS means Focused, Organized, Clear, Understanding, and Supported.	Not quite. “Unified” is plausible, but it does not match the exact concept. FOCUS means Focused, Organized, Clear, Understanding, and Supported.	Not quite. “Unbiased” is plausible, but it does not match the exact concept. FOCUS means Focused, Organized, Clear, Understanding, and Supported.	Choosing a related communication term that serves a different purpose.	Review FOCUS principles and compare it with the closest wrong choice. State the key difference in one sentence.	FOCUS: Focused, Organized, Clear, Understanding, Supported.	high	comparison_diagram	optional_after_answer	ltl2_c8_pa_q009	Simple instructional comparison showing FOCUS principles and a nearby but different concept.	FOCUS: Focused, Organized, Clear, Understanding, Supported.	A simple diagram explaining FOCUS principles.	Learn to Lead Volume 2, Chapter 8, objectives 1-4	153-155	approved_source	draft	LTL2-C8-PA-Q010,LTL2-C8-PA-Q001	50
LTL2-C8-PA-Q010	Chapter 8 A: Purpose, Audience & Organization	LTL2-C8-OBJ-1-4	LTL2-C8-COMMUNICATION_FOUNDATIONS	LTL2-C8-A-COMMUNICATION_FOUNDATIONS	hard	analysis	multiple_choice	both	cap_direct	Which sequence best reflects the chapter’s communication foundations?	Know the purpose, know the audience, organize the ideas	Choose visuals, draft, then identify the audience	Write the conclusion, add evidence, then select a topic	Choose large words, remove examples, then outline	A	Effective communication begins with purpose, audience, and organization.	1	Effective communication begins with purpose, audience, and organization. The closest distractors describe related communication ideas but not the precise answer.	Correct. Effective communication begins with purpose, audience, and organization.	Not quite. “Choose visuals, draft, then identify the audience” is plausible, but it does not match the exact concept. Effective communication begins with purpose, audience, and organization.	Not quite. “Write the conclusion, add evidence, then select a topic” is plausible, but it does not match the exact concept. Effective communication begins with purpose, audience, and organization.	Not quite. “Choose large words, remove examples, then outline” is plausible, but it does not match the exact concept. Effective communication begins with purpose, audience, and organization.	Choosing a related communication term that serves a different purpose.	Review communication foundations and compare it with the closest wrong choice. State the key difference in one sentence.	Why, who, then order.	high	comparison_diagram	optional_after_answer	ltl2_c8_pa_q010	Simple instructional comparison showing communication foundations and a nearby but different concept.	Why, who, then order.	A simple diagram explaining communication foundations.	Learn to Lead Volume 2, Chapter 8, objectives 1-4	153-155	approved_source	draft	LTL2-C8-PA-Q001,LTL2-C8-PA-Q002	50
LTL2-C8-PB-Q001	Chapter 8 B: Communication Principles	LTL2-C8-OBJ-5	LTL2-C8-CLARITY	LTL2-C8-B-CLARITY	hard	application	multiple_choice	both	cap_direct	Which revision is most consistent with the principle “Be Clear”?	CAP cadets learn aviation through orientation flights in Cessnas and gliders.	CAP exposes cadets to aviation.	CAP is associated with many aviation opportunities.	Aviation exposure occurs through CAP.	A	Clear language uses specific, concrete words and details.	1	Clear language uses specific, concrete words and details. The closest distractors describe related communication ideas but not the precise answer.	Correct. Clear language uses specific, concrete words and details.	Not quite. “CAP exposes cadets to aviation.” is plausible, but it does not match the exact concept. Clear language uses specific, concrete words and details.	Not quite. “CAP is associated with many aviation opportunities.” is plausible, but it does not match the exact concept. Clear language uses specific, concrete words and details.	Not quite. “Aviation exposure occurs through CAP.” is plausible, but it does not match the exact concept. Clear language uses specific, concrete words and details.	Choosing a related communication term that serves a different purpose.	Review clarity and compare it with the closest wrong choice. State the key difference in one sentence.	Specific beats vague.	high	comparison_diagram	optional_after_answer	ltl2_c8_pb_q001	Simple instructional comparison showing clarity and a nearby but different concept.	Specific beats vague.	A simple diagram explaining clarity.	Learn to Lead Volume 2, Chapter 8, objectives 5	156-157	approved_source	draft	LTL2-C8-PB-Q002,LTL2-C8-PB-Q003	50
LTL2-C8-PB-Q002	Chapter 8 B: Communication Principles	LTL2-C8-OBJ-5	LTL2-C8-FAMILIAR_WORDS	LTL2-C8-B-FAMILIAR_WORDS	medium	understanding	multiple_choice	both	cap_direct	Why should communicators usually choose familiar words?	To make every sentence shorter than ten words	To avoid all technical terms	To sound informal in every situation	To make the message easier to understand	D	Familiar words communicate meaning more directly.	1	Familiar words communicate meaning more directly. The closest distractors describe related communication ideas but not the precise answer.	Not quite. “To make every sentence shorter than ten words” is plausible, but it does not match the exact concept. Familiar words communicate meaning more directly.	Not quite. “To avoid all technical terms” is plausible, but it does not match the exact concept. Familiar words communicate meaning more directly.	Not quite. “To sound informal in every situation” is plausible, but it does not match the exact concept. Familiar words communicate meaning more directly.	Correct. Familiar words communicate meaning more directly.	Choosing a related communication term that serves a different purpose.	Review familiar words and compare it with the closest wrong choice. State the key difference in one sentence.	Communicate, do not decorate.	medium	comparison_diagram	optional_after_answer	ltl2_c8_pb_q002	Simple instructional comparison showing familiar words and a nearby but different concept.	Communicate, do not decorate.	A simple diagram explaining familiar words.	Learn to Lead Volume 2, Chapter 8, objectives 5	156-157	approved_source	draft	LTL2-C8-PB-Q003,LTL2-C8-PB-Q004	40
LTL2-C8-PB-Q003	Chapter 8 B: Communication Principles	LTL2-C8-OBJ-5	LTL2-C8-ELIMINATE_CLUTTER	LTL2-C8-B-ELIMINATE_CLUTTER	medium	understanding	multiple_choice	both	cap_direct	Eliminating clutter means	deleting all supporting examples	using only simple sentences	removing needless words and sentences	avoiding transitions	C	Clutter is unnecessary wording that weakens clarity.	1	Clutter is unnecessary wording that weakens clarity. The closest distractors describe related communication ideas but not the precise answer.	Not quite. “deleting all supporting examples” is plausible, but it does not match the exact concept. Clutter is unnecessary wording that weakens clarity.	Not quite. “using only simple sentences” is plausible, but it does not match the exact concept. Clutter is unnecessary wording that weakens clarity.	Correct. Clutter is unnecessary wording that weakens clarity.	Not quite. “avoiding transitions” is plausible, but it does not match the exact concept. Clutter is unnecessary wording that weakens clarity.	Choosing a related communication term that serves a different purpose.	Review eliminate clutter and compare it with the closest wrong choice. State the key difference in one sentence.	Cut what adds no meaning.	medium	comparison_diagram	optional_after_answer	ltl2_c8_pb_q003	Simple instructional comparison showing eliminate clutter and a nearby but different concept.	Cut what adds no meaning.	A simple diagram explaining eliminate clutter.	Learn to Lead Volume 2, Chapter 8, objectives 5	156-157	approved_source	draft	LTL2-C8-PB-Q004,LTL2-C8-PB-Q005	40
LTL2-C8-PB-Q004	Chapter 8 B: Communication Principles	LTL2-C8-OBJ-5	LTL2-C8-ACTIVE_VOICE	LTL2-C8-B-ACTIVE_VOICE	medium	recognition	multiple_choice	both	cap_direct	Which sentence uses active voice?	The flight was inspected by the cadet commander.	The cadet commander inspected the flight.	The inspection of the flight was completed.	The flight had been inspected.	B	In active voice, the subject directly performs the action.	1	In active voice, the subject directly performs the action. The closest distractors describe related communication ideas but not the precise answer.	Not quite. “The flight was inspected by the cadet commander.” is plausible, but it does not match the exact concept. In active voice, the subject directly performs the action.	Correct. In active voice, the subject directly performs the action.	Not quite. “The inspection of the flight was completed.” is plausible, but it does not match the exact concept. In active voice, the subject directly performs the action.	Not quite. “The flight had been inspected.” is plausible, but it does not match the exact concept. In active voice, the subject directly performs the action.	Choosing a related communication term that serves a different purpose.	Review active voice and compare it with the closest wrong choice. State the key difference in one sentence.	Actor first, action strong.	medium	comparison_diagram	optional_after_answer	ltl2_c8_pb_q004	Simple instructional comparison showing active voice and a nearby but different concept.	Actor first, action strong.	A simple diagram explaining active voice.	Learn to Lead Volume 2, Chapter 8, objectives 5	156-157	approved_source	draft	LTL2-C8-PB-Q005,LTL2-C8-PB-Q006	40
LTL2-C8-PB-Q005	Chapter 8 B: Communication Principles	LTL2-C8-OBJ-5	LTL2-C8-POSITIVE_FORM	LTL2-C8-B-POSITIVE_FORM	medium	recognition	multiple_choice	both	cap_direct	Which sentence is written in positive form?	Cadets must remember their canteens.	Cadets are not to forget their canteens.	Canteens should not be left behind by cadets.	Forgetting canteens is not permitted.	A	Positive form tells people what to do.	1	Positive form tells people what to do. The closest distractors describe related communication ideas but not the precise answer.	Correct. Positive form tells people what to do.	Not quite. “Cadets are not to forget their canteens.” is plausible, but it does not match the exact concept. Positive form tells people what to do.	Not quite. “Canteens should not be left behind by cadets.” is plausible, but it does not match the exact concept. Positive form tells people what to do.	Not quite. “Forgetting canteens is not permitted.” is plausible, but it does not match the exact concept. Positive form tells people what to do.	Choosing a related communication term that serves a different purpose.	Review positive form and compare it with the closest wrong choice. State the key difference in one sentence.	Say the desired action.	medium	comparison_diagram	optional_after_answer	ltl2_c8_pb_q005	Simple instructional comparison showing positive form and a nearby but different concept.	Say the desired action.	A simple diagram explaining positive form.	Learn to Lead Volume 2, Chapter 8, objectives 5	156-157	approved_source	draft	LTL2-C8-PB-Q006,LTL2-C8-PB-Q007	40
LTL2-C8-PB-Q006	Chapter 8 B: Communication Principles	LTL2-C8-OBJ-5	LTL2-C8-PARALLEL_STRUCTURE	LTL2-C8-B-PARALLEL_STRUCTURE	hard	recognition	multiple_choice	both	cap_direct	Which sentence uses parallel structure?	Cadets practiced marching, how to salute, and inspections.	Cadets practiced to march, saluting, and inspection.	Cadets practiced marching, to salute, and inspections.	Cadets practiced marching, saluting, and inspecting.	D	Parallel structure uses the same grammatical form in a series.	1	Parallel structure uses the same grammatical form in a series. The closest distractors describe related communication ideas but not the precise answer.	Not quite. “Cadets practiced marching, how to salute, and inspections.” is plausible, but it does not match the exact concept. Parallel structure uses the same grammatical form in a series.	Not quite. “Cadets practiced to march, saluting, and inspection.” is plausible, but it does not match the exact concept. Parallel structure uses the same grammatical form in a series.	Not quite. “Cadets practiced marching, to salute, and inspections.” is plausible, but it does not match the exact concept. Parallel structure uses the same grammatical form in a series.	Correct. Parallel structure uses the same grammatical form in a series.	Choosing a related communication term that serves a different purpose.	Review parallel structure and compare it with the closest wrong choice. State the key difference in one sentence.	Same job, same form.	high	comparison_diagram	optional_after_answer	ltl2_c8_pb_q006	Simple instructional comparison showing parallel structure and a nearby but different concept.	Same job, same form.	A simple diagram explaining parallel structure.	Learn to Lead Volume 2, Chapter 8, objectives 5	156-157	approved_source	draft	LTL2-C8-PB-Q007,LTL2-C8-PB-Q008	50
LTL2-C8-PB-Q007	Chapter 8 B: Communication Principles	LTL2-C8-OBJ-5	LTL2-C8-COMMUNICATION_PRINCIPLES	LTL2-C8-B-COMMUNICATION_PRINCIPLES	hard	analysis	multiple_choice	both	cap_direct	A sentence is vague, wordy, and passive. Which principles should be applied?	Audience, thesis, and signposts	Brainstorming, objections, and references	Clarity, eliminating clutter, and active voice	Purpose, reward, and persuasion	C	Clear, concise, active writing addresses all three problems.	1	Clear, concise, active writing addresses all three problems. The closest distractors describe related communication ideas but not the precise answer.	Not quite. “Audience, thesis, and signposts” is plausible, but it does not match the exact concept. Clear, concise, active writing addresses all three problems.	Not quite. “Brainstorming, objections, and references” is plausible, but it does not match the exact concept. Clear, concise, active writing addresses all three problems.	Correct. Clear, concise, active writing addresses all three problems.	Not quite. “Purpose, reward, and persuasion” is plausible, but it does not match the exact concept. Clear, concise, active writing addresses all three problems.	Choosing a related communication term that serves a different purpose.	Review communication principles and compare it with the closest wrong choice. State the key difference in one sentence.	Clear, lean, active.	high	comparison_diagram	optional_after_answer	ltl2_c8_pb_q007	Simple instructional comparison showing communication principles and a nearby but different concept.	Clear, lean, active.	A simple diagram explaining communication principles.	Learn to Lead Volume 2, Chapter 8, objectives 5	156-157	approved_source	draft	LTL2-C8-PB-Q008,LTL2-C8-PB-Q001	50
LTL2-C8-PB-Q008	Chapter 8 B: Communication Principles	LTL2-C8-OBJ-5	LTL2-C8-JARGON	LTL2-C8-B-JARGON	hard	application	multiple_choice	both	cap_direct	When is specialized jargon most appropriate?	Whenever the writer wants to sound expert	When the audience understands it or it is clearly defined	Only in a conclusion	Whenever familiar words are available	B	Jargon is useful only when shared or defined precisely.	1	Jargon is useful only when shared or defined precisely. The closest distractors describe related communication ideas but not the precise answer.	Not quite. “Whenever the writer wants to sound expert” is plausible, but it does not match the exact concept. Jargon is useful only when shared or defined precisely.	Correct. Jargon is useful only when shared or defined precisely.	Not quite. “Only in a conclusion” is plausible, but it does not match the exact concept. Jargon is useful only when shared or defined precisely.	Not quite. “Whenever familiar words are available” is plausible, but it does not match the exact concept. Jargon is useful only when shared or defined precisely.	Choosing a related communication term that serves a different purpose.	Review jargon and compare it with the closest wrong choice. State the key difference in one sentence.	Jargon needs shared meaning.	high	comparison_diagram	optional_after_answer	ltl2_c8_pb_q008	Simple instructional comparison showing jargon and a nearby but different concept.	Jargon needs shared meaning.	A simple diagram explaining jargon.	Learn to Lead Volume 2, Chapter 8, objectives 5	156-157	approved_source	draft	LTL2-C8-PB-Q001,LTL2-C8-PB-Q002	50
LTL2-C8-PC-Q001	Chapter 8 C: Essay Structure & Argument	LTL2-C8-OBJ-6-14	LTL2-C8-GOAL_OF_WRITING	LTL2-C8-C-GOAL_OF_WRITING	easy	recall	multiple_choice	both	cap_direct	The main goal of written communication is to	display vocabulary	share meaning	avoid disagreement	produce the longest explanation	B	The main goal is to share meaning clearly.	1	The main goal is to share meaning clearly. The closest distractors describe related communication ideas but not the precise answer.	Not quite. “display vocabulary” is plausible, but it does not match the exact concept. The main goal is to share meaning clearly.	Correct. The main goal is to share meaning clearly.	Not quite. “avoid disagreement” is plausible, but it does not match the exact concept. The main goal is to share meaning clearly.	Not quite. “produce the longest explanation” is plausible, but it does not match the exact concept. The main goal is to share meaning clearly.	Choosing a related communication term that serves a different purpose.	Review goal of writing and compare it with the closest wrong choice. State the key difference in one sentence.	Writing shares meaning.	medium	comparison_diagram	optional_after_answer	ltl2_c8_pc_q001	Simple instructional comparison showing goal of writing and a nearby but different concept.	Writing shares meaning.	A simple diagram explaining goal of writing.	Learn to Lead Volume 2, Chapter 8, objectives 6-14	158-167	approved_source	draft	LTL2-C8-PC-Q002,LTL2-C8-PC-Q003	40
LTL2-C8-PC-Q002	Chapter 8 C: Essay Structure & Argument	LTL2-C8-OBJ-6-14	LTL2-C8-SUPPORTING_CLAIMS	LTL2-C8-C-SUPPORTING_CLAIMS	medium	understanding	multiple_choice	both	cap_direct	A strong essay supports claims with	data and examples	confidence alone	long quotations only	the writer’s rank	A	Claims become persuasive when supported by evidence.	1	Claims become persuasive when supported by evidence. The closest distractors describe related communication ideas but not the precise answer.	Correct. Claims become persuasive when supported by evidence.	Not quite. “confidence alone” is plausible, but it does not match the exact concept. Claims become persuasive when supported by evidence.	Not quite. “long quotations only” is plausible, but it does not match the exact concept. Claims become persuasive when supported by evidence.	Not quite. “the writer’s rank” is plausible, but it does not match the exact concept. Claims become persuasive when supported by evidence.	Choosing a related communication term that serves a different purpose.	Review supporting claims and compare it with the closest wrong choice. State the key difference in one sentence.	Claim + support.	medium	comparison_diagram	optional_after_answer	ltl2_c8_pc_q002	Simple instructional comparison showing supporting claims and a nearby but different concept.	Claim + support.	A simple diagram explaining supporting claims.	Learn to Lead Volume 2, Chapter 8, objectives 6-14	158-167	approved_source	draft	LTL2-C8-PC-Q003,LTL2-C8-PC-Q004	40
LTL2-C8-PC-Q003	Chapter 8 C: Essay Structure & Argument	LTL2-C8-OBJ-6-14	LTL2-C8-BRAINSTORMING	LTL2-C8-C-BRAINSTORMING	medium	understanding	multiple_choice	both	cap_direct	Brainstorming is used primarily to	correct grammar after drafting	select résumé references	memorize a speech	gather ideas before drafting	D	Brainstorming generates ideas and fights writer’s block.	1	Brainstorming generates ideas and fights writer’s block. The closest distractors describe related communication ideas but not the precise answer.	Not quite. “correct grammar after drafting” is plausible, but it does not match the exact concept. Brainstorming generates ideas and fights writer’s block.	Not quite. “select résumé references” is plausible, but it does not match the exact concept. Brainstorming generates ideas and fights writer’s block.	Not quite. “memorize a speech” is plausible, but it does not match the exact concept. Brainstorming generates ideas and fights writer’s block.	Correct. Brainstorming generates ideas and fights writer’s block.	Choosing a related communication term that serves a different purpose.	Review brainstorming and compare it with the closest wrong choice. State the key difference in one sentence.	Ideas first; judge later.	medium	comparison_diagram	optional_after_answer	ltl2_c8_pc_q003	Simple instructional comparison showing brainstorming and a nearby but different concept.	Ideas first; judge later.	A simple diagram explaining brainstorming.	Learn to Lead Volume 2, Chapter 8, objectives 6-14	158-167	approved_source	draft	LTL2-C8-PC-Q004,LTL2-C8-PC-Q005	40
LTL2-C8-PC-Q004	Chapter 8 C: Essay Structure & Argument	LTL2-C8-OBJ-6-14	LTL2-C8-ARGUMENT	LTL2-C8-C-ARGUMENT	medium	recall	multiple_choice	both	cap_direct	In an essay, an argument is	a personal quarrel	a dramatic opening	reasons offered in proof or rebuttal	a list of transitions	C	An argument is a reason supporting or rebutting a viewpoint.	1	An argument is a reason supporting or rebutting a viewpoint. The closest distractors describe related communication ideas but not the precise answer.	Not quite. “a personal quarrel” is plausible, but it does not match the exact concept. An argument is a reason supporting or rebutting a viewpoint.	Not quite. “a dramatic opening” is plausible, but it does not match the exact concept. An argument is a reason supporting or rebutting a viewpoint.	Correct. An argument is a reason supporting or rebutting a viewpoint.	Not quite. “a list of transitions” is plausible, but it does not match the exact concept. An argument is a reason supporting or rebutting a viewpoint.	Choosing a related communication term that serves a different purpose.	Review argument and compare it with the closest wrong choice. State the key difference in one sentence.	Argument = reasons, not fighting.	medium	comparison_diagram	optional_after_answer	ltl2_c8_pc_q004	Simple instructional comparison showing argument and a nearby but different concept.	Argument = reasons, not fighting.	A simple diagram explaining argument.	Learn to Lead Volume 2, Chapter 8, objectives 6-14	158-167	approved_source	draft	LTL2-C8-PC-Q005,LTL2-C8-PC-Q006	40
LTL2-C8-PC-Q005	Chapter 8 C: Essay Structure & Argument	LTL2-C8-OBJ-6-14	LTL2-C8-TOPIC_SENTENCE	LTL2-C8-C-TOPIC_SENTENCE	medium	understanding	multiple_choice	both	cap_direct	A topic sentence	summarizes the entire essay	introduces the main idea of a paragraph	lists every source	states the opposing view only	B	A topic sentence gives the paragraph’s central idea.	1	A topic sentence gives the paragraph’s central idea. The closest distractors describe related communication ideas but not the precise answer.	Not quite. “summarizes the entire essay” is plausible, but it does not match the exact concept. A topic sentence gives the paragraph’s central idea.	Correct. A topic sentence gives the paragraph’s central idea.	Not quite. “lists every source” is plausible, but it does not match the exact concept. A topic sentence gives the paragraph’s central idea.	Not quite. “states the opposing view only” is plausible, but it does not match the exact concept. A topic sentence gives the paragraph’s central idea.	Choosing a related communication term that serves a different purpose.	Review topic sentence and compare it with the closest wrong choice. State the key difference in one sentence.	One paragraph, one guiding sentence.	medium	comparison_diagram	optional_after_answer	ltl2_c8_pc_q005	Simple instructional comparison showing topic sentence and a nearby but different concept.	One paragraph, one guiding sentence.	A simple diagram explaining topic sentence.	Learn to Lead Volume 2, Chapter 8, objectives 6-14	158-167	approved_source	draft	LTL2-C8-PC-Q006,LTL2-C8-PC-Q007	40
LTL2-C8-PC-Q006	Chapter 8 C: Essay Structure & Argument	LTL2-C8-OBJ-6-14	LTL2-C8-SUPPORTING_SENTENCES	LTL2-C8-C-SUPPORTING_SENTENCES	medium	application	multiple_choice	both	cap_direct	After a topic sentence, the paragraph should primarily	support and develop that paragraph’s main idea	introduce unrelated topics	repeat the thesis word-for-word	present the conclusion	A	Supporting sentences explain or prove the topic sentence.	1	Supporting sentences explain or prove the topic sentence. The closest distractors describe related communication ideas but not the precise answer.	Correct. Supporting sentences explain or prove the topic sentence.	Not quite. “introduce unrelated topics” is plausible, but it does not match the exact concept. Supporting sentences explain or prove the topic sentence.	Not quite. “repeat the thesis word-for-word” is plausible, but it does not match the exact concept. Supporting sentences explain or prove the topic sentence.	Not quite. “present the conclusion” is plausible, but it does not match the exact concept. Supporting sentences explain or prove the topic sentence.	Choosing a related communication term that serves a different purpose.	Review supporting sentences and compare it with the closest wrong choice. State the key difference in one sentence.	Topic first; support follows.	medium	comparison_diagram	optional_after_answer	ltl2_c8_pc_q006	Simple instructional comparison showing supporting sentences and a nearby but different concept.	Topic first; support follows.	A simple diagram explaining supporting sentences.	Learn to Lead Volume 2, Chapter 8, objectives 6-14	158-167	approved_source	draft	LTL2-C8-PC-Q007,LTL2-C8-PC-Q008	40
LTL2-C8-PC-Q007	Chapter 8 C: Essay Structure & Argument	LTL2-C8-OBJ-6-14	LTL2-C8-STRONG_OPENING	LTL2-C8-C-STRONG_OPENING	medium	understanding	multiple_choice	both	cap_direct	Why should an essay or speech begin strongly?	The opening replaces the thesis	The opening states every detail	The opening guarantees agreement	The opening must capture attention before the audience gives up	D	A strong opening captures attention and shows importance.	1	A strong opening captures attention and shows importance. The closest distractors describe related communication ideas but not the precise answer.	Not quite. “The opening replaces the thesis” is plausible, but it does not match the exact concept. A strong opening captures attention and shows importance.	Not quite. “The opening states every detail” is plausible, but it does not match the exact concept. A strong opening captures attention and shows importance.	Not quite. “The opening guarantees agreement” is plausible, but it does not match the exact concept. A strong opening captures attention and shows importance.	Correct. A strong opening captures attention and shows importance.	Choosing a related communication term that serves a different purpose.	Review strong opening and compare it with the closest wrong choice. State the key difference in one sentence.	Hook attention early.	medium	comparison_diagram	optional_after_answer	ltl2_c8_pc_q007	Simple instructional comparison showing strong opening and a nearby but different concept.	Hook attention early.	A simple diagram explaining strong opening.	Learn to Lead Volume 2, Chapter 8, objectives 6-14	158-167	approved_source	draft	LTL2-C8-PC-Q008,LTL2-C8-PC-Q009	40
LTL2-C8-PC-Q008	Chapter 8 C: Essay Structure & Argument	LTL2-C8-OBJ-6-14	LTL2-C8-THESIS_STATEMENT	LTL2-C8-C-THESIS_STATEMENT	medium	recall	multiple_choice	both	cap_direct	A thesis statement is	the first sentence of every body paragraph	a list of sources	the central message or main idea of an essay	a rebuttal to an objection	C	The thesis states the essay’s central message.	1	The thesis states the essay’s central message. The closest distractors describe related communication ideas but not the precise answer.	Not quite. “the first sentence of every body paragraph” is plausible, but it does not match the exact concept. The thesis states the essay’s central message.	Not quite. “a list of sources” is plausible, but it does not match the exact concept. The thesis states the essay’s central message.	Correct. The thesis states the essay’s central message.	Not quite. “a rebuttal to an objection” is plausible, but it does not match the exact concept. The thesis states the essay’s central message.	Choosing a related communication term that serves a different purpose.	Review thesis statement and compare it with the closest wrong choice. State the key difference in one sentence.	Thesis = whole essay’s point.	medium	comparison_diagram	optional_after_answer	ltl2_c8_pc_q008	Simple instructional comparison showing thesis statement and a nearby but different concept.	Thesis = whole essay’s point.	A simple diagram explaining thesis statement.	Learn to Lead Volume 2, Chapter 8, objectives 6-14	158-167	approved_source	draft	LTL2-C8-PC-Q009,LTL2-C8-PC-Q010	40
LTL2-C8-PC-Q009	Chapter 8 C: Essay Structure & Argument	LTL2-C8-OBJ-6-14	LTL2-C8-THESIS_BLUEPRINT	LTL2-C8-C-THESIS_BLUEPRINT	hard	understanding	multiple_choice	both	cap_direct	A thesis blueprint	contains every supporting fact	lists the major ideas that will become topic sentences	repeats the conclusion	identifies the audience by name	B	A blueprint previews the major body ideas.	1	A blueprint previews the major body ideas. The closest distractors describe related communication ideas but not the precise answer.	Not quite. “contains every supporting fact” is plausible, but it does not match the exact concept. A blueprint previews the major body ideas.	Correct. A blueprint previews the major body ideas.	Not quite. “repeats the conclusion” is plausible, but it does not match the exact concept. A blueprint previews the major body ideas.	Not quite. “identifies the audience by name” is plausible, but it does not match the exact concept. A blueprint previews the major body ideas.	Choosing a related communication term that serves a different purpose.	Review thesis blueprint and compare it with the closest wrong choice. State the key difference in one sentence.	Blueprint previews the body.	high	comparison_diagram	optional_after_answer	ltl2_c8_pc_q009	Simple instructional comparison showing thesis blueprint and a nearby but different concept.	Blueprint previews the body.	A simple diagram explaining thesis blueprint.	Learn to Lead Volume 2, Chapter 8, objectives 6-14	158-167	approved_source	draft	LTL2-C8-PC-Q010,LTL2-C8-PC-Q011	50
LTL2-C8-PC-Q010	Chapter 8 C: Essay Structure & Argument	LTL2-C8-OBJ-6-14	LTL2-C8-TOPIC_VS_THESIS	LTL2-C8-C-TOPIC_VS_THESIS	hard	analysis	multiple_choice	both	cap_direct	Which distinction is most accurate?	A topic identifies the subject; a thesis states the central claim about it	A thesis identifies the subject; a topic proves it	A topic belongs only in speeches	A thesis is broader than the topic	A	The topic names the subject; the thesis states the message.	1	The topic names the subject; the thesis states the message. The closest distractors describe related communication ideas but not the precise answer.	Correct. The topic names the subject; the thesis states the message.	Not quite. “A thesis identifies the subject; a topic proves it” is plausible, but it does not match the exact concept. The topic names the subject; the thesis states the message.	Not quite. “A topic belongs only in speeches” is plausible, but it does not match the exact concept. The topic names the subject; the thesis states the message.	Not quite. “A thesis is broader than the topic” is plausible, but it does not match the exact concept. The topic names the subject; the thesis states the message.	Choosing a related communication term that serves a different purpose.	Review topic vs thesis and compare it with the closest wrong choice. State the key difference in one sentence.	Topic = subject; thesis = message.	high	comparison_diagram	optional_after_answer	ltl2_c8_pc_q010	Simple instructional comparison showing topic vs thesis and a nearby but different concept.	Topic = subject; thesis = message.	A simple diagram explaining topic vs thesis.	Learn to Lead Volume 2, Chapter 8, objectives 6-14	158-167	approved_source	draft	LTL2-C8-PC-Q011,LTL2-C8-PC-Q012	50
LTL2-C8-PC-Q011	Chapter 8 C: Essay Structure & Argument	LTL2-C8-OBJ-6-14	LTL2-C8-TRANSITIONS	LTL2-C8-C-TRANSITIONS	medium	recall	multiple_choice	both	cap_direct	Transitions are words or phrases that	state the essay’s central claim	replace topic sentences	identify facts and assumptions	signal movement from one idea to another	D	Transitions connect thoughts and show logical movement.	1	Transitions connect thoughts and show logical movement. The closest distractors describe related communication ideas but not the precise answer.	Not quite. “state the essay’s central claim” is plausible, but it does not match the exact concept. Transitions connect thoughts and show logical movement.	Not quite. “replace topic sentences” is plausible, but it does not match the exact concept. Transitions connect thoughts and show logical movement.	Not quite. “identify facts and assumptions” is plausible, but it does not match the exact concept. Transitions connect thoughts and show logical movement.	Correct. Transitions connect thoughts and show logical movement.	Choosing a related communication term that serves a different purpose.	Review transitions and compare it with the closest wrong choice. State the key difference in one sentence.	Transitions are bridges.	medium	comparison_diagram	optional_after_answer	ltl2_c8_pc_q011	Simple instructional comparison showing transitions and a nearby but different concept.	Transitions are bridges.	A simple diagram explaining transitions.	Learn to Lead Volume 2, Chapter 8, objectives 6-14	158-167	approved_source	draft	LTL2-C8-PC-Q012,LTL2-C8-PC-Q013	40
LTL2-C8-PC-Q012	Chapter 8 C: Essay Structure & Argument	LTL2-C8-OBJ-6-14	LTL2-C8-TRANSITION_LOGIC	LTL2-C8-C-TRANSITION_LOGIC	medium	recognition	multiple_choice	both	cap_direct	Which transition most clearly signals a conclusion from earlier points?	However	For example	Therefore	Meanwhile	C	“Therefore” signals that a conclusion follows.	1	“Therefore” signals that a conclusion follows. The closest distractors describe related communication ideas but not the precise answer.	Not quite. “However” is plausible, but it does not match the exact concept. “Therefore” signals that a conclusion follows.	Not quite. “For example” is plausible, but it does not match the exact concept. “Therefore” signals that a conclusion follows.	Correct. “Therefore” signals that a conclusion follows.	Not quite. “Meanwhile” is plausible, but it does not match the exact concept. “Therefore” signals that a conclusion follows.	Choosing a related communication term that serves a different purpose.	Review transition logic and compare it with the closest wrong choice. State the key difference in one sentence.	Therefore = conclusion follows.	medium	comparison_diagram	optional_after_answer	ltl2_c8_pc_q012	Simple instructional comparison showing transition logic and a nearby but different concept.	Therefore = conclusion follows.	A simple diagram explaining transition logic.	Learn to Lead Volume 2, Chapter 8, objectives 6-14	158-167	approved_source	draft	LTL2-C8-PC-Q013,LTL2-C8-PC-Q014	40
LTL2-C8-PC-Q013	Chapter 8 C: Essay Structure & Argument	LTL2-C8-OBJ-6-14	LTL2-C8-OBJECTION	LTL2-C8-C-OBJECTION	medium	recall	multiple_choice	both	cap_direct	An objection is	a grammar error	a reason or argument presented in opposition	the final staff-study solution	a speech signpost	B	An objection gives a reason against a position.	1	An objection gives a reason against a position. The closest distractors describe related communication ideas but not the precise answer.	Not quite. “a grammar error” is plausible, but it does not match the exact concept. An objection gives a reason against a position.	Correct. An objection gives a reason against a position.	Not quite. “the final staff-study solution” is plausible, but it does not match the exact concept. An objection gives a reason against a position.	Not quite. “a speech signpost” is plausible, but it does not match the exact concept. An objection gives a reason against a position.	Choosing a related communication term that serves a different purpose.	Review objection and compare it with the closest wrong choice. State the key difference in one sentence.	Objection = opposing reason.	medium	comparison_diagram	optional_after_answer	ltl2_c8_pc_q013	Simple instructional comparison showing objection and a nearby but different concept.	Objection = opposing reason.	A simple diagram explaining objection.	Learn to Lead Volume 2, Chapter 8, objectives 6-14	158-167	approved_source	draft	LTL2-C8-PC-Q014,LTL2-C8-PC-Q015	40
LTL2-C8-PC-Q014	Chapter 8 C: Essay Structure & Argument	LTL2-C8-OBJ-6-14	LTL2-C8-REFUTING_OBJECTIONS	LTL2-C8-C-REFUTING_OBJECTIONS	hard	analysis	multiple_choice	both	cap_direct	Why should a persuasive writer anticipate objections?	To strengthen the thesis by answering likely disagreement	To prove the thesis is flawless	To avoid supporting the claim	To replace the conclusion	A	Addressing objections shows maturity and command of the issue.	1	Addressing objections shows maturity and command of the issue. The closest distractors describe related communication ideas but not the precise answer.	Correct. Addressing objections shows maturity and command of the issue.	Not quite. “To prove the thesis is flawless” is plausible, but it does not match the exact concept. Addressing objections shows maturity and command of the issue.	Not quite. “To avoid supporting the claim” is plausible, but it does not match the exact concept. Addressing objections shows maturity and command of the issue.	Not quite. “To replace the conclusion” is plausible, but it does not match the exact concept. Addressing objections shows maturity and command of the issue.	Choosing a related communication term that serves a different purpose.	Review refuting objections and compare it with the closest wrong choice. State the key difference in one sentence.	Respect the objection; answer it.	high	comparison_diagram	optional_after_answer	ltl2_c8_pc_q014	Simple instructional comparison showing refuting objections and a nearby but different concept.	Respect the objection; answer it.	A simple diagram explaining refuting objections.	Learn to Lead Volume 2, Chapter 8, objectives 6-14	158-167	approved_source	draft	LTL2-C8-PC-Q015,LTL2-C8-PC-Q016	50
LTL2-C8-PC-Q015	Chapter 8 C: Essay Structure & Argument	LTL2-C8-OBJ-6-14	LTL2-C8-COUNTERARGUMENT	LTL2-C8-C-COUNTERARGUMENT	medium	application	multiple_choice	both	cap_direct	A counterargument should	ignore the opposing view	repeat the objection more strongly	introduce an unrelated topic	respond to an objection with reasons and evidence	D	A counterargument explains why an objection does not defeat the thesis.	1	A counterargument explains why an objection does not defeat the thesis. The closest distractors describe related communication ideas but not the precise answer.	Not quite. “ignore the opposing view” is plausible, but it does not match the exact concept. A counterargument explains why an objection does not defeat the thesis.	Not quite. “repeat the objection more strongly” is plausible, but it does not match the exact concept. A counterargument explains why an objection does not defeat the thesis.	Not quite. “introduce an unrelated topic” is plausible, but it does not match the exact concept. A counterargument explains why an objection does not defeat the thesis.	Correct. A counterargument explains why an objection does not defeat the thesis.	Choosing a related communication term that serves a different purpose.	Review counterargument and compare it with the closest wrong choice. State the key difference in one sentence.	Answer opposition with support.	medium	comparison_diagram	optional_after_answer	ltl2_c8_pc_q015	Simple instructional comparison showing counterargument and a nearby but different concept.	Answer opposition with support.	A simple diagram explaining counterargument.	Learn to Lead Volume 2, Chapter 8, objectives 6-14	158-167	approved_source	draft	LTL2-C8-PC-Q016,LTL2-C8-PC-Q017	40
LTL2-C8-PC-Q016	Chapter 8 C: Essay Structure & Argument	LTL2-C8-OBJ-6-14	LTL2-C8-ESSAY_CONCLUSION	LTL2-C8-C-ESSAY_CONCLUSION	hard	understanding	multiple_choice	both	cap_direct	A conclusion should	introduce several new main points	repeat the opening word-for-word	restate the thesis in new words, summarize main points, and end memorably	list only sources	C	The conclusion reinforces the thesis and main points.	1	The conclusion reinforces the thesis and main points. The closest distractors describe related communication ideas but not the precise answer.	Not quite. “introduce several new main points” is plausible, but it does not match the exact concept. The conclusion reinforces the thesis and main points.	Not quite. “repeat the opening word-for-word” is plausible, but it does not match the exact concept. The conclusion reinforces the thesis and main points.	Correct. The conclusion reinforces the thesis and main points.	Not quite. “list only sources” is plausible, but it does not match the exact concept. The conclusion reinforces the thesis and main points.	Choosing a related communication term that serves a different purpose.	Review essay conclusion and compare it with the closest wrong choice. State the key difference in one sentence.	Restate, summarize, finish strong.	high	comparison_diagram	optional_after_answer	ltl2_c8_pc_q016	Simple instructional comparison showing essay conclusion and a nearby but different concept.	Restate, summarize, finish strong.	A simple diagram explaining essay conclusion.	Learn to Lead Volume 2, Chapter 8, objectives 6-14	158-167	approved_source	draft	LTL2-C8-PC-Q017,LTL2-C8-PC-Q018	50
LTL2-C8-PC-Q017	Chapter 8 C: Essay Structure & Argument	LTL2-C8-OBJ-6-14	LTL2-C8-ESSAY_ORGANIZATION	LTL2-C8-C-ESSAY_ORGANIZATION	hard	analysis	multiple_choice	both	cap_direct	Which is the most logical essay order?	Conclusion, thesis, body, opening	Opening and thesis, body, objection and rebuttal when useful, conclusion	Topic sentences, title, brainstorming, conclusion	Objection, conclusion, thesis, outline	B	A logical essay moves from opening and thesis through support to conclusion.	1	A logical essay moves from opening and thesis through support to conclusion. The closest distractors describe related communication ideas but not the precise answer.	Not quite. “Conclusion, thesis, body, opening” is plausible, but it does not match the exact concept. A logical essay moves from opening and thesis through support to conclusion.	Correct. A logical essay moves from opening and thesis through support to conclusion.	Not quite. “Topic sentences, title, brainstorming, conclusion” is plausible, but it does not match the exact concept. A logical essay moves from opening and thesis through support to conclusion.	Not quite. “Objection, conclusion, thesis, outline” is plausible, but it does not match the exact concept. A logical essay moves from opening and thesis through support to conclusion.	Choosing a related communication term that serves a different purpose.	Review essay organization and compare it with the closest wrong choice. State the key difference in one sentence.	Open, support, close.	high	comparison_diagram	optional_after_answer	ltl2_c8_pc_q017	Simple instructional comparison showing essay organization and a nearby but different concept.	Open, support, close.	A simple diagram explaining essay organization.	Learn to Lead Volume 2, Chapter 8, objectives 6-14	158-167	approved_source	draft	LTL2-C8-PC-Q018,LTL2-C8-PC-Q001	50
LTL2-C8-PC-Q018	Chapter 8 C: Essay Structure & Argument	LTL2-C8-OBJ-6-14	LTL2-C8-GRAMMAR_CREDIBILITY	LTL2-C8-C-GRAMMAR_CREDIBILITY	medium	understanding	multiple_choice	both	cap_direct	Why do grammar and spelling matter?	Errors distract the audience and weaken credibility	They determine whether an argument is ethical	They replace evidence	They matter only in résumés	A	Language errors distract from meaning and damage credibility.	1	Language errors distract from meaning and damage credibility. The closest distractors describe related communication ideas but not the precise answer.	Correct. Language errors distract from meaning and damage credibility.	Not quite. “They determine whether an argument is ethical” is plausible, but it does not match the exact concept. Language errors distract from meaning and damage credibility.	Not quite. “They replace evidence” is plausible, but it does not match the exact concept. Language errors distract from meaning and damage credibility.	Not quite. “They matter only in résumés” is plausible, but it does not match the exact concept. Language errors distract from meaning and damage credibility.	Choosing a related communication term that serves a different purpose.	Review grammar credibility and compare it with the closest wrong choice. State the key difference in one sentence.	Errors steal attention from ideas.	medium	comparison_diagram	optional_after_answer	ltl2_c8_pc_q018	Simple instructional comparison showing grammar credibility and a nearby but different concept.	Errors steal attention from ideas.	A simple diagram explaining grammar credibility.	Learn to Lead Volume 2, Chapter 8, objectives 6-14	158-167	approved_source	draft	LTL2-C8-PC-Q001,LTL2-C8-PC-Q002	40
LTL2-C8-PD-Q001	Chapter 8 D: Staff Study	LTL2-C8-OBJ-15-16	LTL2-C8-STAFF_STUDY_PURPOSE	LTL2-C8-D-STAFF_STUDY_PURPOSE	medium	understanding	multiple_choice	both	cap_direct	The purpose of a staff study is to	present a problem and a logical, professional solution	record meeting minutes	send an emotional complaint	summarize a speech	A	A staff study professionally analyzes a problem and recommends action.	1	A staff study professionally analyzes a problem and recommends action. The closest distractors describe related communication ideas but not the precise answer.	Correct. A staff study professionally analyzes a problem and recommends action.	Not quite. “record meeting minutes” is plausible, but it does not match the exact concept. A staff study professionally analyzes a problem and recommends action.	Not quite. “send an emotional complaint” is plausible, but it does not match the exact concept. A staff study professionally analyzes a problem and recommends action.	Not quite. “summarize a speech” is plausible, but it does not match the exact concept. A staff study professionally analyzes a problem and recommends action.	Choosing a related communication term that serves a different purpose.	Review staff study purpose and compare it with the closest wrong choice. State the key difference in one sentence.	Problem + analysis + solution.	medium	comparison_diagram	optional_after_answer	ltl2_c8_pd_q001	Simple instructional comparison showing staff study purpose and a nearby but different concept.	Problem + analysis + solution.	A simple diagram explaining staff study purpose.	Learn to Lead Volume 2, Chapter 8, objectives 15-16	168-170	approved_source	draft	LTL2-C8-PD-Q002,LTL2-C8-PD-Q003	40
LTL2-C8-PD-Q002	Chapter 8 D: Staff Study	LTL2-C8-OBJ-15-16	LTL2-C8-PROBLEM_STATEMENT	LTL2-C8-D-PROBLEM_STATEMENT	medium	application	multiple_choice	both	cap_direct	A staff-study problem statement should be	broad enough to include every concern	written as a personal complaint	delayed until the conclusion	clear, precise, and concise	D	The problem should be stated precisely.	1	The problem should be stated precisely. The closest distractors describe related communication ideas but not the precise answer.	Not quite. “broad enough to include every concern” is plausible, but it does not match the exact concept. The problem should be stated precisely.	Not quite. “written as a personal complaint” is plausible, but it does not match the exact concept. The problem should be stated precisely.	Not quite. “delayed until the conclusion” is plausible, but it does not match the exact concept. The problem should be stated precisely.	Correct. The problem should be stated precisely.	Choosing a related communication term that serves a different purpose.	Review problem statement and compare it with the closest wrong choice. State the key difference in one sentence.	State the problem sharply.	medium	comparison_diagram	optional_after_answer	ltl2_c8_pd_q002	Simple instructional comparison showing problem statement and a nearby but different concept.	State the problem sharply.	A simple diagram explaining problem statement.	Learn to Lead Volume 2, Chapter 8, objectives 15-16	168-170	approved_source	draft	LTL2-C8-PD-Q003,LTL2-C8-PD-Q004	40
LTL2-C8-PD-Q003	Chapter 8 D: Staff Study	LTL2-C8-OBJ-15-16	LTL2-C8-FACTS	LTL2-C8-D-FACTS	medium	recall	multiple_choice	both	cap_direct	In a staff study, facts are	opinions most people accept	standards used to judge solutions	provable information	technical words needing definition	C	Facts are verifiable, not opinions.	1	Facts are verifiable, not opinions. The closest distractors describe related communication ideas but not the precise answer.	Not quite. “opinions most people accept” is plausible, but it does not match the exact concept. Facts are verifiable, not opinions.	Not quite. “standards used to judge solutions” is plausible, but it does not match the exact concept. Facts are verifiable, not opinions.	Correct. Facts are verifiable, not opinions.	Not quite. “technical words needing definition” is plausible, but it does not match the exact concept. Facts are verifiable, not opinions.	Choosing a related communication term that serves a different purpose.	Review facts and compare it with the closest wrong choice. State the key difference in one sentence.	Facts can be proved.	medium	comparison_diagram	optional_after_answer	ltl2_c8_pd_q003	Simple instructional comparison showing facts and a nearby but different concept.	Facts can be proved.	A simple diagram explaining facts.	Learn to Lead Volume 2, Chapter 8, objectives 15-16	168-170	approved_source	draft	LTL2-C8-PD-Q004,LTL2-C8-PD-Q005	40
LTL2-C8-PD-Q004	Chapter 8 D: Staff Study	LTL2-C8-OBJ-15-16	LTL2-C8-ASSUMPTIONS	LTL2-C8-D-ASSUMPTIONS	hard	understanding	multiple_choice	both	cap_direct	An assumption is	a verified measurement	something accepted as true although it cannot be firmly proven	the final recommended action	a formal regulation	B	Assumptions are accepted as likely true but remain unproven.	1	Assumptions are accepted as likely true but remain unproven. The closest distractors describe related communication ideas but not the precise answer.	Not quite. “a verified measurement” is plausible, but it does not match the exact concept. Assumptions are accepted as likely true but remain unproven.	Correct. Assumptions are accepted as likely true but remain unproven.	Not quite. “the final recommended action” is plausible, but it does not match the exact concept. Assumptions are accepted as likely true but remain unproven.	Not quite. “a formal regulation” is plausible, but it does not match the exact concept. Assumptions are accepted as likely true but remain unproven.	Choosing a related communication term that serves a different purpose.	Review assumptions and compare it with the closest wrong choice. State the key difference in one sentence.	Assumption = accepted, not proved.	high	comparison_diagram	optional_after_answer	ltl2_c8_pd_q004	Simple instructional comparison showing assumptions and a nearby but different concept.	Assumption = accepted, not proved.	A simple diagram explaining assumptions.	Learn to Lead Volume 2, Chapter 8, objectives 15-16	168-170	approved_source	draft	LTL2-C8-PD-Q005,LTL2-C8-PD-Q006	50
LTL2-C8-PD-Q005	Chapter 8 D: Staff Study	LTL2-C8-OBJ-15-16	LTL2-C8-CRITERIA	LTL2-C8-D-CRITERIA	hard	application	multiple_choice	both	cap_direct	Criteria are used to	test possible solutions against standards, needs, or limits	define every technical term	describe only the preferred solution	list the author’s credentials	A	Criteria provide standards for evaluating options.	1	Criteria provide standards for evaluating options. The closest distractors describe related communication ideas but not the precise answer.	Correct. Criteria provide standards for evaluating options.	Not quite. “define every technical term” is plausible, but it does not match the exact concept. Criteria provide standards for evaluating options.	Not quite. “describe only the preferred solution” is plausible, but it does not match the exact concept. Criteria provide standards for evaluating options.	Not quite. “list the author’s credentials” is plausible, but it does not match the exact concept. Criteria provide standards for evaluating options.	Choosing a related communication term that serves a different purpose.	Review criteria and compare it with the closest wrong choice. State the key difference in one sentence.	Criteria judge choices.	high	comparison_diagram	optional_after_answer	ltl2_c8_pd_q005	Simple instructional comparison showing criteria and a nearby but different concept.	Criteria judge choices.	A simple diagram explaining criteria.	Learn to Lead Volume 2, Chapter 8, objectives 15-16	168-170	approved_source	draft	LTL2-C8-PD-Q006,LTL2-C8-PD-Q007	50
LTL2-C8-PD-Q006	Chapter 8 D: Staff Study	LTL2-C8-OBJ-15-16	LTL2-C8-DEFINITIONS	LTL2-C8-D-DEFINITIONS	medium	understanding	multiple_choice	both	cap_direct	Why include definitions in a staff study?	To prove every fact	To replace the discussion	To state the final action	To explain technical terms that may confuse the audience	D	Definitions ensure specialized terms are understood.	1	Definitions ensure specialized terms are understood. The closest distractors describe related communication ideas but not the precise answer.	Not quite. “To prove every fact” is plausible, but it does not match the exact concept. Definitions ensure specialized terms are understood.	Not quite. “To replace the discussion” is plausible, but it does not match the exact concept. Definitions ensure specialized terms are understood.	Not quite. “To state the final action” is plausible, but it does not match the exact concept. Definitions ensure specialized terms are understood.	Correct. Definitions ensure specialized terms are understood.	Choosing a related communication term that serves a different purpose.	Review definitions and compare it with the closest wrong choice. State the key difference in one sentence.	Define what may confuse.	medium	comparison_diagram	optional_after_answer	ltl2_c8_pd_q006	Simple instructional comparison showing definitions and a nearby but different concept.	Define what may confuse.	A simple diagram explaining definitions.	Learn to Lead Volume 2, Chapter 8, objectives 15-16	168-170	approved_source	draft	LTL2-C8-PD-Q007,LTL2-C8-PD-Q008	40
LTL2-C8-PD-Q007	Chapter 8 D: Staff Study	LTL2-C8-OBJ-15-16	LTL2-C8-DISCUSSION_SECTION	LTL2-C8-D-DISCUSSION_SECTION	hard	understanding	multiple_choice	both	cap_direct	The discussion section is primarily where the writer	states only the problem	provides the signature block	analyzes the problem and compares possible solutions	lists references	C	The discussion contains the main reasoning and alternatives.	1	The discussion contains the main reasoning and alternatives. The closest distractors describe related communication ideas but not the precise answer.	Not quite. “states only the problem” is plausible, but it does not match the exact concept. The discussion contains the main reasoning and alternatives.	Not quite. “provides the signature block” is plausible, but it does not match the exact concept. The discussion contains the main reasoning and alternatives.	Correct. The discussion contains the main reasoning and alternatives.	Not quite. “lists references” is plausible, but it does not match the exact concept. The discussion contains the main reasoning and alternatives.	Choosing a related communication term that serves a different purpose.	Review discussion section and compare it with the closest wrong choice. State the key difference in one sentence.	Discussion is the reasoning engine.	high	comparison_diagram	optional_after_answer	ltl2_c8_pd_q007	Simple instructional comparison showing discussion section and a nearby but different concept.	Discussion is the reasoning engine.	A simple diagram explaining discussion section.	Learn to Lead Volume 2, Chapter 8, objectives 15-16	168-170	approved_source	draft	LTL2-C8-PD-Q008,LTL2-C8-PD-Q009	50
LTL2-C8-PD-Q008	Chapter 8 D: Staff Study	LTL2-C8-OBJ-15-16	LTL2-C8-CONCLUSION_SECTION	LTL2-C8-D-CONCLUSION_SECTION	medium	understanding	multiple_choice	both	cap_direct	The staff-study conclusion should	repeat all raw data	state a workable, complete solution	introduce an unrelated problem	identify only assumptions	B	The conclusion states the final solution.	1	The conclusion states the final solution. The closest distractors describe related communication ideas but not the precise answer.	Not quite. “repeat all raw data” is plausible, but it does not match the exact concept. The conclusion states the final solution.	Correct. The conclusion states the final solution.	Not quite. “introduce an unrelated problem” is plausible, but it does not match the exact concept. The conclusion states the final solution.	Not quite. “identify only assumptions” is plausible, but it does not match the exact concept. The conclusion states the final solution.	Choosing a related communication term that serves a different purpose.	Review conclusion section and compare it with the closest wrong choice. State the key difference in one sentence.	Conclusion names the solution.	medium	comparison_diagram	optional_after_answer	ltl2_c8_pd_q008	Simple instructional comparison showing conclusion section and a nearby but different concept.	Conclusion names the solution.	A simple diagram explaining conclusion section.	Learn to Lead Volume 2, Chapter 8, objectives 15-16	168-170	approved_source	draft	LTL2-C8-PD-Q009,LTL2-C8-PD-Q010	40
LTL2-C8-PD-Q009	Chapter 8 D: Staff Study	LTL2-C8-OBJ-15-16	LTL2-C8-ACTION_RECOMMENDED	LTL2-C8-D-ACTION_RECOMMENDED	hard	application	multiple_choice	both	cap_direct	The action-recommended section should	identify who should do what to implement the solution	summarize feelings	list every rejected option	define the audience	A	Action recommended turns the solution into implementation steps.	1	Action recommended turns the solution into implementation steps. The closest distractors describe related communication ideas but not the precise answer.	Correct. Action recommended turns the solution into implementation steps.	Not quite. “summarize feelings” is plausible, but it does not match the exact concept. Action recommended turns the solution into implementation steps.	Not quite. “list every rejected option” is plausible, but it does not match the exact concept. Action recommended turns the solution into implementation steps.	Not quite. “define the audience” is plausible, but it does not match the exact concept. Action recommended turns the solution into implementation steps.	Choosing a related communication term that serves a different purpose.	Review action recommended and compare it with the closest wrong choice. State the key difference in one sentence.	Who does what next?	high	comparison_diagram	optional_after_answer	ltl2_c8_pd_q009	Simple instructional comparison showing action recommended and a nearby but different concept.	Who does what next?	A simple diagram explaining action recommended.	Learn to Lead Volume 2, Chapter 8, objectives 15-16	168-170	approved_source	draft	LTL2-C8-PD-Q010,LTL2-C8-PD-Q001	50
LTL2-C8-PD-Q010	Chapter 8 D: Staff Study	LTL2-C8-OBJ-15-16	LTL2-C8-PROBLEM_SOLVING_SEQUENCE	LTL2-C8-D-PROBLEM_SOLVING_SEQUENCE	hard	recall	multiple_choice	both	cap_direct	Which sequence follows the chapter’s problem-solving steps?	Act, gather data, recognize, test, select, list	List solutions, act, define, conclude, recognize, gather	Recognize, select, act, then gather data	Recognize, gather data, list solutions, test, select, act	D	The process moves from problem recognition through action.	1	The process moves from problem recognition through action. The closest distractors describe related communication ideas but not the precise answer.	Not quite. “Act, gather data, recognize, test, select, list” is plausible, but it does not match the exact concept. The process moves from problem recognition through action.	Not quite. “List solutions, act, define, conclude, recognize, gather” is plausible, but it does not match the exact concept. The process moves from problem recognition through action.	Not quite. “Recognize, select, act, then gather data” is plausible, but it does not match the exact concept. The process moves from problem recognition through action.	Correct. The process moves from problem recognition through action.	Choosing a related communication term that serves a different purpose.	Review problem solving sequence and compare it with the closest wrong choice. State the key difference in one sentence.	Recognize, research, options, test, choose, act.	high	comparison_diagram	optional_after_answer	ltl2_c8_pd_q010	Simple instructional comparison showing problem solving sequence and a nearby but different concept.	Recognize, research, options, test, choose, act.	A simple diagram explaining problem solving sequence.	Learn to Lead Volume 2, Chapter 8, objectives 15-16	168-170	approved_source	draft	LTL2-C8-PD-Q001,LTL2-C8-PD-Q002	50
LTL2-C8-PE-Q001	Chapter 8 E: Email & Professionalism	LTL2-C8-OBJ-17-18	LTL2-C8-EMAIL_BENEFITS	LTL2-C8-E-EMAIL_BENEFITS	medium	recognition	multiple_choice	both	cap_direct	Which is a genuine benefit of email?	It guarantees immediate reading	It is best for every disagreement	It prevents forwarding	It is easy to file, share, and review later	D	Email is searchable, shareable, and useful as a record.	1	Email is searchable, shareable, and useful as a record. The closest distractors describe related communication ideas but not the precise answer.	Not quite. “It guarantees immediate reading” is plausible, but it does not match the exact concept. Email is searchable, shareable, and useful as a record.	Not quite. “It is best for every disagreement” is plausible, but it does not match the exact concept. Email is searchable, shareable, and useful as a record.	Not quite. “It prevents forwarding” is plausible, but it does not match the exact concept. Email is searchable, shareable, and useful as a record.	Correct. Email is searchable, shareable, and useful as a record.	Choosing a related communication term that serves a different purpose.	Review email benefits and compare it with the closest wrong choice. State the key difference in one sentence.	Email leaves a useful record.	medium	comparison_diagram	optional_after_answer	ltl2_c8_pe_q001	Simple instructional comparison showing email benefits and a nearby but different concept.	Email leaves a useful record.	A simple diagram explaining email benefits.	Learn to Lead Volume 2, Chapter 8, objectives 17-18	171-172	approved_source	draft	LTL2-C8-PE-Q002,LTL2-C8-PE-Q003	40
LTL2-C8-PE-Q002	Chapter 8 E: Email & Professionalism	LTL2-C8-OBJ-17-18	LTL2-C8-EMAIL_PITFALLS	LTL2-C8-E-EMAIL_PITFALLS	medium	understanding	multiple_choice	both	cap_direct	Why is email risky for emotional issues?	It cannot include several recipients	It automatically deletes messages	Its speed makes it easy to send words before thinking carefully	It requires formal business attire	C	Quick sending can make an emotional reaction permanent.	1	Quick sending can make an emotional reaction permanent. The closest distractors describe related communication ideas but not the precise answer.	Not quite. “It cannot include several recipients” is plausible, but it does not match the exact concept. Quick sending can make an emotional reaction permanent.	Not quite. “It automatically deletes messages” is plausible, but it does not match the exact concept. Quick sending can make an emotional reaction permanent.	Correct. Quick sending can make an emotional reaction permanent.	Not quite. “It requires formal business attire” is plausible, but it does not match the exact concept. Quick sending can make an emotional reaction permanent.	Choosing a related communication term that serves a different purpose.	Review email pitfalls and compare it with the closest wrong choice. State the key difference in one sentence.	Pause before Send.	medium	comparison_diagram	optional_after_answer	ltl2_c8_pe_q002	Simple instructional comparison showing email pitfalls and a nearby but different concept.	Pause before Send.	A simple diagram explaining email pitfalls.	Learn to Lead Volume 2, Chapter 8, objectives 17-18	171-172	approved_source	draft	LTL2-C8-PE-Q003,LTL2-C8-PE-Q004	40
LTL2-C8-PE-Q003	Chapter 8 E: Email & Professionalism	LTL2-C8-OBJ-17-18	LTL2-C8-TIME_CRITICAL_COMMUNICATION	LTL2-C8-E-TIME_CRITICAL_COMMUNICATION	medium	application	multiple_choice	both	cap_direct	For a time-critical issue involving people in different places, the chapter generally favors	email	telephone	social media	a staff study	B	The telephone is more reliable for urgent issues.	1	The telephone is more reliable for urgent issues. The closest distractors describe related communication ideas but not the precise answer.	Not quite. “email” is plausible, but it does not match the exact concept. The telephone is more reliable for urgent issues.	Correct. The telephone is more reliable for urgent issues.	Not quite. “social media” is plausible, but it does not match the exact concept. The telephone is more reliable for urgent issues.	Not quite. “a staff study” is plausible, but it does not match the exact concept. The telephone is more reliable for urgent issues.	Choosing a related communication term that serves a different purpose.	Review time-critical communication and compare it with the closest wrong choice. State the key difference in one sentence.	Urgent? Call.	medium	comparison_diagram	optional_after_answer	ltl2_c8_pe_q003	Simple instructional comparison showing time-critical communication and a nearby but different concept.	Urgent? Call.	A simple diagram explaining time-critical communication.	Learn to Lead Volume 2, Chapter 8, objectives 17-18	171-172	approved_source	draft	LTL2-C8-PE-Q004,LTL2-C8-PE-Q005	40
LTL2-C8-PE-Q004	Chapter 8 E: Email & Professionalism	LTL2-C8-OBJ-17-18	LTL2-C8-PROFESSIONAL_EMAIL	LTL2-C8-E-PROFESSIONAL_EMAIL	medium	recognition	multiple_choice	both	cap_direct	Which practice best reflects professional email?	Use proper grammar, a respectful tone, and a signature block	Use unusual fonts	Reply all whenever possible	Use emoticons instead of clear words	A	Professional email is concise, respectful, and correct.	1	Professional email is concise, respectful, and correct. The closest distractors describe related communication ideas but not the precise answer.	Correct. Professional email is concise, respectful, and correct.	Not quite. “Use unusual fonts” is plausible, but it does not match the exact concept. Professional email is concise, respectful, and correct.	Not quite. “Reply all whenever possible” is plausible, but it does not match the exact concept. Professional email is concise, respectful, and correct.	Not quite. “Use emoticons instead of clear words” is plausible, but it does not match the exact concept. Professional email is concise, respectful, and correct.	Choosing a related communication term that serves a different purpose.	Review professional email and compare it with the closest wrong choice. State the key difference in one sentence.	Brief, correct, respectful.	medium	comparison_diagram	optional_after_answer	ltl2_c8_pe_q004	Simple instructional comparison showing professional email and a nearby but different concept.	Brief, correct, respectful.	A simple diagram explaining professional email.	Learn to Lead Volume 2, Chapter 8, objectives 17-18	171-172	approved_source	draft	LTL2-C8-PE-Q005,LTL2-C8-PE-Q006	40
LTL2-C8-PE-Q005	Chapter 8 E: Email & Professionalism	LTL2-C8-OBJ-17-18	LTL2-C8-REPLY_ALL	LTL2-C8-E-REPLY_ALL	medium	application	multiple_choice	both	cap_direct	When should “reply all” generally be avoided?	When the message includes a date	When replying within 48 hours	When the sender is a superior	When only a few recipients need the response	D	Copy only people who genuinely need the information.	1	Copy only people who genuinely need the information. The closest distractors describe related communication ideas but not the precise answer.	Not quite. “When the message includes a date” is plausible, but it does not match the exact concept. Copy only people who genuinely need the information.	Not quite. “When replying within 48 hours” is plausible, but it does not match the exact concept. Copy only people who genuinely need the information.	Not quite. “When the sender is a superior” is plausible, but it does not match the exact concept. Copy only people who genuinely need the information.	Correct. Copy only people who genuinely need the information.	Choosing a related communication term that serves a different purpose.	Review reply all and compare it with the closest wrong choice. State the key difference in one sentence.	Send to those who need it.	medium	comparison_diagram	optional_after_answer	ltl2_c8_pe_q005	Simple instructional comparison showing reply all and a nearby but different concept.	Send to those who need it.	A simple diagram explaining reply all.	Learn to Lead Volume 2, Chapter 8, objectives 17-18	171-172	approved_source	draft	LTL2-C8-PE-Q006,LTL2-C8-PE-Q007	40
LTL2-C8-PE-Q006	Chapter 8 E: Email & Professionalism	LTL2-C8-OBJ-17-18	LTL2-C8-EMAIL_CONFLICT	LTL2-C8-E-EMAIL_CONFLICT	hard	scenario	multiple_choice	both	scenario	A cadet receives an insulting email and drafts an angry reply. The best next step is to	send it immediately	copy the entire squadron	pause and address the issue calmly, preferably face-to-face	forward it to friends	C	Sensitive conflict is usually better handled after reflection and in person.	1	Sensitive conflict is usually better handled after reflection and in person. The closest distractors describe related communication ideas but not the precise answer.	Not quite. “send it immediately” is plausible, but it does not match the exact concept. Sensitive conflict is usually better handled after reflection and in person.	Not quite. “copy the entire squadron” is plausible, but it does not match the exact concept. Sensitive conflict is usually better handled after reflection and in person.	Correct. Sensitive conflict is usually better handled after reflection and in person.	Not quite. “forward it to friends” is plausible, but it does not match the exact concept. Sensitive conflict is usually better handled after reflection and in person.	Choosing a related communication term that serves a different purpose.	Review email conflict and compare it with the closest wrong choice. State the key difference in one sentence.	Strong emotion: stop, then talk.	high	comparison_diagram	optional_after_answer	ltl2_c8_pe_q006	Simple instructional comparison showing email conflict and a nearby but different concept.	Strong emotion: stop, then talk.	A simple diagram explaining email conflict.	Learn to Lead Volume 2, Chapter 8, objectives 17-18	171-172	approved_source	draft	LTL2-C8-PE-Q007,LTL2-C8-PE-Q001	50
LTL2-C8-PE-Q007	Chapter 8 E: Email & Professionalism	LTL2-C8-OBJ-17-18	LTL2-C8-EMAIL_PERMANENCE	LTL2-C8-E-EMAIL_PERMANENCE	medium	understanding	multiple_choice	both	cap_direct	Why should a sender think carefully before pressing Send?	Email cannot be edited first	The message may be forwarded and cannot be fully controlled afterward	Professional messages disappear quickly	Recipients cannot save email	B	Sent email can be stored, copied, or forwarded.	1	Sent email can be stored, copied, or forwarded. The closest distractors describe related communication ideas but not the precise answer.	Not quite. “Email cannot be edited first” is plausible, but it does not match the exact concept. Sent email can be stored, copied, or forwarded.	Correct. Sent email can be stored, copied, or forwarded.	Not quite. “Professional messages disappear quickly” is plausible, but it does not match the exact concept. Sent email can be stored, copied, or forwarded.	Not quite. “Recipients cannot save email” is plausible, but it does not match the exact concept. Sent email can be stored, copied, or forwarded.	Choosing a related communication term that serves a different purpose.	Review email permanence and compare it with the closest wrong choice. State the key difference in one sentence.	Sent means shareable.	medium	comparison_diagram	optional_after_answer	ltl2_c8_pe_q007	Simple instructional comparison showing email permanence and a nearby but different concept.	Sent means shareable.	A simple diagram explaining email permanence.	Learn to Lead Volume 2, Chapter 8, objectives 17-18	171-172	approved_source	draft	LTL2-C8-PE-Q001,LTL2-C8-PE-Q002	40
LTL2-C8-PF-Q001	Chapter 8 F: Public Speaking	LTL2-C8-OBJ-19-23	LTL2-C8-STAGE_FRIGHT	LTL2-C8-F-STAGE_FRIGHT	easy	recall	multiple_choice	both	cap_direct	Stage fright is	a failure to organize an essay	anxiety about speaking before people	a memorized speech	a hostile audience	B	Stage fright is anxiety associated with public speaking.	1	Stage fright is anxiety associated with public speaking. The closest distractors describe related communication ideas but not the precise answer.	Not quite. “a failure to organize an essay” is plausible, but it does not match the exact concept. Stage fright is anxiety associated with public speaking.	Correct. Stage fright is anxiety associated with public speaking.	Not quite. “a memorized speech” is plausible, but it does not match the exact concept. Stage fright is anxiety associated with public speaking.	Not quite. “a hostile audience” is plausible, but it does not match the exact concept. Stage fright is anxiety associated with public speaking.	Choosing a related communication term that serves a different purpose.	Review stage fright and compare it with the closest wrong choice. State the key difference in one sentence.	Stage fright = speaking anxiety.	medium	comparison_diagram	optional_after_answer	ltl2_c8_pf_q001	Simple instructional comparison showing stage fright and a nearby but different concept.	Stage fright = speaking anxiety.	A simple diagram explaining stage fright.	Learn to Lead Volume 2, Chapter 8, objectives 19-23	172-175	approved_source	draft	LTL2-C8-PF-Q002,LTL2-C8-PF-Q003	40
LTL2-C8-PF-Q002	Chapter 8 F: Public Speaking	LTL2-C8-OBJ-19-23	LTL2-C8-STAGE_FRIGHT_PREPARATION	LTL2-C8-F-STAGE_FRIGHT_PREPARATION	medium	understanding	multiple_choice	both	cap_direct	What is the chapter’s strongest general remedy for stage fright?	Adequate preparation and practice	Avoiding eye contact	Reading every speech from a manuscript	Speaking faster	A	Preparation greatly reduces uncertainty and stage fright.	1	Preparation greatly reduces uncertainty and stage fright. The closest distractors describe related communication ideas but not the precise answer.	Correct. Preparation greatly reduces uncertainty and stage fright.	Not quite. “Avoiding eye contact” is plausible, but it does not match the exact concept. Preparation greatly reduces uncertainty and stage fright.	Not quite. “Reading every speech from a manuscript” is plausible, but it does not match the exact concept. Preparation greatly reduces uncertainty and stage fright.	Not quite. “Speaking faster” is plausible, but it does not match the exact concept. Preparation greatly reduces uncertainty and stage fright.	Choosing a related communication term that serves a different purpose.	Review stage fright preparation and compare it with the closest wrong choice. State the key difference in one sentence.	Preparation builds confidence.	medium	comparison_diagram	optional_after_answer	ltl2_c8_pf_q002	Simple instructional comparison showing stage fright preparation and a nearby but different concept.	Preparation builds confidence.	A simple diagram explaining stage fright preparation.	Learn to Lead Volume 2, Chapter 8, objectives 19-23	172-175	approved_source	draft	LTL2-C8-PF-Q003,LTL2-C8-PF-Q004	40
LTL2-C8-PF-Q003	Chapter 8 F: Public Speaking	LTL2-C8-OBJ-19-23	LTL2-C8-MANUSCRIPT_SPEECH	LTL2-C8-F-MANUSCRIPT_SPEECH	hard	application	multiple_choice	both	cap_direct	A manuscript speech is most appropriate when	there is no preparation time	maximum spontaneity is wanted	the audience is small	exact wording is essential because errors could cause serious misunderstanding	D	Manuscript delivery preserves exact wording.	1	Manuscript delivery preserves exact wording. The closest distractors describe related communication ideas but not the precise answer.	Not quite. “there is no preparation time” is plausible, but it does not match the exact concept. Manuscript delivery preserves exact wording.	Not quite. “maximum spontaneity is wanted” is plausible, but it does not match the exact concept. Manuscript delivery preserves exact wording.	Not quite. “the audience is small” is plausible, but it does not match the exact concept. Manuscript delivery preserves exact wording.	Correct. Manuscript delivery preserves exact wording.	Choosing a related communication term that serves a different purpose.	Review manuscript speech and compare it with the closest wrong choice. State the key difference in one sentence.	Exact words? Use manuscript.	high	comparison_diagram	optional_after_answer	ltl2_c8_pf_q003	Simple instructional comparison showing manuscript speech and a nearby but different concept.	Exact words? Use manuscript.	A simple diagram explaining manuscript speech.	Learn to Lead Volume 2, Chapter 8, objectives 19-23	172-175	approved_source	draft	LTL2-C8-PF-Q004,LTL2-C8-PF-Q005	50
LTL2-C8-PF-Q004	Chapter 8 F: Public Speaking	LTL2-C8-OBJ-19-23	LTL2-C8-MEMORIZED_SPEECH	LTL2-C8-F-MEMORIZED_SPEECH	medium	understanding	multiple_choice	both	cap_direct	A common weakness of memorized delivery is that it	provides no preparation	cannot be practiced	can sound flat and reduce spontaneity	always runs too long	C	Exact recall can make delivery monotone and inflexible.	1	Exact recall can make delivery monotone and inflexible. The closest distractors describe related communication ideas but not the precise answer.	Not quite. “provides no preparation” is plausible, but it does not match the exact concept. Exact recall can make delivery monotone and inflexible.	Not quite. “cannot be practiced” is plausible, but it does not match the exact concept. Exact recall can make delivery monotone and inflexible.	Correct. Exact recall can make delivery monotone and inflexible.	Not quite. “always runs too long” is plausible, but it does not match the exact concept. Exact recall can make delivery monotone and inflexible.	Choosing a related communication term that serves a different purpose.	Review memorized speech and compare it with the closest wrong choice. State the key difference in one sentence.	Memory may flatten delivery.	medium	comparison_diagram	optional_after_answer	ltl2_c8_pf_q004	Simple instructional comparison showing memorized speech and a nearby but different concept.	Memory may flatten delivery.	A simple diagram explaining memorized speech.	Learn to Lead Volume 2, Chapter 8, objectives 19-23	172-175	approved_source	draft	LTL2-C8-PF-Q005,LTL2-C8-PF-Q006	40
LTL2-C8-PF-Q005	Chapter 8 F: Public Speaking	LTL2-C8-OBJ-19-23	LTL2-C8-IMPROMPTU_SPEECH	LTL2-C8-F-IMPROMPTU_SPEECH	medium	recall	multiple_choice	both	cap_direct	An impromptu speech is delivered	from a manuscript	with little or no specific preparation	after memorizing every line	from a detailed outline prepared weeks earlier	B	Impromptu speaking requires thinking on one’s feet.	1	Impromptu speaking requires thinking on one’s feet. The closest distractors describe related communication ideas but not the precise answer.	Not quite. “from a manuscript” is plausible, but it does not match the exact concept. Impromptu speaking requires thinking on one’s feet.	Correct. Impromptu speaking requires thinking on one’s feet.	Not quite. “after memorizing every line” is plausible, but it does not match the exact concept. Impromptu speaking requires thinking on one’s feet.	Not quite. “from a detailed outline prepared weeks earlier” is plausible, but it does not match the exact concept. Impromptu speaking requires thinking on one’s feet.	Choosing a related communication term that serves a different purpose.	Review impromptu speech and compare it with the closest wrong choice. State the key difference in one sentence.	Impromptu = think fast.	medium	comparison_diagram	optional_after_answer	ltl2_c8_pf_q005	Simple instructional comparison showing impromptu speech and a nearby but different concept.	Impromptu = think fast.	A simple diagram explaining impromptu speech.	Learn to Lead Volume 2, Chapter 8, objectives 19-23	172-175	approved_source	draft	LTL2-C8-PF-Q006,LTL2-C8-PF-Q007	40
LTL2-C8-PF-Q006	Chapter 8 F: Public Speaking	LTL2-C8-OBJ-19-23	LTL2-C8-EXTEMPORANEOUS_SPEECH	LTL2-C8-F-EXTEMPORANEOUS_SPEECH	hard	understanding	multiple_choice	both	cap_direct	Extemporaneous speaking involves	careful preparation and outlining without memorizing every word	no preparation	reading every word	memorizing a manuscript exactly	A	Extemporaneous speakers prepare deeply but remain flexible.	1	Extemporaneous speakers prepare deeply but remain flexible. The closest distractors describe related communication ideas but not the precise answer.	Correct. Extemporaneous speakers prepare deeply but remain flexible.	Not quite. “no preparation” is plausible, but it does not match the exact concept. Extemporaneous speakers prepare deeply but remain flexible.	Not quite. “reading every word” is plausible, but it does not match the exact concept. Extemporaneous speakers prepare deeply but remain flexible.	Not quite. “memorizing a manuscript exactly” is plausible, but it does not match the exact concept. Extemporaneous speakers prepare deeply but remain flexible.	Choosing a related communication term that serves a different purpose.	Review extemporaneous speech and compare it with the closest wrong choice. State the key difference in one sentence.	Prepare ideas, not every word.	high	comparison_diagram	optional_after_answer	ltl2_c8_pf_q006	Simple instructional comparison showing extemporaneous speech and a nearby but different concept.	Prepare ideas, not every word.	A simple diagram explaining extemporaneous speech.	Learn to Lead Volume 2, Chapter 8, objectives 19-23	172-175	approved_source	draft	LTL2-C8-PF-Q007,LTL2-C8-PF-Q008	50
LTL2-C8-PF-Q007	Chapter 8 F: Public Speaking	LTL2-C8-OBJ-19-23	LTL2-C8-SPEECH_CENTRAL_IDEA	LTL2-C8-F-SPEECH_CENTRAL_IDEA	medium	analysis	multiple_choice	both	cap_direct	The central idea of a speech is most like	a résumé objective	a staff-study criterion	an email subject line	an essay’s thesis statement	D	The central idea compactly expresses the speech’s main message.	1	The central idea compactly expresses the speech’s main message. The closest distractors describe related communication ideas but not the precise answer.	Not quite. “a résumé objective” is plausible, but it does not match the exact concept. The central idea compactly expresses the speech’s main message.	Not quite. “a staff-study criterion” is plausible, but it does not match the exact concept. The central idea compactly expresses the speech’s main message.	Not quite. “an email subject line” is plausible, but it does not match the exact concept. The central idea compactly expresses the speech’s main message.	Correct. The central idea compactly expresses the speech’s main message.	Choosing a related communication term that serves a different purpose.	Review speech central idea and compare it with the closest wrong choice. State the key difference in one sentence.	Speech central idea = essay thesis.	medium	comparison_diagram	optional_after_answer	ltl2_c8_pf_q007	Simple instructional comparison showing speech central idea and a nearby but different concept.	Speech central idea = essay thesis.	A simple diagram explaining speech central idea.	Learn to Lead Volume 2, Chapter 8, objectives 19-23	172-175	approved_source	draft	LTL2-C8-PF-Q008,LTL2-C8-PF-Q009	40
LTL2-C8-PF-Q008	Chapter 8 F: Public Speaking	LTL2-C8-OBJ-19-23	LTL2-C8-SPEECH_INTRODUCTION	LTL2-C8-F-SPEECH_INTRODUCTION	hard	analysis	multiple_choice	both	cap_direct	Why should a speech introduction include an overview?	The overview replaces the body	It allows omission of purpose	Listeners cannot skim ahead, so they need a map of the main points	It prevents questions	C	An overview helps listeners follow a message they cannot reread.	1	An overview helps listeners follow a message they cannot reread. The closest distractors describe related communication ideas but not the precise answer.	Not quite. “The overview replaces the body” is plausible, but it does not match the exact concept. An overview helps listeners follow a message they cannot reread.	Not quite. “It allows omission of purpose” is plausible, but it does not match the exact concept. An overview helps listeners follow a message they cannot reread.	Correct. An overview helps listeners follow a message they cannot reread.	Not quite. “It prevents questions” is plausible, but it does not match the exact concept. An overview helps listeners follow a message they cannot reread.	Choosing a related communication term that serves a different purpose.	Review speech introduction and compare it with the closest wrong choice. State the key difference in one sentence.	Tell listeners where you are going.	high	comparison_diagram	optional_after_answer	ltl2_c8_pf_q008	Simple instructional comparison showing speech introduction and a nearby but different concept.	Tell listeners where you are going.	A simple diagram explaining speech introduction.	Learn to Lead Volume 2, Chapter 8, objectives 19-23	172-175	approved_source	draft	LTL2-C8-PF-Q009,LTL2-C8-PF-Q010	50
LTL2-C8-PF-Q009	Chapter 8 F: Public Speaking	LTL2-C8-OBJ-19-23	LTL2-C8-SIGNPOSTS	LTL2-C8-F-SIGNPOSTS	medium	recall	multiple_choice	both	cap_direct	Signposts are	written citations	brief verbal cues showing progress through a speech	interview questions	résumé headings	B	Signposts help listeners track the outline.	1	Signposts help listeners track the outline. The closest distractors describe related communication ideas but not the precise answer.	Not quite. “written citations” is plausible, but it does not match the exact concept. Signposts help listeners track the outline.	Correct. Signposts help listeners track the outline.	Not quite. “interview questions” is plausible, but it does not match the exact concept. Signposts help listeners track the outline.	Not quite. “résumé headings” is plausible, but it does not match the exact concept. Signposts help listeners track the outline.	Choosing a related communication term that serves a different purpose.	Review signposts and compare it with the closest wrong choice. State the key difference in one sentence.	Signposts guide listeners.	medium	comparison_diagram	optional_after_answer	ltl2_c8_pf_q009	Simple instructional comparison showing signposts and a nearby but different concept.	Signposts guide listeners.	A simple diagram explaining signposts.	Learn to Lead Volume 2, Chapter 8, objectives 19-23	172-175	approved_source	draft	LTL2-C8-PF-Q010,LTL2-C8-PF-Q001	40
LTL2-C8-PF-Q010	Chapter 8 F: Public Speaking	LTL2-C8-OBJ-19-23	LTL2-C8-SPEECH_CONCLUSION	LTL2-C8-F-SPEECH_CONCLUSION	hard	understanding	multiple_choice	both	cap_direct	A strong speech conclusion should	summarize main points and leave the audience with something to believe or do	introduce several new arguments	apologize for the length	repeat the entire introduction	A	The conclusion reinforces the message and points forward.	1	The conclusion reinforces the message and points forward. The closest distractors describe related communication ideas but not the precise answer.	Correct. The conclusion reinforces the message and points forward.	Not quite. “introduce several new arguments” is plausible, but it does not match the exact concept. The conclusion reinforces the message and points forward.	Not quite. “apologize for the length” is plausible, but it does not match the exact concept. The conclusion reinforces the message and points forward.	Not quite. “repeat the entire introduction” is plausible, but it does not match the exact concept. The conclusion reinforces the message and points forward.	Choosing a related communication term that serves a different purpose.	Review speech conclusion and compare it with the closest wrong choice. State the key difference in one sentence.	Summarize, then point forward.	high	comparison_diagram	optional_after_answer	ltl2_c8_pf_q010	Simple instructional comparison showing speech conclusion and a nearby but different concept.	Summarize, then point forward.	A simple diagram explaining speech conclusion.	Learn to Lead Volume 2, Chapter 8, objectives 19-23	172-175	approved_source	draft	LTL2-C8-PF-Q001,LTL2-C8-PF-Q002	50
LTL2-C8-PG-Q001	Chapter 8 G: Résumé, Interviews & Social Media	LTL2-C8-OBJ-24-29	LTL2-C8-RESUME_PURPOSE	LTL2-C8-G-RESUME_PURPOSE	medium	understanding	multiple_choice	both	cap_direct	A résumé is designed primarily to	show why an applicant is qualified for a job	provide a complete autobiography	replace the interview	list every activity	A	A résumé briefly presents relevant qualifications.	1	A résumé briefly presents relevant qualifications. The closest distractors describe related communication ideas but not the precise answer.	Correct. A résumé briefly presents relevant qualifications.	Not quite. “provide a complete autobiography” is plausible, but it does not match the exact concept. A résumé briefly presents relevant qualifications.	Not quite. “replace the interview” is plausible, but it does not match the exact concept. A résumé briefly presents relevant qualifications.	Not quite. “list every activity” is plausible, but it does not match the exact concept. A résumé briefly presents relevant qualifications.	Choosing a related communication term that serves a different purpose.	Review resume purpose and compare it with the closest wrong choice. State the key difference in one sentence.	Résumé = relevant qualifications.	medium	comparison_diagram	optional_after_answer	ltl2_c8_pg_q001	Simple instructional comparison showing resume purpose and a nearby but different concept.	Résumé = relevant qualifications.	A simple diagram explaining resume purpose.	Learn to Lead Volume 2, Chapter 8, objectives 24-29	176-180	approved_source	draft	LTL2-C8-PG-Q002,LTL2-C8-PG-Q003	40
LTL2-C8-PG-Q002	Chapter 8 G: Résumé, Interviews & Social Media	LTL2-C8-OBJ-24-29	LTL2-C8-RESUME_PERSONAL_INFORMATION	LTL2-C8-G-RESUME_PERSONAL_INFORMATION	medium	recognition	multiple_choice	both	cap_direct	Which information is normally appropriate at the top of a résumé?	Age, height, weight, and marital status	Social Security number and family details	Political and religious beliefs	Name, address, phone number, and email	D	Basic contact information belongs at the top.	1	Basic contact information belongs at the top. The closest distractors describe related communication ideas but not the precise answer.	Not quite. “Age, height, weight, and marital status” is plausible, but it does not match the exact concept. Basic contact information belongs at the top.	Not quite. “Social Security number and family details” is plausible, but it does not match the exact concept. Basic contact information belongs at the top.	Not quite. “Political and religious beliefs” is plausible, but it does not match the exact concept. Basic contact information belongs at the top.	Correct. Basic contact information belongs at the top.	Choosing a related communication term that serves a different purpose.	Review resume personal information and compare it with the closest wrong choice. State the key difference in one sentence.	Contact facts, not private biography.	medium	comparison_diagram	optional_after_answer	ltl2_c8_pg_q002	Simple instructional comparison showing resume personal information and a nearby but different concept.	Contact facts, not private biography.	A simple diagram explaining resume personal information.	Learn to Lead Volume 2, Chapter 8, objectives 24-29	176-180	approved_source	draft	LTL2-C8-PG-Q003,LTL2-C8-PG-Q004	40
LTL2-C8-PG-Q003	Chapter 8 G: Résumé, Interviews & Social Media	LTL2-C8-OBJ-24-29	LTL2-C8-RESUME_EDUCATION	LTL2-C8-G-RESUME_EDUCATION	medium	application	multiple_choice	both	cap_direct	For a student with limited work experience, which detail may strengthen education?	Favorite teacher	Daily class schedule	GPA and class rank	Reasons for disliking a course	C	Students may use strong academic indicators to offset limited work history.	1	Students may use strong academic indicators to offset limited work history. The closest distractors describe related communication ideas but not the precise answer.	Not quite. “Favorite teacher” is plausible, but it does not match the exact concept. Students may use strong academic indicators to offset limited work history.	Not quite. “Daily class schedule” is plausible, but it does not match the exact concept. Students may use strong academic indicators to offset limited work history.	Correct. Students may use strong academic indicators to offset limited work history.	Not quite. “Reasons for disliking a course” is plausible, but it does not match the exact concept. Students may use strong academic indicators to offset limited work history.	Choosing a related communication term that serves a different purpose.	Review resume education and compare it with the closest wrong choice. State the key difference in one sentence.	Limited experience? Show achievement.	medium	comparison_diagram	optional_after_answer	ltl2_c8_pg_q003	Simple instructional comparison showing resume education and a nearby but different concept.	Limited experience? Show achievement.	A simple diagram explaining resume education.	Learn to Lead Volume 2, Chapter 8, objectives 24-29	176-180	approved_source	draft	LTL2-C8-PG-Q004,LTL2-C8-PG-Q005	40
LTL2-C8-PG-Q004	Chapter 8 G: Résumé, Interviews & Social Media	LTL2-C8-OBJ-24-29	LTL2-C8-RESUME_CHRONOLOGY	LTL2-C8-G-RESUME_CHRONOLOGY	medium	recall	multiple_choice	both	cap_direct	The career chronology method organizes experience by	skills only without positions	positions held and accomplishments in each	references by importance	education before contact information	B	Career chronology lists roles and accomplishments.	1	Career chronology lists roles and accomplishments. The closest distractors describe related communication ideas but not the precise answer.	Not quite. “skills only without positions” is plausible, but it does not match the exact concept. Career chronology lists roles and accomplishments.	Correct. Career chronology lists roles and accomplishments.	Not quite. “references by importance” is plausible, but it does not match the exact concept. Career chronology lists roles and accomplishments.	Not quite. “education before contact information” is plausible, but it does not match the exact concept. Career chronology lists roles and accomplishments.	Choosing a related communication term that serves a different purpose.	Review resume chronology and compare it with the closest wrong choice. State the key difference in one sentence.	Chronology follows positions.	medium	comparison_diagram	optional_after_answer	ltl2_c8_pg_q004	Simple instructional comparison showing resume chronology and a nearby but different concept.	Chronology follows positions.	A simple diagram explaining resume chronology.	Learn to Lead Volume 2, Chapter 8, objectives 24-29	176-180	approved_source	draft	LTL2-C8-PG-Q005,LTL2-C8-PG-Q006	40
LTL2-C8-PG-Q005	Chapter 8 G: Résumé, Interviews & Social Media	LTL2-C8-OBJ-24-29	LTL2-C8-SKILLS_INVENTORY	LTL2-C8-G-SKILLS_INVENTORY	medium	understanding	multiple_choice	both	cap_direct	A skills-inventory résumé focuses on	work-related skills and abilities	dates of every job only	personal information	salary requirements	A	A skills inventory emphasizes abilities.	1	A skills inventory emphasizes abilities. The closest distractors describe related communication ideas but not the precise answer.	Correct. A skills inventory emphasizes abilities.	Not quite. “dates of every job only” is plausible, but it does not match the exact concept. A skills inventory emphasizes abilities.	Not quite. “personal information” is plausible, but it does not match the exact concept. A skills inventory emphasizes abilities.	Not quite. “salary requirements” is plausible, but it does not match the exact concept. A skills inventory emphasizes abilities.	Choosing a related communication term that serves a different purpose.	Review skills inventory and compare it with the closest wrong choice. State the key difference in one sentence.	Skills inventory spotlights abilities.	medium	comparison_diagram	optional_after_answer	ltl2_c8_pg_q005	Simple instructional comparison showing skills inventory and a nearby but different concept.	Skills inventory spotlights abilities.	A simple diagram explaining skills inventory.	Learn to Lead Volume 2, Chapter 8, objectives 24-29	176-180	approved_source	draft	LTL2-C8-PG-Q006,LTL2-C8-PG-Q007	40
LTL2-C8-PG-Q006	Chapter 8 G: Résumé, Interviews & Social Media	LTL2-C8-OBJ-24-29	LTL2-C8-RESUME_RELEVANCE	LTL2-C8-G-RESUME_RELEVANCE	medium	application	multiple_choice	both	cap_direct	A student applying for an airport job should emphasize	every hobby equally	private family information	only elementary-school awards	relevant CAP and aviation experience	D	Résumé content should be relevant to the position.	1	Résumé content should be relevant to the position. The closest distractors describe related communication ideas but not the precise answer.	Not quite. “every hobby equally” is plausible, but it does not match the exact concept. Résumé content should be relevant to the position.	Not quite. “private family information” is plausible, but it does not match the exact concept. Résumé content should be relevant to the position.	Not quite. “only elementary-school awards” is plausible, but it does not match the exact concept. Résumé content should be relevant to the position.	Correct. Résumé content should be relevant to the position.	Choosing a related communication term that serves a different purpose.	Review resume relevance and compare it with the closest wrong choice. State the key difference in one sentence.	Relevant beats complete.	medium	comparison_diagram	optional_after_answer	ltl2_c8_pg_q006	Simple instructional comparison showing resume relevance and a nearby but different concept.	Relevant beats complete.	A simple diagram explaining resume relevance.	Learn to Lead Volume 2, Chapter 8, objectives 24-29	176-180	approved_source	draft	LTL2-C8-PG-Q007,LTL2-C8-PG-Q008	40
LTL2-C8-PG-Q007	Chapter 8 G: Résumé, Interviews & Social Media	LTL2-C8-OBJ-24-29	LTL2-C8-REFERENCES	LTL2-C8-G-REFERENCES	medium	application	multiple_choice	both	cap_direct	Before listing someone as a reference, an applicant should	assume any teacher will agree	list the person without contact information	ask permission and confirm the person will recommend them	choose only relatives	C	References should agree beforehand and speak positively.	1	References should agree beforehand and speak positively. The closest distractors describe related communication ideas but not the precise answer.	Not quite. “assume any teacher will agree” is plausible, but it does not match the exact concept. References should agree beforehand and speak positively.	Not quite. “list the person without contact information” is plausible, but it does not match the exact concept. References should agree beforehand and speak positively.	Correct. References should agree beforehand and speak positively.	Not quite. “choose only relatives” is plausible, but it does not match the exact concept. References should agree beforehand and speak positively.	Choosing a related communication term that serves a different purpose.	Review references and compare it with the closest wrong choice. State the key difference in one sentence.	Ask before you list.	medium	comparison_diagram	optional_after_answer	ltl2_c8_pg_q007	Simple instructional comparison showing references and a nearby but different concept.	Ask before you list.	A simple diagram explaining references.	Learn to Lead Volume 2, Chapter 8, objectives 24-29	176-180	approved_source	draft	LTL2-C8-PG-Q008,LTL2-C8-PG-Q009	40
LTL2-C8-PG-Q008	Chapter 8 G: Résumé, Interviews & Social Media	LTL2-C8-OBJ-24-29	LTL2-C8-INTERVIEW_PURPOSE	LTL2-C8-G-INTERVIEW_PURPOSE	medium	understanding	multiple_choice	both	cap_direct	A job interview allows the employer to	verify only the address	evaluate the applicant beyond the résumé and assess fit	negotiate salary first	replace all reference checks	B	The interview assesses communication, confidence, qualifications, and fit.	1	The interview assesses communication, confidence, qualifications, and fit. The closest distractors describe related communication ideas but not the precise answer.	Not quite. “verify only the address” is plausible, but it does not match the exact concept. The interview assesses communication, confidence, qualifications, and fit.	Correct. The interview assesses communication, confidence, qualifications, and fit.	Not quite. “negotiate salary first” is plausible, but it does not match the exact concept. The interview assesses communication, confidence, qualifications, and fit.	Not quite. “replace all reference checks” is plausible, but it does not match the exact concept. The interview assesses communication, confidence, qualifications, and fit.	Choosing a related communication term that serves a different purpose.	Review interview purpose and compare it with the closest wrong choice. State the key difference in one sentence.	Paper introduces; interview reveals.	medium	comparison_diagram	optional_after_answer	ltl2_c8_pg_q008	Simple instructional comparison showing interview purpose and a nearby but different concept.	Paper introduces; interview reveals.	A simple diagram explaining interview purpose.	Learn to Lead Volume 2, Chapter 8, objectives 24-29	176-180	approved_source	draft	LTL2-C8-PG-Q009,LTL2-C8-PG-Q010	40
LTL2-C8-PG-Q009	Chapter 8 G: Résumé, Interviews & Social Media	LTL2-C8-OBJ-24-29	LTL2-C8-INTERVIEW_PREPARATION	LTL2-C8-G-INTERVIEW_PREPARATION	hard	application	multiple_choice	both	cap_direct	Which preparation is most appropriate?	Research the organization, practice common questions, and bring résumé copies	Memorize one answer for every question	Bring food to appear relaxed	Wait until the interview to research	A	Good preparation includes research, practice, questions, and materials.	1	Good preparation includes research, practice, questions, and materials. The closest distractors describe related communication ideas but not the precise answer.	Correct. Good preparation includes research, practice, questions, and materials.	Not quite. “Memorize one answer for every question” is plausible, but it does not match the exact concept. Good preparation includes research, practice, questions, and materials.	Not quite. “Bring food to appear relaxed” is plausible, but it does not match the exact concept. Good preparation includes research, practice, questions, and materials.	Not quite. “Wait until the interview to research” is plausible, but it does not match the exact concept. Good preparation includes research, practice, questions, and materials.	Choosing a related communication term that serves a different purpose.	Review interview preparation and compare it with the closest wrong choice. State the key difference in one sentence.	Research, rehearse, bring copies.	high	comparison_diagram	optional_after_answer	ltl2_c8_pg_q009	Simple instructional comparison showing interview preparation and a nearby but different concept.	Research, rehearse, bring copies.	A simple diagram explaining interview preparation.	Learn to Lead Volume 2, Chapter 8, objectives 24-29	176-180	approved_source	draft	LTL2-C8-PG-Q010,LTL2-C8-PG-Q011	50
LTL2-C8-PG-Q010	Chapter 8 G: Résumé, Interviews & Social Media	LTL2-C8-OBJ-24-29	LTL2-C8-INTERVIEW_ETIQUETTE	LTL2-C8-G-INTERVIEW_ETIQUETTE	medium	recognition	multiple_choice	both	cap_direct	Which behavior follows the chapter’s interview etiquette?	Bring a parent to negotiate	Complain about a former boss	Discuss pay before qualifications	Arrive early, silence the phone, and give full attention	D	Professional etiquette includes punctuality, attention, and maturity.	1	Professional etiquette includes punctuality, attention, and maturity. The closest distractors describe related communication ideas but not the precise answer.	Not quite. “Bring a parent to negotiate” is plausible, but it does not match the exact concept. Professional etiquette includes punctuality, attention, and maturity.	Not quite. “Complain about a former boss” is plausible, but it does not match the exact concept. Professional etiquette includes punctuality, attention, and maturity.	Not quite. “Discuss pay before qualifications” is plausible, but it does not match the exact concept. Professional etiquette includes punctuality, attention, and maturity.	Correct. Professional etiquette includes punctuality, attention, and maturity.	Choosing a related communication term that serves a different purpose.	Review interview etiquette and compare it with the closest wrong choice. State the key difference in one sentence.	Early, attentive, professional.	medium	comparison_diagram	optional_after_answer	ltl2_c8_pg_q010	Simple instructional comparison showing interview etiquette and a nearby but different concept.	Early, attentive, professional.	A simple diagram explaining interview etiquette.	Learn to Lead Volume 2, Chapter 8, objectives 24-29	176-180	approved_source	draft	LTL2-C8-PG-Q011,LTL2-C8-PG-Q012	40
LTL2-C8-PG-Q011	Chapter 8 G: Résumé, Interviews & Social Media	LTL2-C8-OBJ-24-29	LTL2-C8-TWO_WAY_INTERVIEW	LTL2-C8-G-TWO_WAY_INTERVIEW	hard	analysis	multiple_choice	both	cap_direct	Why should applicants prepare questions for the interviewer?	Questions allow avoiding answers	It proves the résumé is unnecessary	The applicant is also evaluating whether the job is a good fit	Applicants should control the interview	C	Both sides use the interview to assess fit.	1	Both sides use the interview to assess fit. The closest distractors describe related communication ideas but not the precise answer.	Not quite. “Questions allow avoiding answers” is plausible, but it does not match the exact concept. Both sides use the interview to assess fit.	Not quite. “It proves the résumé is unnecessary” is plausible, but it does not match the exact concept. Both sides use the interview to assess fit.	Correct. Both sides use the interview to assess fit.	Not quite. “Applicants should control the interview” is plausible, but it does not match the exact concept. Both sides use the interview to assess fit.	Choosing a related communication term that serves a different purpose.	Review two-way interview and compare it with the closest wrong choice. State the key difference in one sentence.	They assess you; you assess them.	high	comparison_diagram	optional_after_answer	ltl2_c8_pg_q011	Simple instructional comparison showing two-way interview and a nearby but different concept.	They assess you; you assess them.	A simple diagram explaining two-way interview.	Learn to Lead Volume 2, Chapter 8, objectives 24-29	176-180	approved_source	draft	LTL2-C8-PG-Q012,LTL2-C8-PG-Q001	50
LTL2-C8-PG-Q012	Chapter 8 G: Résumé, Interviews & Social Media	LTL2-C8-OBJ-24-29	LTL2-C8-SOCIAL_MEDIA	LTL2-C8-G-SOCIAL_MEDIA	hard	analysis	multiple_choice	both	cap_direct	Which statement best balances social media’s benefits and drawbacks?	It is private if a post is deleted	It enables rapid connection and sharing, but can expose lasting personal information and encourage uncivil behavior	It helps only extroverts and businesses	It has no effect on employment	B	Social media expands connection but creates privacy, permanence, and civility risks.	1	Social media expands connection but creates privacy, permanence, and civility risks. The closest distractors describe related communication ideas but not the precise answer.	Not quite. “It is private if a post is deleted” is plausible, but it does not match the exact concept. Social media expands connection but creates privacy, permanence, and civility risks.	Correct. Social media expands connection but creates privacy, permanence, and civility risks.	Not quite. “It helps only extroverts and businesses” is plausible, but it does not match the exact concept. Social media expands connection but creates privacy, permanence, and civility risks.	Not quite. “It has no effect on employment” is plausible, but it does not match the exact concept. Social media expands connection but creates privacy, permanence, and civility risks.	Choosing a related communication term that serves a different purpose.	Review social media and compare it with the closest wrong choice. State the key difference in one sentence.	Post widely; permanence follows.	high	comparison_diagram	optional_after_answer	ltl2_c8_pg_q012	Simple instructional comparison showing social media and a nearby but different concept.	Post widely; permanence follows.	A simple diagram explaining social media.	Learn to Lead Volume 2, Chapter 8, objectives 24-29	176-180	approved_source	draft	LTL2-C8-PG-Q001,LTL2-C8-PG-Q002	50
