external_id	pilot_batch	objective_code	concept_code	question_family_code	difficulty	cognitive_level	question_type	question_mode	question_style	question_text	choice_a	choice_b	choice_c	choice_d	correct_letter	short_explanation	feedback_display_version	explanation	choice_a_explanation	choice_b_explanation	choice_c_explanation	choice_d_explanation	common_mistake	remediation_text	memory_aid	visual_priority	visual_type	visual_display_mode	visual_asset_key	visual_brief	visual_caption	visual_alt_text	source_reference_text	source_pages	source_status	review_status	reinforcement_question_ids	estimated_time_seconds
LTL2-C4-Q001	Professionalism	C4-O1	C4-K001	C4-K001-001	easy	recall	multiple_choice	mixed	cap_direct	What three qualities most clearly define professionalism in this chapter?	Being paid, holding rank, and working full time	Serving the community, possessing special skills, and following an ethical code	Wearing a uniform, obeying orders, and earning promotions	Working efficiently, avoiding mistakes, and supervising others	B	Professionalism combines service above self, special competence, and commitment to an ethical code.	1	Professionalism combines service above self, special competence, and commitment to an ethical code.	Being paid is only the everyday meaning of professional; the chapter says professionalism requires much more.	Professionalism combines service above self, special competence, and commitment to an ethical code.	These may be parts of military life, but they are not the chapter’s three criteria.	Efficiency and supervision can matter, but they do not define professionalism.	Choosing a related leadership idea that sounds reasonable but does not precisely answer the question.	Review Professionalism on pages 7. Focus on the exact definition and how it differs from nearby concepts.	Serve, Skill, Standards—professionalism’s three S’s.	high	three_part_icon_card	optional_after_answer	c4_k001_1	Three icons labeled Service, Skill, and Ethics arranged around the word Professionalism.	Professionalism rests on service, skill, and ethics.	Three icons representing service to others, special skill, and an ethical code.	Learn to Lead, Volume 2, Chapter 4, Professionalism	7	approved	draft	LTL2-C4-Q002|LTL2-C4-Q005	25
LTL2-C4-Q002	Professionalism	C4-O1	C4-K001	C4-K001-002	medium	understanding	multiple_choice	mixed	cap_direct	Why is a highly skilled person not necessarily a professional?	Professionalism requires rank in addition to skill	Professionalism requires service and ethical conduct as well as competence	Professionals must be paid for their work	Special skills matter only in technical jobs	B	Skill alone is incomplete; professionals also put the community first and follow moral principles.	1	Skill alone is incomplete; professionals also put the community first and follow moral principles.	Rank is not one of the three criteria for professionalism.	Skill alone is incomplete; professionals also put the community first and follow moral principles.	The chapter rejects pay as a complete definition.	The chapter applies special competence broadly, not only to technical work.	Choosing a related leadership idea that sounds reasonable but does not precisely answer the question.	Review Professionalism on pages 7. Focus on the exact definition and how it differs from nearby concepts.	Skill without service and ethics is incomplete.	high	balance_diagram	optional_after_answer	c4_k001_2	A three-legged stool labeled Skill, Service, Ethics, with the Skill-only stool tipping over.	Professionalism needs all three supports.	A three-legged stool showing that skill alone cannot support professionalism.	Learn to Lead, Volume 2, Chapter 4, Professionalism	7	approved	draft	LTL2-C4-Q001|LTL2-C4-Q005	35
LTL2-C4-Q003	Professionalism	C4-O2	C4-K002	C4-K002-003	hard	scenario	multiple_choice	mixed	scenario	A cadet is extremely competent but uses every assignment to gain attention and ignores teammates’ needs. Which judgment best fits the chapter?	The cadet is professional because competence is the most important quality	The cadet is not fully professional because personal ambition is replacing service to the community	The cadet is professional if no regulation was broken	The cadet is unprofessional only if the team fails	B	Professionalism requires putting the community’s interest above personal gain, not merely displaying competence.	1	Professionalism requires putting the community’s interest above personal gain, not merely displaying competence.	Competence is necessary but not sufficient.	Professionalism requires putting the community’s interest above personal gain, not merely displaying competence.	Professionalism is broader than minimum rule compliance.	Professionalism concerns conduct and motives even if results happen to be successful.	Choosing a related leadership idea that sounds reasonable but does not precisely answer the question.	Review Professionalism on pages 7. Focus on the exact definition and how it differs from nearby concepts.	Competence plus self-interest is not professionalism.	high	comparison_diagram	optional_after_answer	c4_k002_3	Two skilled cadets: one spotlighting self, one helping the team succeed.	Professional skill must serve more than the self.	A comparison between self-promoting competence and team-centered professional service.	Learn to Lead, Volume 2, Chapter 4, Professionalism	7	approved	draft	LTL2-C4-Q004|LTL2-C4-Q006	45
LTL2-C4-Q004	Professionalism	C4-O2	C4-K002	C4-K002-004	medium	application	multiple_choice	mixed	application	Which action best demonstrates professionalism in CAP?	Correcting a teammate publicly to prove expertise	Learning a regulation before teaching it and giving credit to others	Accepting every assignment even when unqualified	Avoiding feedback so others will view you as confident	B	Preparing carefully, respecting others, and using competence responsibly reflect professionalism.	1	Preparing carefully, respecting others, and using competence responsibly reflect professionalism.	Public correction for self-display lacks respect and service.	Preparing carefully, respecting others, and using competence responsibly reflect professionalism.	Professionals recognize limits and prepare rather than pretending competence.	Professionals accept ethical accountability and feedback.	Choosing a related leadership idea that sounds reasonable but does not precisely answer the question.	Review Professionalism on pages 7-8. Focus on the exact definition and how it differs from nearby concepts.	Prepare, respect, serve.	high	sequence_diagram	optional_after_answer	c4_k002_4	Three steps: review the standard, teach accurately, credit the team.	Professionalism is preparation used in service of others.	A cadet reviewing a regulation, teaching accurately, and recognizing teammates.	Learn to Lead, Volume 2, Chapter 4, Professionalism	7-8	approved	draft	LTL2-C4-Q003|LTL2-C4-Q006	35
LTL2-C4-Q005	Professionalism	C4-O1	C4-K001	C4-K001-005	medium	misconception	multiple_choice	mixed	application	Which statement sounds reasonable but is incomplete according to the chapter?	A professional is someone who is paid for work	A professional develops competence in a field	A professional follows an ethical code	A professional puts the community’s interest above personal interest	A	Being paid is the everyday meaning, but the chapter says true professionalism requires service, competence, and ethics.	1	Being paid is the everyday meaning, but the chapter says true professionalism requires service, competence, and ethics.	Being paid is the everyday meaning, but the chapter says true professionalism requires service, competence, and ethics.	Special competence is one of the chapter’s three criteria.	An ethical code is one of the three criteria.	Serving the community above self is one of the three criteria.	Choosing a related leadership idea that sounds reasonable but does not precisely answer the question.	Review Professionalism on pages 7. Focus on the exact definition and how it differs from nearby concepts.	Paid may describe a job; professional describes how it is done.	high	word_contrast	optional_after_answer	c4_k001_5	Two labels: Paid Worker and Professional, with the professional showing Service, Skill, Ethics.	Pay alone does not create professionalism.	A paid worker contrasted with a professional who demonstrates service, skill, and ethics.	Learn to Lead, Volume 2, Chapter 4, Professionalism	7	approved	draft	LTL2-C4-Q001|LTL2-C4-Q002	35
LTL2-C4-Q006	Professionalism	C4-O2	C4-K002	C4-K002-006	hard	analysis	multiple_choice	mixed	application	Why must leaders especially strive to be professionals?	Because leadership automatically makes them experts	Because followers judge standards partly through the leader’s conduct	Because professionals are allowed more flexibility than others	Because leaders are responsible only for ethical matters	B	Leaders influence others by example, so their service, competence, and ethics shape the team’s standards.	1	Leaders influence others by example, so their service, competence, and ethics shape the team’s standards.	Leadership does not automatically create expertise.	Leaders influence others by example, so their service, competence, and ethics shape the team’s standards.	Professionalism increases responsibility rather than granting personal exceptions.	Leaders have operational and people responsibilities as well as ethical ones.	Choosing a related leadership idea that sounds reasonable but does not precisely answer the question.	Review Professionalism on pages 7-8. Focus on the exact definition and how it differs from nearby concepts.	People read the leader before they read the rule.	high	cause_effect_diagram	optional_after_answer	c4_k002_6	A leader’s behavior flowing outward to team standards and behavior.	The leader’s example teaches the team what matters.	A leader’s conduct influencing the behavior and standards of the whole team.	Learn to Lead, Volume 2, Chapter 4, Professionalism	7-8	approved	draft	LTL2-C4-Q003|LTL2-C4-Q004	45
LTL2-C4-Q007	Standards	C4-O3	C4-K003	C4-K003-007	easy	recall	multiple_choice	mixed	cap_direct	A standard is best defined as	a personal preference used when rules are unclear	an established requirement or principle by which something is judged	the average performance of most team members	a goal that must always remain unchanged	B	A standard is an established requirement or judging principle—a benchmark for acceptable performance.	1	A standard is an established requirement or judging principle—a benchmark for acceptable performance.	Preferences are personal; standards communicate an established expectation.	A standard is an established requirement or judging principle—a benchmark for acceptable performance.	A standard is not merely the average of current performance.	Standards can vary with circumstances and need not be inflexible.	Choosing a related leadership idea that sounds reasonable but does not precisely answer the question.	Review Standards on pages 8. Focus on the exact definition and how it differs from nearby concepts.	Standard = yardstick.	high	yardstick_diagram	optional_after_answer	c4_k003_7	A yardstick beside work samples marked acceptable and below standard.	A standard is a benchmark for judging performance.	A yardstick used to compare acceptable and inferior work.	Learn to Lead, Volume 2, Chapter 4, Standards	8	approved	draft	LTL2-C4-Q008|LTL2-C4-Q009	25
LTL2-C4-Q008	Standards	C4-O3	C4-K003	C4-K003-008	medium	understanding	multiple_choice	mixed	cap_direct	What is the main purpose of standards for a team?	To eliminate the leader’s need to communicate	To tell members what is expected and what counts as acceptable work	To guarantee identical performance in every situation	To prevent teams from developing informal customs	B	Standards clarify expectations and provide a basis for judging the quality of work.	1	Standards clarify expectations and provide a basis for judging the quality of work.	Leaders still must clearly communicate and model standards.	Standards clarify expectations and provide a basis for judging the quality of work.	The chapter notes that standards can vary by situation.	Teams often develop informal standards; standards do not automatically prevent that.	Choosing a related leadership idea that sounds reasonable but does not precisely answer the question.	Review Standards on pages 8. Focus on the exact definition and how it differs from nearby concepts.	Standards answer: What good looks like.	high	target_diagram	optional_after_answer	c4_k003_8	A target labeled Expected Performance with examples inside and outside the target.	Standards show the team what acceptable performance looks like.	A target representing expected performance and work being judged against it.	Learn to Lead, Volume 2, Chapter 4, Standards	8	approved	draft	LTL2-C4-Q007|LTL2-C4-Q009	35
LTL2-C4-Q009	Standards	C4-O3	C4-K003	C4-K003-009	hard	scenario	multiple_choice	mixed	scenario	A commander allows casual dress at a picnic but requires formal uniform standards for an awards ceremony. What principle does this illustrate?	A standard is valid only when written in a regulation	Standards may change with the situation without becoming meaningless	Informal standards should replace official standards	Leaders should avoid raising standards once a team is comfortable	B	Standards can be meaningful and situation-sensitive without becoming impractically rigid.	1	Standards can be meaningful and situation-sensitive without becoming impractically rigid.	Commanders may also establish standards orally, and context matters.	Standards can be meaningful and situation-sensitive without becoming impractically rigid.	Informal standards do not replace official requirements.	Wise leaders may raise standards when circumstances call for it.	Choosing a related leadership idea that sounds reasonable but does not precisely answer the question.	Review Standards on pages 8. Focus on the exact definition and how it differs from nearby concepts.	Same yardstick idea, different setting.	high	context_comparison	optional_after_answer	c4_k003_9	A picnic and an awards ceremony with different appropriate dress expectations.	Good standards fit the situation while preserving expectations.	Two settings showing different but appropriate dress standards.	Learn to Lead, Volume 2, Chapter 4, Standards	8	approved	draft	LTL2-C4-Q007|LTL2-C4-Q008	45
LTL2-C4-Q010	Standards	C4-O3	C4-K004	C4-K004-010	medium	application	multiple_choice	mixed	application	Which method most powerfully communicates a leader’s standard?	Posting the standard once and assuming everyone remembers	Modeling the standard consistently in the leader’s own behavior	Correcting only the lowest performer	Changing the standard whenever someone complains	B	The chapter calls the leader’s example the most important standard of all.	1	The chapter calls the leader’s example the most important standard of all.	Written communication helps, but one-time posting without follow-through is weak.	The chapter calls the leader’s example the most important standard of all.	Standards apply to the whole team and should not be enforced selectively.	Standards should be meaningful, not casually changed to avoid discomfort.	Choosing a related leadership idea that sounds reasonable but does not precisely answer the question.	Review Standards on pages 8. Focus on the exact definition and how it differs from nearby concepts.	Example beats announcement.	high	mirror_diagram	optional_after_answer	c4_k004_10	A team mirroring a leader who models the expected behavior.	The leader’s example becomes the team’s strongest standard.	Team members copying the leader’s modeled behavior.	Learn to Lead, Volume 2, Chapter 4, Standards	8	approved	draft	LTL2-C4-Q011	35
LTL2-C4-Q011	Standards	C4-O3	C4-K004	C4-K004-011	hard	analysis	multiple_choice	mixed	application	Which choice best distinguishes a clear standard from an inflexible rule?	A clear standard explains expected performance; an inflexible rule ignores relevant circumstances	A clear standard is always oral; an inflexible rule is written	A clear standard applies only to beginners; an inflexible rule applies to everyone	A clear standard measures attitude; an inflexible rule measures behavior	A	Clear standards define expectations, while wise leaders avoid applying them so rigidly that they become impractical.	1	Clear standards define expectations, while wise leaders avoid applying them so rigidly that they become impractical.	Clear standards define expectations, while wise leaders avoid applying them so rigidly that they become impractical.	Standards may be written or oral.	Standards can apply to all team members.	Standards may address many kinds of performance, not this distinction.	Choosing a related leadership idea that sounds reasonable but does not precisely answer the question.	Review Standards on pages 8. Focus on the exact definition and how it differs from nearby concepts.	Clear does not mean rigid.	high	flexible_benchmark	optional_after_answer	c4_k004_11	A firm measuring line that can be positioned appropriately for two different situations.	Standards should be clear without becoming impractical.	A benchmark remaining clear while being applied appropriately in different settings.	Learn to Lead, Volume 2, Chapter 4, Standards	8	approved	draft	LTL2-C4-Q010	45
LTL2-C4-Q012	The NCO	C4-O4	C4-K005	C4-K005-012	easy	recall	multiple_choice	mixed	cap_direct	The transition from airman to NCO is mainly a shift from	following orders to creating all policy	being cared for and taught to caring for and teaching others	technical work to administrative work	teamwork to independent work	B	A new NCO moves from being cared for to caring for others, and from being taught to teaching.	1	A new NCO moves from being cared for to caring for others, and from being taught to teaching.	NCOs usually carry out policy rather than create all policy.	A new NCO moves from being cared for to caring for others, and from being taught to teaching.	NCOs still need technical competence and may do both kinds of work.	NCOs become more responsible for teamwork, not less.	Choosing a related leadership idea that sounds reasonable but does not precisely answer the question.	Review The NCO on pages 9. Focus on the exact definition and how it differs from nearby concepts.	From me being helped to me helping.	high	before_after_diagram	optional_after_answer	c4_k005_12	An airman receiving instruction, then the same cadet NCO teaching a junior cadet.	The new NCO changes from learner to caretaker and teacher.	A cadet first receiving help and then teaching and caring for others.	Learn to Lead, Volume 2, Chapter 4, The NCO	9	approved	draft	LTL2-C4-Q013	25
LTL2-C4-Q013	The NCO	C4-O4	C4-K005	C4-K005-013	medium	understanding	multiple_choice	mixed	cap_direct	According to the chapter, rank primarily	confers privilege	gives freedom from supervision	imposes responsibility	proves leadership ability	C	Rank does not confer privilege; it imposes responsibility.	1	Rank does not confer privilege; it imposes responsibility.	The chapter explicitly rejects rank as privilege.	NCOs still answer to superiors.	Rank does not confer privilege; it imposes responsibility.	Rank creates responsibility but does not automatically prove skill.	Choosing a related leadership idea that sounds reasonable but does not precisely answer the question.	Review The NCO on pages 9. Focus on the exact definition and how it differs from nearby concepts.	More stripes, more responsibility.	high	insignia_responsibility	optional_after_answer	c4_k005_13	Additional stripes on insignia leading to a larger responsibility checklist.	Rank adds responsibility, not personal privilege.	Increasing rank insignia connected to increasing responsibility.	Learn to Lead, Volume 2, Chapter 4, The NCO	9	approved	draft	LTL2-C4-Q012	35
LTL2-C4-Q014	The NCO	C4-O5	C4-K006	C4-K006-014	medium	recognition	multiple_choice	mixed	cap_direct	Which is one of the NCO’s major responsibilities?	Establish every policy for the organization	Guide, instruct, and mentor junior members	Avoid correcting people unless ordered by an officer	Focus only on personal technical proficiency	B	NCOs act as first-line supervisors who guide, instruct, and mentor junior members.	1	NCOs act as first-line supervisors who guide, instruct, and mentor junior members.	Establishing broad policy is more characteristic of officers and higher leadership.	NCOs act as first-line supervisors who guide, instruct, and mentor junior members.	NCOs are responsible for helpful correction and safety.	NCOs keep learning, but they also develop and lead others.	Choosing a related leadership idea that sounds reasonable but does not precisely answer the question.	Review The NCO on pages 10. Focus on the exact definition and how it differs from nearby concepts.	NCOs grow people.	high	mentoring_diagram	optional_after_answer	c4_k006_14	An NCO guiding a junior cadet through a skill.	NCOs share experience so others can accomplish the mission.	A cadet NCO instructing and mentoring a junior member.	Learn to Lead, Volume 2, Chapter 4, The NCO	10	approved	draft	LTL2-C4-Q015|LTL2-C4-Q016|LTL2-C4-Q017	35
LTL2-C4-Q015	The NCO	C4-O5	C4-K006	C4-K006-015	hard	scenario	multiple_choice	mixed	scenario	An NCO sees a cadet performing a task unsafely but hesitates because correction may feel embarrassing. Which responsibility should control the decision?	Reward people	Support the leader	Correct people and protect safety	Career counsel	C	NCOs must step in and correct work helpfully, especially when safety is involved.	1	NCOs must step in and correct work helpfully, especially when safety is involved.	Recognition is important but does not address an unsafe act.	Supporting the leader includes mission support, but the immediate named responsibility is correction and safety.	NCOs must step in and correct work helpfully, especially when safety is involved.	Career counseling concerns opportunities and advancement, not immediate hazards.	Choosing a related leadership idea that sounds reasonable but does not precisely answer the question.	Review The NCO on pages 10. Focus on the exact definition and how it differs from nearby concepts.	See danger, step in.	high	safety_intervention	optional_after_answer	c4_k006_15	An NCO stopping an unsafe action and then demonstrating the correct method.	Helpful correction protects both the person and the mission.	An NCO stopping unsafe work and teaching the safer method.	Learn to Lead, Volume 2, Chapter 4, The NCO	10	approved	draft	LTL2-C4-Q014|LTL2-C4-Q016|LTL2-C4-Q017	45
LTL2-C4-Q016	The NCO	C4-O5	C4-K006	C4-K006-016	medium	application	multiple_choice	mixed	application	Which action best fulfills the NCO responsibility to reward people?	Giving praise only at formal ceremonies	Catching people doing things right and pointing to them as role models	Giving the same praise regardless of performance	Avoiding praise so cadets remain humble	B	NCOs recognize hard work when they see it and use good performers as positive examples.	1	NCOs recognize hard work when they see it and use good performers as positive examples.	Recognition should not be limited to ceremonies.	NCOs recognize hard work when they see it and use good performers as positive examples.	Meaningful recognition should connect to actual performance.	Appropriate praise supports motivation and standards.	Choosing a related leadership idea that sounds reasonable but does not precisely answer the question.	Review The NCO on pages 10. Focus on the exact definition and how it differs from nearby concepts.	Catch them doing right.	high	spotlight_positive	optional_after_answer	c4_k006_16	An NCO noticing and praising a cadet performing a task correctly.	Recognition reinforces the behavior the team needs.	An NCO praising a cadet for correct and helpful performance.	Learn to Lead, Volume 2, Chapter 4, The NCO	10	approved	draft	LTL2-C4-Q014|LTL2-C4-Q015|LTL2-C4-Q017	35
LTL2-C4-Q017	The NCO	C4-O5	C4-K006	C4-K006-017	hard	scenario	multiple_choice	mixed	scenario	A cadet asks an NCO which activities would build skills for a future emergency-services role. Which NCO responsibility is most directly involved?	Career counsel	Correct people	Support the leader	Epitomize the Core Values	A	Career counseling uses the NCO’s experience to connect people with opportunities that support advancement and personal goals.	1	Career counseling uses the NCO’s experience to connect people with opportunities that support advancement and personal goals.	Career counseling uses the NCO’s experience to connect people with opportunities that support advancement and personal goals.	No performance error is being corrected.	Supporting the leader is not the main purpose of this conversation.	Core Values should guide all conduct, but the specific responsibility is career counsel.	Choosing a related leadership idea that sounds reasonable but does not precisely answer the question.	Review The NCO on pages 10. Focus on the exact definition and how it differs from nearby concepts.	Counsel connects goals to opportunities.	high	pathway_diagram	optional_after_answer	c4_k006_17	A cadet goal connected by arrows to training opportunities and advancement.	Career counseling helps people choose useful opportunities.	A leader helping a cadet map activities toward a future goal.	Learn to Lead, Volume 2, Chapter 4, The NCO	10	approved	draft	LTL2-C4-Q014|LTL2-C4-Q015|LTL2-C4-Q016	45
LTL2-C4-Q018	The NCO	C4-O5	C4-K006	C4-K006-018	medium	understanding	multiple_choice	mixed	cap_direct	Why must NCOs keep learning?	To eliminate the need for officers	Because professional leaders must remain competent and able to teach others	Because learning matters only until promotion	To avoid delegating technical tasks	B	NCOs continuously build competence so they can perform, instruct, and lead professionally.	1	NCOs continuously build competence so they can perform, instruct, and lead professionally.	NCOs and officers have complementary roles.	NCOs continuously build competence so they can perform, instruct, and lead professionally.	Professional learning continues throughout leadership.	Competence supports wise delegation; it does not eliminate it.	Choosing a related leadership idea that sounds reasonable but does not precisely answer the question.	Review The NCO on pages 10. Focus on the exact definition and how it differs from nearby concepts.	Learn it, live it, teach it.	high	cycle_diagram	optional_after_answer	c4_k006_18	A cycle labeled Learn, Perform, Teach, Improve.	Continuous learning keeps the NCO ready to lead and instruct.	A cycle showing learning leading to performance, teaching, and improvement.	Learn to Lead, Volume 2, Chapter 4, The NCO	10	approved	draft	LTL2-C4-Q014|LTL2-C4-Q015|LTL2-C4-Q016	35
LTL2-C4-Q019	The NCO	C4-O5	C4-K006	C4-K006-019	hard	analysis	multiple_choice	mixed	application	Which statement best summarizes the seven NCO responsibilities?	They focus on using rank to make others comply	They combine personal example, people development, mission support, recognition, correction, counseling, and continued learning	They are mainly ceremonial duties associated with military bearing	They transfer responsibility for junior cadets to officers	B	The NCO role blends example, development, support, reward, correction, counseling, and professional growth.	1	The NCO role blends example, development, support, reward, correction, counseling, and professional growth.	Rank is responsibility, not a tool for personal control.	The NCO role blends example, development, support, reward, correction, counseling, and professional growth.	Military bearing matters, but the responsibilities are much broader.	NCOs are first-line supervisors directly responsible for junior members.	Choosing a related leadership idea that sounds reasonable but does not precisely answer the question.	Review The NCO on pages 9-10. Focus on the exact definition and how it differs from nearby concepts.	Example, develop, support, reward, correct, counsel, learn.	high	seven_spoke_wheel	optional_after_answer	c4_k006_19	A seven-spoke wheel with the seven NCO responsibilities around Mission.	The NCO’s responsibilities connect people, standards, and mission.	A wheel showing seven responsibilities supporting mission accomplishment.	Learn to Lead, Volume 2, Chapter 4, The NCO	9-10	approved	draft	LTL2-C4-Q014|LTL2-C4-Q015|LTL2-C4-Q016	45
LTL2-C4-Q020	NCO Readiness	C4-O5	C4-K007	C4-K007-020	easy	recall	multiple_choice	mixed	cap_direct	The Air Force identifies which three areas of NCO readiness?	Technical, physical, and mental	Tactical, operational, and strategic	Academic, ethical, and social	Individual, team, and organizational	A	NCO readiness has three parts: technical, physical, and mental.	1	NCO readiness has three parts: technical, physical, and mental.	NCO readiness has three parts: technical, physical, and mental.	These are leadership arenas, not readiness categories.	These may affect a cadet but are not the chapter’s three readiness areas.	These describe levels of focus, not readiness.	Choosing a related leadership idea that sounds reasonable but does not precisely answer the question.	Review NCO Readiness on pages 11. Focus on the exact definition and how it differs from nearby concepts.	TPM: Technical, Physical, Mental.	high	three_part_icon_card	optional_after_answer	c4_k007_20	Three icons: tools, fitness, and focused mind.	Readiness means technical, physical, and mental preparation.	Tools, a fitness figure, and a focused mind representing three readiness areas.	Learn to Lead, Volume 2, Chapter 4, NCO Readiness	11	approved	draft	LTL2-C4-Q021|LTL2-C4-Q022|LTL2-C4-Q023	25
LTL2-C4-Q021	NCO Readiness	C4-O5	C4-K007	C4-K007-021	medium	understanding	multiple_choice	mixed	cap_direct	Technical readiness is chiefly concerned with	knowing the mission, tasks, standards, and regulations	maintaining enthusiasm during conflict	building physical endurance	understanding long-term organizational strategy	A	Technical readiness means possessing the job knowledge needed to accomplish and judge the mission.	1	Technical readiness means possessing the job knowledge needed to accomplish and judge the mission.	Technical readiness means possessing the job knowledge needed to accomplish and judge the mission.	That relates more to morale and mental readiness.	That is physical readiness.	Strategy may matter, but technical readiness focuses on job details and standards.	Choosing a related leadership idea that sounds reasonable but does not precisely answer the question.	Review NCO Readiness on pages 11. Focus on the exact definition and how it differs from nearby concepts.	Technical = know the job.	high	toolkit_diagram	optional_after_answer	c4_k007_21	A toolkit labeled Mission, Tasks, Standards, Regulation.	Technical readiness is knowing how the job must be done.	A toolkit containing the mission, tasks, standards, and regulations.	Learn to Lead, Volume 2, Chapter 4, NCO Readiness	11	approved	draft	LTL2-C4-Q020|LTL2-C4-Q022|LTL2-C4-Q023	35
LTL2-C4-Q022	NCO Readiness	C4-O6	C4-K007	C4-K007-022	medium	application	multiple_choice	mixed	application	Which cadet best demonstrates physical readiness?	A cadet who can quote every regulation but never exercises	A cadet who maintains fitness and can lead training by example	A cadet who avoids strenuous activity to conserve energy	A cadet who delegates all fitness instruction to younger members	B	Physical readiness means maintaining health and fitness so the leader helps rather than hinders the mission.	1	Physical readiness means maintaining health and fitness so the leader helps rather than hinders the mission.	Knowledge is technical readiness, not physical readiness.	Physical readiness means maintaining health and fitness so the leader helps rather than hinders the mission.	Avoiding necessary conditioning does not prepare the leader.	NCOs traditionally model and lead fitness readiness.	Choosing a related leadership idea that sounds reasonable but does not precisely answer the question.	Review NCO Readiness on pages 11. Focus on the exact definition and how it differs from nearby concepts.	Fit enough to help, not hinder.	high	fitness_leadership	optional_after_answer	c4_k007_22	An NCO participating in and leading fitness training.	Physical readiness allows the leader to support the mission by example.	A cadet NCO exercising alongside and leading the unit.	Learn to Lead, Volume 2, Chapter 4, NCO Readiness	11	approved	draft	LTL2-C4-Q020|LTL2-C4-Q021|LTL2-C4-Q023	35
LTL2-C4-Q023	NCO Readiness	C4-O6	C4-K007	C4-K007-023	hard	scenario	multiple_choice	mixed	scenario	A cadet knows the job and passes fitness standards but is overwhelmed, distracted, and unable to focus on duties. Which readiness area is weakest?	Technical readiness	Physical readiness	Mental readiness	Operational readiness	C	Mental readiness requires focus, stress management, healthy attitudes, and seeking help when needed.	1	Mental readiness requires focus, stress management, healthy attitudes, and seeking help when needed.	The cadet already knows the job.	The cadet meets fitness standards.	Mental readiness requires focus, stress management, healthy attitudes, and seeking help when needed.	Operational is a leadership arena, not one of the three readiness categories.	Choosing a related leadership idea that sounds reasonable but does not precisely answer the question.	Review NCO Readiness on pages 11. Focus on the exact definition and how it differs from nearby concepts.	Ready body and skills still need a ready mind.	high	three_leg_stool	optional_after_answer	c4_k007_23	A three-legged stool with the Mental leg cracked while Technical and Physical remain intact.	All three forms of readiness are necessary.	A readiness stool showing technical and physical strength but weak mental readiness.	Learn to Lead, Volume 2, Chapter 4, NCO Readiness	11	approved	draft	LTL2-C4-Q020|LTL2-C4-Q021|LTL2-C4-Q022	45
LTL2-C4-Q024	NCO Readiness	C4-O6	C4-K008	C4-K008-024	medium	scenario	multiple_choice	mixed	scenario	A cadet notices a teammate talking about suicide. What response best reflects mental readiness and the wingman concept?	Promise to keep it secret and handle it alone	Tell the cadet to toughen up	Reach out promptly to a trusted adult for help	Wait to see whether the comments continue	C	Mental readiness includes noticing serious warning signs and obtaining adult help rather than handling them alone.	1	Mental readiness includes noticing serious warning signs and obtaining adult help rather than handling them alone.	Safety concerns should not be kept secret from responsible adults.	Dismissal is not supportive and may increase danger.	Mental readiness includes noticing serious warning signs and obtaining adult help rather than handling them alone.	Talk of suicide requires prompt action, not delay.	Choosing a related leadership idea that sounds reasonable but does not precisely answer the question.	Review NCO Readiness on pages 11. Focus on the exact definition and how it differs from nearby concepts.	Serious warning? Bring in an adult.	high	help_pathway	optional_after_answer	c4_k008_24	A cadet noticing a warning sign and connecting the teammate to a trusted adult.	Mental readiness includes reaching for qualified help.	A cadet guiding a distressed teammate toward a trusted adult.	Learn to Lead, Volume 2, Chapter 4, NCO Readiness	11	approved	draft		35
LTL2-C4-Q025	NCO Readiness	C4-O5	C4-K007	C4-K007-025	hard	analysis	multiple_choice	mixed	application	Why are the three readiness areas mutually dependent?	Strength in one area automatically corrects weakness in another	Failure in any one area can prevent the leader from helping the mission	Only mental readiness affects leadership by example	Technical readiness matters only during emergencies	B	A leader lacking job knowledge, health, or mental focus can hinder the team despite strength in the other two areas.	1	A leader lacking job knowledge, health, or mental focus can hinder the team despite strength in the other two areas.	The chapter treats the three as separate necessary requirements.	A leader lacking job knowledge, health, or mental focus can hinder the team despite strength in the other two areas.	All three are modeled through leadership by example.	Technical competence is needed in routine and emergency work.	Choosing a related leadership idea that sounds reasonable but does not precisely answer the question.	Review NCO Readiness on pages 11. Focus on the exact definition and how it differs from nearby concepts.	Three ready parts, one mission.	high	interlocking_gears	optional_after_answer	c4_k007_25	Three interlocking gears labeled Technical, Physical, Mental driving Mission.	Mission readiness depends on all three gears working.	Three gears for technical, physical, and mental readiness powering the mission.	Learn to Lead, Volume 2, Chapter 4, NCO Readiness	11	approved	draft	LTL2-C4-Q020|LTL2-C4-Q021|LTL2-C4-Q022	45
LTL2-C4-Q026	Servant Leadership	C4-O7	C4-K009	C4-K009-026	easy	recall	multiple_choice	mixed	cap_direct	Servant leadership means the leader sees himself or herself primarily as	the team’s controller	a servant of the team	the most experienced expert	the final source of all decisions	B	A servant-leader sees service to the team as the primary role.	1	A servant-leader sees service to the team as the primary role.	The chapter contrasts servant leadership with controlling people.	A servant-leader sees service to the team as the primary role.	Expertise may help, but it is not the defining perspective.	Servant leaders involve and develop others rather than claiming all decisions.	Choosing a related leadership idea that sounds reasonable but does not precisely answer the question.	Review Servant Leadership on pages 12. Focus on the exact definition and how it differs from nearby concepts.	Serve first, lead second.	high	service_first	optional_after_answer	c4_k009_26	The word Serve placed before Lead on a path.	Servant leadership begins with service.	A pathway showing service coming before leadership.	Learn to Lead, Volume 2, Chapter 4, Servant Leadership	12	approved	draft	LTL2-C4-Q027	25
LTL2-C4-Q027	Servant Leadership	C4-O7	C4-K009	C4-K009-027	medium	understanding	multiple_choice	mixed	cap_direct	What is the goal of servant leadership?	To make followers dependent on the leader	To enhance individual growth, teamwork, and involvement	To reduce the leader’s responsibility for standards	To avoid using authority under any circumstance	B	Servant leadership develops people and strengthens teamwork and personal involvement.	1	Servant leadership develops people and strengthens teamwork and personal involvement.	A servant-leader helps people grow rather than become dependent.	Servant leadership develops people and strengthens teamwork and personal involvement.	Service does not remove responsibility for standards.	Authority can still be used; the issue is whether it serves the mission and people.	Choosing a related leadership idea that sounds reasonable but does not precisely answer the question.	Review Servant Leadership on pages 12. Focus on the exact definition and how it differs from nearby concepts.	Serve so people and teamwork grow.	high	growth_diagram	optional_after_answer	c4_k009_27	A leader watering two plants labeled People and Teamwork.	Service-oriented leadership helps people and teams grow.	A leader nurturing growth in individuals and teamwork.	Learn to Lead, Volume 2, Chapter 4, Servant Leadership	12	approved	draft	LTL2-C4-Q026	35
LTL2-C4-Q028	Servant Leadership	C4-O8	C4-K010	C4-K010-028	hard	misconception	multiple_choice	mixed	application	Which statement best distinguishes being a servant from being servile?	A servant chooses to help; a servile person is treated as powerless or slave-like	A servant obeys every request; a servile person follows only lawful orders	A servant avoids leadership; a servile person seeks rank	A servant works for free; a servile person is paid	A	Service is a willing, dignified choice to help; servility implies degrading subjection.	1	Service is a willing, dignified choice to help; servility implies degrading subjection.	Service is a willing, dignified choice to help; servility implies degrading subjection.	The difference is not unlimited obedience versus lawful obedience.	Servant leadership is still leadership.	Payment is unrelated to the chapter’s distinction.	Choosing a related leadership idea that sounds reasonable but does not precisely answer the question.	Review Servant Leadership on pages 12. Focus on the exact definition and how it differs from nearby concepts.	Chosen service is strength; servility is subjection.	high	comparison_diagram	optional_after_answer	c4_k010_28	One person voluntarily helping beside another shown as powerless and compelled.	Serving by choice is not the same as being servile.	A voluntary helper contrasted with a person forced into degrading service.	Learn to Lead, Volume 2, Chapter 4, Servant Leadership	12	approved	draft	LTL2-C4-Q029|LTL2-C4-Q030|LTL2-C4-Q033	45
LTL2-C4-Q029	Servant Leadership	C4-O9	C4-K010	C4-K010-029	medium	scenario	multiple_choice	mixed	scenario	At a field activity, which action best demonstrates servant leadership by an NCO?	Taking the first meal because rank carries privileges	Waiting until the team is fed, then eating	Doing every subordinate’s work to show humility	Ignoring standards so everyone feels comfortable	B	A servant-leader places the team’s needs first without abandoning standards or doing others’ responsibilities for them.	1	A servant-leader places the team’s needs first without abandoning standards or doing others’ responsibilities for them.	The chapter gives the opposite example: airmen come first.	A servant-leader places the team’s needs first without abandoning standards or doing others’ responsibilities for them.	Servant leaders help people grow; they do not make them passive by doing all their work.	Service includes helping people meet high standards.	Choosing a related leadership idea that sounds reasonable but does not precisely answer the question.	Review Servant Leadership on pages 13. Focus on the exact definition and how it differs from nearby concepts.	Feed the team before feeding the ego.	high	meal_line_diagram	optional_after_answer	c4_k010_29	An NCO serving the team before taking a meal.	Servant leaders put the team’s legitimate needs first.	An NCO ensuring team members are fed before eating.	Learn to Lead, Volume 2, Chapter 4, Servant Leadership	13	approved	draft	LTL2-C4-Q028|LTL2-C4-Q030|LTL2-C4-Q033	35
LTL2-C4-Q030	Servant Leadership	C4-O9	C4-K010	C4-K010-030	hard	scenario	multiple_choice	mixed	scenario	During a uniform inspection, a servant-leader should primarily aim to	find as many errors as possible to prove authority	help each cadet meet the standard	avoid identifying errors to preserve morale	correct the uniform personally without teaching	B	The servant-leader uses inspection to help people reach high standards, not to intimidate or play “gotcha.”	1	The servant-leader uses inspection to help people reach high standards, not to intimidate or play “gotcha.”	This centers the leader’s power rather than the cadet’s growth.	The servant-leader uses inspection to help people reach high standards, not to intimidate or play “gotcha.”	Service does not mean ignoring standards.	Doing the work for the cadet prevents learning.	Choosing a related leadership idea that sounds reasonable but does not precisely answer the question.	Review Servant Leadership on pages 13. Focus on the exact definition and how it differs from nearby concepts.	Inspect to improve, not intimidate.	high	inspection_comparison	optional_after_answer	c4_k010_30	Two inspection styles: gotcha red marks versus coaching toward the standard.	The purpose of correction is growth and standards.	A helpful inspection contrasted with an intimidating fault-finding inspection.	Learn to Lead, Volume 2, Chapter 4, Servant Leadership	13	approved	draft	LTL2-C4-Q028|LTL2-C4-Q029|LTL2-C4-Q033	45
LTL2-C4-Q031	Servant Leadership	C4-O8	C4-K011	C4-K011-031	medium	understanding	multiple_choice	mixed	cap_direct	Why is servant leadership especially useful to a new NCO?	It allows the NCO to avoid giving orders	It counters arrogance and focuses attention on the team’s needs	It replaces the chain of command	It guarantees that followers will like every decision	B	Servant leadership helps new NCOs move away from self-centered rank and toward caring for the team.	1	Servant leadership helps new NCOs move away from self-centered rank and toward caring for the team.	Servant leaders can give lawful direction when needed.	Servant leadership helps new NCOs move away from self-centered rank and toward caring for the team.	It operates within the military chain of command.	Responsible decisions may still be unpopular.	Choosing a related leadership idea that sounds reasonable but does not precisely answer the question.	Review Servant Leadership on pages 13. Focus on the exact definition and how it differs from nearby concepts.	New stripes? Look outward, not inward.	high	spotlight_shift	optional_after_answer	c4_k011_31	A spotlight moving from an NCO’s insignia to the team.	Servant leadership shifts focus from rank to responsibility.	A new NCO redirecting attention from personal rank to team needs.	Learn to Lead, Volume 2, Chapter 4, Servant Leadership	13	approved	draft	LTL2-C4-Q032	35
LTL2-C4-Q032	Servant Leadership	C4-O10	C4-K011	C4-K011-032	hard	analysis	multiple_choice	mixed	application	Why is servant leadership consistent with Air Force values despite a top-down hierarchy?	Because it removes the need for authority	Because service before self and caring strengthen mission accomplishment	Because followers may disregard orders they dislike	Because servant leaders place individual comfort above the mission	B	Service Before Self and caring fit military values because developing and supporting people helps the mission succeed.	1	Service Before Self and caring fit military values because developing and supporting people helps the mission succeed.	Hierarchy and authority remain; they are used responsibly.	Service Before Self and caring fit military values because developing and supporting people helps the mission succeed.	Servant leadership does not cancel lawful obedience.	Service supports growth and mission, not mere comfort.	Choosing a related leadership idea that sounds reasonable but does not precisely answer the question.	Review Servant Leadership on pages 14. Focus on the exact definition and how it differs from nearby concepts.	Caring is mission power.	high	bond_to_mission	optional_after_answer	c4_k011_32	Arrows from Care to Trust to Teamwork to Mission Success.	Service and caring strengthen the team’s ability to accomplish the mission.	A chain showing caring building trust, teamwork, and mission success.	Learn to Lead, Volume 2, Chapter 4, Servant Leadership	14	approved	draft	LTL2-C4-Q031	45
LTL2-C4-Q033	Servant Leadership	C4-O9	C4-K010	C4-K010-033	hard	scenario	multiple_choice	mixed	scenario	A team is short-handed. The officer in charge says, “I lead; I don’t do,” and watches while the team struggles. What is the strongest criticism?	The officer is delegating appropriately	The officer is confusing leadership with status and failing to serve the team	The officer should take over every task permanently	The officer is correct because leaders must remain separate from workers	B	Servant leadership rejects prideful distance; leaders should help when needed while still directing the mission.	1	Servant leadership rejects prideful distance; leaders should help when needed while still directing the mission.	Delegation is not the issue when the team lacks needed help and the leader refuses from pride.	Servant leadership rejects prideful distance; leaders should help when needed while still directing the mission.	Helping in a crisis does not mean doing every task forever.	The chapter’s Washington story rejects this status-based view.	Choosing a related leadership idea that sounds reasonable but does not precisely answer the question.	Review Servant Leadership on pages 14. Focus on the exact definition and how it differs from nearby concepts.	Too important to help is too proud to lead.	high	leader_worker_bystander	optional_after_answer	c4_k010_33	A leader stepping down to work beside a short-handed team.	Great leaders are willing to serve beside their people.	A leader joining a struggling team rather than watching from a distance.	Learn to Lead, Volume 2, Chapter 4, Servant Leadership	14	approved	draft	LTL2-C4-Q028|LTL2-C4-Q029|LTL2-C4-Q030	45
LTL2-C4-Q034	Coaching & Mentoring	C4-O11	C4-K012	C4-K012-034	easy	recall	multiple_choice	mixed	cap_direct	In leadership, coaching is the process through which leaders	evaluate promotions only	solve performance problems and develop people	replace formal standards with personal advice	give orders without discussion	B	Coaching addresses performance problems while helping people develop.	1	Coaching addresses performance problems while helping people develop.	Promotion evaluation is much narrower than coaching.	Coaching addresses performance problems while helping people develop.	Coaching works toward standards rather than replacing them.	Coaching is a positive person-to-person process, not mere command.	Choosing a related leadership idea that sounds reasonable but does not precisely answer the question.	Review Coaching & Mentoring on pages 15. Focus on the exact definition and how it differs from nearby concepts.	Solve performance, develop people.	high	two_goal_diagram	optional_after_answer	c4_k012_34	Two arrows from Coaching to Better Performance and Personal Growth.	Coaching improves performance and develops the person.	Coaching leading to improved performance and personal growth.	Learn to Lead, Volume 2, Chapter 4, Coaching & Mentoring	15	approved	draft	LTL2-C4-Q035	25
LTL2-C4-Q035	Coaching & Mentoring	C4-O12	C4-K012	C4-K012-035	medium	understanding	multiple_choice	mixed	cap_direct	What makes coaching a servant-leadership activity?	The coach controls every decision	The coach provides guidance and support through a positive bond of trust	The coach avoids discussing weaknesses	The coach performs the task instead of the learner	B	Coaching serves the follower through trust, guidance, and positive help.	1	Coaching serves the follower through trust, guidance, and positive help.	Control is not the purpose of coaching.	Coaching serves the follower through trust, guidance, and positive help.	Performance problems must be addressed honestly.	Development requires the learner to practice and grow.	Choosing a related leadership idea that sounds reasonable but does not precisely answer the question.	Review Coaching & Mentoring on pages 15. Focus on the exact definition and how it differs from nearby concepts.	No trust, no coaching.	high	trust_bridge	optional_after_answer	c4_k012_35	A bridge labeled Trust connecting Coach and Coachee.	Coaching works through a positive relationship of trust.	A coach and learner connected by a bridge labeled trust.	Learn to Lead, Volume 2, Chapter 4, Coaching & Mentoring	15	approved	draft	LTL2-C4-Q034	35
LTL2-C4-Q036	Coaching & Mentoring	C4-O11	C4-K013	C4-K013-036	medium	application	multiple_choice	mixed	application	When is coaching most appropriate?	Only after formal discipline has failed	Whenever someone needs help reaching a higher level of effectiveness	Only when a follower asks for it	Only for technical errors	B	Coaching is appropriate whenever a leader identifies a need to improve effectiveness or growth.	1	Coaching is appropriate whenever a leader identifies a need to improve effectiveness or growth.	Coaching often occurs before formal discipline and may prevent problems.	Coaching is appropriate whenever a leader identifies a need to improve effectiveness or growth.	Leaders may appropriately initiate coaching.	Coaching can address technical, emotional, and behavioral performance.	Choosing a related leadership idea that sounds reasonable but does not precisely answer the question.	Review Coaching & Mentoring on pages 15. Focus on the exact definition and how it differs from nearby concepts.	Gap to growth? Coach.	high	gap_bridge	optional_after_answer	c4_k013_36	A performance gap bridged by coaching toward a higher level.	Coaching helps someone cross from current performance to better performance.	A bridge labeled coaching spanning a gap from current to improved performance.	Learn to Lead, Volume 2, Chapter 4, Coaching & Mentoring	15	approved	draft		35
LTL2-C4-Q037	Coaching & Mentoring	C4-O13	C4-K014	C4-K014-037	medium	recall	multiple_choice	mixed	cap_direct	Which sequence best represents the chapter’s basic coaching process?	Observe, punish, report, dismiss	Prepare, observe, analyze, conduct dialogue, follow up	Explain, demonstrate, test, promote	Listen, agree, praise, end	B	Successful coaching includes preparation, observation, analysis, dialogue, and follow-up.	1	Successful coaching includes preparation, observation, analysis, dialogue, and follow-up.	Punishment is not the coaching process.	Successful coaching includes preparation, observation, analysis, dialogue, and follow-up.	This resembles instruction but omits diagnosis and follow-up.	Coaching requires more than agreement and praise.	Choosing a related leadership idea that sounds reasonable but does not precisely answer the question.	Review Coaching & Mentoring on pages 16-18. Focus on the exact definition and how it differs from nearby concepts.	POADF: Prepare, Observe, Analyze, Dialogue, Follow up.	high	five_step_path	optional_after_answer	c4_k014_37	Five connected steps labeled Prepare, Observe, Analyze, Dialogue, Follow Up.	Effective coaching follows a deliberate five-step process.	A five-step coaching path from preparation through follow-up.	Learn to Lead, Volume 2, Chapter 4, Coaching & Mentoring	16-18	approved	draft	LTL2-C4-Q038|LTL2-C4-Q041	35
LTL2-C4-Q038	Coaching & Mentoring	C4-O13	C4-K014	C4-K014-038	hard	scenario	multiple_choice	mixed	scenario	Before coaching a cadet on weak drill performance, what should the leader do first?	Assume laziness is the cause	Clarify the standard and gather facts through observation	Begin with a warning about punishment	Ask other cadets to vote on the cause	B	Coaching begins with preparation and objective observation before conclusions are drawn.	1	Coaching begins with preparation and objective observation before conclusions are drawn.	The leader must distinguish ability, knowledge, and willingness rather than assume motive.	Coaching begins with preparation and objective observation before conclusions are drawn.	Coaching is positive and diagnostic, not punishment-first.	Peer opinion is not a substitute for observing performance and standards.	Choosing a related leadership idea that sounds reasonable but does not precisely answer the question.	Review Coaching & Mentoring on pages 16. Focus on the exact definition and how it differs from nearby concepts.	Facts before fixes.	high	magnifying_glass_standard	optional_after_answer	c4_k014_38	A leader comparing observed performance with a clear standard before coaching.	Good coaching diagnoses before prescribing.	A leader observing performance and comparing it to the standard.	Learn to Lead, Volume 2, Chapter 4, Coaching & Mentoring	16	approved	draft	LTL2-C4-Q037|LTL2-C4-Q041	45
LTL2-C4-Q039	Coaching & Mentoring	C4-O14	C4-K015	C4-K015-039	hard	application	multiple_choice	mixed	application	Which opening question is most likely to support a productive coaching dialogue?	Why are you always careless?	What happened from your point of view?	Do you admit you failed?	Wouldn’t you agree my method is better?	B	Open-ended, non-accusing questions invite information and help the learner analyze performance.	1	Open-ended, non-accusing questions invite information and help the learner analyze performance.	This is accusatory and assumes a pattern and motive.	Open-ended, non-accusing questions invite information and help the learner analyze performance.	This pressures confession rather than understanding.	This leading question seeks agreement instead of dialogue.	Choosing a related leadership idea that sounds reasonable but does not precisely answer the question.	Review Coaching & Mentoring on pages 17-18. Focus on the exact definition and how it differs from nearby concepts.	Ask to understand, not to accuse.	high	speech_bubble_comparison	optional_after_answer	c4_k015_39	An open question bubble contrasted with an accusing question bubble.	Open questions create useful coaching dialogue.	A coach asking an open, respectful question instead of making an accusation.	Learn to Lead, Volume 2, Chapter 4, Coaching & Mentoring	17-18	approved	draft	LTL2-C4-Q040	45
LTL2-C4-Q040	Coaching & Mentoring	C4-O14	C4-K015	C4-K015-040	hard	scenario	multiple_choice	mixed	scenario	A coach gives only vague praise—“Good job”—after a practice. What is the main weakness?	Praise should never be used in coaching	The feedback is not specific enough to guide improvement	The coach should have corrected every error at once	Positive comments make standards less important	B	Useful feedback identifies specific behavior so the learner knows what to repeat or improve.	1	Useful feedback identifies specific behavior so the learner knows what to repeat or improve.	Positive reinforcement can be valuable.	Useful feedback identifies specific behavior so the learner knows what to repeat or improve.	Overloading the learner with every error may reduce effectiveness.	Specific praise can reinforce standards.	Choosing a related leadership idea that sounds reasonable but does not precisely answer the question.	Review Coaching & Mentoring on pages 18. Focus on the exact definition and how it differs from nearby concepts.	Name the behavior, not just the feeling.	high	specific_feedback	optional_after_answer	c4_k015_40	Generic 'Good job' beside specific feedback highlighting one successful action.	Specific feedback tells the learner what worked.	A comparison between vague praise and precise performance feedback.	Learn to Lead, Volume 2, Chapter 4, Coaching & Mentoring	18	approved	draft	LTL2-C4-Q039	45
LTL2-C4-Q041	Coaching & Mentoring	C4-O13	C4-K014	C4-K014-041	hard	analysis	multiple_choice	mixed	application	Why is follow-up essential after a coaching conversation?	It lets the leader repeat the same lecture	It checks whether improvement occurred and reinforces accountability and support	It transfers responsibility back to the coach	It guarantees immediate mastery	B	Follow-up verifies progress, keeps commitments visible, and allows additional support.	1	Follow-up verifies progress, keeps commitments visible, and allows additional support.	Follow-up is not merely repetition.	Follow-up verifies progress, keeps commitments visible, and allows additional support.	The learner remains responsible for growth.	Improvement may require time and further practice.	Choosing a related leadership idea that sounds reasonable but does not precisely answer the question.	Review Coaching & Mentoring on pages 18. Focus on the exact definition and how it differs from nearby concepts.	Coach, check, continue.	high	feedback_loop	optional_after_answer	c4_k014_41	A loop from coaching to practice to follow-up to adjustment.	Follow-up turns a conversation into sustained improvement.	A coaching cycle showing practice, follow-up, and adjustment.	Learn to Lead, Volume 2, Chapter 4, Coaching & Mentoring	18	approved	draft	LTL2-C4-Q037|LTL2-C4-Q038	45
LTL2-C4-Q042	Supervision & Discipline	C4-O15	C4-K016	C4-K016-042	easy	recall	multiple_choice	mixed	cap_direct	To supervise means to	punish people who miss standards	observe and direct people in fulfillment of the mission	complete the team’s work personally	write policies for the organization	B	Supervision is observing and directing people so the mission is fulfilled.	1	Supervision is observing and directing people so the mission is fulfilled.	Punishment is only one possible consequence and not the definition.	Supervision is observing and directing people so the mission is fulfilled.	Supervisors lead work rather than doing all work themselves.	Policy creation is not the defining act of supervision.	Choosing a related leadership idea that sounds reasonable but does not precisely answer the question.	Review Supervision & Discipline on pages 19. Focus on the exact definition and how it differs from nearby concepts.	Watch, guide, mission.	high	eye_arrow_target	optional_after_answer	c4_k016_42	An eye observing work, an arrow guiding, and a mission target.	Supervision combines observation and direction toward the mission.	An eye and guiding arrow leading a team toward a mission target.	Learn to Lead, Volume 2, Chapter 4, Supervision & Discipline	19	approved	draft	LTL2-C4-Q043	25
LTL2-C4-Q043	Supervision & Discipline	C4-O15	C4-K016	C4-K016-043	medium	understanding	multiple_choice	mixed	cap_direct	Why are trust and fairness cornerstones of supervision?	They make standards optional	People are more willing to accept direction and correction from a credible, consistent leader	They remove the need for accountability	They ensure everyone receives identical treatment regardless of circumstances	B	Trust and fairness make supervision legitimate because people see standards applied honestly and consistently.	1	Trust and fairness make supervision legitimate because people see standards applied honestly and consistently.	Trust and fairness support standards rather than weaken them.	Trust and fairness make supervision legitimate because people see standards applied honestly and consistently.	Fair supervision includes accountability.	Fairness means appropriate and impartial treatment, not mechanically identical treatment.	Choosing a related leadership idea that sounds reasonable but does not precisely answer the question.	Review Supervision & Discipline on pages 19. Focus on the exact definition and how it differs from nearby concepts.	Trust opens ears; fairness keeps them open.	high	foundation_diagram	optional_after_answer	c4_k016_43	A supervision structure resting on two foundation blocks labeled Trust and Fairness.	Effective supervision stands on trust and fairness.	A building labeled Supervision supported by trust and fairness.	Learn to Lead, Volume 2, Chapter 4, Supervision & Discipline	19	approved	draft	LTL2-C4-Q042	35
LTL2-C4-Q044	Supervision & Discipline	C4-O16	C4-K017	C4-K017-044	easy	recall	multiple_choice	mixed	cap_direct	Punishment is intended primarily to teach someone which behaviors to	repeat	avoid	explain	delegate	B	Punishment applies an unpleasant consequence to teach which behavior should be avoided.	1	Punishment applies an unpleasant consequence to teach which behavior should be avoided.	Reinforcement is used to encourage repetition.	Punishment applies an unpleasant consequence to teach which behavior should be avoided.	Explanation may accompany discipline but is not punishment’s definition.	Delegation is unrelated.	Choosing a related leadership idea that sounds reasonable but does not precisely answer the question.	Review Supervision & Discipline on pages 20. Focus on the exact definition and how it differs from nearby concepts.	Punishment points away from a behavior.	high	avoid_sign	optional_after_answer	c4_k017_44	A behavior leading to a red stop sign marked Avoid.	Punishment discourages a behavior from happening again.	A stop sign showing a behavior that should be avoided.	Learn to Lead, Volume 2, Chapter 4, Supervision & Discipline	20	approved	draft		25
LTL2-C4-Q045	Supervision & Discipline	C4-O17	C4-K018	C4-K018-045	medium	understanding	multiple_choice	mixed	cap_direct	Constructive discipline differs from punishment because constructive discipline	focuses on getting the person back on course and meeting standards	avoids all unpleasant consequences	is used only when ability is low	must always be private and informal	A	Constructive discipline is corrective and positive in purpose: return the follower to acceptable performance.	1	Constructive discipline is corrective and positive in purpose: return the follower to acceptable performance.	Constructive discipline is corrective and positive in purpose: return the follower to acceptable performance.	Consequences may sometimes be appropriate, but the goal is correction.	Leaders must distinguish ability from willingness; discipline mainly addresses unwillingness.	Privacy is generally wise, but the defining difference is purpose.	Choosing a related leadership idea that sounds reasonable but does not precisely answer the question.	Review Supervision & Discipline on pages 20. Focus on the exact definition and how it differs from nearby concepts.	Discipline = course correction.	high	course_correction	optional_after_answer	c4_k018_45	A path veering away from a standard and being guided back.	Constructive discipline guides performance back to the standard.	A person being redirected from an off-course path toward the standard.	Learn to Lead, Volume 2, Chapter 4, Supervision & Discipline	20	approved	draft	LTL2-C4-Q046|LTL2-C4-Q051	35
LTL2-C4-Q046	Supervision & Discipline	C4-O18	C4-K018	C4-K018-046	hard	scenario	multiple_choice	mixed	scenario	A cadet fails to salute because the cadet was never taught when to salute. What should the leader address first?	Willingness through discipline	Ability and knowledge through instruction or coaching	Punishment to protect standards	A formal report to the commander	B	The leader must distinguish inability from unwillingness; a knowledge gap calls for teaching or coaching.	1	The leader must distinguish inability from unwillingness; a knowledge gap calls for teaching or coaching.	Discipline is inappropriate if the cadet does not know the standard.	The leader must distinguish inability from unwillingness; a knowledge gap calls for teaching or coaching.	Punishment without instruction would be unfair and ineffective.	Routine learning errors usually should be handled at the lowest appropriate level.	Choosing a related leadership idea that sounds reasonable but does not precisely answer the question.	Review Supervision & Discipline on pages 20-21. Focus on the exact definition and how it differs from nearby concepts.	Can’t do? Teach. Won’t do? Discipline.	high	decision_tree	optional_after_answer	c4_k018_46	A two-branch tree: Cannot leads to Teach; Will Not leads to Discipline.	Leaders must separate ability problems from willingness problems.	A decision tree distinguishing inability from unwillingness.	Learn to Lead, Volume 2, Chapter 4, Supervision & Discipline	20-21	approved	draft	LTL2-C4-Q045|LTL2-C4-Q051	45
LTL2-C4-Q047	Supervision & Discipline	C4-O18	C4-K019	C4-K019-047	medium	application	multiple_choice	mixed	application	When should constructive discipline normally occur?	After several problems accumulate	While the behavior is still fresh	Only during a formal review	After the leader is no longer emotional about the issue, even if weeks pass	B	Correction should occur promptly while the event is fresh, before problems accumulate.	1	Correction should occur promptly while the event is fresh, before problems accumulate.	Storing problems allows them to grow and creates an unfair ambush.	Correction should occur promptly while the event is fresh, before problems accumulate.	Routine correction need not wait for formal review.	The leader should calm down, but not delay so long that the event loses immediacy.	Choosing a related leadership idea that sounds reasonable but does not precisely answer the question.	Review Supervision & Discipline on pages 21. Focus on the exact definition and how it differs from nearby concepts.	Fresh problem, timely correction.	high	clock_diagram	optional_after_answer	c4_k019_47	A recent event connected quickly to calm correction.	Timely correction prevents one problem from becoming many.	A clock showing prompt correction soon after a problem occurs.	Learn to Lead, Volume 2, Chapter 4, Supervision & Discipline	21	approved	draft	LTL2-C4-Q048|LTL2-C4-Q049|LTL2-C4-Q050	35
LTL2-C4-Q048	Supervision & Discipline	C4-O18	C4-K019	C4-K019-048	hard	scenario	multiple_choice	mixed	scenario	A leader is furious about a cadet’s disrespectful behavior. What is the best immediate step?	Correct the cadet publicly before the anger fades	Calm down enough to control emotions, then address the fresh behavior firmly	Ignore the behavior until the next evaluation	Match the cadet’s emotional intensity to prove authority	B	Leaders should control their own emotions, then use a firm but measured demeanor appropriate to the issue.	1	Leaders should control their own emotions, then use a firm but measured demeanor appropriate to the issue.	Public, angry correction risks humiliation and loss of control.	Leaders should control their own emotions, then use a firm but measured demeanor appropriate to the issue.	The issue should remain fresh and should not be postponed indefinitely.	Constructive discipline is not emotional retaliation.	Choosing a related leadership idea that sounds reasonable but does not precisely answer the question.	Review Supervision & Discipline on pages 21. Focus on the exact definition and how it differs from nearby concepts.	Calm first; firm second.	high	temperature_gauge	optional_after_answer	c4_k019_48	An anger gauge moving from hot to controlled before a firm conversation.	Constructive discipline is controlled, not explosive.	A leader lowering anger before giving firm correction.	Learn to Lead, Volume 2, Chapter 4, Supervision & Discipline	21	approved	draft	LTL2-C4-Q047|LTL2-C4-Q049|LTL2-C4-Q050	45
LTL2-C4-Q049	Supervision & Discipline	C4-O18	C4-K019	C4-K019-049	medium	understanding	multiple_choice	mixed	cap_direct	Why should leaders usually discipline in private?	Private correction eliminates accountability	Privacy protects dignity and keeps the focus on behavior rather than humiliation	Standards apply only in private	Public correction is always illegal	B	Private correction helps preserve respect and allows an honest focus on the performance issue.	1	Private correction helps preserve respect and allows an honest focus on the performance issue.	Private discipline can still include clear accountability.	Private correction helps preserve respect and allows an honest focus on the performance issue.	Standards apply everywhere.	The chapter’s principle is leadership effectiveness and dignity, not a blanket legal claim.	Choosing a related leadership idea that sounds reasonable but does not precisely answer the question.	Review Supervision & Discipline on pages 21. Focus on the exact definition and how it differs from nearby concepts.	Correct the behavior; protect the person.	high	private_conversation	optional_after_answer	c4_k019_49	A leader and cadet having a calm private conversation away from the group.	Private correction protects dignity while addressing standards.	A leader correcting a cadet privately rather than before the team.	Learn to Lead, Volume 2, Chapter 4, Supervision & Discipline	21	approved	draft	LTL2-C4-Q047|LTL2-C4-Q048|LTL2-C4-Q050	35
LTL2-C4-Q050	Supervision & Discipline	C4-O18	C4-K019	C4-K019-050	hard	application	multiple_choice	mixed	application	Which statement is the best example of behavior-focused constructive discipline?	You are irresponsible	Your report was submitted two days late, which delayed the team; the next report is due Friday at 1600	You never care about the mission	Everyone is disappointed in you	B	Constructive feedback describes observable behavior, impact, and the required standard without attacking character.	1	Constructive feedback describes observable behavior, impact, and the required standard without attacking character.	This labels the person rather than describing behavior.	Constructive feedback describes observable behavior, impact, and the required standard without attacking character.	This assumes motive and uses an absolute accusation.	This appeals to shame without clarifying the performance standard.	Choosing a related leadership idea that sounds reasonable but does not precisely answer the question.	Review Supervision & Discipline on pages 21. Focus on the exact definition and how it differs from nearby concepts.	Describe act, impact, expectation.	high	three_part_feedback	optional_after_answer	c4_k019_50	Three boxes labeled Behavior, Impact, Required Standard.	Correct specific behavior, not the person’s identity.	A feedback model showing behavior, impact, and expected standard.	Learn to Lead, Volume 2, Chapter 4, Supervision & Discipline	21	approved	draft	LTL2-C4-Q047|LTL2-C4-Q048|LTL2-C4-Q049	45
LTL2-C4-Q051	Supervision & Discipline	C4-O17	C4-K018	C4-K018-051	hard	analysis	multiple_choice	mixed	application	What is the central purpose of constructive discipline?	To display the leader’s authority	To impose the greatest possible consequence	To restore willing, acceptable performance while preserving the mission and person	To document enough errors for removal	C	Constructive discipline seeks changed behavior and renewed compliance with standards, not revenge or status.	1	Constructive discipline seeks changed behavior and renewed compliance with standards, not revenge or status.	Authority serves correction and mission, not self-display.	Consequences should be appropriate, not maximal.	Constructive discipline seeks changed behavior and renewed compliance with standards, not revenge or status.	Documentation may be needed, but removal is not the central purpose.	Choosing a related leadership idea that sounds reasonable but does not precisely answer the question.	Review Supervision & Discipline on pages 20-22. Focus on the exact definition and how it differs from nearby concepts.	Correct, restore, continue.	high	restoration_path	optional_after_answer	c4_k018_51	A cadet redirected back into effective team performance.	Constructive discipline aims to restore effective performance.	A corrected cadet returning to productive participation in the team.	Learn to Lead, Volume 2, Chapter 4, Supervision & Discipline	20-22	approved	draft	LTL2-C4-Q045|LTL2-C4-Q046	45
LTL2-C4-Q052	Motivation	C4-O19	C4-K020	C4-K020-052	easy	recall	multiple_choice	mixed	cap_direct	Motivation is best described as	the talent to perform a task	the reason or “why” behind an action	the reward received after success	the confidence created by high morale	B	Motivation is the reason that gives purpose and direction to behavior—the person’s “why.”	1	Motivation is the reason that gives purpose and direction to behavior—the person’s “why.”	Talent is ability, not motivation.	Motivation is the reason that gives purpose and direction to behavior—the person’s “why.”	A reward may influence motivation but is not motivation itself.	Confidence and morale can affect performance but are distinct concepts.	Choosing a related leadership idea that sounds reasonable but does not precisely answer the question.	Review Motivation on pages 23. Focus on the exact definition and how it differs from nearby concepts.	Motivation = your why.	high	why_arrow	optional_after_answer	c4_k020_52	The word WHY pointing toward an action.	Motivation gives purpose and direction to behavior.	A question mark labeled Why leading to purposeful action.	Learn to Lead, Volume 2, Chapter 4, Motivation	23	approved	draft	LTL2-C4-Q053	25
LTL2-C4-Q053	Motivation	C4-O20	C4-K020	C4-K020-053	medium	understanding	multiple_choice	mixed	cap_direct	Why must leaders understand what motivates individual team members?	The same reward motivates everyone equally	Different people may pursue the same goal for different reasons	Motivation matters only when ability is low	Leaders can replace standards with personal incentives	B	People differ in their reasons, so effective leaders connect the mission to what matters to each person.	1	People differ in their reasons, so effective leaders connect the mission to what matters to each person.	The chapter emphasizes individual differences in motivation.	People differ in their reasons, so effective leaders connect the mission to what matters to each person.	Highly able people may still perform poorly without motivation.	Motivation supports standards; it does not replace them.	Choosing a related leadership idea that sounds reasonable but does not precisely answer the question.	Review Motivation on pages 23. Focus on the exact definition and how it differs from nearby concepts.	Same goal, different why.	high	multiple_paths	optional_after_answer	c4_k020_53	Two cadets moving toward the same goal from different personal reasons.	People may share a goal while being motivated by different reasons.	Two paths with different motivations leading to the same goal.	Learn to Lead, Volume 2, Chapter 4, Motivation	23	approved	draft	LTL2-C4-Q052	35
LTL2-C4-Q054	Motivation	C4-O21	C4-K021	C4-K021-054	easy	recall	multiple_choice	mixed	cap_direct	Which is an intrinsic reward?	A cash bonus	A ribbon	Pride from mastering a difficult skill	A public award	C	Intrinsic rewards come from within, such as satisfaction, pride, or a sense of accomplishment.	1	Intrinsic rewards come from within, such as satisfaction, pride, or a sense of accomplishment.	Money is an external or extrinsic reward.	A ribbon is externally provided.	Intrinsic rewards come from within, such as satisfaction, pride, or a sense of accomplishment.	Public recognition is extrinsic.	Choosing a related leadership idea that sounds reasonable but does not precisely answer the question.	Review Motivation on pages 24. Focus on the exact definition and how it differs from nearby concepts.	Intrinsic = inside.	high	inside_out_reward	optional_after_answer	c4_k021_54	A heart and mind glowing from accomplishment, contrasted with an external trophy.	Intrinsic rewards are felt within the person.	A person feeling internal pride rather than receiving an outside prize.	Learn to Lead, Volume 2, Chapter 4, Motivation	24	approved	draft	LTL2-C4-Q055	25
LTL2-C4-Q055	Motivation	C4-O21	C4-K021	C4-K021-055	medium	understanding	multiple_choice	mixed	cap_direct	Which statement correctly contrasts intrinsic and extrinsic rewards?	Intrinsic rewards are always stronger; extrinsic rewards never work	Intrinsic rewards come from personal satisfaction; extrinsic rewards come from outside the person	Intrinsic rewards are emotional; extrinsic rewards are logical	Intrinsic rewards motivate volunteers; extrinsic rewards motivate only paid employees	B	Intrinsic rewards are internal satisfactions, while extrinsic rewards are provided externally.	1	Intrinsic rewards are internal satisfactions, while extrinsic rewards are provided externally.	Both can motivate depending on the person and situation.	Intrinsic rewards are internal satisfactions, while extrinsic rewards are provided externally.	The distinction is source, not emotion versus logic.	Both kinds can affect volunteers and employees.	Choosing a related leadership idea that sounds reasonable but does not precisely answer the question.	Review Motivation on pages 24. Focus on the exact definition and how it differs from nearby concepts.	Inside satisfaction, outside reward.	high	inside_outside_diagram	optional_after_answer	c4_k021_55	A person with an internal glow beside a medal handed from outside.	Intrinsic comes from within; extrinsic comes from outside.	Internal satisfaction contrasted with an externally given reward.	Learn to Lead, Volume 2, Chapter 4, Motivation	24	approved	draft	LTL2-C4-Q054	35
LTL2-C4-Q056	Motivation	C4-O22	C4-K022	C4-K022-056	hard	scenario	multiple_choice	mixed	scenario	An NCO wants cadets to prepare thoroughly for a difficult mission. Which approach best uses shared purpose?	Promise a prize to the top performer only	Explain how each person’s preparation protects the team and accomplishes the mission	Warn that unprepared cadets will look foolish	Assign tasks without explaining why they matter	B	Shared purpose links individual effort to common values, goals, and mission importance.	1	Shared purpose links individual effort to common values, goals, and mission importance.	A prize is extrinsic and may divide attention from the team purpose.	Shared purpose links individual effort to common values, goals, and mission importance.	Shame may create short-term compliance but not shared commitment.	Without the why, people are less likely to internalize the mission.	Choosing a related leadership idea that sounds reasonable but does not precisely answer the question.	Review Motivation on pages 25. Focus on the exact definition and how it differs from nearby concepts.	Connect my task to our mission.	high	link_diagram	optional_after_answer	c4_k022_56	An individual task linked by a chain to team safety and mission success.	Shared purpose shows how individual effort serves the whole team.	A cadet’s preparation connected to team safety and mission accomplishment.	Learn to Lead, Volume 2, Chapter 4, Motivation	25	approved	draft	LTL2-C4-Q057	45
LTL2-C4-Q057	Motivation	C4-O22	C4-K022	C4-K022-057	hard	analysis	multiple_choice	mixed	application	Why is shared purpose often more powerful than a simple reward?	It guarantees everyone has identical personal goals	It connects action to values and long-term meaning, encouraging deeper commitment	It eliminates the need for standards and supervision	It works only when no extrinsic rewards are available	B	Shared purpose motivates through meaning and agreement, not merely through an outside payoff.	1	Shared purpose motivates through meaning and agreement, not merely through an outside payoff.	People can retain different personal goals while sharing a mission.	Shared purpose motivates through meaning and agreement, not merely through an outside payoff.	Purpose complements standards and supervision.	Shared purpose can be powerful even when external rewards exist.	Choosing a related leadership idea that sounds reasonable but does not precisely answer the question.	Review Motivation on pages 25. Focus on the exact definition and how it differs from nearby concepts.	Meaning lasts longer than prizes.	high	roots_and_trophy	optional_after_answer	c4_k022_57	Deep roots labeled Purpose beside a temporary trophy.	Shared purpose creates deeper, more durable motivation.	A rooted tree representing purpose contrasted with a temporary prize.	Learn to Lead, Volume 2, Chapter 4, Motivation	25	approved	draft	LTL2-C4-Q056	45
LTL2-C4-Q058	Motivation	C4-O23	C4-K023	C4-K023-058	medium	understanding	multiple_choice	mixed	cap_direct	Why can leading volunteers be more challenging than leading paid employees?	Volunteers are less capable	Volunteers can leave more easily if they do not find meaning or alignment	Volunteers cannot receive recognition	Volunteers are exempt from standards	B	Volunteers serve because they choose to; if purpose and personal goals do not align, they can vote with their feet.	1	Volunteers serve because they choose to; if purpose and personal goals do not align, they can vote with their feet.	Ability is not inherently lower in volunteers.	Volunteers serve because they choose to; if purpose and personal goals do not align, they can vote with their feet.	Recognition can be an important extrinsic motivator for volunteers.	Volunteer organizations still require standards.	Choosing a related leadership idea that sounds reasonable but does not precisely answer the question.	Review Motivation on pages 25. Focus on the exact definition and how it differs from nearby concepts.	Volunteers stay for the why.	high	open_door_diagram	optional_after_answer	c4_k023_58	A volunteer choosing between a meaningful mission and an exit door.	Volunteer commitment depends heavily on worthwhile purpose.	A volunteer staying for a meaningful mission while an open exit remains available.	Learn to Lead, Volume 2, Chapter 4, Motivation	25	approved	draft	LTL2-C4-Q059	35
LTL2-C4-Q059	Motivation	C4-O23	C4-K023	C4-K023-059	hard	scenario	multiple_choice	mixed	scenario	A volunteer leader relies only on threats and small prizes. Participation briefly rises, then falls. What is the best diagnosis?	The rewards were not expensive enough	The leader failed to build intrinsic motivation and shared purpose	Volunteers should be treated exactly like paid employees	The team needs fewer explanations and more control	B	Short-term external pressure cannot replace a meaningful connection between the volunteer’s values and the mission.	1	Short-term external pressure cannot replace a meaningful connection between the volunteer’s values and the mission.	Increasing the prize may not create lasting commitment.	Short-term external pressure cannot replace a meaningful connection between the volunteer’s values and the mission.	Volunteer motivation often requires greater attention to meaning and alignment.	More control without purpose is unlikely to create durable motivation.	Choosing a related leadership idea that sounds reasonable but does not precisely answer the question.	Review Motivation on pages 24-25. Focus on the exact definition and how it differs from nearby concepts.	Prizes start; purpose sustains.	high	short_long_graph	optional_after_answer	c4_k023_59	A short spike labeled Prize and a sustained line labeled Shared Purpose.	External rewards may spark action; shared purpose sustains it.	A graph comparing a brief reward-driven rise with sustained purpose-driven commitment.	Learn to Lead, Volume 2, Chapter 4, Motivation	24-25	approved	draft	LTL2-C4-Q058	45
LTL2-C4-Q060	NCO / Officer Relationship	C4-O24	C4-K024	C4-K024-060	easy	recognition	multiple_choice	mixed	cap_direct	Which duty is more characteristic of an NCO than an officer?	Establishing long-term policy	Training people to do their jobs	Organizing a team of leaders	Creating conditions for several teams to succeed	B	NCOs focus on short-term needs and train people to perform their jobs.	1	NCOs focus on short-term needs and train people to perform their jobs.	Establishing policy is more characteristic of officers.	NCOs focus on short-term needs and train people to perform their jobs.	Organizing a team of leaders is generally an officer function.	Creating broad conditions for success is an officer emphasis.	Choosing a related leadership idea that sounds reasonable but does not precisely answer the question.	Review NCO / Officer Relationship on pages 26. Focus on the exact definition and how it differs from nearby concepts.	NCOs train and get the job done.	high	role_comparison	optional_after_answer	c4_k024_60	An NCO training a small team beside an officer planning for the larger organization.	NCOs develop people and execute plans at the first line.	An NCO training cadets while an officer plans for the larger team.	Learn to Lead, Volume 2, Chapter 4, NCO / Officer Relationship	26	approved	draft	LTL2-C4-Q061	25
LTL2-C4-Q061	NCO / Officer Relationship	C4-O24	C4-K024	C4-K024-061	medium	understanding	multiple_choice	mixed	cap_direct	Which statement best contrasts NCO and officer responsibilities?	NCOs lead people; officers do not	NCOs emphasize short-term execution and individual cadets; officers emphasize long-term direction and the whole team	NCOs create standards; officers enforce them	NCOs work tactically only; officers work strategically only	B	NCOs usually focus on near-term execution and people, while officers establish broader direction and conditions.	1	NCOs usually focus on near-term execution and people, while officers establish broader direction and conditions.	Both NCOs and officers lead people.	NCOs usually focus on near-term execution and people, while officers establish broader direction and conditions.	The chapter generally reverses this: officers establish, NCOs help ensure compliance.	Roles can occur at different arenas; the distinction is not absolute.	Choosing a related leadership idea that sounds reasonable but does not precisely answer the question.	Review NCO / Officer Relationship on pages 26. Focus on the exact definition and how it differs from nearby concepts.	NCO: now and near. Officer: later and larger.	high	near_far_diagram	optional_after_answer	c4_k024_61	A close-up of individual cadets and a wide-angle view of the whole organization.	NCOs focus near-term and close; officers look broader and longer-term.	A close view of a small team contrasted with a broad long-term organizational view.	Learn to Lead, Volume 2, Chapter 4, NCO / Officer Relationship	26	approved	draft	LTL2-C4-Q060	35
LTL2-C4-Q062	NCO / Officer Relationship	C4-O25	C4-K025	C4-K025-062	easy	recall	multiple_choice	mixed	cap_direct	The three leadership arenas are	technical, physical, and mental	tactical, operational, and strategic	individual, team, and institutional	directing, coaching, and supporting	B	Leadership is practiced in tactical, operational, and strategic arenas.	1	Leadership is practiced in tactical, operational, and strategic arenas.	These are readiness areas.	Leadership is practiced in tactical, operational, and strategic arenas.	These are not the chapter’s named arenas.	These are behavior or style ideas, not the three arenas.	Choosing a related leadership idea that sounds reasonable but does not precisely answer the question.	Review NCO / Officer Relationship on pages 27. Focus on the exact definition and how it differs from nearby concepts.	TOS: Tactical, Operational, Strategic.	high	three_level_pyramid	optional_after_answer	c4_k025_62	A three-level pyramid labeled Tactical, Operational, Strategic.	Leadership expands from tactical to operational to strategic.	A pyramid showing tactical, operational, and strategic levels.	Learn to Lead, Volume 2, Chapter 4, NCO / Officer Relationship	27	approved	draft	LTL2-C4-Q063	25
LTL2-C4-Q063	NCO / Officer Relationship	C4-O25	C4-K025	C4-K025-063	hard	scenario	multiple_choice	mixed	scenario	At a search mission, a leader assigns aircrews to specific areas and coordinates their work. Which arena is this?	Tactical	Operational	Strategic	Technical	B	Operational leaders organize and direct tactical teams and coordinate mission details.	1	Operational leaders organize and direct tactical teams and coordinate mission details.	Tactical leadership performs the immediate task, such as an individual aircrew conducting the search.	Operational leaders organize and direct tactical teams and coordinate mission details.	Strategic leadership focuses on long-term institutional resources and direction.	Technical is a readiness or skill category, not a leadership arena.	Choosing a related leadership idea that sounds reasonable but does not precisely answer the question.	Review NCO / Officer Relationship on pages 27. Focus on the exact definition and how it differs from nearby concepts.	Operational organizes operators.	high	mission_layers	optional_after_answer	c4_k025_63	Strategic resources above operational coordination above tactical aircrews.	Operational leadership coordinates the teams performing the mission.	A layered mission structure with operational staff assigning tactical aircrews.	Learn to Lead, Volume 2, Chapter 4, NCO / Officer Relationship	27	approved	draft	LTL2-C4-Q062	45
LTL2-C4-Q064	NCO / Officer Relationship	C4-O26	C4-K026	C4-K026-064	medium	recall	multiple_choice	mixed	cap_direct	The three levels of leadership skill are	personal, interpersonal, and organizational	technical, conceptual, and people skills	tactical, operational, and strategic skills	planning, directing, and evaluating	B	Leadership skill develops across technical, people, and conceptual skills.	1	Leadership skill develops across technical, people, and conceptual skills.	These terms are not the chapter’s three skill levels.	Leadership skill develops across technical, people, and conceptual skills.	Those are arenas, not skill types.	These are leadership tasks, not the named skill categories.	Choosing a related leadership idea that sounds reasonable but does not precisely answer the question.	Review NCO / Officer Relationship on pages 27-28. Focus on the exact definition and how it differs from nearby concepts.	Tools, People, Ideas.	high	three_part_icon_card	optional_after_answer	c4_k026_64	Icons for tools, people, and a lightbulb labeled Technical, People, Conceptual.	Leaders need technical, people, and conceptual skill.	Tools, a group of people, and a lightbulb representing three skill levels.	Learn to Lead, Volume 2, Chapter 4, NCO / Officer Relationship	27-28	approved	draft		35
LTL2-C4-Q065	NCO / Officer Relationship	C4-O27	C4-K027	C4-K027-065	medium	understanding	multiple_choice	mixed	cap_direct	Command intent is	a detailed list of every step a follower must take	the leader’s concise expression of purpose and desired end state	the authority to disagree with an order	a subordinate’s proposed solution to a problem	B	Command intent explains the overall result the commander wants, guiding action when details change.	1	Command intent explains the overall result the commander wants, guiding action when details change.	Intent focuses on purpose and result, not every step.	Command intent explains the overall result the commander wants, guiding action when details change.	Respectful dissent is a different concept.	That describes completed staff work.	Choosing a related leadership idea that sounds reasonable but does not precisely answer the question.	Review NCO / Officer Relationship on pages 28. Focus on the exact definition and how it differs from nearby concepts.	Intent = purpose plus end state.	high	destination_map	optional_after_answer	c4_k027_65	A map showing the destination clearly while alternate routes remain open.	Command intent tells the team where and why, not every turn.	A map with a clear destination and several possible routes.	Learn to Lead, Volume 2, Chapter 4, NCO / Officer Relationship	28	approved	draft	LTL2-C4-Q066|LTL2-C4-Q067	35
LTL2-C4-Q066	NCO / Officer Relationship	C4-O27	C4-K027	C4-K027-066	hard	scenario	multiple_choice	mixed	scenario	An unexpected obstacle blocks the planned route, but a cadet understands the commander’s desired result and chooses a safe alternate method. This best demonstrates	initiative aligned with command intent	respectful dissent	completed staff work	strategic leadership	A	Helpful initiative is independent action that remains consistent with the boss’s purpose.	1	Helpful initiative is independent action that remains consistent with the boss’s purpose.	Helpful initiative is independent action that remains consistent with the boss’s purpose.	No disagreement with the boss is being raised.	No formal proposal has been coordinated and presented.	The situation concerns immediate execution, not institutional long-term direction.	Choosing a related leadership idea that sounds reasonable but does not precisely answer the question.	Review NCO / Officer Relationship on pages 28. Focus on the exact definition and how it differs from nearby concepts.	Act independently, aim consistently.	high	alternate_route	optional_after_answer	c4_k027_66	Two routes to the same destination, with one blocked and the other chosen.	Initiative changes the route without changing the mission.	A cadet choosing an alternate route while preserving the commander’s intended destination.	Learn to Lead, Volume 2, Chapter 4, NCO / Officer Relationship	28	approved	draft	LTL2-C4-Q065|LTL2-C4-Q067	45
LTL2-C4-Q067	NCO / Officer Relationship	C4-O27	C4-K027	C4-K027-067	hard	application	multiple_choice	mixed	application	Which action best represents completed staff work?	Telling the boss there is a problem and asking what to do	Researching the issue, coordinating with stakeholders, and presenting a solution ready for approval	Waiting until the boss notices the problem	Offering several unexamined ideas so the boss can choose	B	Completed staff work thoroughly analyzes and coordinates a solution so the boss can approve it with minimal additional work.	1	Completed staff work thoroughly analyzes and coordinates a solution so the boss can approve it with minimal additional work.	This transfers the problem to the boss without analysis.	Completed staff work thoroughly analyzes and coordinates a solution so the boss can approve it with minimal additional work.	Good followers keep the boss informed rather than waiting.	Unexamined options still burden the boss.	Choosing a related leadership idea that sounds reasonable but does not precisely answer the question.	Review NCO / Officer Relationship on pages 29. Focus on the exact definition and how it differs from nearby concepts.	Bring a solution, not just a problem.	high	completed_package	optional_after_answer	c4_k027_67	A problem folder transformed into a coordinated proposal with an approval box.	Completed staff work makes the boss’s decision easier.	A researched and coordinated solution ready for the leader’s approval.	Learn to Lead, Volume 2, Chapter 4, NCO / Officer Relationship	29	approved	draft	LTL2-C4-Q065|LTL2-C4-Q066	45
LTL2-C4-Q068	Team Dynamics	C4-O28	C4-K028	C4-K028-068	medium	recall	multiple_choice	mixed	cap_direct	Which list contains only needs of successful teams identified in the chapter?	Shared purpose, leadership, involvement, morale, communication, discipline, and identity	Rank, competition, secrecy, speed, independence, rewards, and control	Uniformity, silence, obedience, isolation, pressure, perfection, and authority	Talent, equipment, funding, popularity, size, tradition, and seniority	A	Teams need shared purpose, leadership, involvement of all members, good morale, open communication, discipline, and team identity.	1	Teams need shared purpose, leadership, involvement of all members, good morale, open communication, discipline, and team identity.	Teams need shared purpose, leadership, involvement of all members, good morale, open communication, discipline, and team identity.	Several items may sometimes matter, but this is not the chapter’s seven needs.	This list includes team pitfalls rather than healthy needs.	Resources and talent do not replace the seven team needs.	Choosing a related leadership idea that sounds reasonable but does not precisely answer the question.	Review Team Dynamics on pages 30-31. Focus on the exact definition and how it differs from nearby concepts.	Purpose, Lead, Involve, Morale, Communicate, Discipline, Identity.	high	seven_spoke_wheel	optional_after_answer	c4_k028_68	A seven-spoke wheel showing the seven team needs.	Strong teams meet seven connected needs.	A wheel containing shared purpose, leadership, involvement, morale, communication, discipline, and identity.	Learn to Lead, Volume 2, Chapter 4, Team Dynamics	30-31	approved	draft	LTL2-C4-Q069	35
LTL2-C4-Q069	Team Dynamics	C4-O28	C4-K028	C4-K028-069	medium	understanding	multiple_choice	mixed	cap_direct	Esprit de corps is best described as	temporary excitement before an activity	team pride, fellowship, and loyalty that grows from effectiveness	strict conformity to the leader’s opinions	the authority of informal leaders	B	Esprit de corps is a sense of team pride, fellowship, and loyalty associated with an effective team.	1	Esprit de corps is a sense of team pride, fellowship, and loyalty associated with an effective team.	It is deeper and more durable than temporary excitement.	Esprit de corps is a sense of team pride, fellowship, and loyalty associated with an effective team.	Healthy team identity is not blind conformity.	Informal leadership is a separate concept.	Choosing a related leadership idea that sounds reasonable but does not precisely answer the question.	Review Team Dynamics on pages 31. Focus on the exact definition and how it differs from nearby concepts.	Esprit = pride in us.	high	team_badge	optional_after_answer	c4_k028_69	A team gathered around a shared emblem with pride and loyalty.	Esprit de corps is the team’s shared pride and fellowship.	Team members united around a shared emblem with pride and loyalty.	Learn to Lead, Volume 2, Chapter 4, Team Dynamics	31	approved	draft	LTL2-C4-Q068	35
LTL2-C4-Q070	Team Dynamics	C4-O29	C4-K029	C4-K029-070	easy	recognition	multiple_choice	mixed	cap_direct	A free rider is someone who	challenges groupthink with an independent idea	receives the benefits of team effort without contributing fairly	leads without formal authority	works alone to avoid slowing the team	B	A free rider benefits from the team’s labor without providing a fair share of effort.	1	A free rider benefits from the team’s labor without providing a fair share of effort.	That person may provide valuable dissent.	A free rider benefits from the team’s labor without providing a fair share of effort.	That describes an informal leader.	Working alone may be inefficient but is not the definition.	Choosing a related leadership idea that sounds reasonable but does not precisely answer the question.	Review Team Dynamics on pages 32. Focus on the exact definition and how it differs from nearby concepts.	Free ride = benefits without effort.	high	wagon_diagram	optional_after_answer	c4_k029_70	Several team members pulling a wagon while one person sits without helping.	A free rider enjoys the result without sharing the work.	A team pulling a wagon while one member rides without contributing.	Learn to Lead, Volume 2, Chapter 4, Team Dynamics	32	approved	draft	LTL2-C4-Q071	25
LTL2-C4-Q071	Team Dynamics	C4-O29	C4-K029	C4-K029-071	hard	scenario	multiple_choice	mixed	scenario	Every member privately doubts a plan, but each assumes the others support it, so no one speaks up. Which pitfall is most directly involved?	Esprit de corps	False consensus and conformity	Completed staff work	Operational leadership	B	People may incorrectly assume the group agrees and suppress dissent, producing false consensus and conformity.	1	People may incorrectly assume the group agrees and suppress dissent, producing false consensus and conformity.	Team pride does not require silent agreement.	People may incorrectly assume the group agrees and suppress dissent, producing false consensus and conformity.	Completed staff work involves researched proposals to a boss.	This is a group decision pitfall, not a leadership arena.	Choosing a related leadership idea that sounds reasonable but does not precisely answer the question.	Review Team Dynamics on pages 32-33. Focus on the exact definition and how it differs from nearby concepts.	Silence can look like agreement.	high	silent_group	optional_after_answer	c4_k029_71	A group with silent thought bubbles showing doubt while a public bubble shows agreement.	Unspoken doubts can create a false picture of consensus.	Team members privately disagreeing while publicly appearing to agree.	Learn to Lead, Volume 2, Chapter 4, Team Dynamics	32-33	approved	draft	LTL2-C4-Q070	45
LTL2-C4-Q072	Team Dynamics	C4-O30	C4-K030	C4-K030-072	easy	recall	multiple_choice	mixed	cap_direct	What is the correct order of Tuckman’s team stages?	Forming, norming, storming, performing	Storming, forming, performing, norming	Forming, storming, norming, performing	Norming, forming, storming, performing	C	Teams typically move through forming, storming, norming, and performing.	1	Teams typically move through forming, storming, norming, and performing.	Storming normally comes before norming.	The sequence begins with forming and ends with performing.	Teams typically move through forming, storming, norming, and performing.	Norming follows conflict in storming.	Choosing a related leadership idea that sounds reasonable but does not precisely answer the question.	Review Team Dynamics on pages 34. Focus on the exact definition and how it differs from nearby concepts.	Form, Storm, Norm, Perform.	high	four_stage_path	optional_after_answer	c4_k030_72	Four connected stages labeled Forming, Storming, Norming, Performing.	Teams develop from forming through performing.	A four-stage path showing forming, storming, norming, and performing.	Learn to Lead, Volume 2, Chapter 4, Team Dynamics	34	approved	draft	LTL2-C4-Q073|LTL2-C4-Q074	25
LTL2-C4-Q073	Team Dynamics	C4-O30	C4-K030	C4-K030-073	hard	scenario	multiple_choice	mixed	scenario	A newly assembled flight is uncertain, nervous, and only lightly committed because members do not know what to expect. Which stage is this?	Forming	Storming	Norming	Performing	A	Forming is marked by uncertainty, confusion, and limited early commitment.	1	Forming is marked by uncertainty, confusion, and limited early commitment.	Forming is marked by uncertainty, confusion, and limited early commitment.	Storming features personality clashes and conflict.	Norming features accepted standards and growing security.	Performing features mature focus on the goal.	Choosing a related leadership idea that sounds reasonable but does not precisely answer the question.	Review Team Dynamics on pages 34. Focus on the exact definition and how it differs from nearby concepts.	Forming feels foggy.	high	foggy_start	optional_after_answer	c4_k030_73	A newly gathered team in light fog with question marks.	Forming begins with uncertainty and limited commitment.	A new team looking uncertain and confused at the start.	Learn to Lead, Volume 2, Chapter 4, Team Dynamics	34	approved	draft	LTL2-C4-Q072|LTL2-C4-Q074	45
LTL2-C4-Q074	Team Dynamics	C4-O30	C4-K030	C4-K030-074	hard	scenario	multiple_choice	mixed	scenario	A team’s members openly clash over attention, roles, and personal goals. Trust is still weak. Which stage is this?	Forming	Storming	Norming	Performing	B	Storming is the conflict stage where personalities and competing needs collide.	1	Storming is the conflict stage where personalities and competing needs collide.	Forming is earlier uncertainty before major conflict emerges.	Storming is the conflict stage where personalities and competing needs collide.	Norming occurs as conflict decreases and standards gain acceptance.	Performing is mature, goal-focused teamwork.	Choosing a related leadership idea that sounds reasonable but does not precisely answer the question.	Review Team Dynamics on pages 34. Focus on the exact definition and how it differs from nearby concepts.	Storming = personalities collide.	high	storm_clouds	optional_after_answer	c4_k030_74	Team members under storm clouds debating roles and goals.	Storming brings conflict as personalities and needs emerge.	A team in conflict over roles and personal goals.	Learn to Lead, Volume 2, Chapter 4, Team Dynamics	34	approved	draft	LTL2-C4-Q072|LTL2-C4-Q073	45
LTL2-C4-Q075	Team Dynamics	C4-O31	C4-K031	C4-K031-075	hard	application	multiple_choice	mixed	application	Under the LEAD model, which action belongs most clearly to “Empower to participate”?	Set boundaries and explain why goals matter	Ask open-ended questions, listen actively, and welcome different views	Use brainstorming to find common interests	Give clear directions and monitor morale	B	Empowerment invites participation through open questions, active listening, understanding, and diverse views.	1	Empowerment invites participation through open questions, active listening, understanding, and diverse views.	That belongs mainly to Lead with a clear purpose.	Empowerment invites participation through open questions, active listening, understanding, and diverse views.	That belongs mainly to Aim for consensus.	That belongs mainly to Direct the team.	Choosing a related leadership idea that sounds reasonable but does not precisely answer the question.	Review Team Dynamics on pages 35. Focus on the exact definition and how it differs from nearby concepts.	L-E-A-D: Purpose, Participation, Agreement, Direction.	high	lead_model_quadrants	optional_after_answer	c4_k031_75	Four quadrants labeled Lead, Empower, Aim, Direct with key verbs.	The LEAD model organizes four basic team-leadership functions.	A four-part diagram showing Lead, Empower, Aim, and Direct.	Learn to Lead, Volume 2, Chapter 4, Team Dynamics	35	approved	draft		45
