external_id	pilot_batch	objective_code	concept_code	question_family_code	difficulty	cognitive_level	question_type	question_mode	question_style	question_text	choice_a	choice_b	choice_c	choice_d	correct_letter	short_explanation	feedback_display_version	explanation	choice_a_explanation	choice_b_explanation	choice_c_explanation	choice_d_explanation	common_mistake	remediation_text	memory_aid	visual_priority	visual_type	visual_display_mode	visual_asset_key	visual_brief	visual_caption	visual_alt_text	source_reference_text	source_pages	source_status	review_status	reinforcement_question_ids	estimated_time_seconds
LTL2-C7-PA-Q001	Chapter 7 A: Emotional Intelligence Foundations	LTL2-C7-OBJ-1-5	LTL2-C7-EMOTIONAL_INTELLIGENCE	LTL2-C7-A-EMOTIONAL_INTELLIGENCE	medium	understanding	multiple_choice	both	cap_direct	Emotional intelligence refers primarily to how well a leader	uses logic without emotion	handles self and relationships	hides feelings from followers	persuades others through rank	B	Emotional intelligence is the intelligent handling of yourself, your emotions, and your relationships.	1	Emotional intelligence is the intelligent handling of yourself, your emotions, and your relationships. The other choices describe related ideas, but they do not match the exact definition or situation in the question.	Not quite. “uses logic without emotion” is plausible, but it does not match the exact concept tested here. Emotional intelligence is the intelligent handling of yourself, your emotions, and your relationships.	Correct. Emotional intelligence is the intelligent handling of yourself, your emotions, and your relationships.	Not quite. “hides feelings from followers” is plausible, but it does not match the exact concept tested here. Emotional intelligence is the intelligent handling of yourself, your emotions, and your relationships.	Not quite. “persuades others through rank” is plausible, but it does not match the exact concept tested here. Emotional intelligence is the intelligent handling of yourself, your emotions, and your relationships.	Confusing a related leadership concept with the exact term being tested.	Review the textbook definition of emotional intelligence, then compare it with the closest distractor and state the one key difference.	EI = me + we.	medium	concept_diagram	optional_after_answer	ltl2_c7_pa_q001	Simple instructional diagram contrasting emotional intelligence with a nearby but different leadership concept.	EI = me + we.	A simple diagram illustrating emotional intelligence and how it differs from a related idea.	Learn to Lead Volume 2, Chapter 7, objectives 1-5	110-113	approved_source	draft	LTL2-C7-PA-Q002,LTL2-C7-PA-Q003	40
LTL2-C7-PA-Q002	Chapter 7 A: Emotional Intelligence Foundations	LTL2-C7-OBJ-1-5	LTL2-C7-COMPONENTS_OF_EI	LTL2-C7-A-COMPONENTS_OF_EI	hard	recall	multiple_choice	both	cap_direct	Which list contains the five components of emotional intelligence?	Self-awareness, managing emotions, self-motivation, empathy, interpersonal skills	Integrity, service, excellence, respect, courage	Task behavior, relationship behavior, power, authority, control	Vision, strategy, planning, execution, evaluation	A	The five components are self-awareness, managing emotions, self-motivation, empathy, and interpersonal skills.	1	The five components are self-awareness, managing emotions, self-motivation, empathy, and interpersonal skills. The other choices describe related ideas, but they do not match the exact definition or situation in the question.	Correct. The five components are self-awareness, managing emotions, self-motivation, empathy, and interpersonal skills.	Not quite. “Integrity, service, excellence, respect, courage” is plausible, but it does not match the exact concept tested here. The five components are self-awareness, managing emotions, self-motivation, empathy, and interpersonal skills.	Not quite. “Task behavior, relationship behavior, power, authority, control” is plausible, but it does not match the exact concept tested here. The five components are self-awareness, managing emotions, self-motivation, empathy, and interpersonal skills.	Not quite. “Vision, strategy, planning, execution, evaluation” is plausible, but it does not match the exact concept tested here. The five components are self-awareness, managing emotions, self-motivation, empathy, and interpersonal skills.	Confusing a related leadership concept with the exact term being tested.	Review the textbook definition of components of EI, then compare it with the closest distractor and state the one key difference.	Know, manage, motivate, empathize, relate.	high	concept_diagram	optional_after_answer	ltl2_c7_pa_q002	Simple instructional diagram contrasting components of EI with a nearby but different leadership concept.	Know, manage, motivate, empathize, relate.	A simple diagram illustrating components of EI and how it differs from a related idea.	Learn to Lead Volume 2, Chapter 7, objectives 1-5	110-113	approved_source	draft	LTL2-C7-PA-Q003,LTL2-C7-PA-Q004	50
LTL2-C7-PA-Q003	Chapter 7 A: Emotional Intelligence Foundations	LTL2-C7-OBJ-1-5	LTL2-C7-SELF_AWARENESS	LTL2-C7-A-SELF_AWARENESS	medium	understanding	multiple_choice	both	cap_direct	Self-awareness means being aware of	your mood and your thoughts about that mood	only the emotions others display	the rewards available for performance	the formal authority of your position	A	Self-awareness includes recognizing your mood and thinking about what that mood means.	1	Self-awareness includes recognizing your mood and thinking about what that mood means. The other choices describe related ideas, but they do not match the exact definition or situation in the question.	Correct. Self-awareness includes recognizing your mood and thinking about what that mood means.	Not quite. “only the emotions others display” is plausible, but it does not match the exact concept tested here. Self-awareness includes recognizing your mood and thinking about what that mood means.	Not quite. “the rewards available for performance” is plausible, but it does not match the exact concept tested here. Self-awareness includes recognizing your mood and thinking about what that mood means.	Not quite. “the formal authority of your position” is plausible, but it does not match the exact concept tested here. Self-awareness includes recognizing your mood and thinking about what that mood means.	Confusing a related leadership concept with the exact term being tested.	Review the textbook definition of self-awareness, then compare it with the closest distractor and state the one key difference.	Notice the mood; name the mood.	medium	concept_diagram	optional_after_answer	ltl2_c7_pa_q003	Simple instructional diagram contrasting self-awareness with a nearby but different leadership concept.	Notice the mood; name the mood.	A simple diagram illustrating self-awareness and how it differs from a related idea.	Learn to Lead Volume 2, Chapter 7, objectives 1-5	110-113	approved_source	draft	LTL2-C7-PA-Q004,LTL2-C7-PA-Q005	40
LTL2-C7-PA-Q004	Chapter 7 A: Emotional Intelligence Foundations	LTL2-C7-OBJ-1-5	LTL2-C7-APPRAISAL	LTL2-C7-A-APPRAISAL	hard	understanding	multiple_choice	both	cap_direct	An appraisal is best described as	a formal performance review by a supervisor	an impression or interpretation of yourself, others, or a situation	a method for suppressing an unwanted emotion	a reward offered only after a goal is met	B	An appraisal is the impression, interpretation, evaluation, or expectation you form about an event.	1	An appraisal is the impression, interpretation, evaluation, or expectation you form about an event. The other choices describe related ideas, but they do not match the exact definition or situation in the question.	Not quite. “a formal performance review by a supervisor” is plausible, but it does not match the exact concept tested here. An appraisal is the impression, interpretation, evaluation, or expectation you form about an event.	Correct. An appraisal is the impression, interpretation, evaluation, or expectation you form about an event.	Not quite. “a method for suppressing an unwanted emotion” is plausible, but it does not match the exact concept tested here. An appraisal is the impression, interpretation, evaluation, or expectation you form about an event.	Not quite. “a reward offered only after a goal is met” is plausible, but it does not match the exact concept tested here. An appraisal is the impression, interpretation, evaluation, or expectation you form about an event.	Confusing a related leadership concept with the exact term being tested.	Review the textbook definition of appraisal, then compare it with the closest distractor and state the one key difference.	Appraisal = the meaning you assign.	high	concept_diagram	optional_after_answer	ltl2_c7_pa_q004	Simple instructional diagram contrasting appraisal with a nearby but different leadership concept.	Appraisal = the meaning you assign.	A simple diagram illustrating appraisal and how it differs from a related idea.	Learn to Lead Volume 2, Chapter 7, objectives 1-5	110-113	approved_source	draft	LTL2-C7-PA-Q005,LTL2-C7-PA-Q006	50
LTL2-C7-PA-Q005	Chapter 7 A: Emotional Intelligence Foundations	LTL2-C7-OBJ-1-5	LTL2-C7-SELF_FULFILLING_PROPHECY	LTL2-C7-A-SELF_FULFILLING_PROPHECY	hard	analysis	multiple_choice	both	cap_direct	A self-fulfilling prophecy occurs when	an expectation helps produce the result expected	a leader predicts a result using objective data	followers receive a contingent reward	a team replaces discussion with dialogue	A	A self-fulfilling prophecy happens when expectations influence behavior and help create the expected result.	1	A self-fulfilling prophecy happens when expectations influence behavior and help create the expected result. The other choices describe related ideas, but they do not match the exact definition or situation in the question.	Correct. A self-fulfilling prophecy happens when expectations influence behavior and help create the expected result.	Not quite. “a leader predicts a result using objective data” is plausible, but it does not match the exact concept tested here. A self-fulfilling prophecy happens when expectations influence behavior and help create the expected result.	Not quite. “followers receive a contingent reward” is plausible, but it does not match the exact concept tested here. A self-fulfilling prophecy happens when expectations influence behavior and help create the expected result.	Not quite. “a team replaces discussion with dialogue” is plausible, but it does not match the exact concept tested here. A self-fulfilling prophecy happens when expectations influence behavior and help create the expected result.	Confusing a related leadership concept with the exact term being tested.	Review the textbook definition of self-fulfilling prophecy, then compare it with the closest distractor and state the one key difference.	Expect it, act it, help create it.	high	concept_diagram	optional_after_answer	ltl2_c7_pa_q005	Simple instructional diagram contrasting self-fulfilling prophecy with a nearby but different leadership concept.	Expect it, act it, help create it.	A simple diagram illustrating self-fulfilling prophecy and how it differs from a related idea.	Learn to Lead Volume 2, Chapter 7, objectives 1-5	110-113	approved_source	draft	LTL2-C7-PA-Q006,LTL2-C7-PA-Q007	50
LTL2-C7-PA-Q006	Chapter 7 A: Emotional Intelligence Foundations	LTL2-C7-OBJ-1-5	LTL2-C7-SELF_FULFILLING_PROPHECY	LTL2-C7-A-SELF_FULFILLING_PROPHECY	medium	scenario	multiple_choice	both	scenario	A cadet expects to fail a speech, avoids practicing, and then performs poorly. This best illustrates	intellectual stimulation	a self-fulfilling prophecy	referent power	personal mastery	B	The negative expectation changed the cadet’s behavior and helped produce the feared result.	1	The negative expectation changed the cadet’s behavior and helped produce the feared result. The other choices describe related ideas, but they do not match the exact definition or situation in the question.	Not quite. “intellectual stimulation” is plausible, but it does not match the exact concept tested here. The negative expectation changed the cadet’s behavior and helped produce the feared result.	Correct. The negative expectation changed the cadet’s behavior and helped produce the feared result.	Not quite. “referent power” is plausible, but it does not match the exact concept tested here. The negative expectation changed the cadet’s behavior and helped produce the feared result.	Not quite. “personal mastery” is plausible, but it does not match the exact concept tested here. The negative expectation changed the cadet’s behavior and helped produce the feared result.	Confusing a related leadership concept with the exact term being tested.	Review the textbook definition of self-fulfilling prophecy, then compare it with the closest distractor and state the one key difference.	Belief shaped behavior; behavior shaped result.	medium	concept_diagram	optional_after_answer	ltl2_c7_pa_q006	Simple instructional diagram contrasting self-fulfilling prophecy with a nearby but different leadership concept.	Belief shaped behavior; behavior shaped result.	A simple diagram illustrating self-fulfilling prophecy and how it differs from a related idea.	Learn to Lead Volume 2, Chapter 7, objectives 1-5	110-113	approved_source	draft	LTL2-C7-PA-Q007,LTL2-C7-PA-Q008	40
LTL2-C7-PA-Q007	Chapter 7 A: Emotional Intelligence Foundations	LTL2-C7-OBJ-1-5	LTL2-C7-EMOTIONAL_INTELLIGENCE	LTL2-C7-A-EMOTIONAL_INTELLIGENCE	hard	analysis	multiple_choice	both	cap_direct	Why is emotional intelligence important to transformational leadership?	It replaces technical knowledge	It helps leaders form emotional bonds, empathize, and motivate followers	It gives leaders legitimate power	It removes the need for standards	B	Emotional intelligence helps leaders understand followers, build consensus, and create motivating emotional bonds.	1	Emotional intelligence helps leaders understand followers, build consensus, and create motivating emotional bonds. The other choices describe related ideas, but they do not match the exact definition or situation in the question.	Not quite. “It replaces technical knowledge” is plausible, but it does not match the exact concept tested here. Emotional intelligence helps leaders understand followers, build consensus, and create motivating emotional bonds.	Correct. Emotional intelligence helps leaders understand followers, build consensus, and create motivating emotional bonds.	Not quite. “It gives leaders legitimate power” is plausible, but it does not match the exact concept tested here. Emotional intelligence helps leaders understand followers, build consensus, and create motivating emotional bonds.	Not quite. “It removes the need for standards” is plausible, but it does not match the exact concept tested here. Emotional intelligence helps leaders understand followers, build consensus, and create motivating emotional bonds.	Confusing a related leadership concept with the exact term being tested.	Review the textbook definition of emotional intelligence, then compare it with the closest distractor and state the one key difference.	Transforming people requires understanding people.	high	concept_diagram	optional_after_answer	ltl2_c7_pa_q007	Simple instructional diagram contrasting emotional intelligence with a nearby but different leadership concept.	Transforming people requires understanding people.	A simple diagram illustrating emotional intelligence and how it differs from a related idea.	Learn to Lead Volume 2, Chapter 7, objectives 1-5	110-113	approved_source	draft	LTL2-C7-PA-Q008,LTL2-C7-PA-Q009	50
LTL2-C7-PA-Q008	Chapter 7 A: Emotional Intelligence Foundations	LTL2-C7-OBJ-1-5	LTL2-C7-SELF_AWARENESS	LTL2-C7-A-SELF_AWARENESS	medium	understanding	multiple_choice	both	cap_direct	Which action would most directly improve self-awareness?	Avoiding feedback to preserve confidence	Reflecting honestly and seeking feedback	Using punishment to change a mood	Delegating every difficult conversation	B	Honest reflection, self-assessment, and feedback improve awareness of strengths, weaknesses, and emotions.	1	Honest reflection, self-assessment, and feedback improve awareness of strengths, weaknesses, and emotions. The other choices describe related ideas, but they do not match the exact definition or situation in the question.	Not quite. “Avoiding feedback to preserve confidence” is plausible, but it does not match the exact concept tested here. Honest reflection, self-assessment, and feedback improve awareness of strengths, weaknesses, and emotions.	Correct. Honest reflection, self-assessment, and feedback improve awareness of strengths, weaknesses, and emotions.	Not quite. “Using punishment to change a mood” is plausible, but it does not match the exact concept tested here. Honest reflection, self-assessment, and feedback improve awareness of strengths, weaknesses, and emotions.	Not quite. “Delegating every difficult conversation” is plausible, but it does not match the exact concept tested here. Honest reflection, self-assessment, and feedback improve awareness of strengths, weaknesses, and emotions.	Confusing a related leadership concept with the exact term being tested.	Review the textbook definition of self-awareness, then compare it with the closest distractor and state the one key difference.	Reflect, assess, ask.	medium	concept_diagram	optional_after_answer	ltl2_c7_pa_q008	Simple instructional diagram contrasting self-awareness with a nearby but different leadership concept.	Reflect, assess, ask.	A simple diagram illustrating self-awareness and how it differs from a related idea.	Learn to Lead Volume 2, Chapter 7, objectives 1-5	110-113	approved_source	draft	LTL2-C7-PA-Q009,LTL2-C7-PA-Q010	40
LTL2-C7-PA-Q009	Chapter 7 A: Emotional Intelligence Foundations	LTL2-C7-OBJ-1-5	LTL2-C7-APPRAISAL	LTL2-C7-A-APPRAISAL	hard	scenario	multiple_choice	both	scenario	Two cadets face the same difficult inspection. One sees a chance to improve; the other sees certain humiliation. Their different reactions begin with different	appraisals	position powers	mental models only	contingent rewards	A	Their interpretations of the same event are different appraisals.	1	Their interpretations of the same event are different appraisals. The other choices describe related ideas, but they do not match the exact definition or situation in the question.	Correct. Their interpretations of the same event are different appraisals.	Not quite. “position powers” is plausible, but it does not match the exact concept tested here. Their interpretations of the same event are different appraisals.	Not quite. “mental models only” is plausible, but it does not match the exact concept tested here. Their interpretations of the same event are different appraisals.	Not quite. “contingent rewards” is plausible, but it does not match the exact concept tested here. Their interpretations of the same event are different appraisals.	Confusing a related leadership concept with the exact term being tested.	Review the textbook definition of appraisal, then compare it with the closest distractor and state the one key difference.	Same event, different meaning.	high	concept_diagram	optional_after_answer	ltl2_c7_pa_q009	Simple instructional diagram contrasting appraisal with a nearby but different leadership concept.	Same event, different meaning.	A simple diagram illustrating appraisal and how it differs from a related idea.	Learn to Lead Volume 2, Chapter 7, objectives 1-5	110-113	approved_source	draft	LTL2-C7-PA-Q010,LTL2-C7-PA-Q001	50
LTL2-C7-PA-Q010	Chapter 7 A: Emotional Intelligence Foundations	LTL2-C7-OBJ-1-5	LTL2-C7-EMOTIONAL_INTELLIGENCE	LTL2-C7-A-EMOTIONAL_INTELLIGENCE	hard	misconception	multiple_choice	both	cap_direct	Which statement best distinguishes emotional intelligence from simply being emotional?	EI means showing every feeling openly	EI means using awareness of emotion to guide effective behavior	EI means avoiding strong emotion entirely	EI means choosing feelings over facts	B	Emotional intelligence is purposeful awareness and management of emotions, not uncontrolled expression.	1	Emotional intelligence is purposeful awareness and management of emotions, not uncontrolled expression. The other choices describe related ideas, but they do not match the exact definition or situation in the question.	Not quite. “EI means showing every feeling openly” is plausible, but it does not match the exact concept tested here. Emotional intelligence is purposeful awareness and management of emotions, not uncontrolled expression.	Correct. Emotional intelligence is purposeful awareness and management of emotions, not uncontrolled expression.	Not quite. “EI means avoiding strong emotion entirely” is plausible, but it does not match the exact concept tested here. Emotional intelligence is purposeful awareness and management of emotions, not uncontrolled expression.	Not quite. “EI means choosing feelings over facts” is plausible, but it does not match the exact concept tested here. Emotional intelligence is purposeful awareness and management of emotions, not uncontrolled expression.	Confusing a related leadership concept with the exact term being tested.	Review the textbook definition of emotional intelligence, then compare it with the closest distractor and state the one key difference.	Use emotion intelligently—not impulsively.	high	concept_diagram	optional_after_answer	ltl2_c7_pa_q010	Simple instructional diagram contrasting emotional intelligence with a nearby but different leadership concept.	Use emotion intelligently—not impulsively.	A simple diagram illustrating emotional intelligence and how it differs from a related idea.	Learn to Lead Volume 2, Chapter 7, objectives 1-5	110-113	approved_source	draft	LTL2-C7-PA-Q001,LTL2-C7-PA-Q002	50
LTL2-C7-PB-Q001	Chapter 7 B: Managing Emotions, Motivation & Relationships	LTL2-C7-OBJ-6-14	LTL2-C7-MANAGING_EMOTIONS	LTL2-C7-B-MANAGING_EMOTIONS	hard	understanding	multiple_choice	both	cap_direct	Managing emotions means	denying every unpleasant feeling	regulating emotions so they support effective behavior	letting moods determine decisions	replacing empathy with logic	B	Managing emotions means regulating moods constructively rather than denying or being controlled by them.	1	Managing emotions means regulating moods constructively rather than denying or being controlled by them. The other choices describe related ideas, but they do not match the exact definition or situation in the question.	Not quite. “denying every unpleasant feeling” is plausible, but it does not match the exact concept tested here. Managing emotions means regulating moods constructively rather than denying or being controlled by them.	Correct. Managing emotions means regulating moods constructively rather than denying or being controlled by them.	Not quite. “letting moods determine decisions” is plausible, but it does not match the exact concept tested here. Managing emotions means regulating moods constructively rather than denying or being controlled by them.	Not quite. “replacing empathy with logic” is plausible, but it does not match the exact concept tested here. Managing emotions means regulating moods constructively rather than denying or being controlled by them.	Confusing a related leadership concept with the exact term being tested.	Review the textbook definition of managing emotions, then compare it with the closest distractor and state the one key difference.	Manage, do not merely suppress.	high	concept_diagram	optional_after_answer	ltl2_c7_pb_q001	Simple instructional diagram contrasting managing emotions with a nearby but different leadership concept.	Manage, do not merely suppress.	A simple diagram illustrating managing emotions and how it differs from a related idea.	Learn to Lead Volume 2, Chapter 7, objectives 6-14	113-120	approved_source	draft	LTL2-C7-PB-Q002,LTL2-C7-PB-Q003	50
LTL2-C7-PB-Q002	Chapter 7 B: Managing Emotions, Motivation & Relationships	LTL2-C7-OBJ-6-14	LTL2-C7-AUTOMATIC_THOUGHTS	LTL2-C7-B-AUTOMATIC_THOUGHTS	medium	understanding	multiple_choice	both	cap_direct	Automatic thoughts are	carefully planned arguments	thoughts that arise quickly without deliberate reasoning	shared visions created by a team	formal theories-in-use	B	Automatic thoughts arise rapidly and can influence emotion before deliberate analysis occurs.	1	Automatic thoughts arise rapidly and can influence emotion before deliberate analysis occurs. The other choices describe related ideas, but they do not match the exact definition or situation in the question.	Not quite. “carefully planned arguments” is plausible, but it does not match the exact concept tested here. Automatic thoughts arise rapidly and can influence emotion before deliberate analysis occurs.	Correct. Automatic thoughts arise rapidly and can influence emotion before deliberate analysis occurs.	Not quite. “shared visions created by a team” is plausible, but it does not match the exact concept tested here. Automatic thoughts arise rapidly and can influence emotion before deliberate analysis occurs.	Not quite. “formal theories-in-use” is plausible, but it does not match the exact concept tested here. Automatic thoughts arise rapidly and can influence emotion before deliberate analysis occurs.	Confusing a related leadership concept with the exact term being tested.	Review the textbook definition of automatic thoughts, then compare it with the closest distractor and state the one key difference.	Automatic = fast and uninvited.	medium	concept_diagram	optional_after_answer	ltl2_c7_pb_q002	Simple instructional diagram contrasting automatic thoughts with a nearby but different leadership concept.	Automatic = fast and uninvited.	A simple diagram illustrating automatic thoughts and how it differs from a related idea.	Learn to Lead Volume 2, Chapter 7, objectives 6-14	113-120	approved_source	draft	LTL2-C7-PB-Q003,LTL2-C7-PB-Q004	40
LTL2-C7-PB-Q003	Chapter 7 B: Managing Emotions, Motivation & Relationships	LTL2-C7-OBJ-6-14	LTL2-C7-CONSTRUCTIVE_INNER_DIALOGUE	LTL2-C7-B-CONSTRUCTIVE_INNER_DIALOGUE	medium	understanding	multiple_choice	both	cap_direct	Constructive inner dialogue is best illustrated by	I always fail, so there is no point trying	This is difficult, but I can prepare and improve	My followers caused every problem	I should ignore all feedback	B	Constructive inner dialogue replaces harmful automatic thoughts with realistic and useful self-talk.	1	Constructive inner dialogue replaces harmful automatic thoughts with realistic and useful self-talk. The other choices describe related ideas, but they do not match the exact definition or situation in the question.	Not quite. “I always fail, so there is no point trying” is plausible, but it does not match the exact concept tested here. Constructive inner dialogue replaces harmful automatic thoughts with realistic and useful self-talk.	Correct. Constructive inner dialogue replaces harmful automatic thoughts with realistic and useful self-talk.	Not quite. “My followers caused every problem” is plausible, but it does not match the exact concept tested here. Constructive inner dialogue replaces harmful automatic thoughts with realistic and useful self-talk.	Not quite. “I should ignore all feedback” is plausible, but it does not match the exact concept tested here. Constructive inner dialogue replaces harmful automatic thoughts with realistic and useful self-talk.	Confusing a related leadership concept with the exact term being tested.	Review the textbook definition of constructive inner dialogue, then compare it with the closest distractor and state the one key difference.	Talk to yourself like a good coach.	medium	concept_diagram	optional_after_answer	ltl2_c7_pb_q003	Simple instructional diagram contrasting constructive inner dialogue with a nearby but different leadership concept.	Talk to yourself like a good coach.	A simple diagram illustrating constructive inner dialogue and how it differs from a related idea.	Learn to Lead Volume 2, Chapter 7, objectives 6-14	113-120	approved_source	draft	LTL2-C7-PB-Q004,LTL2-C7-PB-Q005	40
LTL2-C7-PB-Q004	Chapter 7 B: Managing Emotions, Motivation & Relationships	LTL2-C7-OBJ-6-14	LTL2-C7-SELF_MOTIVATION	LTL2-C7-B-SELF_MOTIVATION	medium	understanding	multiple_choice	both	cap_direct	Self-motivation is the ability to	remain positive and persist toward goals	gain compliance through punishment	avoid all setbacks	depend on external rewards	A	Self-motivation supports optimism, persistence, and effort even when challenges arise.	1	Self-motivation supports optimism, persistence, and effort even when challenges arise. The other choices describe related ideas, but they do not match the exact definition or situation in the question.	Correct. Self-motivation supports optimism, persistence, and effort even when challenges arise.	Not quite. “gain compliance through punishment” is plausible, but it does not match the exact concept tested here. Self-motivation supports optimism, persistence, and effort even when challenges arise.	Not quite. “avoid all setbacks” is plausible, but it does not match the exact concept tested here. Self-motivation supports optimism, persistence, and effort even when challenges arise.	Not quite. “depend on external rewards” is plausible, but it does not match the exact concept tested here. Self-motivation supports optimism, persistence, and effort even when challenges arise.	Confusing a related leadership concept with the exact term being tested.	Review the textbook definition of self-motivation, then compare it with the closest distractor and state the one key difference.	Motivation keeps you moving.	medium	concept_diagram	optional_after_answer	ltl2_c7_pb_q004	Simple instructional diagram contrasting self-motivation with a nearby but different leadership concept.	Motivation keeps you moving.	A simple diagram illustrating self-motivation and how it differs from a related idea.	Learn to Lead Volume 2, Chapter 7, objectives 6-14	113-120	approved_source	draft	LTL2-C7-PB-Q005,LTL2-C7-PB-Q006	40
LTL2-C7-PB-Q005	Chapter 7 B: Managing Emotions, Motivation & Relationships	LTL2-C7-OBJ-6-14	LTL2-C7-MOTIVATIONAL_STATEMENT	LTL2-C7-B-MOTIVATIONAL_STATEMENT	hard	understanding	multiple_choice	both	cap_direct	Which is the strongest motivational self-statement?	I must be perfect or I am a failure	I have prepared, and I can handle this challenge one step at a time	Everyone must approve of me	The task will be easy because I want it to be	B	A useful motivational statement is positive, realistic, and focused on controllable effort.	1	A useful motivational statement is positive, realistic, and focused on controllable effort. The other choices describe related ideas, but they do not match the exact definition or situation in the question.	Not quite. “I must be perfect or I am a failure” is plausible, but it does not match the exact concept tested here. A useful motivational statement is positive, realistic, and focused on controllable effort.	Correct. A useful motivational statement is positive, realistic, and focused on controllable effort.	Not quite. “Everyone must approve of me” is plausible, but it does not match the exact concept tested here. A useful motivational statement is positive, realistic, and focused on controllable effort.	Not quite. “The task will be easy because I want it to be” is plausible, but it does not match the exact concept tested here. A useful motivational statement is positive, realistic, and focused on controllable effort.	Confusing a related leadership concept with the exact term being tested.	Review the textbook definition of motivational statement, then compare it with the closest distractor and state the one key difference.	Positive, realistic, actionable.	high	concept_diagram	optional_after_answer	ltl2_c7_pb_q005	Simple instructional diagram contrasting motivational statement with a nearby but different leadership concept.	Positive, realistic, actionable.	A simple diagram illustrating motivational statement and how it differs from a related idea.	Learn to Lead Volume 2, Chapter 7, objectives 6-14	113-120	approved_source	draft	LTL2-C7-PB-Q006,LTL2-C7-PB-Q007	50
LTL2-C7-PB-Q006	Chapter 7 B: Managing Emotions, Motivation & Relationships	LTL2-C7-OBJ-6-14	LTL2-C7-MENTAL_IMAGERY	LTL2-C7-B-MENTAL_IMAGERY	medium	understanding	multiple_choice	both	cap_direct	Mental imagery helps performance by	replacing practice completely	rehearsing successful action in the mind	suppressing all emotion	guaranteeing the desired result	B	Mental imagery is a mental rehearsal that can prepare thoughts, emotions, and actions for performance.	1	Mental imagery is a mental rehearsal that can prepare thoughts, emotions, and actions for performance. The other choices describe related ideas, but they do not match the exact definition or situation in the question.	Not quite. “replacing practice completely” is plausible, but it does not match the exact concept tested here. Mental imagery is a mental rehearsal that can prepare thoughts, emotions, and actions for performance.	Correct. Mental imagery is a mental rehearsal that can prepare thoughts, emotions, and actions for performance.	Not quite. “suppressing all emotion” is plausible, but it does not match the exact concept tested here. Mental imagery is a mental rehearsal that can prepare thoughts, emotions, and actions for performance.	Not quite. “guaranteeing the desired result” is plausible, but it does not match the exact concept tested here. Mental imagery is a mental rehearsal that can prepare thoughts, emotions, and actions for performance.	Confusing a related leadership concept with the exact term being tested.	Review the textbook definition of mental imagery, then compare it with the closest distractor and state the one key difference.	See it before you do it.	medium	concept_diagram	optional_after_answer	ltl2_c7_pb_q006	Simple instructional diagram contrasting mental imagery with a nearby but different leadership concept.	See it before you do it.	A simple diagram illustrating mental imagery and how it differs from a related idea.	Learn to Lead Volume 2, Chapter 7, objectives 6-14	113-120	approved_source	draft	LTL2-C7-PB-Q007,LTL2-C7-PB-Q008	40
LTL2-C7-PB-Q007	Chapter 7 B: Managing Emotions, Motivation & Relationships	LTL2-C7-OBJ-6-14	LTL2-C7-GOAL_SETTING	LTL2-C7-B-GOAL_SETTING	medium	understanding	multiple_choice	both	cap_direct	Which goal-setting error is shown by choosing a goal so easy that it requires almost no effort?	A goal that is too small	A goal that is too distant	A goal with excessive task behavior	A goal based on empathy	A	Goals that are too easy fail to challenge and motivate; goals that are impossibly hard can also reduce motivation.	1	Goals that are too easy fail to challenge and motivate; goals that are impossibly hard can also reduce motivation. The other choices describe related ideas, but they do not match the exact definition or situation in the question.	Correct. Goals that are too easy fail to challenge and motivate; goals that are impossibly hard can also reduce motivation.	Not quite. “A goal that is too distant” is plausible, but it does not match the exact concept tested here. Goals that are too easy fail to challenge and motivate; goals that are impossibly hard can also reduce motivation.	Not quite. “A goal with excessive task behavior” is plausible, but it does not match the exact concept tested here. Goals that are too easy fail to challenge and motivate; goals that are impossibly hard can also reduce motivation.	Not quite. “A goal based on empathy” is plausible, but it does not match the exact concept tested here. Goals that are too easy fail to challenge and motivate; goals that are impossibly hard can also reduce motivation.	Confusing a related leadership concept with the exact term being tested.	Review the textbook definition of goal setting, then compare it with the closest distractor and state the one key difference.	Not tiny, not impossible—right-sized.	medium	concept_diagram	optional_after_answer	ltl2_c7_pb_q007	Simple instructional diagram contrasting goal setting with a nearby but different leadership concept.	Not tiny, not impossible—right-sized.	A simple diagram illustrating goal setting and how it differs from a related idea.	Learn to Lead Volume 2, Chapter 7, objectives 6-14	113-120	approved_source	draft	LTL2-C7-PB-Q008,LTL2-C7-PB-Q009	40
LTL2-C7-PB-Q008	Chapter 7 B: Managing Emotions, Motivation & Relationships	LTL2-C7-OBJ-6-14	LTL2-C7-EMPATHY	LTL2-C7-B-EMPATHY	medium	understanding	multiple_choice	both	cap_direct	Empathy means	agreeing with every opinion	understanding and being sensitive to another person’s feelings and experiences	solving another person’s problem for them	using referent power	B	Empathy is understanding another person’s perspective and emotional experience.	1	Empathy is understanding another person’s perspective and emotional experience. The other choices describe related ideas, but they do not match the exact definition or situation in the question.	Not quite. “agreeing with every opinion” is plausible, but it does not match the exact concept tested here. Empathy is understanding another person’s perspective and emotional experience.	Correct. Empathy is understanding another person’s perspective and emotional experience.	Not quite. “solving another person’s problem for them” is plausible, but it does not match the exact concept tested here. Empathy is understanding another person’s perspective and emotional experience.	Not quite. “using referent power” is plausible, but it does not match the exact concept tested here. Empathy is understanding another person’s perspective and emotional experience.	Confusing a related leadership concept with the exact term being tested.	Review the textbook definition of empathy, then compare it with the closest distractor and state the one key difference.	Walk in their shoes.	medium	concept_diagram	optional_after_answer	ltl2_c7_pb_q008	Simple instructional diagram contrasting empathy with a nearby but different leadership concept.	Walk in their shoes.	A simple diagram illustrating empathy and how it differs from a related idea.	Learn to Lead Volume 2, Chapter 7, objectives 6-14	113-120	approved_source	draft	LTL2-C7-PB-Q009,LTL2-C7-PB-Q010	40
LTL2-C7-PB-Q009	Chapter 7 B: Managing Emotions, Motivation & Relationships	LTL2-C7-OBJ-6-14	LTL2-C7-EMPATHY	LTL2-C7-B-EMPATHY	medium	scenario	multiple_choice	both	scenario	A cadet leader notices a usually energetic cadet has become quiet and asks privately whether something is wrong. This most directly demonstrates	coercive power	empathy	management by exception	task behavior	B	The leader notices emotional cues and tries to understand the cadet’s experience.	1	The leader notices emotional cues and tries to understand the cadet’s experience. The other choices describe related ideas, but they do not match the exact definition or situation in the question.	Not quite. “coercive power” is plausible, but it does not match the exact concept tested here. The leader notices emotional cues and tries to understand the cadet’s experience.	Correct. The leader notices emotional cues and tries to understand the cadet’s experience.	Not quite. “management by exception” is plausible, but it does not match the exact concept tested here. The leader notices emotional cues and tries to understand the cadet’s experience.	Not quite. “task behavior” is plausible, but it does not match the exact concept tested here. The leader notices emotional cues and tries to understand the cadet’s experience.	Confusing a related leadership concept with the exact term being tested.	Review the textbook definition of empathy, then compare it with the closest distractor and state the one key difference.	Notice, ask, understand.	medium	concept_diagram	optional_after_answer	ltl2_c7_pb_q009	Simple instructional diagram contrasting empathy with a nearby but different leadership concept.	Notice, ask, understand.	A simple diagram illustrating empathy and how it differs from a related idea.	Learn to Lead Volume 2, Chapter 7, objectives 6-14	113-120	approved_source	draft	LTL2-C7-PB-Q010,LTL2-C7-PB-Q001	40
LTL2-C7-PB-Q010	Chapter 7 B: Managing Emotions, Motivation & Relationships	LTL2-C7-OBJ-6-14	LTL2-C7-INTERPERSONAL_SKILLS	LTL2-C7-B-INTERPERSONAL_SKILLS	medium	understanding	multiple_choice	both	cap_direct	Interpersonal skill involves	building and maintaining positive relationships	issuing detailed task instructions	using only formal authority	avoiding networks to remain independent	A	Interpersonal skills help leaders communicate, network, and sustain positive relationships.	1	Interpersonal skills help leaders communicate, network, and sustain positive relationships. The other choices describe related ideas, but they do not match the exact definition or situation in the question.	Correct. Interpersonal skills help leaders communicate, network, and sustain positive relationships.	Not quite. “issuing detailed task instructions” is plausible, but it does not match the exact concept tested here. Interpersonal skills help leaders communicate, network, and sustain positive relationships.	Not quite. “using only formal authority” is plausible, but it does not match the exact concept tested here. Interpersonal skills help leaders communicate, network, and sustain positive relationships.	Not quite. “avoiding networks to remain independent” is plausible, but it does not match the exact concept tested here. Interpersonal skills help leaders communicate, network, and sustain positive relationships.	Confusing a related leadership concept with the exact term being tested.	Review the textbook definition of interpersonal skills, then compare it with the closest distractor and state the one key difference.	Relationships are a leadership skill.	medium	concept_diagram	optional_after_answer	ltl2_c7_pb_q010	Simple instructional diagram contrasting interpersonal skills with a nearby but different leadership concept.	Relationships are a leadership skill.	A simple diagram illustrating interpersonal skills and how it differs from a related idea.	Learn to Lead Volume 2, Chapter 7, objectives 6-14	113-120	approved_source	draft	LTL2-C7-PB-Q001,LTL2-C7-PB-Q002	40
LTL2-C7-PC-Q001	Chapter 7 C: Transformational & Transactional Leadership	LTL2-C7-OBJ-15-24	LTL2-C7-TRANSFORMATIONAL_LEADERSHIP	LTL2-C7-C-TRANSFORMATIONAL_LEADERSHIP	hard	understanding	multiple_choice	both	cap_direct	Transformational leadership seeks to	exchange rewards for specific performance	heighten followers’ motivation and morality	avoid influencing followers’ values	correct only after standards are missed	B	Transformational leadership raises motivation and morality and helps followers reach their potential.	1	Transformational leadership raises motivation and morality and helps followers reach their potential. The other choices describe related ideas, but they do not match the exact definition or situation in the question.	Not quite. “exchange rewards for specific performance” is plausible, but it does not match the exact concept tested here. Transformational leadership raises motivation and morality and helps followers reach their potential.	Correct. Transformational leadership raises motivation and morality and helps followers reach their potential.	Not quite. “avoid influencing followers’ values” is plausible, but it does not match the exact concept tested here. Transformational leadership raises motivation and morality and helps followers reach their potential.	Not quite. “correct only after standards are missed” is plausible, but it does not match the exact concept tested here. Transformational leadership raises motivation and morality and helps followers reach their potential.	Confusing a related leadership concept with the exact term being tested.	Review the textbook definition of transformational leadership, then compare it with the closest distractor and state the one key difference.	Transform = raise values and potential.	high	concept_diagram	optional_after_answer	ltl2_c7_pc_q001	Simple instructional diagram contrasting transformational leadership with a nearby but different leadership concept.	Transform = raise values and potential.	A simple diagram illustrating transformational leadership and how it differs from a related idea.	Learn to Lead Volume 2, Chapter 7, objectives 15-24	121-128	approved_source	draft	LTL2-C7-PC-Q002,LTL2-C7-PC-Q003	50
LTL2-C7-PC-Q002	Chapter 7 C: Transformational & Transactional Leadership	LTL2-C7-OBJ-15-24	LTL2-C7-TRANSACTIONAL_LEADERSHIP	LTL2-C7-C-TRANSACTIONAL_LEADERSHIP	medium	understanding	multiple_choice	both	cap_direct	Transactional leadership is best described as	give-and-take leadership based on exchanges	leadership through a shared vision only	leadership without feedback or decisions	leadership based solely on expertise	A	Transactional leadership exchanges guidance, rewards, or corrective action for follower performance.	1	Transactional leadership exchanges guidance, rewards, or corrective action for follower performance. The other choices describe related ideas, but they do not match the exact definition or situation in the question.	Correct. Transactional leadership exchanges guidance, rewards, or corrective action for follower performance.	Not quite. “leadership through a shared vision only” is plausible, but it does not match the exact concept tested here. Transactional leadership exchanges guidance, rewards, or corrective action for follower performance.	Not quite. “leadership without feedback or decisions” is plausible, but it does not match the exact concept tested here. Transactional leadership exchanges guidance, rewards, or corrective action for follower performance.	Not quite. “leadership based solely on expertise” is plausible, but it does not match the exact concept tested here. Transactional leadership exchanges guidance, rewards, or corrective action for follower performance.	Confusing a related leadership concept with the exact term being tested.	Review the textbook definition of transactional leadership, then compare it with the closest distractor and state the one key difference.	Transaction = exchange.	medium	concept_diagram	optional_after_answer	ltl2_c7_pc_q002	Simple instructional diagram contrasting transactional leadership with a nearby but different leadership concept.	Transaction = exchange.	A simple diagram illustrating transactional leadership and how it differs from a related idea.	Learn to Lead Volume 2, Chapter 7, objectives 15-24	121-128	approved_source	draft	LTL2-C7-PC-Q003,LTL2-C7-PC-Q004	40
LTL2-C7-PC-Q003	Chapter 7 C: Transformational & Transactional Leadership	LTL2-C7-OBJ-15-24	LTL2-C7-TRANSFORMATIONAL_VS_TRANSACTIONAL	LTL2-C7-C-TRANSFORMATIONAL_VS_TRANSACTIONAL	hard	analysis	multiple_choice	both	cap_direct	Which comparison is most accurate?	Transformational changes values; transactional exchanges rewards or responses for performance	Transformational uses punishment; transactional uses empathy	Transformational is hands-off; transactional is democratic	Transformational relies on position; transactional relies only on personality	A	Transformational leadership elevates values and potential, while transactional leadership centers on exchange.	1	Transformational leadership elevates values and potential, while transactional leadership centers on exchange. The other choices describe related ideas, but they do not match the exact definition or situation in the question.	Correct. Transformational leadership elevates values and potential, while transactional leadership centers on exchange.	Not quite. “Transformational uses punishment; transactional uses empathy” is plausible, but it does not match the exact concept tested here. Transformational leadership elevates values and potential, while transactional leadership centers on exchange.	Not quite. “Transformational is hands-off; transactional is democratic” is plausible, but it does not match the exact concept tested here. Transformational leadership elevates values and potential, while transactional leadership centers on exchange.	Not quite. “Transformational relies on position; transactional relies only on personality” is plausible, but it does not match the exact concept tested here. Transformational leadership elevates values and potential, while transactional leadership centers on exchange.	Confusing a related leadership concept with the exact term being tested.	Review the textbook definition of transformational vs transactional, then compare it with the closest distractor and state the one key difference.	Transform values; transact exchanges.	high	concept_diagram	optional_after_answer	ltl2_c7_pc_q003	Simple instructional diagram contrasting transformational vs transactional with a nearby but different leadership concept.	Transform values; transact exchanges.	A simple diagram illustrating transformational vs transactional and how it differs from a related idea.	Learn to Lead Volume 2, Chapter 7, objectives 15-24	121-128	approved_source	draft	LTL2-C7-PC-Q004,LTL2-C7-PC-Q005	50
LTL2-C7-PC-Q004	Chapter 7 C: Transformational & Transactional Leadership	LTL2-C7-OBJ-15-24	LTL2-C7-IDEALIZED_INFLUENCE	LTL2-C7-C-IDEALIZED_INFLUENCE	medium	understanding	multiple_choice	both	cap_direct	Idealized influence occurs when followers	trust and emulate a leader because of the leader’s principles and example	obey because they fear punishment	receive rewards after meeting a quota	are left entirely alone	A	Idealized influence comes from ethical example, trusted principles, and role-model behavior.	1	Idealized influence comes from ethical example, trusted principles, and role-model behavior. The other choices describe related ideas, but they do not match the exact definition or situation in the question.	Correct. Idealized influence comes from ethical example, trusted principles, and role-model behavior.	Not quite. “obey because they fear punishment” is plausible, but it does not match the exact concept tested here. Idealized influence comes from ethical example, trusted principles, and role-model behavior.	Not quite. “receive rewards after meeting a quota” is plausible, but it does not match the exact concept tested here. Idealized influence comes from ethical example, trusted principles, and role-model behavior.	Not quite. “are left entirely alone” is plausible, but it does not match the exact concept tested here. Idealized influence comes from ethical example, trusted principles, and role-model behavior.	Confusing a related leadership concept with the exact term being tested.	Review the textbook definition of idealized influence, then compare it with the closest distractor and state the one key difference.	Live the ideals you teach.	medium	concept_diagram	optional_after_answer	ltl2_c7_pc_q004	Simple instructional diagram contrasting idealized influence with a nearby but different leadership concept.	Live the ideals you teach.	A simple diagram illustrating idealized influence and how it differs from a related idea.	Learn to Lead Volume 2, Chapter 7, objectives 15-24	121-128	approved_source	draft	LTL2-C7-PC-Q005,LTL2-C7-PC-Q006	40
LTL2-C7-PC-Q005	Chapter 7 C: Transformational & Transactional Leadership	LTL2-C7-OBJ-15-24	LTL2-C7-IDEALIZED_INFLUENCE	LTL2-C7-C-IDEALIZED_INFLUENCE	medium	scenario	multiple_choice	both	scenario	A flight commander works beside cadets on a difficult task instead of merely ordering them. This most directly demonstrates	passive management by exception	idealized influence	coercive power	laissez-faire	B	Working alongside followers models the standard and attracts trust through example.	1	Working alongside followers models the standard and attracts trust through example. The other choices describe related ideas, but they do not match the exact definition or situation in the question.	Not quite. “passive management by exception” is plausible, but it does not match the exact concept tested here. Working alongside followers models the standard and attracts trust through example.	Correct. Working alongside followers models the standard and attracts trust through example.	Not quite. “coercive power” is plausible, but it does not match the exact concept tested here. Working alongside followers models the standard and attracts trust through example.	Not quite. “laissez-faire” is plausible, but it does not match the exact concept tested here. Working alongside followers models the standard and attracts trust through example.	Confusing a related leadership concept with the exact term being tested.	Review the textbook definition of idealized influence, then compare it with the closest distractor and state the one key difference.	Example attracts followers.	medium	concept_diagram	optional_after_answer	ltl2_c7_pc_q005	Simple instructional diagram contrasting idealized influence with a nearby but different leadership concept.	Example attracts followers.	A simple diagram illustrating idealized influence and how it differs from a related idea.	Learn to Lead Volume 2, Chapter 7, objectives 15-24	121-128	approved_source	draft	LTL2-C7-PC-Q006,LTL2-C7-PC-Q007	40
LTL2-C7-PC-Q006	Chapter 7 C: Transformational & Transactional Leadership	LTL2-C7-OBJ-15-24	LTL2-C7-INSPIRATIONAL_MOTIVATION	LTL2-C7-C-INSPIRATIONAL_MOTIVATION	medium	understanding	multiple_choice	both	cap_direct	Inspirational motivation emphasizes	high expectations and commitment to a shared vision	technical expertise without emotion	punishment for missed standards	independent work without team spirit	A	Inspirational motivation communicates high expectations and unites followers around a shared vision.	1	Inspirational motivation communicates high expectations and unites followers around a shared vision. The other choices describe related ideas, but they do not match the exact definition or situation in the question.	Correct. Inspirational motivation communicates high expectations and unites followers around a shared vision.	Not quite. “technical expertise without emotion” is plausible, but it does not match the exact concept tested here. Inspirational motivation communicates high expectations and unites followers around a shared vision.	Not quite. “punishment for missed standards” is plausible, but it does not match the exact concept tested here. Inspirational motivation communicates high expectations and unites followers around a shared vision.	Not quite. “independent work without team spirit” is plausible, but it does not match the exact concept tested here. Inspirational motivation communicates high expectations and unites followers around a shared vision.	Confusing a related leadership concept with the exact term being tested.	Review the textbook definition of inspirational motivation, then compare it with the closest distractor and state the one key difference.	Inspire around the vision.	medium	concept_diagram	optional_after_answer	ltl2_c7_pc_q006	Simple instructional diagram contrasting inspirational motivation with a nearby but different leadership concept.	Inspire around the vision.	A simple diagram illustrating inspirational motivation and how it differs from a related idea.	Learn to Lead Volume 2, Chapter 7, objectives 15-24	121-128	approved_source	draft	LTL2-C7-PC-Q007,LTL2-C7-PC-Q008	40
LTL2-C7-PC-Q007	Chapter 7 C: Transformational & Transactional Leadership	LTL2-C7-OBJ-15-24	LTL2-C7-INTELLECTUAL_STIMULATION	LTL2-C7-C-INTELLECTUAL_STIMULATION	hard	understanding	multiple_choice	both	cap_direct	A leader who values intellectual stimulation will	reward followers for agreeing quickly	encourage followers to question assumptions and solve problems	solve every problem for the team	discourage disagreement	B	Intellectual stimulation makes the team think, learn, question, and innovate.	1	Intellectual stimulation makes the team think, learn, question, and innovate. The other choices describe related ideas, but they do not match the exact definition or situation in the question.	Not quite. “reward followers for agreeing quickly” is plausible, but it does not match the exact concept tested here. Intellectual stimulation makes the team think, learn, question, and innovate.	Correct. Intellectual stimulation makes the team think, learn, question, and innovate.	Not quite. “solve every problem for the team” is plausible, but it does not match the exact concept tested here. Intellectual stimulation makes the team think, learn, question, and innovate.	Not quite. “discourage disagreement” is plausible, but it does not match the exact concept tested here. Intellectual stimulation makes the team think, learn, question, and innovate.	Confusing a related leadership concept with the exact term being tested.	Review the textbook definition of intellectual stimulation, then compare it with the closest distractor and state the one key difference.	Teach them to think, not just comply.	high	concept_diagram	optional_after_answer	ltl2_c7_pc_q007	Simple instructional diagram contrasting intellectual stimulation with a nearby but different leadership concept.	Teach them to think, not just comply.	A simple diagram illustrating intellectual stimulation and how it differs from a related idea.	Learn to Lead Volume 2, Chapter 7, objectives 15-24	121-128	approved_source	draft	LTL2-C7-PC-Q008,LTL2-C7-PC-Q009	50
LTL2-C7-PC-Q008	Chapter 7 C: Transformational & Transactional Leadership	LTL2-C7-OBJ-15-24	LTL2-C7-INDIVIDUALIZED_CONSIDERATION	LTL2-C7-C-INDIVIDUALIZED_CONSIDERATION	medium	understanding	multiple_choice	both	cap_direct	Individualized consideration means	giving every follower identical support	recognizing individual needs and helping each follower grow	correcting only group-level errors	using a single leadership style in every situation	B	Individualized consideration treats followers as individuals with different needs and potential.	1	Individualized consideration treats followers as individuals with different needs and potential. The other choices describe related ideas, but they do not match the exact definition or situation in the question.	Not quite. “giving every follower identical support” is plausible, but it does not match the exact concept tested here. Individualized consideration treats followers as individuals with different needs and potential.	Correct. Individualized consideration treats followers as individuals with different needs and potential.	Not quite. “correcting only group-level errors” is plausible, but it does not match the exact concept tested here. Individualized consideration treats followers as individuals with different needs and potential.	Not quite. “using a single leadership style in every situation” is plausible, but it does not match the exact concept tested here. Individualized consideration treats followers as individuals with different needs and potential.	Confusing a related leadership concept with the exact term being tested.	Review the textbook definition of individualized consideration, then compare it with the closest distractor and state the one key difference.	One team, individual people.	medium	concept_diagram	optional_after_answer	ltl2_c7_pc_q008	Simple instructional diagram contrasting individualized consideration with a nearby but different leadership concept.	One team, individual people.	A simple diagram illustrating individualized consideration and how it differs from a related idea.	Learn to Lead Volume 2, Chapter 7, objectives 15-24	121-128	approved_source	draft	LTL2-C7-PC-Q009,LTL2-C7-PC-Q010	40
LTL2-C7-PC-Q009	Chapter 7 C: Transformational & Transactional Leadership	LTL2-C7-OBJ-15-24	LTL2-C7-CONTINGENT_REWARD	LTL2-C7-C-CONTINGENT_REWARD	medium	understanding	multiple_choice	both	cap_direct	Contingent reward occurs when	a reward depends on meeting a stated condition	a leader waits for mistakes before acting	followers admire the leader’s character	a leader provides no feedback	A	A contingent reward is provided only when agreed performance conditions are met.	1	A contingent reward is provided only when agreed performance conditions are met. The other choices describe related ideas, but they do not match the exact definition or situation in the question.	Correct. A contingent reward is provided only when agreed performance conditions are met.	Not quite. “a leader waits for mistakes before acting” is plausible, but it does not match the exact concept tested here. A contingent reward is provided only when agreed performance conditions are met.	Not quite. “followers admire the leader’s character” is plausible, but it does not match the exact concept tested here. A contingent reward is provided only when agreed performance conditions are met.	Not quite. “a leader provides no feedback” is plausible, but it does not match the exact concept tested here. A contingent reward is provided only when agreed performance conditions are met.	Confusing a related leadership concept with the exact term being tested.	Review the textbook definition of contingent reward, then compare it with the closest distractor and state the one key difference.	If condition, then reward.	medium	concept_diagram	optional_after_answer	ltl2_c7_pc_q009	Simple instructional diagram contrasting contingent reward with a nearby but different leadership concept.	If condition, then reward.	A simple diagram illustrating contingent reward and how it differs from a related idea.	Learn to Lead Volume 2, Chapter 7, objectives 15-24	121-128	approved_source	draft	LTL2-C7-PC-Q010,LTL2-C7-PC-Q011	40
LTL2-C7-PC-Q010	Chapter 7 C: Transformational & Transactional Leadership	LTL2-C7-OBJ-15-24	LTL2-C7-MANAGEMENT_BY_EXCEPTION	LTL2-C7-C-MANAGEMENT_BY_EXCEPTION	medium	understanding	multiple_choice	both	cap_direct	Management by exception focuses on	watching for departures from standards and responding to them	raising followers’ moral values	creating a shared vision	developing personal mastery	A	Management by exception reacts to mistakes, violations, or failure to meet standards.	1	Management by exception reacts to mistakes, violations, or failure to meet standards. The other choices describe related ideas, but they do not match the exact definition or situation in the question.	Correct. Management by exception reacts to mistakes, violations, or failure to meet standards.	Not quite. “raising followers’ moral values” is plausible, but it does not match the exact concept tested here. Management by exception reacts to mistakes, violations, or failure to meet standards.	Not quite. “creating a shared vision” is plausible, but it does not match the exact concept tested here. Management by exception reacts to mistakes, violations, or failure to meet standards.	Not quite. “developing personal mastery” is plausible, but it does not match the exact concept tested here. Management by exception reacts to mistakes, violations, or failure to meet standards.	Confusing a related leadership concept with the exact term being tested.	Review the textbook definition of management by exception, then compare it with the closest distractor and state the one key difference.	Exception triggers response.	medium	concept_diagram	optional_after_answer	ltl2_c7_pc_q010	Simple instructional diagram contrasting management by exception with a nearby but different leadership concept.	Exception triggers response.	A simple diagram illustrating management by exception and how it differs from a related idea.	Learn to Lead Volume 2, Chapter 7, objectives 15-24	121-128	approved_source	draft	LTL2-C7-PC-Q011,LTL2-C7-PC-Q012	40
LTL2-C7-PC-Q011	Chapter 7 C: Transformational & Transactional Leadership	LTL2-C7-OBJ-15-24	LTL2-C7-ACTIVE_MBE	LTL2-C7-C-ACTIVE_MBE	hard	understanding	multiple_choice	both	cap_direct	Active management by exception differs from passive MBE because the active leader	monitors performance and corrects problems quickly	waits until problems become serious	offers rewards before work begins	avoids standards	A	Active MBE searches for errors and corrects them promptly; passive MBE waits.	1	Active MBE searches for errors and corrects them promptly; passive MBE waits. The other choices describe related ideas, but they do not match the exact definition or situation in the question.	Correct. Active MBE searches for errors and corrects them promptly; passive MBE waits.	Not quite. “waits until problems become serious” is plausible, but it does not match the exact concept tested here. Active MBE searches for errors and corrects them promptly; passive MBE waits.	Not quite. “offers rewards before work begins” is plausible, but it does not match the exact concept tested here. Active MBE searches for errors and corrects them promptly; passive MBE waits.	Not quite. “avoids standards” is plausible, but it does not match the exact concept tested here. Active MBE searches for errors and corrects them promptly; passive MBE waits.	Confusing a related leadership concept with the exact term being tested.	Review the textbook definition of active MBE, then compare it with the closest distractor and state the one key difference.	Active watches; passive waits.	high	concept_diagram	optional_after_answer	ltl2_c7_pc_q011	Simple instructional diagram contrasting active MBE with a nearby but different leadership concept.	Active watches; passive waits.	A simple diagram illustrating active MBE and how it differs from a related idea.	Learn to Lead Volume 2, Chapter 7, objectives 15-24	121-128	approved_source	draft	LTL2-C7-PC-Q012,LTL2-C7-PC-Q013	50
LTL2-C7-PC-Q012	Chapter 7 C: Transformational & Transactional Leadership	LTL2-C7-OBJ-15-24	LTL2-C7-PASSIVE_MBE	LTL2-C7-C-PASSIVE_MBE	medium	scenario	multiple_choice	both	scenario	A commander says nothing during training, then weeks later gives a list of mistakes. This is	idealized influence	passive management by exception	intellectual stimulation	supportive leadership	B	Passive MBE delays action until problems have already occurred or become serious.	1	Passive MBE delays action until problems have already occurred or become serious. The other choices describe related ideas, but they do not match the exact definition or situation in the question.	Not quite. “idealized influence” is plausible, but it does not match the exact concept tested here. Passive MBE delays action until problems have already occurred or become serious.	Correct. Passive MBE delays action until problems have already occurred or become serious.	Not quite. “intellectual stimulation” is plausible, but it does not match the exact concept tested here. Passive MBE delays action until problems have already occurred or become serious.	Not quite. “supportive leadership” is plausible, but it does not match the exact concept tested here. Passive MBE delays action until problems have already occurred or become serious.	Confusing a related leadership concept with the exact term being tested.	Review the textbook definition of passive MBE, then compare it with the closest distractor and state the one key difference.	Late correction is passive MBE.	medium	concept_diagram	optional_after_answer	ltl2_c7_pc_q012	Simple instructional diagram contrasting passive MBE with a nearby but different leadership concept.	Late correction is passive MBE.	A simple diagram illustrating passive MBE and how it differs from a related idea.	Learn to Lead Volume 2, Chapter 7, objectives 15-24	121-128	approved_source	draft	LTL2-C7-PC-Q013,LTL2-C7-PC-Q014	40
LTL2-C7-PC-Q013	Chapter 7 C: Transformational & Transactional Leadership	LTL2-C7-OBJ-15-24	LTL2-C7-LAISSEZ_FAIRE_NONLEADERSHIP	LTL2-C7-C-LAISSEZ_FAIRE_NONLEADERSHIP	hard	understanding	multiple_choice	both	cap_direct	In the transformational leadership continuum, laissez-faire describes	a hands-off absence of timely decisions and feedback	a democratic style for capable teams	an exchange of rewards for results	a strong concern for both people and results	A	In this framework, laissez-faire is non-leadership marked by delay, little feedback, and unmet follower needs.	1	In this framework, laissez-faire is non-leadership marked by delay, little feedback, and unmet follower needs. The other choices describe related ideas, but they do not match the exact definition or situation in the question.	Correct. In this framework, laissez-faire is non-leadership marked by delay, little feedback, and unmet follower needs.	Not quite. “a democratic style for capable teams” is plausible, but it does not match the exact concept tested here. In this framework, laissez-faire is non-leadership marked by delay, little feedback, and unmet follower needs.	Not quite. “an exchange of rewards for results” is plausible, but it does not match the exact concept tested here. In this framework, laissez-faire is non-leadership marked by delay, little feedback, and unmet follower needs.	Not quite. “a strong concern for both people and results” is plausible, but it does not match the exact concept tested here. In this framework, laissez-faire is non-leadership marked by delay, little feedback, and unmet follower needs.	Confusing laissez-faire non-leadership here with the more positive situational use of a hands-off style.	Review the textbook definition of laissez-faire nonleadership, then compare it with the closest distractor and state the one key difference.	No decision, no feedback, no leadership.	high	concept_diagram	optional_after_answer	ltl2_c7_pc_q013	Simple instructional diagram contrasting laissez-faire nonleadership with a nearby but different leadership concept.	No decision, no feedback, no leadership.	A simple diagram illustrating laissez-faire nonleadership and how it differs from a related idea.	Learn to Lead Volume 2, Chapter 7, objectives 15-24	121-128	approved_source	draft	LTL2-C7-PC-Q014,LTL2-C7-PC-Q001	50
LTL2-C7-PC-Q014	Chapter 7 C: Transformational & Transactional Leadership	LTL2-C7-OBJ-15-24	LTL2-C7-LEADERSHIP_FACTORS	LTL2-C7-C-LEADERSHIP_FACTORS	hard	recognition	multiple_choice	both	cap_direct	Which factor belongs to transformational leadership rather than transactional leadership?	Contingent reward	Management by exception	Individualized consideration	Coercive power	C	Individualized consideration is one of the four transformational factors; contingent reward and MBE are transactional.	1	Individualized consideration is one of the four transformational factors; contingent reward and MBE are transactional. The other choices describe related ideas, but they do not match the exact definition or situation in the question.	Not quite. “Contingent reward” is plausible, but it does not match the exact concept tested here. Individualized consideration is one of the four transformational factors; contingent reward and MBE are transactional.	Not quite. “Management by exception” is plausible, but it does not match the exact concept tested here. Individualized consideration is one of the four transformational factors; contingent reward and MBE are transactional.	Correct. Individualized consideration is one of the four transformational factors; contingent reward and MBE are transactional.	Not quite. “Coercive power” is plausible, but it does not match the exact concept tested here. Individualized consideration is one of the four transformational factors; contingent reward and MBE are transactional.	Confusing a related leadership concept with the exact term being tested.	Review the textbook definition of leadership factors, then compare it with the closest distractor and state the one key difference.	Transformational develops the person.	high	concept_diagram	optional_after_answer	ltl2_c7_pc_q014	Simple instructional diagram contrasting leadership factors with a nearby but different leadership concept.	Transformational develops the person.	A simple diagram illustrating leadership factors and how it differs from a related idea.	Learn to Lead Volume 2, Chapter 7, objectives 15-24	121-128	approved_source	draft	LTL2-C7-PC-Q001,LTL2-C7-PC-Q002	50
LTL2-C7-PD-Q001	Chapter 7 D: Power	LTL2-C7-OBJ-25-27	LTL2-C7-POWER	LTL2-C7-D-POWER	medium	understanding	multiple_choice	both	cap_direct	Power is the ability of one person to	influence another	hold the highest rank	issue punishment	control every outcome	A	Power is the ability to influence another person.	1	Power is the ability to influence another person. The other choices describe related ideas, but they do not match the exact definition or situation in the question.	Correct. Power is the ability to influence another person.	Not quite. “hold the highest rank” is plausible, but it does not match the exact concept tested here. Power is the ability to influence another person.	Not quite. “issue punishment” is plausible, but it does not match the exact concept tested here. Power is the ability to influence another person.	Not quite. “control every outcome” is plausible, but it does not match the exact concept tested here. Power is the ability to influence another person.	Confusing a related leadership concept with the exact term being tested.	Review the textbook definition of power, then compare it with the closest distractor and state the one key difference.	Power = influence.	medium	concept_diagram	optional_after_answer	ltl2_c7_pd_q001	Simple instructional diagram contrasting power with a nearby but different leadership concept.	Power = influence.	A simple diagram illustrating power and how it differs from a related idea.	Learn to Lead Volume 2, Chapter 7, objectives 25-27	129-130	approved_source	draft	LTL2-C7-PD-Q002,LTL2-C7-PD-Q003	40
LTL2-C7-PD-Q002	Chapter 7 D: Power	LTL2-C7-OBJ-25-27	LTL2-C7-LEGITIMATE_POWER	LTL2-C7-D-LEGITIMATE_POWER	medium	understanding	multiple_choice	both	cap_direct	Followers obey because they accept the authority of the leader’s position. This is	expert power	legitimate power	referent power	reward power	B	Legitimate power comes from the recognized authority of a position.	1	Legitimate power comes from the recognized authority of a position. The other choices describe related ideas, but they do not match the exact definition or situation in the question.	Not quite. “expert power” is plausible, but it does not match the exact concept tested here. Legitimate power comes from the recognized authority of a position.	Correct. Legitimate power comes from the recognized authority of a position.	Not quite. “referent power” is plausible, but it does not match the exact concept tested here. Legitimate power comes from the recognized authority of a position.	Not quite. “reward power” is plausible, but it does not match the exact concept tested here. Legitimate power comes from the recognized authority of a position.	Confusing a related leadership concept with the exact term being tested.	Review the textbook definition of legitimate power, then compare it with the closest distractor and state the one key difference.	Legitimate = position.	medium	concept_diagram	optional_after_answer	ltl2_c7_pd_q002	Simple instructional diagram contrasting legitimate power with a nearby but different leadership concept.	Legitimate = position.	A simple diagram illustrating legitimate power and how it differs from a related idea.	Learn to Lead Volume 2, Chapter 7, objectives 25-27	129-130	approved_source	draft	LTL2-C7-PD-Q003,LTL2-C7-PD-Q004	40
LTL2-C7-PD-Q003	Chapter 7 D: Power	LTL2-C7-OBJ-25-27	LTL2-C7-REWARD_POWER	LTL2-C7-D-REWARD_POWER	medium	understanding	multiple_choice	both	cap_direct	A leader’s ability to provide a desired benefit creates	coercive power	reward power	expert power	referent power	B	Reward power comes from the ability to provide valued rewards.	1	Reward power comes from the ability to provide valued rewards. The other choices describe related ideas, but they do not match the exact definition or situation in the question.	Not quite. “coercive power” is plausible, but it does not match the exact concept tested here. Reward power comes from the ability to provide valued rewards.	Correct. Reward power comes from the ability to provide valued rewards.	Not quite. “expert power” is plausible, but it does not match the exact concept tested here. Reward power comes from the ability to provide valued rewards.	Not quite. “referent power” is plausible, but it does not match the exact concept tested here. Reward power comes from the ability to provide valued rewards.	Confusing a related leadership concept with the exact term being tested.	Review the textbook definition of reward power, then compare it with the closest distractor and state the one key difference.	Reward power offers benefits.	medium	concept_diagram	optional_after_answer	ltl2_c7_pd_q003	Simple instructional diagram contrasting reward power with a nearby but different leadership concept.	Reward power offers benefits.	A simple diagram illustrating reward power and how it differs from a related idea.	Learn to Lead Volume 2, Chapter 7, objectives 25-27	129-130	approved_source	draft	LTL2-C7-PD-Q004,LTL2-C7-PD-Q005	40
LTL2-C7-PD-Q004	Chapter 7 D: Power	LTL2-C7-OBJ-25-27	LTL2-C7-COERCIVE_POWER	LTL2-C7-D-COERCIVE_POWER	medium	understanding	multiple_choice	both	cap_direct	Followers comply because they fear punishment. This is	coercive power	legitimate power	expert power	referent power	A	Coercive power rests on the ability to punish or create fear of punishment.	1	Coercive power rests on the ability to punish or create fear of punishment. The other choices describe related ideas, but they do not match the exact definition or situation in the question.	Correct. Coercive power rests on the ability to punish or create fear of punishment.	Not quite. “legitimate power” is plausible, but it does not match the exact concept tested here. Coercive power rests on the ability to punish or create fear of punishment.	Not quite. “expert power” is plausible, but it does not match the exact concept tested here. Coercive power rests on the ability to punish or create fear of punishment.	Not quite. “referent power” is plausible, but it does not match the exact concept tested here. Coercive power rests on the ability to punish or create fear of punishment.	Confusing a related leadership concept with the exact term being tested.	Review the textbook definition of coercive power, then compare it with the closest distractor and state the one key difference.	Coercive = consequences feared.	medium	concept_diagram	optional_after_answer	ltl2_c7_pd_q004	Simple instructional diagram contrasting coercive power with a nearby but different leadership concept.	Coercive = consequences feared.	A simple diagram illustrating coercive power and how it differs from a related idea.	Learn to Lead Volume 2, Chapter 7, objectives 25-27	129-130	approved_source	draft	LTL2-C7-PD-Q005,LTL2-C7-PD-Q006	40
LTL2-C7-PD-Q005	Chapter 7 D: Power	LTL2-C7-OBJ-25-27	LTL2-C7-EXPERT_POWER	LTL2-C7-D-EXPERT_POWER	medium	understanding	multiple_choice	both	cap_direct	A cadet follows an NCO’s advice because the NCO has exceptional technical knowledge. This is	legitimate power	expert power	reward power	coercive power	B	Expert power comes from valued knowledge and competence.	1	Expert power comes from valued knowledge and competence. The other choices describe related ideas, but they do not match the exact definition or situation in the question.	Not quite. “legitimate power” is plausible, but it does not match the exact concept tested here. Expert power comes from valued knowledge and competence.	Correct. Expert power comes from valued knowledge and competence.	Not quite. “reward power” is plausible, but it does not match the exact concept tested here. Expert power comes from valued knowledge and competence.	Not quite. “coercive power” is plausible, but it does not match the exact concept tested here. Expert power comes from valued knowledge and competence.	Confusing a related leadership concept with the exact term being tested.	Review the textbook definition of expert power, then compare it with the closest distractor and state the one key difference.	Expert power knows.	medium	concept_diagram	optional_after_answer	ltl2_c7_pd_q005	Simple instructional diagram contrasting expert power with a nearby but different leadership concept.	Expert power knows.	A simple diagram illustrating expert power and how it differs from a related idea.	Learn to Lead Volume 2, Chapter 7, objectives 25-27	129-130	approved_source	draft	LTL2-C7-PD-Q006,LTL2-C7-PD-Q007	40
LTL2-C7-PD-Q006	Chapter 7 D: Power	LTL2-C7-OBJ-25-27	LTL2-C7-REFERENT_POWER	LTL2-C7-D-REFERENT_POWER	medium	understanding	multiple_choice	both	cap_direct	Referent power is strongest when followers	like, admire, and respect the leader	fear disciplinary action	want a material reward	recognize only the leader’s title	A	Referent power comes from personal respect, admiration, and identification.	1	Referent power comes from personal respect, admiration, and identification. The other choices describe related ideas, but they do not match the exact definition or situation in the question.	Correct. Referent power comes from personal respect, admiration, and identification.	Not quite. “fear disciplinary action” is plausible, but it does not match the exact concept tested here. Referent power comes from personal respect, admiration, and identification.	Not quite. “want a material reward” is plausible, but it does not match the exact concept tested here. Referent power comes from personal respect, admiration, and identification.	Not quite. “recognize only the leader’s title” is plausible, but it does not match the exact concept tested here. Referent power comes from personal respect, admiration, and identification.	Confusing a related leadership concept with the exact term being tested.	Review the textbook definition of referent power, then compare it with the closest distractor and state the one key difference.	Referent = respect for the person.	medium	concept_diagram	optional_after_answer	ltl2_c7_pd_q006	Simple instructional diagram contrasting referent power with a nearby but different leadership concept.	Referent = respect for the person.	A simple diagram illustrating referent power and how it differs from a related idea.	Learn to Lead Volume 2, Chapter 7, objectives 25-27	129-130	approved_source	draft	LTL2-C7-PD-Q007,LTL2-C7-PD-Q008	40
LTL2-C7-PD-Q007	Chapter 7 D: Power	LTL2-C7-OBJ-25-27	LTL2-C7-POSITION_VS_PERSONAL_POWER	LTL2-C7-D-POSITION_VS_PERSONAL_POWER	hard	analysis	multiple_choice	both	cap_direct	Which pair consists entirely of personal powers?	Legitimate and reward	Reward and coercive	Expert and referent	Legitimate and expert	C	Expert and referent power belong to the person; legitimate, reward, and coercive are position powers.	1	Expert and referent power belong to the person; legitimate, reward, and coercive are position powers. The other choices describe related ideas, but they do not match the exact definition or situation in the question.	Not quite. “Legitimate and reward” is plausible, but it does not match the exact concept tested here. Expert and referent power belong to the person; legitimate, reward, and coercive are position powers.	Not quite. “Reward and coercive” is plausible, but it does not match the exact concept tested here. Expert and referent power belong to the person; legitimate, reward, and coercive are position powers.	Correct. Expert and referent power belong to the person; legitimate, reward, and coercive are position powers.	Not quite. “Legitimate and expert” is plausible, but it does not match the exact concept tested here. Expert and referent power belong to the person; legitimate, reward, and coercive are position powers.	Confusing a related leadership concept with the exact term being tested.	Review the textbook definition of position vs personal power, then compare it with the closest distractor and state the one key difference.	Personal power: know and be respected.	high	concept_diagram	optional_after_answer	ltl2_c7_pd_q007	Simple instructional diagram contrasting position vs personal power with a nearby but different leadership concept.	Personal power: know and be respected.	A simple diagram illustrating position vs personal power and how it differs from a related idea.	Learn to Lead Volume 2, Chapter 7, objectives 25-27	129-130	approved_source	draft	LTL2-C7-PD-Q008,LTL2-C7-PD-Q001	50
LTL2-C7-PD-Q008	Chapter 7 D: Power	LTL2-C7-OBJ-25-27	LTL2-C7-STAGES_OF_PERSONAL_POWER	LTL2-C7-D-STAGES_OF_PERSONAL_POWER	hard	understanding	multiple_choice	both	cap_direct	Which stage emphasizes integrity, honest work, and trust in the whole team’s performance?	Stage Two: Deal-making	Stage Three: Charisma	Stage Four: Integrity and Trust	Stage Five: Empowerment	C	Stage Four leads through integrity and trust rather than deals, force, or self-serving charisma.	1	Stage Four leads through integrity and trust rather than deals, force, or self-serving charisma. The other choices describe related ideas, but they do not match the exact definition or situation in the question.	Not quite. “Stage Two: Deal-making” is plausible, but it does not match the exact concept tested here. Stage Four leads through integrity and trust rather than deals, force, or self-serving charisma.	Not quite. “Stage Three: Charisma” is plausible, but it does not match the exact concept tested here. Stage Four leads through integrity and trust rather than deals, force, or self-serving charisma.	Correct. Stage Four leads through integrity and trust rather than deals, force, or self-serving charisma.	Not quite. “Stage Five: Empowerment” is plausible, but it does not match the exact concept tested here. Stage Four leads through integrity and trust rather than deals, force, or self-serving charisma.	Confusing a related leadership concept with the exact term being tested.	Review the textbook definition of stages of personal power, then compare it with the closest distractor and state the one key difference.	Stage Four: right, honest, trusted.	high	concept_diagram	optional_after_answer	ltl2_c7_pd_q008	Simple instructional diagram contrasting stages of personal power with a nearby but different leadership concept.	Stage Four: right, honest, trusted.	A simple diagram illustrating stages of personal power and how it differs from a related idea.	Learn to Lead Volume 2, Chapter 7, objectives 25-27	129-130	approved_source	draft	LTL2-C7-PD-Q001,LTL2-C7-PD-Q002	50
LTL2-C7-PE-Q001	Chapter 7 E: Learning Organizations & Systems	LTL2-C7-OBJ-28-34	LTL2-C7-LEARNING_ORGANIZATION	LTL2-C7-E-LEARNING_ORGANIZATION	medium	understanding	multiple_choice	both	cap_direct	A learning organization is one in which	people continually expand their ability and learn together	only leaders attend formal training	rules prevent experimentation	individual learning stays separate from team work	A	In a learning organization, people continually learn, improve, and build capability together.	1	In a learning organization, people continually learn, improve, and build capability together. The other choices describe related ideas, but they do not match the exact definition or situation in the question.	Correct. In a learning organization, people continually learn, improve, and build capability together.	Not quite. “only leaders attend formal training” is plausible, but it does not match the exact concept tested here. In a learning organization, people continually learn, improve, and build capability together.	Not quite. “rules prevent experimentation” is plausible, but it does not match the exact concept tested here. In a learning organization, people continually learn, improve, and build capability together.	Not quite. “individual learning stays separate from team work” is plausible, but it does not match the exact concept tested here. In a learning organization, people continually learn, improve, and build capability together.	Confusing a related leadership concept with the exact term being tested.	Review the textbook definition of learning organization, then compare it with the closest distractor and state the one key difference.	Learning together, improving together.	medium	concept_diagram	optional_after_answer	ltl2_c7_pe_q001	Simple instructional diagram contrasting learning organization with a nearby but different leadership concept.	Learning together, improving together.	A simple diagram illustrating learning organization and how it differs from a related idea.	Learn to Lead Volume 2, Chapter 7, objectives 28-34	131-137	approved_source	draft	LTL2-C7-PE-Q002,LTL2-C7-PE-Q003	40
LTL2-C7-PE-Q002	Chapter 7 E: Learning Organizations & Systems	LTL2-C7-OBJ-28-34	LTL2-C7-FIVE_DISCIPLINES	LTL2-C7-E-FIVE_DISCIPLINES	hard	recall	multiple_choice	both	cap_direct	Which set names the five disciplines of a learning organization?	Systems thinking, personal mastery, shared vision, team learning, mental models	Planning, organizing, staffing, directing, controlling	Integrity, service, excellence, respect, courage	Directive, supportive, participative, achievement-oriented, laissez-faire	A	The five disciplines are systems thinking, personal mastery, shared vision, team learning, and mental models.	1	The five disciplines are systems thinking, personal mastery, shared vision, team learning, and mental models. The other choices describe related ideas, but they do not match the exact definition or situation in the question.	Correct. The five disciplines are systems thinking, personal mastery, shared vision, team learning, and mental models.	Not quite. “Planning, organizing, staffing, directing, controlling” is plausible, but it does not match the exact concept tested here. The five disciplines are systems thinking, personal mastery, shared vision, team learning, and mental models.	Not quite. “Integrity, service, excellence, respect, courage” is plausible, but it does not match the exact concept tested here. The five disciplines are systems thinking, personal mastery, shared vision, team learning, and mental models.	Not quite. “Directive, supportive, participative, achievement-oriented, laissez-faire” is plausible, but it does not match the exact concept tested here. The five disciplines are systems thinking, personal mastery, shared vision, team learning, and mental models.	Confusing a related leadership concept with the exact term being tested.	Review the textbook definition of five disciplines, then compare it with the closest distractor and state the one key difference.	System, self, shared, team, models.	high	concept_diagram	optional_after_answer	ltl2_c7_pe_q002	Simple instructional diagram contrasting five disciplines with a nearby but different leadership concept.	System, self, shared, team, models.	A simple diagram illustrating five disciplines and how it differs from a related idea.	Learn to Lead Volume 2, Chapter 7, objectives 28-34	131-137	approved_source	draft	LTL2-C7-PE-Q003,LTL2-C7-PE-Q004	50
LTL2-C7-PE-Q003	Chapter 7 E: Learning Organizations & Systems	LTL2-C7-OBJ-28-34	LTL2-C7-SYSTEM	LTL2-C7-E-SYSTEM	medium	understanding	multiple_choice	both	cap_direct	A system is best understood as	a collection of independent parts	a set of interdependent parts forming a whole	a formal chain of command	a list of written standards	B	A system is a whole whose parts interact and depend on one another.	1	A system is a whole whose parts interact and depend on one another. The other choices describe related ideas, but they do not match the exact definition or situation in the question.	Not quite. “a collection of independent parts” is plausible, but it does not match the exact concept tested here. A system is a whole whose parts interact and depend on one another.	Correct. A system is a whole whose parts interact and depend on one another.	Not quite. “a formal chain of command” is plausible, but it does not match the exact concept tested here. A system is a whole whose parts interact and depend on one another.	Not quite. “a list of written standards” is plausible, but it does not match the exact concept tested here. A system is a whole whose parts interact and depend on one another.	Confusing a related leadership concept with the exact term being tested.	Review the textbook definition of system, then compare it with the closest distractor and state the one key difference.	Parts interact; the whole reacts.	medium	concept_diagram	optional_after_answer	ltl2_c7_pe_q003	Simple instructional diagram contrasting system with a nearby but different leadership concept.	Parts interact; the whole reacts.	A simple diagram illustrating system and how it differs from a related idea.	Learn to Lead Volume 2, Chapter 7, objectives 28-34	131-137	approved_source	draft	LTL2-C7-PE-Q004,LTL2-C7-PE-Q005	40
LTL2-C7-PE-Q004	Chapter 7 E: Learning Organizations & Systems	LTL2-C7-OBJ-28-34	LTL2-C7-SYSTEMS_THINKING	LTL2-C7-E-SYSTEMS_THINKING	hard	understanding	multiple_choice	both	cap_direct	Systems thinking requires leaders to	focus only on the immediate problem	consider how actions affect interconnected parts over time	treat every event as isolated	avoid feedback loops	B	Systems thinking examines relationships, patterns, and consequences across the whole system.	1	Systems thinking examines relationships, patterns, and consequences across the whole system. The other choices describe related ideas, but they do not match the exact definition or situation in the question.	Not quite. “focus only on the immediate problem” is plausible, but it does not match the exact concept tested here. Systems thinking examines relationships, patterns, and consequences across the whole system.	Correct. Systems thinking examines relationships, patterns, and consequences across the whole system.	Not quite. “treat every event as isolated” is plausible, but it does not match the exact concept tested here. Systems thinking examines relationships, patterns, and consequences across the whole system.	Not quite. “avoid feedback loops” is plausible, but it does not match the exact concept tested here. Systems thinking examines relationships, patterns, and consequences across the whole system.	Confusing a related leadership concept with the exact term being tested.	Review the textbook definition of systems thinking, then compare it with the closest distractor and state the one key difference.	See connections, not isolated events.	high	concept_diagram	optional_after_answer	ltl2_c7_pe_q004	Simple instructional diagram contrasting systems thinking with a nearby but different leadership concept.	See connections, not isolated events.	A simple diagram illustrating systems thinking and how it differs from a related idea.	Learn to Lead Volume 2, Chapter 7, objectives 28-34	131-137	approved_source	draft	LTL2-C7-PE-Q005,LTL2-C7-PE-Q006	50
LTL2-C7-PE-Q005	Chapter 7 E: Learning Organizations & Systems	LTL2-C7-OBJ-28-34	LTL2-C7-SYSTEMS_IGNORANCE	LTL2-C7-E-SYSTEMS_IGNORANCE	hard	scenario	multiple_choice	both	scenario	A squadron solves a scheduling problem by canceling training, then later finds retention and readiness have declined. This illustrates	systems ignorance	referent power	individualized consideration	contingent reward	A	The quick fix ignored how one change would affect other parts of the squadron.	1	The quick fix ignored how one change would affect other parts of the squadron. The other choices describe related ideas, but they do not match the exact definition or situation in the question.	Correct. The quick fix ignored how one change would affect other parts of the squadron.	Not quite. “referent power” is plausible, but it does not match the exact concept tested here. The quick fix ignored how one change would affect other parts of the squadron.	Not quite. “individualized consideration” is plausible, but it does not match the exact concept tested here. The quick fix ignored how one change would affect other parts of the squadron.	Not quite. “contingent reward” is plausible, but it does not match the exact concept tested here. The quick fix ignored how one change would affect other parts of the squadron.	Confusing a related leadership concept with the exact term being tested.	Review the textbook definition of systems ignorance, then compare it with the closest distractor and state the one key difference.	A fix in one part can hurt another.	high	concept_diagram	optional_after_answer	ltl2_c7_pe_q005	Simple instructional diagram contrasting systems ignorance with a nearby but different leadership concept.	A fix in one part can hurt another.	A simple diagram illustrating systems ignorance and how it differs from a related idea.	Learn to Lead Volume 2, Chapter 7, objectives 28-34	131-137	approved_source	draft	LTL2-C7-PE-Q006,LTL2-C7-PE-Q007	50
LTL2-C7-PE-Q006	Chapter 7 E: Learning Organizations & Systems	LTL2-C7-OBJ-28-34	LTL2-C7-PERSONAL_MASTERY	LTL2-C7-E-PERSONAL_MASTERY	medium	understanding	multiple_choice	both	cap_direct	Personal mastery is	continuous learning and disciplined growth toward what matters	achieving flawless performance	gaining legitimate authority	persuading followers through charisma	A	Personal mastery is an ongoing discipline of learning, growth, and pursuing meaningful vision.	1	Personal mastery is an ongoing discipline of learning, growth, and pursuing meaningful vision. The other choices describe related ideas, but they do not match the exact definition or situation in the question.	Correct. Personal mastery is an ongoing discipline of learning, growth, and pursuing meaningful vision.	Not quite. “achieving flawless performance” is plausible, but it does not match the exact concept tested here. Personal mastery is an ongoing discipline of learning, growth, and pursuing meaningful vision.	Not quite. “gaining legitimate authority” is plausible, but it does not match the exact concept tested here. Personal mastery is an ongoing discipline of learning, growth, and pursuing meaningful vision.	Not quite. “persuading followers through charisma” is plausible, but it does not match the exact concept tested here. Personal mastery is an ongoing discipline of learning, growth, and pursuing meaningful vision.	Confusing a related leadership concept with the exact term being tested.	Review the textbook definition of personal mastery, then compare it with the closest distractor and state the one key difference.	Mastery is a journey, not perfection.	medium	concept_diagram	optional_after_answer	ltl2_c7_pe_q006	Simple instructional diagram contrasting personal mastery with a nearby but different leadership concept.	Mastery is a journey, not perfection.	A simple diagram illustrating personal mastery and how it differs from a related idea.	Learn to Lead Volume 2, Chapter 7, objectives 28-34	131-137	approved_source	draft	LTL2-C7-PE-Q007,LTL2-C7-PE-Q008	40
LTL2-C7-PE-Q007	Chapter 7 E: Learning Organizations & Systems	LTL2-C7-OBJ-28-34	LTL2-C7-PERSONAL_VISION	LTL2-C7-E-PERSONAL_VISION	medium	understanding	multiple_choice	both	cap_direct	A personal vision is	a clear picture of the future an individual wants to create	a team’s unwritten rules	a leader’s formal authority	a reward attached to a condition	A	Personal vision describes a desired future that guides learning and effort.	1	Personal vision describes a desired future that guides learning and effort. The other choices describe related ideas, but they do not match the exact definition or situation in the question.	Correct. Personal vision describes a desired future that guides learning and effort.	Not quite. “a team’s unwritten rules” is plausible, but it does not match the exact concept tested here. Personal vision describes a desired future that guides learning and effort.	Not quite. “a leader’s formal authority” is plausible, but it does not match the exact concept tested here. Personal vision describes a desired future that guides learning and effort.	Not quite. “a reward attached to a condition” is plausible, but it does not match the exact concept tested here. Personal vision describes a desired future that guides learning and effort.	Confusing a related leadership concept with the exact term being tested.	Review the textbook definition of personal vision, then compare it with the closest distractor and state the one key difference.	Vision pictures the future.	medium	concept_diagram	optional_after_answer	ltl2_c7_pe_q007	Simple instructional diagram contrasting personal vision with a nearby but different leadership concept.	Vision pictures the future.	A simple diagram illustrating personal vision and how it differs from a related idea.	Learn to Lead Volume 2, Chapter 7, objectives 28-34	131-137	approved_source	draft	LTL2-C7-PE-Q008,LTL2-C7-PE-Q009	40
LTL2-C7-PE-Q008	Chapter 7 E: Learning Organizations & Systems	LTL2-C7-OBJ-28-34	LTL2-C7-CREATIVE_TENSION	LTL2-C7-E-CREATIVE_TENSION	hard	understanding	multiple_choice	both	cap_direct	The gap between a personal vision and present reality can create	creative tension that motivates growth	coercive power	passive management by exception	groupthink	A	Creative tension arises from the gap between current reality and a desired future and can energize improvement.	1	Creative tension arises from the gap between current reality and a desired future and can energize improvement. The other choices describe related ideas, but they do not match the exact definition or situation in the question.	Correct. Creative tension arises from the gap between current reality and a desired future and can energize improvement.	Not quite. “coercive power” is plausible, but it does not match the exact concept tested here. Creative tension arises from the gap between current reality and a desired future and can energize improvement.	Not quite. “passive management by exception” is plausible, but it does not match the exact concept tested here. Creative tension arises from the gap between current reality and a desired future and can energize improvement.	Not quite. “groupthink” is plausible, but it does not match the exact concept tested here. Creative tension arises from the gap between current reality and a desired future and can energize improvement.	Confusing a related leadership concept with the exact term being tested.	Review the textbook definition of creative tension, then compare it with the closest distractor and state the one key difference.	Vision minus reality creates tension to grow.	high	concept_diagram	optional_after_answer	ltl2_c7_pe_q008	Simple instructional diagram contrasting creative tension with a nearby but different leadership concept.	Vision minus reality creates tension to grow.	A simple diagram illustrating creative tension and how it differs from a related idea.	Learn to Lead Volume 2, Chapter 7, objectives 28-34	131-137	approved_source	draft	LTL2-C7-PE-Q009,LTL2-C7-PE-Q010	50
LTL2-C7-PE-Q009	Chapter 7 E: Learning Organizations & Systems	LTL2-C7-OBJ-28-34	LTL2-C7-SHARED_VISION	LTL2-C7-E-SHARED_VISION	medium	understanding	multiple_choice	both	cap_direct	A shared vision is strongest when	followers merely comply with the commander’s private goal	members genuinely share and commit to a common future	the goal is kept vague	rewards replace commitment	B	A shared vision is a common picture of the future that people genuinely own together.	1	A shared vision is a common picture of the future that people genuinely own together. The other choices describe related ideas, but they do not match the exact definition or situation in the question.	Not quite. “followers merely comply with the commander’s private goal” is plausible, but it does not match the exact concept tested here. A shared vision is a common picture of the future that people genuinely own together.	Correct. A shared vision is a common picture of the future that people genuinely own together.	Not quite. “the goal is kept vague” is plausible, but it does not match the exact concept tested here. A shared vision is a common picture of the future that people genuinely own together.	Not quite. “rewards replace commitment” is plausible, but it does not match the exact concept tested here. A shared vision is a common picture of the future that people genuinely own together.	Confusing a related leadership concept with the exact term being tested.	Review the textbook definition of shared vision, then compare it with the closest distractor and state the one key difference.	Shared vision is ours, not merely yours.	medium	concept_diagram	optional_after_answer	ltl2_c7_pe_q009	Simple instructional diagram contrasting shared vision with a nearby but different leadership concept.	Shared vision is ours, not merely yours.	A simple diagram illustrating shared vision and how it differs from a related idea.	Learn to Lead Volume 2, Chapter 7, objectives 28-34	131-137	approved_source	draft	LTL2-C7-PE-Q010,LTL2-C7-PE-Q001	40
LTL2-C7-PE-Q010	Chapter 7 E: Learning Organizations & Systems	LTL2-C7-OBJ-28-34	LTL2-C7-SHARED_VISION	LTL2-C7-E-SHARED_VISION	hard	analysis	multiple_choice	both	cap_direct	Why can shared vision encourage risk-taking?	It guarantees success	It creates commitment to a larger purpose despite uncertainty	It removes standards	It replaces planning with enthusiasm	B	A compelling shared purpose can make people willing to experiment even without guarantees.	1	A compelling shared purpose can make people willing to experiment even without guarantees. The other choices describe related ideas, but they do not match the exact definition or situation in the question.	Not quite. “It guarantees success” is plausible, but it does not match the exact concept tested here. A compelling shared purpose can make people willing to experiment even without guarantees.	Correct. A compelling shared purpose can make people willing to experiment even without guarantees.	Not quite. “It removes standards” is plausible, but it does not match the exact concept tested here. A compelling shared purpose can make people willing to experiment even without guarantees.	Not quite. “It replaces planning with enthusiasm” is plausible, but it does not match the exact concept tested here. A compelling shared purpose can make people willing to experiment even without guarantees.	Confusing a related leadership concept with the exact term being tested.	Review the textbook definition of shared vision, then compare it with the closest distractor and state the one key difference.	Purpose can outweigh fear of uncertainty.	high	concept_diagram	optional_after_answer	ltl2_c7_pe_q010	Simple instructional diagram contrasting shared vision with a nearby but different leadership concept.	Purpose can outweigh fear of uncertainty.	A simple diagram illustrating shared vision and how it differs from a related idea.	Learn to Lead Volume 2, Chapter 7, objectives 28-34	131-137	approved_source	draft	LTL2-C7-PE-Q001,LTL2-C7-PE-Q002	50
LTL2-C7-PF-Q001	Chapter 7 F: Team Learning & Mental Models	LTL2-C7-OBJ-35-41	LTL2-C7-TEAM_LEARNING	LTL2-C7-F-TEAM_LEARNING	medium	understanding	multiple_choice	both	cap_direct	Team learning occurs when	members combine insight and improve their ability to think and act together	every member studies alone	the leader supplies every answer	discussion is avoided	A	Team learning develops the group’s capacity to think, learn, and act together.	1	Team learning develops the group’s capacity to think, learn, and act together. The other choices describe related ideas, but they do not match the exact definition or situation in the question.	Correct. Team learning develops the group’s capacity to think, learn, and act together.	Not quite. “every member studies alone” is plausible, but it does not match the exact concept tested here. Team learning develops the group’s capacity to think, learn, and act together.	Not quite. “the leader supplies every answer” is plausible, but it does not match the exact concept tested here. Team learning develops the group’s capacity to think, learn, and act together.	Not quite. “discussion is avoided” is plausible, but it does not match the exact concept tested here. Team learning develops the group’s capacity to think, learn, and act together.	Confusing a related leadership concept with the exact term being tested.	Review the textbook definition of team learning, then compare it with the closest distractor and state the one key difference.	Learn together; act together.	medium	concept_diagram	optional_after_answer	ltl2_c7_pf_q001	Simple instructional diagram contrasting team learning with a nearby but different leadership concept.	Learn together; act together.	A simple diagram illustrating team learning and how it differs from a related idea.	Learn to Lead Volume 2, Chapter 7, objectives 35-41	138-143	approved_source	draft	LTL2-C7-PF-Q002,LTL2-C7-PF-Q003	40
LTL2-C7-PF-Q002	Chapter 7 F: Team Learning & Mental Models	LTL2-C7-OBJ-35-41	LTL2-C7-SYNERGY	LTL2-C7-F-SYNERGY	medium	understanding	multiple_choice	both	cap_direct	Synergy means	the whole can produce more than the separate efforts of its parts	all members must think identically	the leader’s power replaces teamwork	individual effort becomes unnecessary	A	Synergy is the added value created when coordinated teamwork exceeds isolated effort.	1	Synergy is the added value created when coordinated teamwork exceeds isolated effort. The other choices describe related ideas, but they do not match the exact definition or situation in the question.	Correct. Synergy is the added value created when coordinated teamwork exceeds isolated effort.	Not quite. “all members must think identically” is plausible, but it does not match the exact concept tested here. Synergy is the added value created when coordinated teamwork exceeds isolated effort.	Not quite. “the leader’s power replaces teamwork” is plausible, but it does not match the exact concept tested here. Synergy is the added value created when coordinated teamwork exceeds isolated effort.	Not quite. “individual effort becomes unnecessary” is plausible, but it does not match the exact concept tested here. Synergy is the added value created when coordinated teamwork exceeds isolated effort.	Confusing a related leadership concept with the exact term being tested.	Review the textbook definition of synergy, then compare it with the closest distractor and state the one key difference.	Together can equal more than the sum.	medium	concept_diagram	optional_after_answer	ltl2_c7_pf_q002	Simple instructional diagram contrasting synergy with a nearby but different leadership concept.	Together can equal more than the sum.	A simple diagram illustrating synergy and how it differs from a related idea.	Learn to Lead Volume 2, Chapter 7, objectives 35-41	138-143	approved_source	draft	LTL2-C7-PF-Q003,LTL2-C7-PF-Q004	40
LTL2-C7-PF-Q003	Chapter 7 F: Team Learning & Mental Models	LTL2-C7-OBJ-35-41	LTL2-C7-DIALOGUE_VS_DISCUSSION	LTL2-C7-F-DIALOGUE_VS_DISCUSSION	hard	understanding	multiple_choice	both	cap_direct	Which distinction is most accurate?	Dialogue explores ideas together; discussion often argues and selects among views	Dialogue requires agreement; discussion forbids conclusions	Dialogue is task behavior; discussion is relationship behavior	Dialogue is private; discussion is always public	A	Dialogue opens inquiry and shared understanding, while discussion often presents and tests positions to reach a decision.	1	Dialogue opens inquiry and shared understanding, while discussion often presents and tests positions to reach a decision. The other choices describe related ideas, but they do not match the exact definition or situation in the question.	Correct. Dialogue opens inquiry and shared understanding, while discussion often presents and tests positions to reach a decision.	Not quite. “Dialogue requires agreement; discussion forbids conclusions” is plausible, but it does not match the exact concept tested here. Dialogue opens inquiry and shared understanding, while discussion often presents and tests positions to reach a decision.	Not quite. “Dialogue is task behavior; discussion is relationship behavior” is plausible, but it does not match the exact concept tested here. Dialogue opens inquiry and shared understanding, while discussion often presents and tests positions to reach a decision.	Not quite. “Dialogue is private; discussion is always public” is plausible, but it does not match the exact concept tested here. Dialogue opens inquiry and shared understanding, while discussion often presents and tests positions to reach a decision.	Confusing a related leadership concept with the exact term being tested.	Review the textbook definition of dialogue vs discussion, then compare it with the closest distractor and state the one key difference.	Dialogue explores; discussion decides.	high	concept_diagram	optional_after_answer	ltl2_c7_pf_q003	Simple instructional diagram contrasting dialogue vs discussion with a nearby but different leadership concept.	Dialogue explores; discussion decides.	A simple diagram illustrating dialogue vs discussion and how it differs from a related idea.	Learn to Lead Volume 2, Chapter 7, objectives 35-41	138-143	approved_source	draft	LTL2-C7-PF-Q004,LTL2-C7-PF-Q005	50
LTL2-C7-PF-Q004	Chapter 7 F: Team Learning & Mental Models	LTL2-C7-OBJ-35-41	LTL2-C7-MENTAL_MODELS	LTL2-C7-F-MENTAL_MODELS	medium	understanding	multiple_choice	both	cap_direct	Mental models are	deep assumptions and internal pictures that shape how people interpret the world	formal written regulations	rewards offered for performance	objective measurements only	A	Mental models are often-unspoken assumptions and images that influence perception and action.	1	Mental models are often-unspoken assumptions and images that influence perception and action. The other choices describe related ideas, but they do not match the exact definition or situation in the question.	Correct. Mental models are often-unspoken assumptions and images that influence perception and action.	Not quite. “formal written regulations” is plausible, but it does not match the exact concept tested here. Mental models are often-unspoken assumptions and images that influence perception and action.	Not quite. “rewards offered for performance” is plausible, but it does not match the exact concept tested here. Mental models are often-unspoken assumptions and images that influence perception and action.	Not quite. “objective measurements only” is plausible, but it does not match the exact concept tested here. Mental models are often-unspoken assumptions and images that influence perception and action.	Confusing a related leadership concept with the exact term being tested.	Review the textbook definition of mental models, then compare it with the closest distractor and state the one key difference.	Mental models are the lenses you use.	medium	concept_diagram	optional_after_answer	ltl2_c7_pf_q004	Simple instructional diagram contrasting mental models with a nearby but different leadership concept.	Mental models are the lenses you use.	A simple diagram illustrating mental models and how it differs from a related idea.	Learn to Lead Volume 2, Chapter 7, objectives 35-41	138-143	approved_source	draft	LTL2-C7-PF-Q005,LTL2-C7-PF-Q006	40
LTL2-C7-PF-Q005	Chapter 7 F: Team Learning & Mental Models	LTL2-C7-OBJ-35-41	LTL2-C7-ESPOUSED_THEORY_VS_THEORY_IN_USE	LTL2-C7-F-ESPOUSED_THEORY_VS_THEORY_IN_USE	hard	understanding	multiple_choice	both	cap_direct	An espoused theory is what a person says they believe, while a theory-in-use is	the belief shown by actual behavior	a belief officially approved by the organization	a temporary automatic thought	a shared vision	A	Theory-in-use is revealed by what a person actually does, which may differ from stated beliefs.	1	Theory-in-use is revealed by what a person actually does, which may differ from stated beliefs. The other choices describe related ideas, but they do not match the exact definition or situation in the question.	Correct. Theory-in-use is revealed by what a person actually does, which may differ from stated beliefs.	Not quite. “a belief officially approved by the organization” is plausible, but it does not match the exact concept tested here. Theory-in-use is revealed by what a person actually does, which may differ from stated beliefs.	Not quite. “a temporary automatic thought” is plausible, but it does not match the exact concept tested here. Theory-in-use is revealed by what a person actually does, which may differ from stated beliefs.	Not quite. “a shared vision” is plausible, but it does not match the exact concept tested here. Theory-in-use is revealed by what a person actually does, which may differ from stated beliefs.	Confusing a related leadership concept with the exact term being tested.	Review the textbook definition of espoused theory vs theory in use, then compare it with the closest distractor and state the one key difference.	Said belief versus lived belief.	high	concept_diagram	optional_after_answer	ltl2_c7_pf_q005	Simple instructional diagram contrasting espoused theory vs theory in use with a nearby but different leadership concept.	Said belief versus lived belief.	A simple diagram illustrating espoused theory vs theory in use and how it differs from a related idea.	Learn to Lead Volume 2, Chapter 7, objectives 35-41	138-143	approved_source	draft	LTL2-C7-PF-Q006,LTL2-C7-PF-Q007	50
LTL2-C7-PF-Q006	Chapter 7 F: Team Learning & Mental Models	LTL2-C7-OBJ-35-41	LTL2-C7-LEAP_OF_ABSTRACTION	LTL2-C7-F-LEAP_OF_ABSTRACTION	hard	understanding	multiple_choice	both	cap_direct	A leap of abstraction occurs when a leader	turns limited observations into a broad conclusion without checking assumptions	asks questions before deciding	compares several sources of evidence	clarifies a shared vision	A	A leap of abstraction jumps from limited facts to an untested general conclusion.	1	A leap of abstraction jumps from limited facts to an untested general conclusion. The other choices describe related ideas, but they do not match the exact definition or situation in the question.	Correct. A leap of abstraction jumps from limited facts to an untested general conclusion.	Not quite. “asks questions before deciding” is plausible, but it does not match the exact concept tested here. A leap of abstraction jumps from limited facts to an untested general conclusion.	Not quite. “compares several sources of evidence” is plausible, but it does not match the exact concept tested here. A leap of abstraction jumps from limited facts to an untested general conclusion.	Not quite. “clarifies a shared vision” is plausible, but it does not match the exact concept tested here. A leap of abstraction jumps from limited facts to an untested general conclusion.	Confusing a related leadership concept with the exact term being tested.	Review the textbook definition of leap of abstraction, then compare it with the closest distractor and state the one key difference.	Few facts, big conclusion.	high	concept_diagram	optional_after_answer	ltl2_c7_pf_q006	Simple instructional diagram contrasting leap of abstraction with a nearby but different leadership concept.	Few facts, big conclusion.	A simple diagram illustrating leap of abstraction and how it differs from a related idea.	Learn to Lead Volume 2, Chapter 7, objectives 35-41	138-143	approved_source	draft	LTL2-C7-PF-Q007,LTL2-C7-PF-Q008	50
LTL2-C7-PF-Q007	Chapter 7 F: Team Learning & Mental Models	LTL2-C7-OBJ-35-41	LTL2-C7-INQUIRY_AND_ADVOCACY	LTL2-C7-F-INQUIRY_AND_ADVOCACY	medium	understanding	multiple_choice	both	cap_direct	Inquiry means	asking questions to understand	arguing for a course of action	rewarding compliance	using formal authority	A	Inquiry seeks information and understanding; advocacy argues for a position.	1	Inquiry seeks information and understanding; advocacy argues for a position. The other choices describe related ideas, but they do not match the exact definition or situation in the question.	Correct. Inquiry seeks information and understanding; advocacy argues for a position.	Not quite. “arguing for a course of action” is plausible, but it does not match the exact concept tested here. Inquiry seeks information and understanding; advocacy argues for a position.	Not quite. “rewarding compliance” is plausible, but it does not match the exact concept tested here. Inquiry seeks information and understanding; advocacy argues for a position.	Not quite. “using formal authority” is plausible, but it does not match the exact concept tested here. Inquiry seeks information and understanding; advocacy argues for a position.	Confusing a related leadership concept with the exact term being tested.	Review the textbook definition of inquiry and advocacy, then compare it with the closest distractor and state the one key difference.	Inquiry asks; advocacy argues.	medium	concept_diagram	optional_after_answer	ltl2_c7_pf_q007	Simple instructional diagram contrasting inquiry and advocacy with a nearby but different leadership concept.	Inquiry asks; advocacy argues.	A simple diagram illustrating inquiry and advocacy and how it differs from a related idea.	Learn to Lead Volume 2, Chapter 7, objectives 35-41	138-143	approved_source	draft	LTL2-C7-PF-Q008,LTL2-C7-PF-Q001	40
LTL2-C7-PF-Q008	Chapter 7 F: Team Learning & Mental Models	LTL2-C7-OBJ-35-41	LTL2-C7-BALANCING_INQUIRY_AND_ADVOCACY	LTL2-C7-F-BALANCING_INQUIRY_AND_ADVOCACY	hard	analysis	multiple_choice	both	cap_direct	Why should leaders balance inquiry with advocacy?	To understand other views while also explaining and testing their own position	To avoid making any recommendation	To ensure followers always agree	To replace evidence with compromise	A	Balancing inquiry and advocacy promotes learning, candor, and better-tested decisions.	1	Balancing inquiry and advocacy promotes learning, candor, and better-tested decisions. The other choices describe related ideas, but they do not match the exact definition or situation in the question.	Correct. Balancing inquiry and advocacy promotes learning, candor, and better-tested decisions.	Not quite. “To avoid making any recommendation” is plausible, but it does not match the exact concept tested here. Balancing inquiry and advocacy promotes learning, candor, and better-tested decisions.	Not quite. “To ensure followers always agree” is plausible, but it does not match the exact concept tested here. Balancing inquiry and advocacy promotes learning, candor, and better-tested decisions.	Not quite. “To replace evidence with compromise” is plausible, but it does not match the exact concept tested here. Balancing inquiry and advocacy promotes learning, candor, and better-tested decisions.	Confusing a related leadership concept with the exact term being tested.	Review the textbook definition of balancing inquiry and advocacy, then compare it with the closest distractor and state the one key difference.	Ask honestly; argue openly.	high	concept_diagram	optional_after_answer	ltl2_c7_pf_q008	Simple instructional diagram contrasting balancing inquiry and advocacy with a nearby but different leadership concept.	Ask honestly; argue openly.	A simple diagram illustrating balancing inquiry and advocacy and how it differs from a related idea.	Learn to Lead Volume 2, Chapter 7, objectives 35-41	138-143	approved_source	draft	LTL2-C7-PF-Q001,LTL2-C7-PF-Q002	50
LTL2-C7-PG-Q001	Chapter 7 G: Situational Leadership	LTL2-C7-OBJ-42-47	LTL2-C7-TASK_BEHAVIOR	LTL2-C7-G-TASK_BEHAVIOR	medium	understanding	multiple_choice	both	cap_direct	Task behavior concerns	organizing work, schedules, responsibilities, and methods	building morale and trust	developing referent power	forming a shared vision only	A	Task behavior focuses directly on how the job gets organized and completed.	1	Task behavior focuses directly on how the job gets organized and completed. The other choices describe related ideas, but they do not match the exact definition or situation in the question.	Correct. Task behavior focuses directly on how the job gets organized and completed.	Not quite. “building morale and trust” is plausible, but it does not match the exact concept tested here. Task behavior focuses directly on how the job gets organized and completed.	Not quite. “developing referent power” is plausible, but it does not match the exact concept tested here. Task behavior focuses directly on how the job gets organized and completed.	Not quite. “forming a shared vision only” is plausible, but it does not match the exact concept tested here. Task behavior focuses directly on how the job gets organized and completed.	Confusing a related leadership concept with the exact term being tested.	Review the textbook definition of task behavior, then compare it with the closest distractor and state the one key difference.	Task = how work gets done.	medium	concept_diagram	optional_after_answer	ltl2_c7_pg_q001	Simple instructional diagram contrasting task behavior with a nearby but different leadership concept.	Task = how work gets done.	A simple diagram illustrating task behavior and how it differs from a related idea.	Learn to Lead Volume 2, Chapter 7, objectives 42-47	143-146	approved_source	draft	LTL2-C7-PG-Q002,LTL2-C7-PG-Q003	40
LTL2-C7-PG-Q002	Chapter 7 G: Situational Leadership	LTL2-C7-OBJ-42-47	LTL2-C7-RELATIONSHIP_BEHAVIOR	LTL2-C7-G-RELATIONSHIP_BEHAVIOR	medium	understanding	multiple_choice	both	cap_direct	Relationship behavior includes	building morale, trust, respect, and fellowship	setting deadlines and assigning tasks	correcting every exception	offering contingent rewards only	A	Relationship behavior focuses on the human connection between leader and followers.	1	Relationship behavior focuses on the human connection between leader and followers. The other choices describe related ideas, but they do not match the exact definition or situation in the question.	Correct. Relationship behavior focuses on the human connection between leader and followers.	Not quite. “setting deadlines and assigning tasks” is plausible, but it does not match the exact concept tested here. Relationship behavior focuses on the human connection between leader and followers.	Not quite. “correcting every exception” is plausible, but it does not match the exact concept tested here. Relationship behavior focuses on the human connection between leader and followers.	Not quite. “offering contingent rewards only” is plausible, but it does not match the exact concept tested here. Relationship behavior focuses on the human connection between leader and followers.	Confusing a related leadership concept with the exact term being tested.	Review the textbook definition of relationship behavior, then compare it with the closest distractor and state the one key difference.	Relationship = trust and morale.	medium	concept_diagram	optional_after_answer	ltl2_c7_pg_q002	Simple instructional diagram contrasting relationship behavior with a nearby but different leadership concept.	Relationship = trust and morale.	A simple diagram illustrating relationship behavior and how it differs from a related idea.	Learn to Lead Volume 2, Chapter 7, objectives 42-47	143-146	approved_source	draft	LTL2-C7-PG-Q003,LTL2-C7-PG-Q004	40
LTL2-C7-PG-Q003	Chapter 7 G: Situational Leadership	LTL2-C7-OBJ-42-47	LTL2-C7-SITUATIONAL_LEADERSHIP	LTL2-C7-G-SITUATIONAL_LEADERSHIP	medium	understanding	multiple_choice	both	cap_direct	The main idea of situational leadership is to	match leadership style to the situation	use democratic leadership in every case	lead according to personality alone	avoid changing behavior	A	Situational leadership says different challenges and followers may require different styles.	1	Situational leadership says different challenges and followers may require different styles. The other choices describe related ideas, but they do not match the exact definition or situation in the question.	Correct. Situational leadership says different challenges and followers may require different styles.	Not quite. “use democratic leadership in every case” is plausible, but it does not match the exact concept tested here. Situational leadership says different challenges and followers may require different styles.	Not quite. “lead according to personality alone” is plausible, but it does not match the exact concept tested here. Situational leadership says different challenges and followers may require different styles.	Not quite. “avoid changing behavior” is plausible, but it does not match the exact concept tested here. Situational leadership says different challenges and followers may require different styles.	Confusing a related leadership concept with the exact term being tested.	Review the textbook definition of situational leadership, then compare it with the closest distractor and state the one key difference.	Match the tool to the situation.	medium	concept_diagram	optional_after_answer	ltl2_c7_pg_q003	Simple instructional diagram contrasting situational leadership with a nearby but different leadership concept.	Match the tool to the situation.	A simple diagram illustrating situational leadership and how it differs from a related idea.	Learn to Lead Volume 2, Chapter 7, objectives 42-47	143-146	approved_source	draft	LTL2-C7-PG-Q004,LTL2-C7-PG-Q005	40
LTL2-C7-PG-Q004	Chapter 7 G: Situational Leadership	LTL2-C7-OBJ-42-47	LTL2-C7-AUTHORITARIAN_STYLE	LTL2-C7-G-AUTHORITARIAN_STYLE	medium	understanding	multiple_choice	both	cap_direct	The authoritarian style is most appropriate when	a critical emergency requires immediate direct action	an expert team is working smoothly	the group needs broad participation in long-term goals	the leader wants no involvement	A	Authoritarian leadership can be appropriate when time is limited, danger is immediate, or direct orders are necessary.	1	Authoritarian leadership can be appropriate when time is limited, danger is immediate, or direct orders are necessary. The other choices describe related ideas, but they do not match the exact definition or situation in the question.	Correct. Authoritarian leadership can be appropriate when time is limited, danger is immediate, or direct orders are necessary.	Not quite. “an expert team is working smoothly” is plausible, but it does not match the exact concept tested here. Authoritarian leadership can be appropriate when time is limited, danger is immediate, or direct orders are necessary.	Not quite. “the group needs broad participation in long-term goals” is plausible, but it does not match the exact concept tested here. Authoritarian leadership can be appropriate when time is limited, danger is immediate, or direct orders are necessary.	Not quite. “the leader wants no involvement” is plausible, but it does not match the exact concept tested here. Authoritarian leadership can be appropriate when time is limited, danger is immediate, or direct orders are necessary.	Confusing a related leadership concept with the exact term being tested.	Review the textbook definition of authoritarian style, then compare it with the closest distractor and state the one key difference.	Emergency: be direct.	medium	concept_diagram	optional_after_answer	ltl2_c7_pg_q004	Simple instructional diagram contrasting authoritarian style with a nearby but different leadership concept.	Emergency: be direct.	A simple diagram illustrating authoritarian style and how it differs from a related idea.	Learn to Lead Volume 2, Chapter 7, objectives 42-47	143-146	approved_source	draft	LTL2-C7-PG-Q005,LTL2-C7-PG-Q006	40
LTL2-C7-PG-Q005	Chapter 7 G: Situational Leadership	LTL2-C7-OBJ-42-47	LTL2-C7-DEMOCRATIC_STYLE	LTL2-C7-G-DEMOCRATIC_STYLE	medium	understanding	multiple_choice	both	cap_direct	A democratic leadership style is most appropriate when	followers should help shape goals and share responsibility	seconds matter in a life-threatening emergency	a highly capable expert needs no guidance	the leader wants to avoid decisions	A	Democratic leadership uses listening, discussion, and follower participation in decisions.	1	Democratic leadership uses listening, discussion, and follower participation in decisions. The other choices describe related ideas, but they do not match the exact definition or situation in the question.	Correct. Democratic leadership uses listening, discussion, and follower participation in decisions.	Not quite. “seconds matter in a life-threatening emergency” is plausible, but it does not match the exact concept tested here. Democratic leadership uses listening, discussion, and follower participation in decisions.	Not quite. “a highly capable expert needs no guidance” is plausible, but it does not match the exact concept tested here. Democratic leadership uses listening, discussion, and follower participation in decisions.	Not quite. “the leader wants to avoid decisions” is plausible, but it does not match the exact concept tested here. Democratic leadership uses listening, discussion, and follower participation in decisions.	Confusing a related leadership concept with the exact term being tested.	Review the textbook definition of democratic style, then compare it with the closest distractor and state the one key difference.	Democratic = participate and discuss.	medium	concept_diagram	optional_after_answer	ltl2_c7_pg_q005	Simple instructional diagram contrasting democratic style with a nearby but different leadership concept.	Democratic = participate and discuss.	A simple diagram illustrating democratic style and how it differs from a related idea.	Learn to Lead Volume 2, Chapter 7, objectives 42-47	143-146	approved_source	draft	LTL2-C7-PG-Q006,LTL2-C7-PG-Q001	40
LTL2-C7-PG-Q006	Chapter 7 G: Situational Leadership	LTL2-C7-OBJ-42-47	LTL2-C7-LAISSEZ_FAIRE_SITUATIONAL	LTL2-C7-G-LAISSEZ_FAIRE_SITUATIONAL	hard	understanding	multiple_choice	both	cap_direct	In situational leadership, laissez-faire can be appropriate when	a capable, well-trained team can work independently	followers are confused and untrained	a safety emergency requires commands	the leader wishes to avoid responsibility	A	A hands-off style can fit a capable, coordinated team, even though laissez-faire elsewhere can describe non-leadership.	1	A hands-off style can fit a capable, coordinated team, even though laissez-faire elsewhere can describe non-leadership. The other choices describe related ideas, but they do not match the exact definition or situation in the question.	Correct. A hands-off style can fit a capable, coordinated team, even though laissez-faire elsewhere can describe non-leadership.	Not quite. “followers are confused and untrained” is plausible, but it does not match the exact concept tested here. A hands-off style can fit a capable, coordinated team, even though laissez-faire elsewhere can describe non-leadership.	Not quite. “a safety emergency requires commands” is plausible, but it does not match the exact concept tested here. A hands-off style can fit a capable, coordinated team, even though laissez-faire elsewhere can describe non-leadership.	Not quite. “the leader wishes to avoid responsibility” is plausible, but it does not match the exact concept tested here. A hands-off style can fit a capable, coordinated team, even though laissez-faire elsewhere can describe non-leadership.	Confusing positive situational laissez-faire with laissez-faire non-leadership in the transformational continuum.	Review the textbook definition of laissez-faire situational, then compare it with the closest distractor and state the one key difference.	Hands off only when the team can handle it.	high	concept_diagram	optional_after_answer	ltl2_c7_pg_q006	Simple instructional diagram contrasting laissez-faire situational with a nearby but different leadership concept.	Hands off only when the team can handle it.	A simple diagram illustrating laissez-faire situational and how it differs from a related idea.	Learn to Lead Volume 2, Chapter 7, objectives 42-47	143-146	approved_source	draft	LTL2-C7-PG-Q001,LTL2-C7-PG-Q002	50
LTL2-C7-PH-Q001	Chapter 7 H: Path-Goal Model	LTL2-C7-OBJ-48-49	LTL2-C7-PATH_GOAL_MODEL	LTL2-C7-H-PATH_GOAL_MODEL	medium	understanding	multiple_choice	both	cap_direct	The path-goal model says leaders should	clarify paths, remove obstacles, and support followers toward goals	transform followers’ moral values only	use one fixed leadership style	focus only on task structure	A	Path-goal leadership motivates followers by clarifying the route, removing barriers, and providing needed support.	1	Path-goal leadership motivates followers by clarifying the route, removing barriers, and providing needed support. The other choices describe related ideas, but they do not match the exact definition or situation in the question.	Correct. Path-goal leadership motivates followers by clarifying the route, removing barriers, and providing needed support.	Not quite. “transform followers’ moral values only” is plausible, but it does not match the exact concept tested here. Path-goal leadership motivates followers by clarifying the route, removing barriers, and providing needed support.	Not quite. “use one fixed leadership style” is plausible, but it does not match the exact concept tested here. Path-goal leadership motivates followers by clarifying the route, removing barriers, and providing needed support.	Not quite. “focus only on task structure” is plausible, but it does not match the exact concept tested here. Path-goal leadership motivates followers by clarifying the route, removing barriers, and providing needed support.	Confusing a related leadership concept with the exact term being tested.	Review the textbook definition of path-goal model, then compare it with the closest distractor and state the one key difference.	Show path, clear blocks, support progress.	medium	concept_diagram	optional_after_answer	ltl2_c7_ph_q001	Simple instructional diagram contrasting path-goal model with a nearby but different leadership concept.	Show path, clear blocks, support progress.	A simple diagram illustrating path-goal model and how it differs from a related idea.	Learn to Lead Volume 2, Chapter 7, objectives 48-49	146-148	approved_source	draft	LTL2-C7-PH-Q002,LTL2-C7-PH-Q003	40
LTL2-C7-PH-Q002	Chapter 7 H: Path-Goal Model	LTL2-C7-OBJ-48-49	LTL2-C7-DIRECTIVE_LEADERSHIP	LTL2-C7-H-DIRECTIVE_LEADERSHIP	medium	understanding	multiple_choice	both	cap_direct	In the path-goal model, directive leadership provides	specific expectations, methods, standards, and deadlines	friendliness without task guidance	shared decision-making only	confidence in difficult goals without instructions	A	Directive leadership tells followers what is expected and how, when, and by what standard to do it.	1	Directive leadership tells followers what is expected and how, when, and by what standard to do it. The other choices describe related ideas, but they do not match the exact definition or situation in the question.	Correct. Directive leadership tells followers what is expected and how, when, and by what standard to do it.	Not quite. “friendliness without task guidance” is plausible, but it does not match the exact concept tested here. Directive leadership tells followers what is expected and how, when, and by what standard to do it.	Not quite. “shared decision-making only” is plausible, but it does not match the exact concept tested here. Directive leadership tells followers what is expected and how, when, and by what standard to do it.	Not quite. “confidence in difficult goals without instructions” is plausible, but it does not match the exact concept tested here. Directive leadership tells followers what is expected and how, when, and by what standard to do it.	Confusing a related leadership concept with the exact term being tested.	Review the textbook definition of directive leadership, then compare it with the closest distractor and state the one key difference.	Directive gives the map.	medium	concept_diagram	optional_after_answer	ltl2_c7_ph_q002	Simple instructional diagram contrasting directive leadership with a nearby but different leadership concept.	Directive gives the map.	A simple diagram illustrating directive leadership and how it differs from a related idea.	Learn to Lead Volume 2, Chapter 7, objectives 48-49	146-148	approved_source	draft	LTL2-C7-PH-Q003,LTL2-C7-PH-Q004	40
LTL2-C7-PH-Q003	Chapter 7 H: Path-Goal Model	LTL2-C7-OBJ-48-49	LTL2-C7-SUPPORTIVE_LEADERSHIP	LTL2-C7-H-SUPPORTIVE_LEADERSHIP	medium	understanding	multiple_choice	both	cap_direct	Supportive leadership emphasizes	follower well-being and an approachable, considerate climate	detailed methods and deadlines	shared decision authority	high challenges and confidence only	A	Supportive leadership addresses human needs and makes work more pleasant and encouraging.	1	Supportive leadership addresses human needs and makes work more pleasant and encouraging. The other choices describe related ideas, but they do not match the exact definition or situation in the question.	Correct. Supportive leadership addresses human needs and makes work more pleasant and encouraging.	Not quite. “detailed methods and deadlines” is plausible, but it does not match the exact concept tested here. Supportive leadership addresses human needs and makes work more pleasant and encouraging.	Not quite. “shared decision authority” is plausible, but it does not match the exact concept tested here. Supportive leadership addresses human needs and makes work more pleasant and encouraging.	Not quite. “high challenges and confidence only” is plausible, but it does not match the exact concept tested here. Supportive leadership addresses human needs and makes work more pleasant and encouraging.	Confusing a related leadership concept with the exact term being tested.	Review the textbook definition of supportive leadership, then compare it with the closest distractor and state the one key difference.	Supportive cares for the traveler.	medium	concept_diagram	optional_after_answer	ltl2_c7_ph_q003	Simple instructional diagram contrasting supportive leadership with a nearby but different leadership concept.	Supportive cares for the traveler.	A simple diagram illustrating supportive leadership and how it differs from a related idea.	Learn to Lead Volume 2, Chapter 7, objectives 48-49	146-148	approved_source	draft	LTL2-C7-PH-Q004,LTL2-C7-PH-Q005	40
LTL2-C7-PH-Q004	Chapter 7 H: Path-Goal Model	LTL2-C7-OBJ-48-49	LTL2-C7-PARTICIPATIVE_LEADERSHIP	LTL2-C7-H-PARTICIPATIVE_LEADERSHIP	medium	understanding	multiple_choice	both	cap_direct	Participative path-goal leadership involves	consulting followers and using their ideas in decisions	removing all leader responsibility	setting only difficult goals	correcting exceptions after failure	A	Participative leaders gather follower input and incorporate it into decisions.	1	Participative leaders gather follower input and incorporate it into decisions. The other choices describe related ideas, but they do not match the exact definition or situation in the question.	Correct. Participative leaders gather follower input and incorporate it into decisions.	Not quite. “removing all leader responsibility” is plausible, but it does not match the exact concept tested here. Participative leaders gather follower input and incorporate it into decisions.	Not quite. “setting only difficult goals” is plausible, but it does not match the exact concept tested here. Participative leaders gather follower input and incorporate it into decisions.	Not quite. “correcting exceptions after failure” is plausible, but it does not match the exact concept tested here. Participative leaders gather follower input and incorporate it into decisions.	Confusing a related leadership concept with the exact term being tested.	Review the textbook definition of participative leadership, then compare it with the closest distractor and state the one key difference.	Participative asks and includes.	medium	concept_diagram	optional_after_answer	ltl2_c7_ph_q004	Simple instructional diagram contrasting participative leadership with a nearby but different leadership concept.	Participative asks and includes.	A simple diagram illustrating participative leadership and how it differs from a related idea.	Learn to Lead Volume 2, Chapter 7, objectives 48-49	146-148	approved_source	draft	LTL2-C7-PH-Q005,LTL2-C7-PH-Q001	40
LTL2-C7-PH-Q005	Chapter 7 H: Path-Goal Model	LTL2-C7-OBJ-48-49	LTL2-C7-ACHIEVEMENT_ORIENTED_LEADERSHIP	LTL2-C7-H-ACHIEVEMENT_ORIENTED_LEADERSHIP	hard	understanding	multiple_choice	both	cap_direct	Achievement-oriented leadership is shown when a leader	sets challenging goals and expresses confidence followers can excel	provides step-by-step instructions for a new task	focuses only on comfort	waits for errors before responding	A	Achievement-oriented leaders challenge followers and communicate confidence in their ability.	1	Achievement-oriented leaders challenge followers and communicate confidence in their ability. The other choices describe related ideas, but they do not match the exact definition or situation in the question.	Correct. Achievement-oriented leaders challenge followers and communicate confidence in their ability.	Not quite. “provides step-by-step instructions for a new task” is plausible, but it does not match the exact concept tested here. Achievement-oriented leaders challenge followers and communicate confidence in their ability.	Not quite. “focuses only on comfort” is plausible, but it does not match the exact concept tested here. Achievement-oriented leaders challenge followers and communicate confidence in their ability.	Not quite. “waits for errors before responding” is plausible, but it does not match the exact concept tested here. Achievement-oriented leaders challenge followers and communicate confidence in their ability.	Confusing a related leadership concept with the exact term being tested.	Review the textbook definition of achievement-oriented leadership, then compare it with the closest distractor and state the one key difference.	Challenge them—and believe in them.	high	concept_diagram	optional_after_answer	ltl2_c7_ph_q005	Simple instructional diagram contrasting achievement-oriented leadership with a nearby but different leadership concept.	Challenge them—and believe in them.	A simple diagram illustrating achievement-oriented leadership and how it differs from a related idea.	Learn to Lead Volume 2, Chapter 7, objectives 48-49	146-148	approved_source	draft	LTL2-C7-PH-Q001,LTL2-C7-PH-Q002	50
LTL2-C7-PI-Q001	Chapter 7 I: Leadership Grid	LTL2-C7-OBJ-50-51	LTL2-C7-LEADERSHIP_GRID	LTL2-C7-I-LEADERSHIP_GRID	medium	understanding	multiple_choice	both	cap_direct	The leadership grid examines a leader’s concern for	people and results	power and rank	rewards and punishment	vision and mental models	A	The grid plots concern for people against concern for results.	1	The grid plots concern for people against concern for results. The other choices describe related ideas, but they do not match the exact definition or situation in the question.	Correct. The grid plots concern for people against concern for results.	Not quite. “power and rank” is plausible, but it does not match the exact concept tested here. The grid plots concern for people against concern for results.	Not quite. “rewards and punishment” is plausible, but it does not match the exact concept tested here. The grid plots concern for people against concern for results.	Not quite. “vision and mental models” is plausible, but it does not match the exact concept tested here. The grid plots concern for people against concern for results.	Confusing a related leadership concept with the exact term being tested.	Review the textbook definition of leadership grid, then compare it with the closest distractor and state the one key difference.	Grid = people × results.	medium	concept_diagram	optional_after_answer	ltl2_c7_pi_q001	Simple instructional diagram contrasting leadership grid with a nearby but different leadership concept.	Grid = people × results.	A simple diagram illustrating leadership grid and how it differs from a related idea.	Learn to Lead Volume 2, Chapter 7, objectives 50-51	148-151	approved_source	draft	LTL2-C7-PI-Q002,LTL2-C7-PI-Q003	40
LTL2-C7-PI-Q002	Chapter 7 I: Leadership Grid	LTL2-C7-OBJ-50-51	LTL2-C7-GRID_9,1	LTL2-C7-I-GRID_9,1	medium	understanding	multiple_choice	both	cap_direct	A 9,1 grid leader shows	high concern for results and low concern for people	low concern for results and high concern for people	high concern for both	moderate concern for both	A	The 9,1 style stresses production and task results while giving little attention to people.	1	The 9,1 style stresses production and task results while giving little attention to people. The other choices describe related ideas, but they do not match the exact definition or situation in the question.	Correct. The 9,1 style stresses production and task results while giving little attention to people.	Not quite. “low concern for results and high concern for people” is plausible, but it does not match the exact concept tested here. The 9,1 style stresses production and task results while giving little attention to people.	Not quite. “high concern for both” is plausible, but it does not match the exact concept tested here. The 9,1 style stresses production and task results while giving little attention to people.	Not quite. “moderate concern for both” is plausible, but it does not match the exact concept tested here. The 9,1 style stresses production and task results while giving little attention to people.	Confusing a related leadership concept with the exact term being tested.	Review the textbook definition of grid 9,1, then compare it with the closest distractor and state the one key difference.	9,1: task high, people low.	medium	concept_diagram	optional_after_answer	ltl2_c7_pi_q002	Simple instructional diagram contrasting grid 9,1 with a nearby but different leadership concept.	9,1: task high, people low.	A simple diagram illustrating grid 9,1 and how it differs from a related idea.	Learn to Lead Volume 2, Chapter 7, objectives 50-51	148-151	approved_source	draft	LTL2-C7-PI-Q003,LTL2-C7-PI-Q004	40
LTL2-C7-PI-Q003	Chapter 7 I: Leadership Grid	LTL2-C7-OBJ-50-51	LTL2-C7-GRID_1,9	LTL2-C7-I-GRID_1,9	medium	understanding	multiple_choice	both	cap_direct	A 1,9 grid leader shows	high concern for people and low concern for results	low concern for both	high concern for both	moderate concern for both	A	The 1,9 style emphasizes people and relationships more than task results.	1	The 1,9 style emphasizes people and relationships more than task results. The other choices describe related ideas, but they do not match the exact definition or situation in the question.	Correct. The 1,9 style emphasizes people and relationships more than task results.	Not quite. “low concern for both” is plausible, but it does not match the exact concept tested here. The 1,9 style emphasizes people and relationships more than task results.	Not quite. “high concern for both” is plausible, but it does not match the exact concept tested here. The 1,9 style emphasizes people and relationships more than task results.	Not quite. “moderate concern for both” is plausible, but it does not match the exact concept tested here. The 1,9 style emphasizes people and relationships more than task results.	Confusing a related leadership concept with the exact term being tested.	Review the textbook definition of grid 1,9, then compare it with the closest distractor and state the one key difference.	1,9: people high, task low.	medium	concept_diagram	optional_after_answer	ltl2_c7_pi_q003	Simple instructional diagram contrasting grid 1,9 with a nearby but different leadership concept.	1,9: people high, task low.	A simple diagram illustrating grid 1,9 and how it differs from a related idea.	Learn to Lead Volume 2, Chapter 7, objectives 50-51	148-151	approved_source	draft	LTL2-C7-PI-Q004,LTL2-C7-PI-Q001	40
LTL2-C7-PI-Q004	Chapter 7 I: Leadership Grid	LTL2-C7-OBJ-50-51	LTL2-C7-GRID_9,9	LTL2-C7-I-GRID_9,9	hard	understanding	multiple_choice	both	cap_direct	Which grid position most closely represents high concern for both people and results?	1,1	1,9	9,1	9,9	D	The 9,9 style integrates strong concern for people with strong concern for results.	1	The 9,9 style integrates strong concern for people with strong concern for results. The other choices describe related ideas, but they do not match the exact definition or situation in the question.	Not quite. “1,1” is plausible, but it does not match the exact concept tested here. The 9,9 style integrates strong concern for people with strong concern for results.	Not quite. “1,9” is plausible, but it does not match the exact concept tested here. The 9,9 style integrates strong concern for people with strong concern for results.	Not quite. “9,1” is plausible, but it does not match the exact concept tested here. The 9,9 style integrates strong concern for people with strong concern for results.	Correct. The 9,9 style integrates strong concern for people with strong concern for results.	Confusing a related leadership concept with the exact term being tested.	Review the textbook definition of grid 9,9, then compare it with the closest distractor and state the one key difference.	9,9: both matter.	high	concept_diagram	optional_after_answer	ltl2_c7_pi_q004	Simple instructional diagram contrasting grid 9,9 with a nearby but different leadership concept.	9,9: both matter.	A simple diagram illustrating grid 9,9 and how it differs from a related idea.	Learn to Lead Volume 2, Chapter 7, objectives 50-51	148-151	approved_source	draft	LTL2-C7-PI-Q001,LTL2-C7-PI-Q002	50
