external_id	pilot_batch	objective_code	concept_code	question_family_code	difficulty	cognitive_level	question_type	question_mode	question_style	question_text	choice_a	choice_b	choice_c	choice_d	correct_letter	short_explanation	feedback_display_version	explanation	choice_a_explanation	choice_b_explanation	choice_c_explanation	choice_d_explanation	common_mistake	remediation_text	memory_aid	visual_priority	visual_type	visual_display_mode	visual_asset_key	visual_brief	visual_caption	visual_alt_text	source_reference_text	source_pages	source_status	review_status	reinforcement_question_ids	estimated_time_seconds
LTL2-C5-PA-Q001	Chapter 5 A	LTL2-C5-O01	LTL2-C5-K001	LTL2-C5-F001	easy	understanding	multiple_choice	study_and_test	cap_direct	Why does critical thinking directly affect a leader's effectiveness?	It helps leaders avoid all uncertainty	It helps leaders imagine better ideas and solve problems more effectively	It replaces the need for experience	It guarantees other people will agree	B	Critical thinking improves ideas, judgment, and problem-solving.	1	Leaders who think carefully can understand problems, test claims, and choose stronger actions.	Critical thinking manages uncertainty; it does not eliminate it.	Leaders who think carefully can understand problems, test claims, and choose stronger actions.	Experience remains valuable and is not replaced by thinking.	Sound reasoning can still produce disagreement.	Choosing a related term without checking the exact definition or purpose asked in the stem.	Compare the exact textbook definition with each option. Eliminate choices that describe a neighboring concept rather than the one asked.	Think through, then follow through.	medium	concept_diagram	optional_after_answer	ltl2_c5_ltl2_c5_pa_q001	Create a simple instructional visual for this idea: Critical thinking improves ideas, judgment, and problem-solving.	Think through, then follow through.	Instructional visual representing: Critical thinking improves ideas, judgment, and problem-solving.	Learn to Lead, Volume 2, Chapter 5, Objective 1	39	approved_source	draft	LTL2-C5-PA-Q004,LTL2-C5-PA-Q006	45
LTL2-C5-PA-Q002	Chapter 5 A	LTL2-C5-O02	LTL2-C5-K002	LTL2-C5-F002	easy	recall	multiple_choice	study_and_test	cap_direct	Critical thinking is best defined as	self-guided, self-disciplined, fair-minded reasoning	finding weaknesses in every idea	quickly trusting one's instincts	memorizing enough facts to avoid questions	A	Critical thinking is disciplined, fair-minded reasoning.	1	It seeks high-quality reasoning while guarding against prejudice, assumptions, and emotions clouding logic.	It seeks high-quality reasoning while guarding against prejudice, assumptions, and emotions clouding logic.	Criticism and critical thinking are not the same; nitpicking is not the goal.	Instinct alone can produce 'truthiness' rather than logic.	Facts help, but critical thinking also evaluates how facts support conclusions.	Choosing a related term without checking the exact definition or purpose asked in the stem.	Compare the exact textbook definition with each option. Eliminate choices that describe a neighboring concept rather than the one asked.	Critical = careful, not critical of people.	medium	concept_diagram	optional_after_answer	ltl2_c5_ltl2_c5_pa_q002	Create a simple instructional visual for this idea: Critical thinking is disciplined, fair-minded reasoning.	Critical = careful, not critical of people.	Instructional visual representing: Critical thinking is disciplined, fair-minded reasoning.	Learn to Lead, Volume 2, Chapter 5, Objective 2	40	approved_source	draft	LTL2-C5-PA-Q003,LTL2-C5-PA-Q005	45
LTL2-C5-PA-Q003	Chapter 5 A	LTL2-C5-O02	LTL2-C5-K002	LTL2-C5-F002	medium	misconception	multiple_choice	study_and_test	cap_direct	In the phrase 'critical thinking,' the word critical means	opposed to authority	focused on finding faults	guided by logic and respect for truth	emotionally detached from every issue	C	Here, critical means careful reasoning guided by logic and truth.	1	The chapter warns that critical thinking is not merely criticizing or trying to prove others wrong.	Questioning authority can occur, but it is not the definition.	Fault-finding is a common misunderstanding of the term.	The chapter warns that critical thinking is not merely criticizing or trying to prove others wrong.	Critical thinkers manage emotions; they do not need to become emotionless.	Choosing a related term without checking the exact definition or purpose asked in the stem.	Compare the exact textbook definition with each option. Eliminate choices that describe a neighboring concept rather than the one asked.	Critical thinking checks ideas, not attacks people.	medium	concept_diagram	optional_after_answer	ltl2_c5_ltl2_c5_pa_q003	Create a simple instructional visual for this idea: Here, critical means careful reasoning guided by logic and truth.	Critical thinking checks ideas, not attacks people.	Instructional visual representing: Here, critical means careful reasoning guided by logic and truth.	Learn to Lead, Volume 2, Chapter 5, Objective 2	40	approved_source	draft	LTL2-C5-PA-Q002,LTL2-C5-PA-Q005	45
LTL2-C5-PA-Q004	Chapter 5 A	LTL2-C5-O01	LTL2-C5-K001	LTL2-C5-F001	medium	application	multiple_choice	study_and_test	scenario	A cadet leader hears a surprising claim about a regulation. What action best shows critical thinking?	Repeat it because a senior cadet said it	Reject it because it sounds unusual	Check the regulation and evaluate the supporting evidence	Wait to see whether most cadets believe it	C	Critical thinkers verify claims with relevant evidence.	1	Accuracy requires leaders to support and double-check claims rather than accept or reject them based on status, surprise, or popularity.	Rank does not make a claim automatically true.	Sounding unusual does not make a claim false.	Accuracy requires leaders to support and double-check claims rather than accept or reject them based on status, surprise, or popularity.	Majority belief does not establish accuracy.	Choosing a related term without checking the exact definition or purpose asked in the stem.	Compare the exact textbook definition with each option. Eliminate choices that describe a neighboring concept rather than the one asked.	Verify before you amplify.	medium	concept_diagram	optional_after_answer	ltl2_c5_ltl2_c5_pa_q004	Create a simple instructional visual for this idea: Critical thinkers verify claims with relevant evidence.	Verify before you amplify.	Instructional visual representing: Critical thinkers verify claims with relevant evidence.	Learn to Lead, Volume 2, Chapter 5, Objective 1	39-41	approved_source	draft	LTL2-C5-PA-Q001,LTL2-C5-PA-Q006	45
LTL2-C5-PA-Q005	Chapter 5 A	LTL2-C5-O02	LTL2-C5-K002	LTL2-C5-F002	hard	analysis	multiple_choice	study_and_test	close_distractors	Which statement best distinguishes critical thinking from ordinary careful thought?	Critical thinking is always slower	Critical thinking deliberately applies standards of logic and fair-mindedness	Critical thinking uses facts while ordinary thought uses opinions	Critical thinking requires a formal written analysis	B	Critical thinking deliberately uses standards of logic and fairness.	1	Carefulness helps, but critical thinking specifically aims for disciplined, high-quality, fair-minded reasoning.	Some critical decisions must be made quickly.	Carefulness helps, but critical thinking specifically aims for disciplined, high-quality, fair-minded reasoning.	Both critical and ordinary thinking can use facts and opinions.	Critical thinking can occur without a written product.	Choosing a related term without checking the exact definition or purpose asked in the stem.	Compare the exact textbook definition with each option. Eliminate choices that describe a neighboring concept rather than the one asked.	Standards make careful thought critical.	medium	concept_diagram	optional_after_answer	ltl2_c5_ltl2_c5_pa_q005	Create a simple instructional visual for this idea: Critical thinking deliberately uses standards of logic and fairness.	Standards make careful thought critical.	Instructional visual representing: Critical thinking deliberately uses standards of logic and fairness.	Learn to Lead, Volume 2, Chapter 5, Objective 2	40-42	approved_source	draft	LTL2-C5-PA-Q002,LTL2-C5-PA-Q003	45
LTL2-C5-PA-Q006	Chapter 5 A	LTL2-C5-O01	LTL2-C5-K001	LTL2-C5-F001	medium	application	multiple_choice	study_and_test	scenario	A leader keeps studying, asks strong thinkers questions, and challenges personal assumptions. This most directly reflects the idea that critical thinking is	a fixed talent	a lifelong endeavor developed through study and practice	useful only for academic problems	mainly a way to win debates	B	Critical thinking develops throughout life through practice.	1	The chapter describes becoming a critical thinker as a journey, not a destination.	The chapter says everyone can improve these skills.	The chapter describes becoming a critical thinker as a journey, not a destination.	Leadership decisions, not only schoolwork, require critical thinking.	The purpose is truth and sound judgment, not merely winning.	Choosing a related term without checking the exact definition or purpose asked in the stem.	Compare the exact textbook definition with each option. Eliminate choices that describe a neighboring concept rather than the one asked.	Thinking skill grows by use.	medium	concept_diagram	optional_after_answer	ltl2_c5_ltl2_c5_pa_q006	Create a simple instructional visual for this idea: Critical thinking develops throughout life through practice.	Thinking skill grows by use.	Instructional visual representing: Critical thinking develops throughout life through practice.	Learn to Lead, Volume 2, Chapter 5, Objective 1	40, 43	approved_source	draft	LTL2-C5-PA-Q001,LTL2-C5-PA-Q004	45
LTL2-C5-PB-Q001	Chapter 5 B	LTL2-C5-O03	LTL2-C5-K011	LTL2-C5-F011	easy	recognition	multiple_choice	study_and_test	cap_direct	Which universal intellectual standard focuses on making an idea understandable?	Precision	Relevance	Clarity	Accuracy	C	Clarity means making an idea understandable.	1	The standard of clarity calls thinkers to focus on making an idea understandable.	Precision concerns giving exact detail, not making an idea understandable.	Relevance concerns keeping information connected to the issue, not making an idea understandable.	The standard of clarity calls thinkers to focus on making an idea understandable.	Accuracy concerns checking whether a claim is true, not making an idea understandable.	Choosing a related term without checking the exact definition or purpose asked in the stem.	Compare the exact textbook definition with each option. Eliminate choices that describe a neighboring concept rather than the one asked.	Clarity: making an idea understandable.	high	seven_part_icon_card	optional_after_answer	ltl2_c5_ltl2_c5_pb_q001	Create a simple instructional visual for this idea: Clarity means making an idea understandable.	Clarity: making an idea understandable.	Instructional visual representing: Clarity means making an idea understandable.	Learn to Lead, Volume 2, Chapter 5, Objective 3	41-42	approved_source	draft		45
LTL2-C5-PB-Q002	Chapter 5 B	LTL2-C5-O03	LTL2-C5-K012	LTL2-C5-F012	easy	recognition	multiple_choice	study_and_test	cap_direct	Which universal intellectual standard focuses on checking whether a claim is true?	Relevance	Accuracy	Clarity	Precision	B	Accuracy means checking whether a claim is true.	1	The standard of accuracy calls thinkers to focus on checking whether a claim is true.	Relevance concerns keeping information connected to the issue, not checking whether a claim is true.	The standard of accuracy calls thinkers to focus on checking whether a claim is true.	Clarity concerns making an idea understandable, not checking whether a claim is true.	Precision concerns giving exact detail, not checking whether a claim is true.	Choosing a related term without checking the exact definition or purpose asked in the stem.	Compare the exact textbook definition with each option. Eliminate choices that describe a neighboring concept rather than the one asked.	Accuracy: checking whether a claim is true.	high	seven_part_icon_card	optional_after_answer	ltl2_c5_ltl2_c5_pb_q002	Create a simple instructional visual for this idea: Accuracy means checking whether a claim is true.	Accuracy: checking whether a claim is true.	Instructional visual representing: Accuracy means checking whether a claim is true.	Learn to Lead, Volume 2, Chapter 5, Objective 3	41-42	approved_source	draft		45
LTL2-C5-PB-Q003	Chapter 5 B	LTL2-C5-O03	LTL2-C5-K013	LTL2-C5-F013	easy	recognition	multiple_choice	study_and_test	cap_direct	Which universal intellectual standard focuses on giving exact detail?	Precision	Clarity	Accuracy	Relevance	A	Precision means giving exact detail.	1	The standard of precision calls thinkers to focus on giving exact detail.	The standard of precision calls thinkers to focus on giving exact detail.	Clarity concerns making an idea understandable, not giving exact detail.	Accuracy concerns checking whether a claim is true, not giving exact detail.	Relevance concerns keeping information connected to the issue, not giving exact detail.	Choosing a related term without checking the exact definition or purpose asked in the stem.	Compare the exact textbook definition with each option. Eliminate choices that describe a neighboring concept rather than the one asked.	Precision: giving exact detail.	medium	seven_part_icon_card	optional_after_answer	ltl2_c5_ltl2_c5_pb_q003	Create a simple instructional visual for this idea: Precision means giving exact detail.	Precision: giving exact detail.	Instructional visual representing: Precision means giving exact detail.	Learn to Lead, Volume 2, Chapter 5, Objective 3	41-42	approved_source	draft		45
LTL2-C5-PB-Q004	Chapter 5 B	LTL2-C5-O03	LTL2-C5-K014	LTL2-C5-F014	medium	recognition	multiple_choice	study_and_test	cap_direct	Which universal intellectual standard focuses on keeping information connected to the issue?	Clarity	Accuracy	Precision	Relevance	D	Relevance means keeping information connected to the issue.	1	The standard of relevance calls thinkers to focus on keeping information connected to the issue.	Clarity concerns making an idea understandable, not keeping information connected to the issue.	Accuracy concerns checking whether a claim is true, not keeping information connected to the issue.	Precision concerns giving exact detail, not keeping information connected to the issue.	The standard of relevance calls thinkers to focus on keeping information connected to the issue.	Choosing a related term without checking the exact definition or purpose asked in the stem.	Compare the exact textbook definition with each option. Eliminate choices that describe a neighboring concept rather than the one asked.	Relevance: keeping information connected to the issue.	high	seven_part_icon_card	optional_after_answer	ltl2_c5_ltl2_c5_pb_q004	Create a simple instructional visual for this idea: Relevance means keeping information connected to the issue.	Relevance: keeping information connected to the issue.	Instructional visual representing: Relevance means keeping information connected to the issue.	Learn to Lead, Volume 2, Chapter 5, Objective 3	41-42	approved_source	draft		45
LTL2-C5-PB-Q005	Chapter 5 B	LTL2-C5-O03	LTL2-C5-K015	LTL2-C5-F015	medium	recognition	multiple_choice	study_and_test	cap_direct	Which universal intellectual standard focuses on examining complexities beneath the surface?	Accuracy	Precision	Depth	Clarity	C	Depth means examining complexities beneath the surface.	1	The standard of depth calls thinkers to focus on examining complexities beneath the surface.	Accuracy concerns checking whether a claim is true, not examining complexities beneath the surface.	Precision concerns giving exact detail, not examining complexities beneath the surface.	The standard of depth calls thinkers to focus on examining complexities beneath the surface.	Clarity concerns making an idea understandable, not examining complexities beneath the surface.	Choosing a related term without checking the exact definition or purpose asked in the stem.	Compare the exact textbook definition with each option. Eliminate choices that describe a neighboring concept rather than the one asked.	Depth: examining complexities beneath the surface.	medium	seven_part_icon_card	optional_after_answer	ltl2_c5_ltl2_c5_pb_q005	Create a simple instructional visual for this idea: Depth means examining complexities beneath the surface.	Depth: examining complexities beneath the surface.	Instructional visual representing: Depth means examining complexities beneath the surface.	Learn to Lead, Volume 2, Chapter 5, Objective 3	41-42	approved_source	draft		45
LTL2-C5-PB-Q006	Chapter 5 B	LTL2-C5-O03	LTL2-C5-K016	LTL2-C5-F016	medium	recognition	multiple_choice	study_and_test	cap_direct	Which universal intellectual standard focuses on considering other sides and wider perspectives?	Precision	Breadth	Clarity	Accuracy	B	Breadth means considering other sides and wider perspectives.	1	The standard of breadth calls thinkers to focus on considering other sides and wider perspectives.	Precision concerns giving exact detail, not considering other sides and wider perspectives.	The standard of breadth calls thinkers to focus on considering other sides and wider perspectives.	Clarity concerns making an idea understandable, not considering other sides and wider perspectives.	Accuracy concerns checking whether a claim is true, not considering other sides and wider perspectives.	Choosing a related term without checking the exact definition or purpose asked in the stem.	Compare the exact textbook definition with each option. Eliminate choices that describe a neighboring concept rather than the one asked.	Breadth: considering other sides and wider perspectives.	medium	seven_part_icon_card	optional_after_answer	ltl2_c5_ltl2_c5_pb_q006	Create a simple instructional visual for this idea: Breadth means considering other sides and wider perspectives.	Breadth: considering other sides and wider perspectives.	Instructional visual representing: Breadth means considering other sides and wider perspectives.	Learn to Lead, Volume 2, Chapter 5, Objective 3	41-42	approved_source	draft		45
LTL2-C5-PB-Q007	Chapter 5 B	LTL2-C5-O03	LTL2-C5-K017	LTL2-C5-F017	medium	recognition	multiple_choice	study_and_test	cap_direct	Which universal intellectual standard focuses on ensuring the parts support one another?	Logic	Clarity	Accuracy	Precision	A	Logic means ensuring the parts support one another.	1	The standard of logic calls thinkers to focus on ensuring the parts support one another.	The standard of logic calls thinkers to focus on ensuring the parts support one another.	Clarity concerns making an idea understandable, not ensuring the parts support one another.	Accuracy concerns checking whether a claim is true, not ensuring the parts support one another.	Precision concerns giving exact detail, not ensuring the parts support one another.	Choosing a related term without checking the exact definition or purpose asked in the stem.	Compare the exact textbook definition with each option. Eliminate choices that describe a neighboring concept rather than the one asked.	Logic: ensuring the parts support one another.	high	seven_part_icon_card	optional_after_answer	ltl2_c5_ltl2_c5_pb_q007	Create a simple instructional visual for this idea: Logic means ensuring the parts support one another.	Logic: ensuring the parts support one another.	Instructional visual representing: Logic means ensuring the parts support one another.	Learn to Lead, Volume 2, Chapter 5, Objective 3	41-42	approved_source	draft		45
LTL2-C5-PB-Q008	Chapter 5 B	LTL2-C5-O03	LTL2-C5-K018	LTL2-C5-F018	hard	application	multiple_choice	study_and_test	scenario	A cadet gives a detailed, accurate history of encampment meals while answering, 'What is the purpose of the Cadet Program?' Which standard is most lacking?	Depth	Breadth	Relevance	Precision	C	The information is not relevant to the question being answered.	1	Even true and detailed information fails critical thinking when it does not advance the issue at hand.	The answer may contain depth about meals, but that is not the central problem.	The answer is narrow, but the clearest failure is that meals do not answer the purpose question.	Even true and detailed information fails critical thinking when it does not advance the issue at hand.	The details may be precise; precision does not make them relevant.	Choosing a related term without checking the exact definition or purpose asked in the stem.	Compare the exact textbook definition with each option. Eliminate choices that describe a neighboring concept rather than the one asked.	Relevant means it moves the answer forward.	medium	concept_diagram	optional_after_answer	ltl2_c5_ltl2_c5_pb_q008	Create a simple instructional visual for this idea: The information is not relevant to the question being answered.	Relevant means it moves the answer forward.	Instructional visual representing: The information is not relevant to the question being answered.	Learn to Lead, Volume 2, Chapter 5, Objective 3	41	approved_source	draft		45
LTL2-C5-PB-Q009	Chapter 5 B	LTL2-C5-O04	LTL2-C5-K019	LTL2-C5-F019	medium	understanding	multiple_choice	study_and_test	cap_direct	Which is one of the eight elements present in reasoning?	Seniority	Assumptions	Popularity	Tradition	B	Reasoning includes assumptions that may need to be examined.	1	The eight elements include purpose, questions, assumptions, point of view, information, concepts, inferences, and implications.	Seniority may affect a group but is not an element of thought.	The eight elements include purpose, questions, assumptions, point of view, information, concepts, inferences, and implications.	Popularity is not one of the eight structures of reasoning.	Tradition can influence assumptions but is not itself listed as an element.	Choosing a related term without checking the exact definition or purpose asked in the stem.	Compare the exact textbook definition with each option. Eliminate choices that describe a neighboring concept rather than the one asked.	Purpose, Question, Assumption, View, Data, Concept, Inference, Consequence.	medium	concept_diagram	optional_after_answer	ltl2_c5_ltl2_c5_pb_q009	Create a simple instructional visual for this idea: Reasoning includes assumptions that may need to be examined.	Purpose, Question, Assumption, View, Data, Concept, Inference, Consequence.	Instructional visual representing: Reasoning includes assumptions that may need to be examined.	Learn to Lead, Volume 2, Chapter 5, Objective 4	42	approved_source	draft		45
LTL2-C5-PB-Q010	Chapter 5 B	LTL2-C5-O04	LTL2-C5-K020	LTL2-C5-F020	hard	analysis	multiple_choice	study_and_test	scenario	A leader asks, 'What might happen if we adopt this policy, including unintended results?' Which element of thought is being examined?	Point of view	Information	Implications and consequences	Concepts	C	The leader is examining implications and consequences.	1	Reasoning leads somewhere; critical thinkers ask what their conclusions will mean and what results may follow.	Point of view concerns the perspective from which the issue is seen.	Information concerns the evidence supporting the reasoning.	Reasoning leads somewhere; critical thinkers ask what their conclusions will mean and what results may follow.	Concepts are the ideas and definitions used in reasoning.	Choosing a related term without checking the exact definition or purpose asked in the stem.	Compare the exact textbook definition with each option. Eliminate choices that describe a neighboring concept rather than the one asked.	Implications ask: Then what?	medium	concept_diagram	optional_after_answer	ltl2_c5_ltl2_c5_pb_q010	Create a simple instructional visual for this idea: The leader is examining implications and consequences.	Implications ask: Then what?	Instructional visual representing: The leader is examining implications and consequences.	Learn to Lead, Volume 2, Chapter 5, Objective 4	42	approved_source	draft		45
LTL2-C5-PC-Q001	Chapter 5 C	LTL2-C5-O05	LTL2-C5-K021	LTL2-C5-F021	easy	recall	multiple_choice	study_and_test	cap_direct	Big-picture thinking is the practice of	studying one detail without distraction	stepping back to take in more of the situation	imagining only ideal outcomes	asking several people to vote	B	Big-picture thinking steps back to see the whole.	1	It helps leaders understand breadth, connections, mission context, and how separate efforts fit together.	This describes focused thinking.	It helps leaders understand breadth, connections, mission context, and how separate efforts fit together.	This is not realistic thinking and ignores actual conditions.	Voting is a decision method, not the definition.	Choosing a related term without checking the exact definition or purpose asked in the stem.	Compare the exact textbook definition with each option. Eliminate choices that describe a neighboring concept rather than the one asked.	Step back; see the whole map.	medium	concept_diagram	optional_after_answer	ltl2_c5_ltl2_c5_pc_q001	Create a simple instructional visual for this idea: Big-picture thinking steps back to see the whole.	Step back; see the whole map.	Instructional visual representing: Big-picture thinking steps back to see the whole.	Learn to Lead, Volume 2, Chapter 5, Objective 5	43	approved_source	draft	LTL2-C5-PC-Q005	45
LTL2-C5-PC-Q002	Chapter 5 C	LTL2-C5-O05	LTL2-C5-K022	LTL2-C5-F022	easy	recall	multiple_choice	study_and_test	cap_direct	Focused thinking emphasizes	sustained concentration on the specific issue	combining many unrelated perspectives	planning for the worst case	accepting the majority's answer	A	Focused thinking concentrates deeply on one issue.	1	It avoids distraction by related but different matters and directs brainpower toward the highest-priority problems.	It avoids distraction by related but different matters and directs brainpower toward the highest-priority problems.	Shared thinking values other perspectives but does not define focus.	Worst-case preparation is associated with realistic thinking.	Majority acceptance is not a mode of critical thinking.	Choosing a related term without checking the exact definition or purpose asked in the stem.	Compare the exact textbook definition with each option. Eliminate choices that describe a neighboring concept rather than the one asked.	Focus = one target, full attention.	medium	concept_diagram	optional_after_answer	ltl2_c5_ltl2_c5_pc_q002	Create a simple instructional visual for this idea: Focused thinking concentrates deeply on one issue.	Focus = one target, full attention.	Instructional visual representing: Focused thinking concentrates deeply on one issue.	Learn to Lead, Volume 2, Chapter 5, Objective 5	44	approved_source	draft	LTL2-C5-PC-Q006	45
LTL2-C5-PC-Q003	Chapter 5 C	LTL2-C5-O05	LTL2-C5-K023	LTL2-C5-F023	easy	recall	multiple_choice	study_and_test	cap_direct	Realistic thinking requires a leader to	see the world as it is and account for limited resources	reject ambitious goals	use only past solutions	focus only on immediate problems	A	Realistic thinking faces actual facts and constraints.	1	It values accuracy, common sense, feasibility, and achieving results with the resources available.	It values accuracy, common sense, feasibility, and achieving results with the resources available.	Realism does not prohibit ambitious goals.	Past solutions can help, but realism is not appeal to tradition.	Realism can consider both present and future conditions.	Choosing a related term without checking the exact definition or purpose asked in the stem.	Compare the exact textbook definition with each option. Eliminate choices that describe a neighboring concept rather than the one asked.	Realistic: facts, limits, feasible action.	medium	concept_diagram	optional_after_answer	ltl2_c5_ltl2_c5_pc_q003	Create a simple instructional visual for this idea: Realistic thinking faces actual facts and constraints.	Realistic: facts, limits, feasible action.	Instructional visual representing: Realistic thinking faces actual facts and constraints.	Learn to Lead, Volume 2, Chapter 5, Objective 5	44-45	approved_source	draft	LTL2-C5-PC-Q007	45
LTL2-C5-PC-Q004	Chapter 5 C	LTL2-C5-O05	LTL2-C5-K024	LTL2-C5-F024	easy	recall	multiple_choice	study_and_test	cap_direct	Shared thinking is based on the belief that	the highest-ranking person has the best ideas	a team can be smarter than one person working alone	all decisions should be made by committee	leaders should avoid forming their own opinions	B	Shared thinking values the ideas of others and team synergy.	1	It recognizes that combining perspectives can produce faster and stronger understanding.	Rank does not guarantee the best idea.	It recognizes that combining perspectives can produce faster and stronger understanding.	Shared thinking does not require every decision to be made by committee.	Leaders still need independent judgment.	Choosing a related term without checking the exact definition or purpose asked in the stem.	Compare the exact textbook definition with each option. Eliminate choices that describe a neighboring concept rather than the one asked.	Borrow brains without surrendering judgment.	medium	concept_diagram	optional_after_answer	ltl2_c5_ltl2_c5_pc_q004	Create a simple instructional visual for this idea: Shared thinking values the ideas of others and team synergy.	Borrow brains without surrendering judgment.	Instructional visual representing: Shared thinking values the ideas of others and team synergy.	Learn to Lead, Volume 2, Chapter 5, Objective 5	45	approved_source	draft	LTL2-C5-PC-Q008	45
LTL2-C5-PC-Q005	Chapter 5 C	LTL2-C5-O05	LTL2-C5-K021	LTL2-C5-F021	medium	application	multiple_choice	study_and_test	scenario	A commander connects recruiting, training quality, retention, and community reputation before changing the squadron schedule. Which mode is most evident?	Focused thinking	Big-picture thinking	Realistic thinking	Creative thinking	B	The commander is seeing connections across the whole system.	1	Big-picture thinking examines the broad situation and how different parts support the mission.	Focused thinking narrows attention to one specific issue.	Big-picture thinking examines the broad situation and how different parts support the mission.	Realistic thinking emphasizes facts and feasibility; the stem emphasizes interconnected breadth.	Creative thinking seeks novel connections, but the strongest feature here is whole-system perspective.	Choosing a related term without checking the exact definition or purpose asked in the stem.	Compare the exact textbook definition with each option. Eliminate choices that describe a neighboring concept rather than the one asked.	Big picture connects the pieces.	medium	concept_diagram	optional_after_answer	ltl2_c5_ltl2_c5_pc_q005	Create a simple instructional visual for this idea: The commander is seeing connections across the whole system.	Big picture connects the pieces.	Instructional visual representing: The commander is seeing connections across the whole system.	Learn to Lead, Volume 2, Chapter 5, Objective 5	43	approved_source	draft	LTL2-C5-PC-Q001	45
LTL2-C5-PC-Q006	Chapter 5 C	LTL2-C5-O05	LTL2-C5-K022	LTL2-C5-F022	medium	application	multiple_choice	study_and_test	scenario	A cadet turns off notifications and devotes most study time to the two weakest exam topics. Which principle is being applied?	The 80/20 rule within focused thinking	Breadth within big-picture thinking	Synergy within shared thinking	Status quo within realistic thinking	A	The cadet is concentrating effort on the highest-impact issues.	1	The chapter's 80/20 rule recommends devoting most time and energy to the most important challenges.	The chapter's 80/20 rule recommends devoting most time and energy to the most important challenges.	Breadth expands perspectives rather than concentrating effort.	Synergy involves combined team effort.	Status quo is the existing state of affairs, not a realistic-thinking tool.	Choosing a related term without checking the exact definition or purpose asked in the stem.	Compare the exact textbook definition with each option. Eliminate choices that describe a neighboring concept rather than the one asked.	Most effort on the few biggest needs.	medium	concept_diagram	optional_after_answer	ltl2_c5_ltl2_c5_pc_q006	Create a simple instructional visual for this idea: The cadet is concentrating effort on the highest-impact issues.	Most effort on the few biggest needs.	Instructional visual representing: The cadet is concentrating effort on the highest-impact issues.	Learn to Lead, Volume 2, Chapter 5, Objective 5	44	approved_source	draft	LTL2-C5-PC-Q002	45
LTL2-C5-PC-Q007	Chapter 5 C	LTL2-C5-O05	LTL2-C5-K023	LTL2-C5-F023	hard	application	multiple_choice	study_and_test	close_distractors	A leader gathers accurate cost figures, identifies limited manpower, and prepares for the worst-case outcome. Which mode is primary?	Big-picture thinking	Focused thinking	Realistic thinking	Shared thinking	C	The leader is preparing from facts, constraints, and feasibility.	1	Getting the facts, accepting scarce resources, and preparing for worst cases are hallmarks of realistic thinking.	The leader may see several factors, but the defining feature is facing actual constraints.	The leader is concentrating, but the stem emphasizes feasibility rather than sustained focus.	Getting the facts, accepting scarce resources, and preparing for worst cases are hallmarks of realistic thinking.	No use of other people's ideas is described.	Choosing a related term without checking the exact definition or purpose asked in the stem.	Compare the exact textbook definition with each option. Eliminate choices that describe a neighboring concept rather than the one asked.	Reality first: facts, scarcity, contingency.	medium	concept_diagram	optional_after_answer	ltl2_c5_ltl2_c5_pc_q007	Create a simple instructional visual for this idea: The leader is preparing from facts, constraints, and feasibility.	Reality first: facts, scarcity, contingency.	Instructional visual representing: The leader is preparing from facts, constraints, and feasibility.	Learn to Lead, Volume 2, Chapter 5, Objective 5	44-45	approved_source	draft	LTL2-C5-PC-Q003	45
LTL2-C5-PC-Q008	Chapter 5 C	LTL2-C5-O05	LTL2-C5-K024	LTL2-C5-F024	hard	misconception	multiple_choice	study_and_test	cap_direct	What is the greatest obstacle to shared thinking identified in the chapter?	Lack of technical expertise	Emotional insecurity	Too much precision	Limited meeting time	B	Emotional insecurity can make people reject others' ideas.	1	People worried about status or power may protect their turf instead of accepting useful contributions.	Expertise can help, but it is not identified as the greatest obstacle.	People worried about status or power may protect their turf instead of accepting useful contributions.	Precision improves thinking rather than blocking collaboration.	Time can be a practical problem but is not the chapter's main obstacle.	Choosing a related term without checking the exact definition or purpose asked in the stem.	Compare the exact textbook definition with each option. Eliminate choices that describe a neighboring concept rather than the one asked.	Secure leaders can share credit and ideas.	medium	concept_diagram	optional_after_answer	ltl2_c5_ltl2_c5_pc_q008	Create a simple instructional visual for this idea: Emotional insecurity can make people reject others' ideas.	Secure leaders can share credit and ideas.	Instructional visual representing: Emotional insecurity can make people reject others' ideas.	Learn to Lead, Volume 2, Chapter 5, Objective 5	45	approved_source	draft	LTL2-C5-PC-Q004	45
LTL2-C5-PD-Q001	Chapter 5 D	LTL2-C5-O07	LTL2-C5-K031	LTL2-C5-F031	medium	recognition	multiple_choice	study_and_test	cap_direct	Which logical fallacy attacks the person instead of the argument?	Appeal to tradition	Red herring	Ad hominem	Post hoc	C	Ad hominem attacks the person instead of the argument.	1	The Ad hominem fallacy attacks the person instead of the argument.	Appeal to tradition assumes the old way is better because it is old; it is not the error described in the stem.	Red herring introduces a true or interesting distraction; it is not the error described in the stem.	The Ad hominem fallacy attacks the person instead of the argument.	Post hoc assumes an earlier event caused a later event; it is not the error described in the stem.	Choosing a related term without checking the exact definition or purpose asked in the stem.	Compare the exact textbook definition with each option. Eliminate choices that describe a neighboring concept rather than the one asked.	Ad hominem: attacks the person instead of the argument.	high	comparison_diagram	optional_after_answer	ltl2_c5_ltl2_c5_pd_q001	Create a simple instructional visual for this idea: Ad hominem attacks the person instead of the argument.	Ad hominem: attacks the person instead of the argument.	Instructional visual representing: Ad hominem attacks the person instead of the argument.	Learn to Lead, Volume 2, Chapter 5, Objective 7	46-49	approved_source	draft		45
LTL2-C5-PD-Q002	Chapter 5 D	LTL2-C5-O07	LTL2-C5-K032	LTL2-C5-F032	medium	recognition	multiple_choice	study_and_test	cap_direct	Which logical fallacy claims something is true because an authority says so?	Appeal to authority	Appeal to tradition	Red herring	Weak analogy	A	Appeal to authority claims something is true because an authority says so.	1	The Appeal to authority fallacy claims something is true because an authority says so.	The Appeal to authority fallacy claims something is true because an authority says so.	Appeal to tradition assumes the old way is better because it is old; it is not the error described in the stem.	Red herring introduces a true or interesting distraction; it is not the error described in the stem.	Weak analogy treats two partly similar things as if they were equivalent; it is not the error described in the stem.	Choosing a related term without checking the exact definition or purpose asked in the stem.	Compare the exact textbook definition with each option. Eliminate choices that describe a neighboring concept rather than the one asked.	Appeal to authority: claims something is true because an authority says so.	high	comparison_diagram	optional_after_answer	ltl2_c5_ltl2_c5_pd_q002	Create a simple instructional visual for this idea: Appeal to authority claims something is true because an authority says so.	Appeal to authority: claims something is true because an authority says so.	Instructional visual representing: Appeal to authority claims something is true because an authority says so.	Learn to Lead, Volume 2, Chapter 5, Objective 7	46-49	approved_source	draft		45
LTL2-C5-PD-Q003	Chapter 5 D	LTL2-C5-O07	LTL2-C5-K033	LTL2-C5-F033	medium	recognition	multiple_choice	study_and_test	cap_direct	Which logical fallacy assumes an earlier event caused a later event?	Weak analogy	Straw man	Post hoc	Red herring	C	Post hoc assumes an earlier event caused a later event.	1	The Post hoc fallacy assumes an earlier event caused a later event.	Weak analogy treats two partly similar things as if they were equivalent; it is not the error described in the stem.	Straw man misrepresents an opposing argument to make it easier to attack; it is not the error described in the stem.	The Post hoc fallacy assumes an earlier event caused a later event.	Red herring introduces a true or interesting distraction; it is not the error described in the stem.	Choosing a related term without checking the exact definition or purpose asked in the stem.	Compare the exact textbook definition with each option. Eliminate choices that describe a neighboring concept rather than the one asked.	Post hoc: assumes an earlier event caused a later event.	high	comparison_diagram	optional_after_answer	ltl2_c5_ltl2_c5_pd_q003	Create a simple instructional visual for this idea: Post hoc assumes an earlier event caused a later event.	Post hoc: assumes an earlier event caused a later event.	Instructional visual representing: Post hoc assumes an earlier event caused a later event.	Learn to Lead, Volume 2, Chapter 5, Objective 7	46-49	approved_source	draft		45
LTL2-C5-PD-Q004	Chapter 5 D	LTL2-C5-O07	LTL2-C5-K034	LTL2-C5-F034	medium	recognition	multiple_choice	study_and_test	cap_direct	Which logical fallacy assumes the old way is better because it is old?	Appeal to tradition	Weak analogy	Straw man	Circular reasoning	A	Appeal to tradition assumes the old way is better because it is old.	1	The Appeal to tradition fallacy assumes the old way is better because it is old.	The Appeal to tradition fallacy assumes the old way is better because it is old.	Weak analogy treats two partly similar things as if they were equivalent; it is not the error described in the stem.	Straw man misrepresents an opposing argument to make it easier to attack; it is not the error described in the stem.	Circular reasoning restates the conclusion as its own support; it is not the error described in the stem.	Choosing a related term without checking the exact definition or purpose asked in the stem.	Compare the exact textbook definition with each option. Eliminate choices that describe a neighboring concept rather than the one asked.	Appeal to tradition: assumes the old way is better because it is old.	high	comparison_diagram	optional_after_answer	ltl2_c5_ltl2_c5_pd_q004	Create a simple instructional visual for this idea: Appeal to tradition assumes the old way is better because it is old.	Appeal to tradition: assumes the old way is better because it is old.	Instructional visual representing: Appeal to tradition assumes the old way is better because it is old.	Learn to Lead, Volume 2, Chapter 5, Objective 7	46-49	approved_source	draft		45
LTL2-C5-PD-Q005	Chapter 5 D	LTL2-C5-O07	LTL2-C5-K035	LTL2-C5-F035	medium	recognition	multiple_choice	study_and_test	cap_direct	Which logical fallacy introduces a true or interesting distraction?	Circular reasoning	False dilemma	Red herring	Straw man	C	Red herring introduces a true or interesting distraction.	1	The Red herring fallacy introduces a true or interesting distraction.	Circular reasoning restates the conclusion as its own support; it is not the error described in the stem.	False dilemma pretends only two choices exist; it is not the error described in the stem.	The Red herring fallacy introduces a true or interesting distraction.	Straw man misrepresents an opposing argument to make it easier to attack; it is not the error described in the stem.	Choosing a related term without checking the exact definition or purpose asked in the stem.	Compare the exact textbook definition with each option. Eliminate choices that describe a neighboring concept rather than the one asked.	Red herring: introduces a true or interesting distraction.	high	comparison_diagram	optional_after_answer	ltl2_c5_ltl2_c5_pd_q005	Create a simple instructional visual for this idea: Red herring introduces a true or interesting distraction.	Red herring: introduces a true or interesting distraction.	Instructional visual representing: Red herring introduces a true or interesting distraction.	Learn to Lead, Volume 2, Chapter 5, Objective 7	46-49	approved_source	draft		45
LTL2-C5-PD-Q006	Chapter 5 D	LTL2-C5-O07	LTL2-C5-K036	LTL2-C5-F036	hard	recognition	multiple_choice	study_and_test	cap_direct	Which logical fallacy treats two partly similar things as if they were equivalent?	Weak analogy	Circular reasoning	False dilemma	Slippery slope	A	Weak analogy treats two partly similar things as if they were equivalent.	1	The Weak analogy fallacy treats two partly similar things as if they were equivalent.	The Weak analogy fallacy treats two partly similar things as if they were equivalent.	Circular reasoning restates the conclusion as its own support; it is not the error described in the stem.	False dilemma pretends only two choices exist; it is not the error described in the stem.	Slippery slope assumes one step will automatically trigger an extreme chain of events; it is not the error described in the stem.	Choosing a related term without checking the exact definition or purpose asked in the stem.	Compare the exact textbook definition with each option. Eliminate choices that describe a neighboring concept rather than the one asked.	Weak analogy: treats two partly similar things as if they were equivalent.	high	comparison_diagram	optional_after_answer	ltl2_c5_ltl2_c5_pd_q006	Create a simple instructional visual for this idea: Weak analogy treats two partly similar things as if they were equivalent.	Weak analogy: treats two partly similar things as if they were equivalent.	Instructional visual representing: Weak analogy treats two partly similar things as if they were equivalent.	Learn to Lead, Volume 2, Chapter 5, Objective 7	46-49	approved_source	draft		45
LTL2-C5-PD-Q007	Chapter 5 D	LTL2-C5-O07	LTL2-C5-K037	LTL2-C5-F037	hard	recognition	multiple_choice	study_and_test	cap_direct	Which logical fallacy misrepresents an opposing argument to make it easier to attack?	Slippery slope	Ad hominem	Straw man	False dilemma	C	Straw man misrepresents an opposing argument to make it easier to attack.	1	The Straw man fallacy misrepresents an opposing argument to make it easier to attack.	Slippery slope assumes one step will automatically trigger an extreme chain of events; it is not the error described in the stem.	Ad hominem attacks the person instead of the argument; it is not the error described in the stem.	The Straw man fallacy misrepresents an opposing argument to make it easier to attack.	False dilemma pretends only two choices exist; it is not the error described in the stem.	Choosing a related term without checking the exact definition or purpose asked in the stem.	Compare the exact textbook definition with each option. Eliminate choices that describe a neighboring concept rather than the one asked.	Straw man: misrepresents an opposing argument to make it easier to attack.	high	comparison_diagram	optional_after_answer	ltl2_c5_ltl2_c5_pd_q007	Create a simple instructional visual for this idea: Straw man misrepresents an opposing argument to make it easier to attack.	Straw man: misrepresents an opposing argument to make it easier to attack.	Instructional visual representing: Straw man misrepresents an opposing argument to make it easier to attack.	Learn to Lead, Volume 2, Chapter 5, Objective 7	46-49	approved_source	draft		45
LTL2-C5-PD-Q008	Chapter 5 D	LTL2-C5-O07	LTL2-C5-K038	LTL2-C5-F038	hard	recognition	multiple_choice	study_and_test	cap_direct	Which logical fallacy restates the conclusion as its own support?	Circular reasoning	Slippery slope	Ad hominem	Appeal to authority	A	Circular reasoning restates the conclusion as its own support.	1	The Circular reasoning fallacy restates the conclusion as its own support.	The Circular reasoning fallacy restates the conclusion as its own support.	Slippery slope assumes one step will automatically trigger an extreme chain of events; it is not the error described in the stem.	Ad hominem attacks the person instead of the argument; it is not the error described in the stem.	Appeal to authority claims something is true because an authority says so; it is not the error described in the stem.	Choosing a related term without checking the exact definition or purpose asked in the stem.	Compare the exact textbook definition with each option. Eliminate choices that describe a neighboring concept rather than the one asked.	Circular reasoning: restates the conclusion as its own support.	high	comparison_diagram	optional_after_answer	ltl2_c5_ltl2_c5_pd_q008	Create a simple instructional visual for this idea: Circular reasoning restates the conclusion as its own support.	Circular reasoning: restates the conclusion as its own support.	Instructional visual representing: Circular reasoning restates the conclusion as its own support.	Learn to Lead, Volume 2, Chapter 5, Objective 7	46-49	approved_source	draft		45
LTL2-C5-PD-Q009	Chapter 5 D	LTL2-C5-O07	LTL2-C5-K039	LTL2-C5-F039	hard	recognition	multiple_choice	study_and_test	cap_direct	Which logical fallacy pretends only two choices exist?	Appeal to authority	Post hoc	False dilemma	Ad hominem	C	False dilemma pretends only two choices exist.	1	The False dilemma fallacy pretends only two choices exist.	Appeal to authority claims something is true because an authority says so; it is not the error described in the stem.	Post hoc assumes an earlier event caused a later event; it is not the error described in the stem.	The False dilemma fallacy pretends only two choices exist.	Ad hominem attacks the person instead of the argument; it is not the error described in the stem.	Choosing a related term without checking the exact definition or purpose asked in the stem.	Compare the exact textbook definition with each option. Eliminate choices that describe a neighboring concept rather than the one asked.	False dilemma: pretends only two choices exist.	high	comparison_diagram	optional_after_answer	ltl2_c5_ltl2_c5_pd_q009	Create a simple instructional visual for this idea: False dilemma pretends only two choices exist.	False dilemma: pretends only two choices exist.	Instructional visual representing: False dilemma pretends only two choices exist.	Learn to Lead, Volume 2, Chapter 5, Objective 7	46-49	approved_source	draft		45
LTL2-C5-PD-Q010	Chapter 5 D	LTL2-C5-O07	LTL2-C5-K040	LTL2-C5-F040	hard	recognition	multiple_choice	study_and_test	cap_direct	Which logical fallacy assumes one step will automatically trigger an extreme chain of events?	Slippery slope	Appeal to authority	Post hoc	Appeal to tradition	A	Slippery slope assumes one step will automatically trigger an extreme chain of events.	1	The Slippery slope fallacy assumes one step will automatically trigger an extreme chain of events.	The Slippery slope fallacy assumes one step will automatically trigger an extreme chain of events.	Appeal to authority claims something is true because an authority says so; it is not the error described in the stem.	Post hoc assumes an earlier event caused a later event; it is not the error described in the stem.	Appeal to tradition assumes the old way is better because it is old; it is not the error described in the stem.	Choosing a related term without checking the exact definition or purpose asked in the stem.	Compare the exact textbook definition with each option. Eliminate choices that describe a neighboring concept rather than the one asked.	Slippery slope: assumes one step will automatically trigger an extreme chain of events.	high	comparison_diagram	optional_after_answer	ltl2_c5_ltl2_c5_pd_q010	Create a simple instructional visual for this idea: Slippery slope assumes one step will automatically trigger an extreme chain of events.	Slippery slope: assumes one step will automatically trigger an extreme chain of events.	Instructional visual representing: Slippery slope assumes one step will automatically trigger an extreme chain of events.	Learn to Lead, Volume 2, Chapter 5, Objective 7	46-49	approved_source	draft		45
LTL2-C5-PD-Q011	Chapter 5 D	LTL2-C5-O06	LTL2-C5-K041	LTL2-C5-F041	easy	recall	multiple_choice	study_and_test	cap_direct	A logical fallacy is	a disagreement between two people	an error in reasoning	a claim lacking precise numbers	a creative solution that fails	B	A logical fallacy is an error in reasoning.	1	Fallacies are recurring patterns of bad logic that can corrupt an argument and keep people from the truth.	Disagreement can exist without faulty reasoning.	Fallacies are recurring patterns of bad logic that can corrupt an argument and keep people from the truth.	Imprecision is one intellectual-standard problem, but not the definition of fallacy.	A failed solution is not necessarily a reasoning fallacy.	Choosing a related term without checking the exact definition or purpose asked in the stem.	Compare the exact textbook definition with each option. Eliminate choices that describe a neighboring concept rather than the one asked.	Fallacy = faulty logic.	medium	concept_diagram	optional_after_answer	ltl2_c5_ltl2_c5_pd_q011	Create a simple instructional visual for this idea: A logical fallacy is an error in reasoning.	Fallacy = faulty logic.	Instructional visual representing: A logical fallacy is an error in reasoning.	Learn to Lead, Volume 2, Chapter 5, Objective 6	46	approved_source	draft		45
LTL2-C5-PD-Q012	Chapter 5 D	LTL2-C5-O08	LTL2-C5-K042	LTL2-C5-F042	medium	understanding	multiple_choice	study_and_test	cap_direct	Intellectual honesty means honesty in the	acquisition, analysis, and transmission of ideas	use of rank and authority	choice of teaching methods	recording of majority votes	A	Intellectual honesty applies integrity to how ideas are obtained, examined, and shared.	1	It requires thinkers to recognize bias, examine how conclusions were reached, and resist self-deception.	It requires thinkers to recognize bias, examine how conclusions were reached, and resist self-deception.	Authority can be used honestly, but it is not the definition.	Teaching method is a separate topic.	Voting procedure does not define intellectual honesty.	Choosing a related term without checking the exact definition or purpose asked in the stem.	Compare the exact textbook definition with each option. Eliminate choices that describe a neighboring concept rather than the one asked.	Think with integrity from input to output.	medium	concept_diagram	optional_after_answer	ltl2_c5_ltl2_c5_pd_q012	Create a simple instructional visual for this idea: Intellectual honesty applies integrity to how ideas are obtained, examined, and shared.	Think with integrity from input to output.	Instructional visual representing: Intellectual honesty applies integrity to how ideas are obtained, examined, and shared.	Learn to Lead, Volume 2, Chapter 5, Objective 8	49	approved_source	draft		45
LTL2-C5-PE-Q001	Chapter 5 E	LTL2-C5-O09	LTL2-C5-K043	LTL2-C5-F043	easy	recall	multiple_choice	study_and_test	cap_direct	Creative thinking is best described as	concentration plus imagination that produces novel, appropriate results	unlimited imagination without concern for usefulness	rejecting every traditional practice	choosing the most popular new idea	A	Creative thinking combines concentration, imagination, novelty, and usefulness.	1	The chapter describes it as seeing ideas in a new context or connecting concepts, while still producing appropriate results.	The chapter describes it as seeing ideas in a new context or connecting concepts, while still producing appropriate results.	Creativity must produce meaningful results.	Creative thinkers challenge status quo when needed, not automatically reject everything old.	Popularity does not establish creativity or quality.	Choosing a related term without checking the exact definition or purpose asked in the stem.	Compare the exact textbook definition with each option. Eliminate choices that describe a neighboring concept rather than the one asked.	Creative = new connection that works.	medium	concept_diagram	optional_after_answer	ltl2_c5_ltl2_c5_pe_q001	Create a simple instructional visual for this idea: Creative thinking combines concentration, imagination, novelty, and usefulness.	Creative = new connection that works.	Instructional visual representing: Creative thinking combines concentration, imagination, novelty, and usefulness.	Learn to Lead, Volume 2, Chapter 5, Objective 9	50	approved_source	draft		45
LTL2-C5-PE-Q002	Chapter 5 E	LTL2-C5-O10	LTL2-C5-K044	LTL2-C5-F044	medium	understanding	multiple_choice	study_and_test	cap_direct	Why do creative leaders not always win?	Creative ideas are usually too complicated	Good ideas still require execution and may face resistance	Creativity works only in emergencies	Majorities always choose the safest answer	B	Creative ideas can fail without execution or acceptance.	1	The chapter's business examples show that superior ideas do not guarantee success when execution, adoption, or market conditions work against them.	Creative ideas can be simple or complex.	The chapter's business examples show that superior ideas do not guarantee success when execution, adoption, or market conditions work against them.	Creativity applies well beyond emergencies.	Majorities may resist change, but 'always' is too absolute.	Choosing a related term without checking the exact definition or purpose asked in the stem.	Compare the exact textbook definition with each option. Eliminate choices that describe a neighboring concept rather than the one asked.	Idea + execution + acceptance.	medium	concept_diagram	optional_after_answer	ltl2_c5_ltl2_c5_pe_q002	Create a simple instructional visual for this idea: Creative ideas can fail without execution or acceptance.	Idea + execution + acceptance.	Instructional visual representing: Creative ideas can fail without execution or acceptance.	Learn to Lead, Volume 2, Chapter 5, Objective 10	51	approved_source	draft		45
LTL2-C5-PE-Q003	Chapter 5 E	LTL2-C5-O11	LTL2-C5-K045	LTL2-C5-F045	easy	recall	multiple_choice	study_and_test	cap_direct	The status quo is	the strongest available evidence	the existing state of affairs	a method for ranking ideas	the final stage of brainstorming	B	Status quo means the existing way things are done.	1	Leaders who challenge 'we have always done it that way' are questioning the status quo.	Evidence is evaluated through critical thinking.	Leaders who challenge 'we have always done it that way' are questioning the status quo.	Multi-voting ranks options.	Brainstorming generates ideas; status quo is not a stage.	Choosing a related term without checking the exact definition or purpose asked in the stem.	Compare the exact textbook definition with each option. Eliminate choices that describe a neighboring concept rather than the one asked.	Status quo = the way it is now.	medium	concept_diagram	optional_after_answer	ltl2_c5_ltl2_c5_pe_q003	Create a simple instructional visual for this idea: Status quo means the existing way things are done.	Status quo = the way it is now.	Instructional visual representing: Status quo means the existing way things are done.	Learn to Lead, Volume 2, Chapter 5, Objective 11	51	approved_source	draft		45
LTL2-C5-PE-Q004	Chapter 5 E	LTL2-C5-O11	LTL2-C5-K046	LTL2-C5-F046	medium	application	multiple_choice	study_and_test	scenario	A cadet has a useful but unpopular proposal and stays silent because everyone else favors the old method. Which pressure is most evident?	Focused thinking	Majority pressure discouraging creativity	Intellectual precision	Experiential learning	B	Majority pressure can suppress unpopular creative ideas.	1	The chapter warns that respect for the majority can discourage independence of mind and free discussion.	Focus concerns concentration, not conformity.	The chapter warns that respect for the majority can discourage independence of mind and free discussion.	Precision concerns exactness.	Experiential learning is learning through direct experience.	Choosing a related term without checking the exact definition or purpose asked in the stem.	Compare the exact textbook definition with each option. Eliminate choices that describe a neighboring concept rather than the one asked.	Majority rule should not become majority silence.	medium	concept_diagram	optional_after_answer	ltl2_c5_ltl2_c5_pe_q004	Create a simple instructional visual for this idea: Majority pressure can suppress unpopular creative ideas.	Majority rule should not become majority silence.	Instructional visual representing: Majority pressure can suppress unpopular creative ideas.	Learn to Lead, Volume 2, Chapter 5, Objective 11	52	approved_source	draft		45
LTL2-C5-PE-Q005	Chapter 5 E	LTL2-C5-O11	LTL2-C5-K047	LTL2-C5-F047	hard	analysis	multiple_choice	study_and_test	close_distractors	Which statement best reflects the chapter's view of military tradition and creativity?	Tradition makes creativity impossible	Military structure has no effect on creativity	Leaders should preserve strengths while working deliberately to encourage new thinking	Creative officers should ignore regulations	C	Military-style organizations may need extra effort to encourage creativity.	1	The chapter values useful traditions but warns that conformity can cause creative ideas to be mistaken for disloyalty.	The chapter does not say creativity is impossible.	It notes a possible bias toward conformity.	The chapter values useful traditions but warns that conformity can cause creative ideas to be mistaken for disloyalty.	Creativity must still operate ethically and within legitimate requirements.	Choosing a related term without checking the exact definition or purpose asked in the stem.	Compare the exact textbook definition with each option. Eliminate choices that describe a neighboring concept rather than the one asked.	Preserve what works; question what limits growth.	medium	concept_diagram	optional_after_answer	ltl2_c5_ltl2_c5_pe_q005	Create a simple instructional visual for this idea: Military-style organizations may need extra effort to encourage creativity.	Preserve what works; question what limits growth.	Instructional visual representing: Military-style organizations may need extra effort to encourage creativity.	Learn to Lead, Volume 2, Chapter 5, Objective 11	53	approved_source	draft		45
LTL2-C5-PE-Q006	Chapter 5 E	LTL2-C5-O12	LTL2-C5-K048	LTL2-C5-F048	medium	application	multiple_choice	study_and_test	scenario	Apollo 13 engineers used only materials already aboard the spacecraft to build an improvised device. This illustrates	appeal to tradition	creative thinking under constraints	gradual voting	passive learning	B	Apollo 13 shows creative problem-solving with limited resources.	1	The engineers connected available materials in a new, useful way when no written plan could solve the crisis.	They could not rely on an old routine.	The engineers connected available materials in a new, useful way when no written plan could solve the crisis.	No voting method is described.	The engineers actively solved a real problem.	Choosing a related term without checking the exact definition or purpose asked in the stem.	Compare the exact textbook definition with each option. Eliminate choices that describe a neighboring concept rather than the one asked.	Use what you have in a new way.	medium	concept_diagram	optional_after_answer	ltl2_c5_ltl2_c5_pe_q006	Create a simple instructional visual for this idea: Apollo 13 shows creative problem-solving with limited resources.	Use what you have in a new way.	Instructional visual representing: Apollo 13 shows creative problem-solving with limited resources.	Learn to Lead, Volume 2, Chapter 5, Objective 12	54	approved_source	draft		45
LTL2-C5-PE-Q007	Chapter 5 E	LTL2-C5-O12	LTL2-C5-K049	LTL2-C5-F049	medium	understanding	multiple_choice	study_and_test	cap_direct	The D-Day example demonstrates that	detailed plans remove the need for initiative	creative leadership may be required when plans collapse	only senior officers should improvise	chaos makes mission accomplishment impossible	B	Creative initiative can save a mission when plans meet reality.	1	Separated troops formed new teams and improvised instead of waiting for the original plan to become possible.	Planning remained important, but did not eliminate uncertainty.	Separated troops formed new teams and improvised instead of waiting for the original plan to become possible.	NCOs and junior officers were central to the improvisation.	The example shows that action can emerge from chaos.	Choosing a related term without checking the exact definition or purpose asked in the stem.	Compare the exact textbook definition with each option. Eliminate choices that describe a neighboring concept rather than the one asked.	When the plan breaks, purpose guides improvisation.	medium	concept_diagram	optional_after_answer	ltl2_c5_ltl2_c5_pe_q007	Create a simple instructional visual for this idea: Creative initiative can save a mission when plans meet reality.	When the plan breaks, purpose guides improvisation.	Instructional visual representing: Creative initiative can save a mission when plans meet reality.	Learn to Lead, Volume 2, Chapter 5, Objective 12	54	approved_source	draft		45
LTL2-C5-PE-Q008	Chapter 5 E	LTL2-C5-O12	LTL2-C5-K050	LTL2-C5-F050	hard	misconception	multiple_choice	study_and_test	cap_direct	According to the chapter, creativity may be	complex only	simple only	either complex or simple	valuable only when artistic	C	Creative solutions may be simple or complex.	1	Rube Goldberg machines illustrate complexity, while Shaker design illustrates creative simplicity.	The chapter explicitly gives a simple form of creativity.	It also gives deliberately complex examples.	Rube Goldberg machines illustrate complexity, while Shaker design illustrates creative simplicity.	The section focuses on leadership creativity, not only art.	Choosing a related term without checking the exact definition or purpose asked in the stem.	Compare the exact textbook definition with each option. Eliminate choices that describe a neighboring concept rather than the one asked.	Creative does not mean complicated.	medium	concept_diagram	optional_after_answer	ltl2_c5_ltl2_c5_pe_q008	Create a simple instructional visual for this idea: Creative solutions may be simple or complex.	Creative does not mean complicated.	Instructional visual representing: Creative solutions may be simple or complex.	Learn to Lead, Volume 2, Chapter 5, Objective 12	55	approved_source	draft		45
LTL2-C5-PF-Q001	Chapter 5 F	LTL2-C5-O13	LTL2-C5-K051	LTL2-C5-F051	medium	recognition	multiple_choice	study_and_test	cap_direct	Which creative-thinking tool is designed to generate many ideas without judging them during generation?	Headlines of the Future	Brainstorming	Five Whys	Reversal	B	Brainstorming is used to generate many ideas without judging them during generation.	1	The purpose of Brainstorming is to generate many ideas without judging them during generation.	Headlines of the Future is used to describe future success and work backward through milestones, not to generate many ideas without judging them during generation.	The purpose of Brainstorming is to generate many ideas without judging them during generation.	Five Whys is used to drill down repeatedly to identify root causes, not to generate many ideas without judging them during generation.	Reversal is used to imagine how to cause or worsen the problem, then reverse the ideas, not to generate many ideas without judging them during generation.	Choosing a related term without checking the exact definition or purpose asked in the stem.	Compare the exact textbook definition with each option. Eliminate choices that describe a neighboring concept rather than the one asked.	Brainstorming: generate many ideas without judging them during generation.	high	process_diagram	optional_after_answer	ltl2_c5_ltl2_c5_pf_q001	Create a simple instructional visual for this idea: Brainstorming is used to generate many ideas without judging them during generation.	Brainstorming: generate many ideas without judging them during generation.	Instructional visual representing: Brainstorming is used to generate many ideas without judging them during generation.	Learn to Lead, Volume 2, Chapter 5, Objective 13	56-62	approved_source	draft		45
LTL2-C5-PF-Q002	Chapter 5 F	LTL2-C5-O13	LTL2-C5-K052	LTL2-C5-F052	medium	recognition	multiple_choice	study_and_test	cap_direct	Which creative-thinking tool is designed to visually arrange ideas and their connections?	Mindmapping	Reversal	Headlines of the Future	Flowchart	A	Mindmapping is used to visually arrange ideas and their connections.	1	The purpose of Mindmapping is to visually arrange ideas and their connections.	The purpose of Mindmapping is to visually arrange ideas and their connections.	Reversal is used to imagine how to cause or worsen the problem, then reverse the ideas, not to visually arrange ideas and their connections.	Headlines of the Future is used to describe future success and work backward through milestones, not to visually arrange ideas and their connections.	Flowchart is used to make the steps of a process visible so it can be improved, not to visually arrange ideas and their connections.	Choosing a related term without checking the exact definition or purpose asked in the stem.	Compare the exact textbook definition with each option. Eliminate choices that describe a neighboring concept rather than the one asked.	Mindmapping: visually arrange ideas and their connections.	high	process_diagram	optional_after_answer	ltl2_c5_ltl2_c5_pf_q002	Create a simple instructional visual for this idea: Mindmapping is used to visually arrange ideas and their connections.	Mindmapping: visually arrange ideas and their connections.	Instructional visual representing: Mindmapping is used to visually arrange ideas and their connections.	Learn to Lead, Volume 2, Chapter 5, Objective 13	56-62	approved_source	draft		45
LTL2-C5-PF-Q003	Chapter 5 F	LTL2-C5-O13	LTL2-C5-K053	LTL2-C5-F053	hard	recognition	multiple_choice	study_and_test	cap_direct	Which creative-thinking tool is designed to drill down repeatedly to identify root causes?	Headlines of the Future	Flowchart	Multi-voting	Five Whys	D	Five Whys is used to drill down repeatedly to identify root causes.	1	The purpose of Five Whys is to drill down repeatedly to identify root causes.	Headlines of the Future is used to describe future success and work backward through milestones, not to drill down repeatedly to identify root causes.	Flowchart is used to make the steps of a process visible so it can be improved, not to drill down repeatedly to identify root causes.	Multi-voting is used to identify broad consensus when many options exist, not to drill down repeatedly to identify root causes.	The purpose of Five Whys is to drill down repeatedly to identify root causes.	Choosing a related term without checking the exact definition or purpose asked in the stem.	Compare the exact textbook definition with each option. Eliminate choices that describe a neighboring concept rather than the one asked.	Five Whys: drill down repeatedly to identify root causes.	high	process_diagram	optional_after_answer	ltl2_c5_ltl2_c5_pf_q003	Create a simple instructional visual for this idea: Five Whys is used to drill down repeatedly to identify root causes.	Five Whys: drill down repeatedly to identify root causes.	Instructional visual representing: Five Whys is used to drill down repeatedly to identify root causes.	Learn to Lead, Volume 2, Chapter 5, Objective 13	56-62	approved_source	draft		45
LTL2-C5-PF-Q004	Chapter 5 F	LTL2-C5-O13	LTL2-C5-K054	LTL2-C5-F054	hard	recognition	multiple_choice	study_and_test	cap_direct	Which creative-thinking tool is designed to imagine how to cause or worsen the problem, then reverse the ideas?	Multi-voting	Cost-benefit analysis	Reversal	Flowchart	C	Reversal is used to imagine how to cause or worsen the problem, then reverse the ideas.	1	The purpose of Reversal is to imagine how to cause or worsen the problem, then reverse the ideas.	Multi-voting is used to identify broad consensus when many options exist, not to imagine how to cause or worsen the problem, then reverse the ideas.	Cost-benefit analysis is used to compare costs with expected benefits, not to imagine how to cause or worsen the problem, then reverse the ideas.	The purpose of Reversal is to imagine how to cause or worsen the problem, then reverse the ideas.	Flowchart is used to make the steps of a process visible so it can be improved, not to imagine how to cause or worsen the problem, then reverse the ideas.	Choosing a related term without checking the exact definition or purpose asked in the stem.	Compare the exact textbook definition with each option. Eliminate choices that describe a neighboring concept rather than the one asked.	Reversal: imagine how to cause or worsen the problem, then reverse the ideas.	high	process_diagram	optional_after_answer	ltl2_c5_ltl2_c5_pf_q004	Create a simple instructional visual for this idea: Reversal is used to imagine how to cause or worsen the problem, then reverse the ideas.	Reversal: imagine how to cause or worsen the problem, then reverse the ideas.	Instructional visual representing: Reversal is used to imagine how to cause or worsen the problem, then reverse the ideas.	Learn to Lead, Volume 2, Chapter 5, Objective 13	56-62	approved_source	draft		45
LTL2-C5-PF-Q005	Chapter 5 F	LTL2-C5-O13	LTL2-C5-K055	LTL2-C5-F055	medium	recognition	multiple_choice	study_and_test	cap_direct	Which creative-thinking tool is designed to describe future success and work backward through milestones?	Weighted pros and cons	Headlines of the Future	Multi-voting	Cost-benefit analysis	B	Headlines of the Future is used to describe future success and work backward through milestones.	1	The purpose of Headlines of the Future is to describe future success and work backward through milestones.	Weighted pros and cons is used to assign point values to advantages and disadvantages, not to describe future success and work backward through milestones.	The purpose of Headlines of the Future is to describe future success and work backward through milestones.	Multi-voting is used to identify broad consensus when many options exist, not to describe future success and work backward through milestones.	Cost-benefit analysis is used to compare costs with expected benefits, not to describe future success and work backward through milestones.	Choosing a related term without checking the exact definition or purpose asked in the stem.	Compare the exact textbook definition with each option. Eliminate choices that describe a neighboring concept rather than the one asked.	Headlines of the Future: describe future success and work backward through milestones.	high	process_diagram	optional_after_answer	ltl2_c5_ltl2_c5_pf_q005	Create a simple instructional visual for this idea: Headlines of the Future is used to describe future success and work backward through milestones.	Headlines of the Future: describe future success and work backward through milestones.	Instructional visual representing: Headlines of the Future is used to describe future success and work backward through milestones.	Learn to Lead, Volume 2, Chapter 5, Objective 13	56-62	approved_source	draft		45
LTL2-C5-PF-Q006	Chapter 5 F	LTL2-C5-O13	LTL2-C5-K056	LTL2-C5-F056	medium	recognition	multiple_choice	study_and_test	cap_direct	Which creative-thinking tool is designed to make the steps of a process visible so it can be improved?	Flowchart	Cost-benefit analysis	Weighted pros and cons	Gradual voting	A	Flowchart is used to make the steps of a process visible so it can be improved.	1	The purpose of Flowchart is to make the steps of a process visible so it can be improved.	The purpose of Flowchart is to make the steps of a process visible so it can be improved.	Cost-benefit analysis is used to compare costs with expected benefits, not to make the steps of a process visible so it can be improved.	Weighted pros and cons is used to assign point values to advantages and disadvantages, not to make the steps of a process visible so it can be improved.	Gradual voting is used to let junior members speak before senior members to reduce influence, not to make the steps of a process visible so it can be improved.	Choosing a related term without checking the exact definition or purpose asked in the stem.	Compare the exact textbook definition with each option. Eliminate choices that describe a neighboring concept rather than the one asked.	Flowchart: make the steps of a process visible so it can be improved.	high	process_diagram	optional_after_answer	ltl2_c5_ltl2_c5_pf_q006	Create a simple instructional visual for this idea: Flowchart is used to make the steps of a process visible so it can be improved.	Flowchart: make the steps of a process visible so it can be improved.	Instructional visual representing: Flowchart is used to make the steps of a process visible so it can be improved.	Learn to Lead, Volume 2, Chapter 5, Objective 13	56-62	approved_source	draft		45
LTL2-C5-PF-Q007	Chapter 5 F	LTL2-C5-O13	LTL2-C5-K057	LTL2-C5-F057	medium	recognition	multiple_choice	study_and_test	cap_direct	Which creative-thinking tool is designed to identify broad consensus when many options exist?	Weighted pros and cons	Gradual voting	Brainstorming	Multi-voting	D	Multi-voting is used to identify broad consensus when many options exist.	1	The purpose of Multi-voting is to identify broad consensus when many options exist.	Weighted pros and cons is used to assign point values to advantages and disadvantages, not to identify broad consensus when many options exist.	Gradual voting is used to let junior members speak before senior members to reduce influence, not to identify broad consensus when many options exist.	Brainstorming is used to generate many ideas without judging them during generation, not to identify broad consensus when many options exist.	The purpose of Multi-voting is to identify broad consensus when many options exist.	Choosing a related term without checking the exact definition or purpose asked in the stem.	Compare the exact textbook definition with each option. Eliminate choices that describe a neighboring concept rather than the one asked.	Multi-voting: identify broad consensus when many options exist.	high	process_diagram	optional_after_answer	ltl2_c5_ltl2_c5_pf_q007	Create a simple instructional visual for this idea: Multi-voting is used to identify broad consensus when many options exist.	Multi-voting: identify broad consensus when many options exist.	Instructional visual representing: Multi-voting is used to identify broad consensus when many options exist.	Learn to Lead, Volume 2, Chapter 5, Objective 13	56-62	approved_source	draft		45
LTL2-C5-PF-Q008	Chapter 5 F	LTL2-C5-O13	LTL2-C5-K058	LTL2-C5-F058	medium	recognition	multiple_choice	study_and_test	cap_direct	Which creative-thinking tool is designed to compare costs with expected benefits?	Brainstorming	Mindmapping	Cost-benefit analysis	Gradual voting	C	Cost-benefit analysis is used to compare costs with expected benefits.	1	The purpose of Cost-benefit analysis is to compare costs with expected benefits.	Brainstorming is used to generate many ideas without judging them during generation, not to compare costs with expected benefits.	Mindmapping is used to visually arrange ideas and their connections, not to compare costs with expected benefits.	The purpose of Cost-benefit analysis is to compare costs with expected benefits.	Gradual voting is used to let junior members speak before senior members to reduce influence, not to compare costs with expected benefits.	Choosing a related term without checking the exact definition or purpose asked in the stem.	Compare the exact textbook definition with each option. Eliminate choices that describe a neighboring concept rather than the one asked.	Cost-benefit analysis: compare costs with expected benefits.	high	process_diagram	optional_after_answer	ltl2_c5_ltl2_c5_pf_q008	Create a simple instructional visual for this idea: Cost-benefit analysis is used to compare costs with expected benefits.	Cost-benefit analysis: compare costs with expected benefits.	Instructional visual representing: Cost-benefit analysis is used to compare costs with expected benefits.	Learn to Lead, Volume 2, Chapter 5, Objective 13	56-62	approved_source	draft		45
LTL2-C5-PF-Q009	Chapter 5 F	LTL2-C5-O13	LTL2-C5-K059	LTL2-C5-F059	medium	recognition	multiple_choice	study_and_test	cap_direct	Which creative-thinking tool is designed to assign point values to advantages and disadvantages?	Five Whys	Weighted pros and cons	Brainstorming	Mindmapping	B	Weighted pros and cons is used to assign point values to advantages and disadvantages.	1	The purpose of Weighted pros and cons is to assign point values to advantages and disadvantages.	Five Whys is used to drill down repeatedly to identify root causes, not to assign point values to advantages and disadvantages.	The purpose of Weighted pros and cons is to assign point values to advantages and disadvantages.	Brainstorming is used to generate many ideas without judging them during generation, not to assign point values to advantages and disadvantages.	Mindmapping is used to visually arrange ideas and their connections, not to assign point values to advantages and disadvantages.	Choosing a related term without checking the exact definition or purpose asked in the stem.	Compare the exact textbook definition with each option. Eliminate choices that describe a neighboring concept rather than the one asked.	Weighted pros and cons: assign point values to advantages and disadvantages.	high	process_diagram	optional_after_answer	ltl2_c5_ltl2_c5_pf_q009	Create a simple instructional visual for this idea: Weighted pros and cons is used to assign point values to advantages and disadvantages.	Weighted pros and cons: assign point values to advantages and disadvantages.	Instructional visual representing: Weighted pros and cons is used to assign point values to advantages and disadvantages.	Learn to Lead, Volume 2, Chapter 5, Objective 13	56-62	approved_source	draft		45
LTL2-C5-PF-Q010	Chapter 5 F	LTL2-C5-O13	LTL2-C5-K060	LTL2-C5-F060	hard	recognition	multiple_choice	study_and_test	cap_direct	Which creative-thinking tool is designed to let junior members speak before senior members to reduce influence?	Gradual voting	Mindmapping	Five Whys	Reversal	A	Gradual voting is used to let junior members speak before senior members to reduce influence.	1	The purpose of Gradual voting is to let junior members speak before senior members to reduce influence.	The purpose of Gradual voting is to let junior members speak before senior members to reduce influence.	Mindmapping is used to visually arrange ideas and their connections, not to let junior members speak before senior members to reduce influence.	Five Whys is used to drill down repeatedly to identify root causes, not to let junior members speak before senior members to reduce influence.	Reversal is used to imagine how to cause or worsen the problem, then reverse the ideas, not to let junior members speak before senior members to reduce influence.	Choosing a related term without checking the exact definition or purpose asked in the stem.	Compare the exact textbook definition with each option. Eliminate choices that describe a neighboring concept rather than the one asked.	Gradual voting: let junior members speak before senior members to reduce influence.	high	process_diagram	optional_after_answer	ltl2_c5_ltl2_c5_pf_q010	Create a simple instructional visual for this idea: Gradual voting is used to let junior members speak before senior members to reduce influence.	Gradual voting: let junior members speak before senior members to reduce influence.	Instructional visual representing: Gradual voting is used to let junior members speak before senior members to reduce influence.	Learn to Lead, Volume 2, Chapter 5, Objective 13	56-62	approved_source	draft		45
LTL2-C5-PG-Q001	Chapter 5 G	LTL2-C5-O14	LTL2-C5-K061	LTL2-C5-F061	easy	recall	multiple_choice	study_and_test	cap_direct	A learning objective describes what a student should	know, feel, or be able to do at the end of a lesson	enjoy most about an activity	already know before entering class	teach to the instructor after every lesson	A	A learning objective states the intended result of the lesson.	1	It gives the student and instructor a precise goal and a measure of success.	It gives the student and instructor a precise goal and a measure of success.	Enjoyment can support learning but is not the objective itself.	Prior knowledge may affect instruction but is not the lesson outcome.	Teaching back can be an evaluation method, but is not required by the definition.	Choosing a related term without checking the exact definition or purpose asked in the stem.	Compare the exact textbook definition with each option. Eliminate choices that describe a neighboring concept rather than the one asked.	Objective = the finish line for learning.	medium	concept_diagram	optional_after_answer	ltl2_c5_ltl2_c5_pg_q001	Create a simple instructional visual for this idea: A learning objective states the intended result of the lesson.	Objective = the finish line for learning.	Instructional visual representing: A learning objective states the intended result of the lesson.	Learn to Lead, Volume 2, Chapter 5, Objective 14	63	approved_source	draft		45
LTL2-C5-PG-Q002	Chapter 5 G	LTL2-C5-O14	LTL2-C5-K062	LTL2-C5-F062	medium	understanding	multiple_choice	study_and_test	close_distractors	A strong learning objective should be	interesting and flexible	specific and measurable	challenging and lengthy	creative and popular	B	Good objectives are specific and measurable.	1	They say exactly what learners should accomplish and allow fair evaluation of whether they succeeded.	Interest and flexibility can help a lesson but do not make the goal measurable.	They say exactly what learners should accomplish and allow fair evaluation of whether they succeeded.	Difficulty and length are not the defining qualities.	Creativity and popularity do not establish instructional success.	Choosing a related term without checking the exact definition or purpose asked in the stem.	Compare the exact textbook definition with each option. Eliminate choices that describe a neighboring concept rather than the one asked.	Specific tells what; measurable proves it.	medium	concept_diagram	optional_after_answer	ltl2_c5_ltl2_c5_pg_q002	Create a simple instructional visual for this idea: Good objectives are specific and measurable.	Specific tells what; measurable proves it.	Instructional visual representing: Good objectives are specific and measurable.	Learn to Lead, Volume 2, Chapter 5, Objective 14	63-64	approved_source	draft		45
LTL2-C5-PG-Q003	Chapter 5 G	LTL2-C5-O15	LTL2-C5-K063	LTL2-C5-F063	easy	recognition	multiple_choice	study_and_test	cap_direct	Which learning modality emphasizes seeing pictures, diagrams, demonstrations, or highlighted text?	Tactile	Kinesthetic	Visual	Experiential	C	Visual learning emphasizes seeing pictures, diagrams, demonstrations, or highlighted text.	1	A visual learner tends to prefer seeing pictures, diagrams, demonstrations, or highlighted text.	Tactile emphasizes touching, handling, labeling, or manipulating objects, not seeing pictures, diagrams, demonstrations, or highlighted text.	Kinesthetic emphasizes moving and learning through physical action, not seeing pictures, diagrams, demonstrations, or highlighted text.	A visual learner tends to prefer seeing pictures, diagrams, demonstrations, or highlighted text.	Experiential describes a broad learning method, not one of the four sensory learning modalities.	Choosing a related term without checking the exact definition or purpose asked in the stem.	Compare the exact textbook definition with each option. Eliminate choices that describe a neighboring concept rather than the one asked.	Visual: seeing pictures, diagrams, demonstrations, or highlighted text.	high	four_part_icon_card	optional_after_answer	ltl2_c5_ltl2_c5_pg_q003	Create a simple instructional visual for this idea: Visual learning emphasizes seeing pictures, diagrams, demonstrations, or highlighted text.	Visual: seeing pictures, diagrams, demonstrations, or highlighted text.	Instructional visual representing: Visual learning emphasizes seeing pictures, diagrams, demonstrations, or highlighted text.	Learn to Lead, Volume 2, Chapter 5, Objective 15	64-65	approved_source	draft		45
LTL2-C5-PG-Q004	Chapter 5 G	LTL2-C5-O15	LTL2-C5-K064	LTL2-C5-F064	easy	recognition	multiple_choice	study_and_test	cap_direct	Which learning modality emphasizes hearing explanations, stories, recitation, or discussion?	Visual	Auditory	Lecture	Kinesthetic	B	Auditory learning emphasizes hearing explanations, stories, recitation, or discussion.	1	A auditory learner tends to prefer hearing explanations, stories, recitation, or discussion.	Visual emphasizes seeing pictures, diagrams, demonstrations, or highlighted text, not hearing explanations, stories, recitation, or discussion.	A auditory learner tends to prefer hearing explanations, stories, recitation, or discussion.	Lecture is a teaching method, not one of the four learning modalities.	Kinesthetic emphasizes moving and learning through physical action, not hearing explanations, stories, recitation, or discussion.	Choosing a related term without checking the exact definition or purpose asked in the stem.	Compare the exact textbook definition with each option. Eliminate choices that describe a neighboring concept rather than the one asked.	Auditory: hearing explanations, stories, recitation, or discussion.	high	four_part_icon_card	optional_after_answer	ltl2_c5_ltl2_c5_pg_q004	Create a simple instructional visual for this idea: Auditory learning emphasizes hearing explanations, stories, recitation, or discussion.	Auditory: hearing explanations, stories, recitation, or discussion.	Instructional visual representing: Auditory learning emphasizes hearing explanations, stories, recitation, or discussion.	Learn to Lead, Volume 2, Chapter 5, Objective 15	64-65	approved_source	draft		45
LTL2-C5-PG-Q005	Chapter 5 G	LTL2-C5-O15	LTL2-C5-K065	LTL2-C5-F065	easy	recognition	multiple_choice	study_and_test	cap_direct	Which learning modality emphasizes touching, handling, labeling, or manipulating objects?	Tactile	Simulation	Visual	Auditory	A	Tactile learning emphasizes touching, handling, labeling, or manipulating objects.	1	A tactile learner tends to prefer touching, handling, labeling, or manipulating objects.	A tactile learner tends to prefer touching, handling, labeling, or manipulating objects.	Simulation is a training method, not a learning modality.	Visual emphasizes seeing pictures, diagrams, demonstrations, or highlighted text, not touching, handling, labeling, or manipulating objects.	Auditory emphasizes hearing explanations, stories, recitation, or discussion, not touching, handling, labeling, or manipulating objects.	Choosing a related term without checking the exact definition or purpose asked in the stem.	Compare the exact textbook definition with each option. Eliminate choices that describe a neighboring concept rather than the one asked.	Tactile: touching, handling, labeling, or manipulating objects.	high	four_part_icon_card	optional_after_answer	ltl2_c5_ltl2_c5_pg_q005	Create a simple instructional visual for this idea: Tactile learning emphasizes touching, handling, labeling, or manipulating objects.	Tactile: touching, handling, labeling, or manipulating objects.	Instructional visual representing: Tactile learning emphasizes touching, handling, labeling, or manipulating objects.	Learn to Lead, Volume 2, Chapter 5, Objective 15	64-65	approved_source	draft		45
LTL2-C5-PG-Q006	Chapter 5 G	LTL2-C5-O15	LTL2-C5-K066	LTL2-C5-F066	easy	recognition	multiple_choice	study_and_test	cap_direct	Which learning modality emphasizes moving and learning through physical action?	Kinesthetic	Auditory	Tactile	Guided Discussion	A	Kinesthetic learning emphasizes moving and learning through physical action.	1	A kinesthetic learner tends to prefer moving and learning through physical action.	A kinesthetic learner tends to prefer moving and learning through physical action.	Auditory emphasizes hearing explanations, stories, recitation, or discussion, not moving and learning through physical action.	Tactile emphasizes touching, handling, labeling, or manipulating objects, not moving and learning through physical action.	Guided discussion is a teaching method, not a learning modality.	Choosing a related term without checking the exact definition or purpose asked in the stem.	Compare the exact textbook definition with each option. Eliminate choices that describe a neighboring concept rather than the one asked.	Kinesthetic: moving and learning through physical action.	high	four_part_icon_card	optional_after_answer	ltl2_c5_ltl2_c5_pg_q006	Create a simple instructional visual for this idea: Kinesthetic learning emphasizes moving and learning through physical action.	Kinesthetic: moving and learning through physical action.	Instructional visual representing: Kinesthetic learning emphasizes moving and learning through physical action.	Learn to Lead, Volume 2, Chapter 5, Objective 15	64-65	approved_source	draft		45
LTL2-C5-PG-Q007	Chapter 5 G	LTL2-C5-O16	LTL2-C5-K067	LTL2-C5-F067	medium	application	multiple_choice	study_and_test	scenario	An instructor explains a radio procedure aloud, shows a diagram, lets cadets handle the radio, and has them practice moving through the procedure. Why is this effective?	It prevents the need for evaluation	It presents the material through multiple learning modalities	It makes the lesson a simulation	It guarantees every cadet has the same learning preference	B	Multiple presentations reach different learning preferences.	1	Leaders should present material in varied ways because people process information differently.	Evaluation is still needed.	Leaders should present material in varied ways because people process information differently.	The activity may include practice, but the key point is use of all four modalities.	Cadets do not all share the same preference.	Choosing a related term without checking the exact definition or purpose asked in the stem.	Compare the exact textbook definition with each option. Eliminate choices that describe a neighboring concept rather than the one asked.	Tell it, show it, touch it, do it.	medium	concept_diagram	optional_after_answer	ltl2_c5_ltl2_c5_pg_q007	Create a simple instructional visual for this idea: Multiple presentations reach different learning preferences.	Tell it, show it, touch it, do it.	Instructional visual representing: Multiple presentations reach different learning preferences.	Learn to Lead, Volume 2, Chapter 5, Objective 16	64-65	approved_source	draft		45
LTL2-C5-PG-Q008	Chapter 5 G	LTL2-C5-O16	LTL2-C5-K068	LTL2-C5-F068	hard	misconception	multiple_choice	study_and_test	cap_direct	Which statement best reflects the chapter's advice about learning styles?	Teach only in the style preferred by most students	Require students to adapt to the instructor's natural style	Use multiple methods whenever possible, especially with groups	Assign every student one permanent learning category	C	Good instructors present material in multiple ways.	1	Learning modalities describe preferences, and leaders serve the team by adapting communication rather than demanding that everyone adapt to them.	A majority preference can leave others behind.	The chapter criticizes this instructor-centered approach.	Learning modalities describe preferences, and leaders serve the team by adapting communication rather than demanding that everyone adapt to them.	The modalities are useful guides, not rigid permanent labels.	Choosing a related term without checking the exact definition or purpose asked in the stem.	Compare the exact textbook definition with each option. Eliminate choices that describe a neighboring concept rather than the one asked.	Adapt the lesson to learners, not learners to the lecturer.	medium	concept_diagram	optional_after_answer	ltl2_c5_ltl2_c5_pg_q008	Create a simple instructional visual for this idea: Good instructors present material in multiple ways.	Adapt the lesson to learners, not learners to the lecturer.	Instructional visual representing: Good instructors present material in multiple ways.	Learn to Lead, Volume 2, Chapter 5, Objective 16	65	approved_source	draft		45
LTL2-C5-PH-Q001	Chapter 5 H	LTL2-C5-O17	LTL2-C5-K071	LTL2-C5-F071	medium	recognition	multiple_choice	study_and_test	cap_direct	Which teaching method is best described as an oral presentation that can quickly provide much information?	Experiential learning	Simulation	Lecture	Demonstration-performance	C	Lecture is an oral presentation that can quickly provide much information.	1	The chapter defines lecture as an oral presentation that can quickly provide much information.	Experiential learning involves learning through games, service, challenges, role-play, or direct experience, not an oral presentation that can quickly provide much information.	Simulation involves replicating real conditions so existing knowledge and skills can be practiced, not an oral presentation that can quickly provide much information.	The chapter defines lecture as an oral presentation that can quickly provide much information.	Demonstration-performance involves the instructor demonstrates a physical skill and students practice it, not an oral presentation that can quickly provide much information.	Choosing a related term without checking the exact definition or purpose asked in the stem.	Compare the exact textbook definition with each option. Eliminate choices that describe a neighboring concept rather than the one asked.	Lecture: an oral presentation that can quickly provide much information.	high	method_comparison	optional_after_answer	ltl2_c5_ltl2_c5_ph_q001	Create a simple instructional visual for this idea: Lecture is an oral presentation that can quickly provide much information.	Lecture: an oral presentation that can quickly provide much information.	Instructional visual representing: Lecture is an oral presentation that can quickly provide much information.	Learn to Lead, Volume 2, Chapter 5, Objective 17	66-69	approved_source	draft		45
LTL2-C5-PH-Q002	Chapter 5 H	LTL2-C5-O17	LTL2-C5-K072	LTL2-C5-F072	medium	recognition	multiple_choice	study_and_test	cap_direct	Which teaching method is best described as an instructor-directed conversation in which students do much of the talking?	Lecture	Guided discussion	Experiential learning	Simulation	B	Guided discussion is an instructor-directed conversation in which students do much of the talking.	1	The chapter defines guided discussion as an instructor-directed conversation in which students do much of the talking.	Lecture involves an oral presentation that can quickly provide much information, not an instructor-directed conversation in which students do much of the talking.	The chapter defines guided discussion as an instructor-directed conversation in which students do much of the talking.	Experiential learning involves learning through games, service, challenges, role-play, or direct experience, not an instructor-directed conversation in which students do much of the talking.	Simulation involves replicating real conditions so existing knowledge and skills can be practiced, not an instructor-directed conversation in which students do much of the talking.	Choosing a related term without checking the exact definition or purpose asked in the stem.	Compare the exact textbook definition with each option. Eliminate choices that describe a neighboring concept rather than the one asked.	Guided discussion: an instructor-directed conversation in which students do much of the talking.	high	method_comparison	optional_after_answer	ltl2_c5_ltl2_c5_ph_q002	Create a simple instructional visual for this idea: Guided discussion is an instructor-directed conversation in which students do much of the talking.	Guided discussion: an instructor-directed conversation in which students do much of the talking.	Instructional visual representing: Guided discussion is an instructor-directed conversation in which students do much of the talking.	Learn to Lead, Volume 2, Chapter 5, Objective 17	66-69	approved_source	draft		45
LTL2-C5-PH-Q003	Chapter 5 H	LTL2-C5-O17	LTL2-C5-K073	LTL2-C5-F073	medium	recognition	multiple_choice	study_and_test	cap_direct	Which teaching method is best described as the instructor demonstrates a physical skill and students practice it?	Demonstration-performance	Simulation	Lecture	Guided discussion	A	Demonstration-performance is the instructor demonstrates a physical skill and students practice it.	1	The chapter defines demonstration-performance as the instructor demonstrates a physical skill and students practice it.	The chapter defines demonstration-performance as the instructor demonstrates a physical skill and students practice it.	Simulation involves replicating real conditions so existing knowledge and skills can be practiced, not the instructor demonstrates a physical skill and students practice it.	Lecture involves an oral presentation that can quickly provide much information, not the instructor demonstrates a physical skill and students practice it.	Guided discussion involves an instructor-directed conversation in which students do much of the talking, not the instructor demonstrates a physical skill and students practice it.	Choosing a related term without checking the exact definition or purpose asked in the stem.	Compare the exact textbook definition with each option. Eliminate choices that describe a neighboring concept rather than the one asked.	Demonstration-performance: the instructor demonstrates a physical skill and students practice it.	high	method_comparison	optional_after_answer	ltl2_c5_ltl2_c5_ph_q003	Create a simple instructional visual for this idea: Demonstration-performance is the instructor demonstrates a physical skill and students practice it.	Demonstration-performance: the instructor demonstrates a physical skill and students practice it.	Instructional visual representing: Demonstration-performance is the instructor demonstrates a physical skill and students practice it.	Learn to Lead, Volume 2, Chapter 5, Objective 17	66-69	approved_source	draft		45
LTL2-C5-PH-Q004	Chapter 5 H	LTL2-C5-O17	LTL2-C5-K074	LTL2-C5-F074	medium	recognition	multiple_choice	study_and_test	cap_direct	Which teaching method is best described as learning through games, service, challenges, role-play, or direct experience?	Lecture	Guided discussion	Demonstration-performance	Experiential learning	D	Experiential learning is learning through games, service, challenges, role-play, or direct experience.	1	The chapter defines experiential learning as learning through games, service, challenges, role-play, or direct experience.	Lecture involves an oral presentation that can quickly provide much information, not learning through games, service, challenges, role-play, or direct experience.	Guided discussion involves an instructor-directed conversation in which students do much of the talking, not learning through games, service, challenges, role-play, or direct experience.	Demonstration-performance involves the instructor demonstrates a physical skill and students practice it, not learning through games, service, challenges, role-play, or direct experience.	The chapter defines experiential learning as learning through games, service, challenges, role-play, or direct experience.	Choosing a related term without checking the exact definition or purpose asked in the stem.	Compare the exact textbook definition with each option. Eliminate choices that describe a neighboring concept rather than the one asked.	Experiential learning: learning through games, service, challenges, role-play, or direct experience.	high	method_comparison	optional_after_answer	ltl2_c5_ltl2_c5_ph_q004	Create a simple instructional visual for this idea: Experiential learning is learning through games, service, challenges, role-play, or direct experience.	Experiential learning: learning through games, service, challenges, role-play, or direct experience.	Instructional visual representing: Experiential learning is learning through games, service, challenges, role-play, or direct experience.	Learn to Lead, Volume 2, Chapter 5, Objective 17	66-69	approved_source	draft		45
LTL2-C5-PH-Q005	Chapter 5 H	LTL2-C5-O17	LTL2-C5-K075	LTL2-C5-F075	medium	recognition	multiple_choice	study_and_test	cap_direct	Which teaching method is best described as replicating real conditions so existing knowledge and skills can be practiced?	Demonstration-performance	Experiential learning	Simulation	Guided discussion	C	Simulation is replicating real conditions so existing knowledge and skills can be practiced.	1	The chapter defines simulation as replicating real conditions so existing knowledge and skills can be practiced.	Demonstration-performance involves the instructor demonstrates a physical skill and students practice it, not replicating real conditions so existing knowledge and skills can be practiced.	Experiential learning involves learning through games, service, challenges, role-play, or direct experience, not replicating real conditions so existing knowledge and skills can be practiced.	The chapter defines simulation as replicating real conditions so existing knowledge and skills can be practiced.	Guided discussion involves an instructor-directed conversation in which students do much of the talking, not replicating real conditions so existing knowledge and skills can be practiced.	Choosing a related term without checking the exact definition or purpose asked in the stem.	Compare the exact textbook definition with each option. Eliminate choices that describe a neighboring concept rather than the one asked.	Simulation: replicating real conditions so existing knowledge and skills can be practiced.	high	method_comparison	optional_after_answer	ltl2_c5_ltl2_c5_ph_q005	Create a simple instructional visual for this idea: Simulation is replicating real conditions so existing knowledge and skills can be practiced.	Simulation: replicating real conditions so existing knowledge and skills can be practiced.	Instructional visual representing: Simulation is replicating real conditions so existing knowledge and skills can be practiced.	Learn to Lead, Volume 2, Chapter 5, Objective 17	66-69	approved_source	draft		45
LTL2-C5-PH-Q006	Chapter 5 H	LTL2-C5-O18	LTL2-C5-K076	LTL2-C5-F076	medium	analysis	multiple_choice	study_and_test	close_distractors	Which is a major advantage of a lecture?	It gives immediate evidence that every student understands	It can efficiently present a large amount of information	It naturally involves all learning modalities	It is ideal for practicing physical skills	B	Lectures can deliver much information efficiently.	1	They are relatively easy to prepare and can use an expert's knowledge, but they provide limited feedback and are mostly one-way.	A lecture provides limited evidence of learning.	They are relatively easy to prepare and can use an expert's knowledge, but they provide limited feedback and are mostly one-way.	Lecture is primarily auditory and passive.	Demo-perf is better for physical skills.	Choosing a related term without checking the exact definition or purpose asked in the stem.	Compare the exact textbook definition with each option. Eliminate choices that describe a neighboring concept rather than the one asked.	Lecture: efficient information, weak feedback.	medium	concept_diagram	optional_after_answer	ltl2_c5_ltl2_c5_ph_q006	Create a simple instructional visual for this idea: Lectures can deliver much information efficiently.	Lecture: efficient information, weak feedback.	Instructional visual representing: Lectures can deliver much information efficiently.	Learn to Lead, Volume 2, Chapter 5, Objective 18	66, 69	approved_source	draft		45
LTL2-C5-PH-Q007	Chapter 5 H	LTL2-C5-O18	LTL2-C5-K077	LTL2-C5-F077	hard	application	multiple_choice	study_and_test	scenario	Cadets already know the basics of integrity. The instructor wants them to connect the idea to personal experiences while checking their understanding. Which method best fits?	Lecture	Guided discussion	Demonstration-performance	Simulation	B	Guided discussion works well when learners have basic knowledge and can contribute.	1	It allows students to connect experience to the topic while giving the instructor immediate feedback.	A lecture would provide less student participation and feedback.	It allows students to connect experience to the topic while giving the instructor immediate feedback.	Integrity is abstract and cannot be physically demonstrated as a task.	A simulation is better for practicing existing operational skills in realistic conditions.	Choosing a related term without checking the exact definition or purpose asked in the stem.	Compare the exact textbook definition with each option. Eliminate choices that describe a neighboring concept rather than the one asked.	Known basics + student voices = guided discussion.	medium	concept_diagram	optional_after_answer	ltl2_c5_ltl2_c5_ph_q007	Create a simple instructional visual for this idea: Guided discussion works well when learners have basic knowledge and can contribute.	Known basics + student voices = guided discussion.	Instructional visual representing: Guided discussion works well when learners have basic knowledge and can contribute.	Learn to Lead, Volume 2, Chapter 5, Objective 18	66-67	approved_source	draft		45
LTL2-C5-PH-Q008	Chapter 5 H	LTL2-C5-O18	LTL2-C5-K078	LTL2-C5-F078	hard	application	multiple_choice	study_and_test	close_distractors	Which method is best for teaching a cadet how to execute an about face for the first time?	Guided discussion	Demonstration-performance	Simulation	Lecture	B	Demo-perf is designed for learning a physical process by seeing and doing.	1	The instructor models the movement, breaks it into steps, observes practice, and provides immediate correction.	Discussion cannot replace physical demonstration and practice.	The instructor models the movement, breaks it into steps, observes practice, and provides immediate correction.	Simulation is generally for applying skills already learned.	A lecture alone does not provide the needed physical practice.	Choosing a related term without checking the exact definition or purpose asked in the stem.	Compare the exact textbook definition with each option. Eliminate choices that describe a neighboring concept rather than the one asked.	Skill task: show it, break it down, do it, correct it.	medium	concept_diagram	optional_after_answer	ltl2_c5_ltl2_c5_ph_q008	Create a simple instructional visual for this idea: Demo-perf is designed for learning a physical process by seeing and doing.	Skill task: show it, break it down, do it, correct it.	Instructional visual representing: Demo-perf is designed for learning a physical process by seeing and doing.	Learn to Lead, Volume 2, Chapter 5, Objective 18	67, 71	approved_source	draft		45
LTL2-C5-PH-Q009	Chapter 5 H	LTL2-C5-O18	LTL2-C5-K079	LTL2-C5-F079	hard	misconception	multiple_choice	study_and_test	cap_direct	Why is a simulation usually not the best way to teach a brand-new concept?	It is always too dangerous	It assumes students already possess basic knowledge	It cannot provide feedback	It uses only one learning modality	B	Simulations are strongest for practicing and applying existing skills.	1	Learners generally need foundational knowledge before they can perform effectively in a realistic scenario.	Simulations are often used precisely because they are safer than real operations.	Learners generally need foundational knowledge before they can perform effectively in a realistic scenario.	Simulations provide rich feedback from performance.	They often engage visual, tactile, and kinesthetic learning.	Choosing a related term without checking the exact definition or purpose asked in the stem.	Compare the exact textbook definition with each option. Eliminate choices that describe a neighboring concept rather than the one asked.	Learn basics first; simulate application second.	medium	concept_diagram	optional_after_answer	ltl2_c5_ltl2_c5_ph_q009	Create a simple instructional visual for this idea: Simulations are strongest for practicing and applying existing skills.	Learn basics first; simulate application second.	Instructional visual representing: Simulations are strongest for practicing and applying existing skills.	Learn to Lead, Volume 2, Chapter 5, Objective 18	68-69	approved_source	draft		45
LTL2-C5-PI-Q001	Chapter 5 I	LTL2-C5-O19	LTL2-C5-K080	LTL2-C5-F080	easy	recall	multiple_choice	study_and_test	cap_direct	In training, an evaluation is used to check whether	the instructor used enough visual aids	students fulfilled the learning objectives	the activity was enjoyable	every student used the same learning modality	B	Evaluation checks whether learners met the objectives.	1	It compares student performance with the intended learning result.	Visual aids may support instruction but are not the ultimate measure.	It compares student performance with the intended learning result.	Enjoyment is not proof of learning.	Different modalities can all lead to the same objective.	Choosing a related term without checking the exact definition or purpose asked in the stem.	Compare the exact textbook definition with each option. Eliminate choices that describe a neighboring concept rather than the one asked.	Evaluate the objective, not the entertainment.	medium	concept_diagram	optional_after_answer	ltl2_c5_ltl2_c5_pi_q001	Create a simple instructional visual for this idea: Evaluation checks whether learners met the objectives.	Evaluate the objective, not the entertainment.	Instructional visual representing: Evaluation checks whether learners met the objectives.	Learn to Lead, Volume 2, Chapter 5, Objective 19	70	approved_source	draft		45
LTL2-C5-PI-Q002	Chapter 5 I	LTL2-C5-O19	LTL2-C5-K081	LTL2-C5-F081	medium	understanding	multiple_choice	study_and_test	cap_direct	For an evaluation to be valid, it must	be difficult enough that some students fail	match the material and objectives taught	use only written questions	be graded by someone other than the instructor	B	A valid evaluation measures what was actually taught and intended.	1	Testing unrelated material cannot fairly show whether students fulfilled the learning objectives.	Difficulty alone does not establish validity.	Testing unrelated material cannot fairly show whether students fulfilled the learning objectives.	Evaluation may be written, oral, observational, or participatory.	The instructor may validly evaluate students.	Choosing a related term without checking the exact definition or purpose asked in the stem.	Compare the exact textbook definition with each option. Eliminate choices that describe a neighboring concept rather than the one asked.	Valid test = taught goal tested.	medium	concept_diagram	optional_after_answer	ltl2_c5_ltl2_c5_pi_q002	Create a simple instructional visual for this idea: A valid evaluation measures what was actually taught and intended.	Valid test = taught goal tested.	Instructional visual representing: A valid evaluation measures what was actually taught and intended.	Learn to Lead, Volume 2, Chapter 5, Objective 19	70	approved_source	draft		45
LTL2-C5-PI-Q003	Chapter 5 I	LTL2-C5-O20	LTL2-C5-K082	LTL2-C5-F082	medium	recognition	multiple_choice	study_and_test	cap_direct	Which is an example of an informal evaluation?	A nationally standardized written exam	A cadet NCO observing an about face and giving immediate feedback	A promotion board recorded in the official system	A timed physical fitness test	B	Observation with immediate coaching can be an informal evaluation.	1	The chapter includes direct observation and feedback as ways to determine whether learning occurred.	This is formal and standardized.	The chapter includes direct observation and feedback as ways to determine whether learning occurred.	This is a formal organizational process.	A timed fitness test is a formal measure.	Choosing a related term without checking the exact definition or purpose asked in the stem.	Compare the exact textbook definition with each option. Eliminate choices that describe a neighboring concept rather than the one asked.	Informal can be watch, notice, correct.	medium	concept_diagram	optional_after_answer	ltl2_c5_ltl2_c5_pi_q003	Create a simple instructional visual for this idea: Observation with immediate coaching can be an informal evaluation.	Informal can be watch, notice, correct.	Instructional visual representing: Observation with immediate coaching can be an informal evaluation.	Learn to Lead, Volume 2, Chapter 5, Objective 20	70	approved_source	draft		45
LTL2-C5-PI-Q004	Chapter 5 I	LTL2-C5-O17	LTL2-C5-K083	LTL2-C5-F083	hard	application	multiple_choice	study_and_test	sequence	Which sequence best follows the chapter's checklist for leading a demonstration-performance?	Explain purpose; demonstrate normally; break into steps; let cadets practice and give feedback	Let cadets attempt it; lecture on theory; demonstrate once; dismiss the group	Demonstrate quickly; give a written test; explain the purpose afterward; repeat	State the standard; ask for volunteers; use gradual voting; evaluate by discussion	A	Demo-perf moves from purpose and correct model to broken-down practice and feedback.	1	The chapter's sequence begins by stating the movement and purpose, demonstrates it, teaches it by segments, and then has cadets practice under observation.	The chapter's sequence begins by stating the movement and purpose, demonstrates it, teaches it by segments, and then has cadets practice under observation.	This begins without a model or clear instruction.	The purpose and guided practice are misplaced.	Voting and discussion do not teach a physical movement.	Choosing a related term without checking the exact definition or purpose asked in the stem.	Compare the exact textbook definition with each option. Eliminate choices that describe a neighboring concept rather than the one asked.	Purpose, perfect model, pieces, practice.	medium	concept_diagram	optional_after_answer	ltl2_c5_ltl2_c5_pi_q004	Create a simple instructional visual for this idea: Demo-perf moves from purpose and correct model to broken-down practice and feedback.	Purpose, perfect model, pieces, practice.	Instructional visual representing: Demo-perf moves from purpose and correct model to broken-down practice and feedback.	Learn to Lead, Volume 2, Chapter 5, Objective 17	71	approved_source	draft		45
