external_id	pilot_batch	objective_code	concept_code	question_family_code	difficulty	cognitive_level	question_type	question_mode	question_style	question_text	choice_a	choice_b	choice_c	choice_d	correct_letter	short_explanation	feedback_display_version	explanation	choice_a_explanation	choice_b_explanation	choice_c_explanation	choice_d_explanation	common_mistake	remediation_text	memory_aid	visual_priority	visual_type	visual_display_mode	visual_asset_key	visual_brief	visual_caption	visual_alt_text	source_reference_text	source_pages	source_status	review_status	reinforcement_question_ids	estimated_time_seconds	chapter_number	exam_likeness	distractor_difficulty	eligible_for_final_exam	final_exam_weight	content_origin	style_reference
LTL2-C4-Q001	Professionalism	C4-O1	C4-K001	C4-K001-001	easy	recall	multiple_choice	mixed	cap_direct	What three qualities most clearly define professionalism in this chapter?	Being paid, holding rank, and working full time	Serving the community, possessing special skills, and following an ethical code	Wearing a uniform, obeying orders, and earning promotions	Working efficiently, avoiding mistakes, and supervising others	B	Professionalism combines service above self, special competence, and commitment to an ethical code.	1	Professionalism combines service above self, special competence, and commitment to an ethical code.	Being paid is only the everyday meaning of professional; the chapter says professionalism requires much more.	Professionalism combines service above self, special competence, and commitment to an ethical code.	These may be parts of military life, but they are not the chapter’s three criteria.	Efficiency and supervision can matter, but they do not define professionalism.	Choosing a related leadership idea that sounds reasonable but does not precisely answer the question.	Review Professionalism on pages 7. Focus on the exact definition and how it differs from nearby concepts.	Serve, Skill, Standards—professionalism’s three S’s.	high	three_part_icon_card	optional_after_answer	c4_k001_1	Three icons labeled Service, Skill, and Ethics arranged around the word Professionalism.	Professionalism rests on service, skill, and ethics.	Three icons representing service to others, special skill, and an ethical code.	Learn to Lead, Volume 2, Chapter 4, Professionalism	7	approved	draft	LTL2-C4-Q002|LTL2-C4-Q005	25	4	high	moderate	true	1.0	existing_original_bank	pre_sample_bank_review
LTL2-C4-Q002	Professionalism	C4-O1	C4-K001	C4-K001-002	medium	understanding	multiple_choice	mixed	cap_direct	Why is a highly skilled person not necessarily a professional?	Professionalism requires rank in addition to skill	Professionalism requires service and ethical conduct as well as competence	Professionals must be paid for their work	Special skills matter only in technical jobs	B	Skill alone is incomplete; professionals also put the community first and follow moral principles.	1	Skill alone is incomplete; professionals also put the community first and follow moral principles.	Rank is not one of the three criteria for professionalism.	Skill alone is incomplete; professionals also put the community first and follow moral principles.	The chapter rejects pay as a complete definition.	The chapter applies special competence broadly, not only to technical work.	Choosing a related leadership idea that sounds reasonable but does not precisely answer the question.	Review Professionalism on pages 7. Focus on the exact definition and how it differs from nearby concepts.	Skill without service and ethics is incomplete.	high	balance_diagram	optional_after_answer	c4_k001_2	A three-legged stool labeled Skill, Service, Ethics, with the Skill-only stool tipping over.	Professionalism needs all three supports.	A three-legged stool showing that skill alone cannot support professionalism.	Learn to Lead, Volume 2, Chapter 4, Professionalism	7	approved	draft	LTL2-C4-Q001|LTL2-C4-Q005	35	4	high	moderate	true	1.0	existing_original_bank	pre_sample_bank_review
LTL2-C4-Q003	Professionalism	C4-O2	C4-K002	C4-K002-003	hard	scenario	multiple_choice	mixed	scenario	A cadet is extremely competent but uses every assignment to gain attention and ignores teammates’ needs. Which judgment best fits the chapter?	The cadet is professional because competence is the most important quality	The cadet is not fully professional because personal ambition is replacing service to the community	The cadet is professional if no regulation was broken	The cadet is unprofessional only if the team fails	B	Professionalism requires putting the community’s interest above personal gain, not merely displaying competence.	1	Professionalism requires putting the community’s interest above personal gain, not merely displaying competence.	Competence is necessary but not sufficient.	Professionalism requires putting the community’s interest above personal gain, not merely displaying competence.	Professionalism is broader than minimum rule compliance.	Professionalism concerns conduct and motives even if results happen to be successful.	Choosing a related leadership idea that sounds reasonable but does not precisely answer the question.	Review Professionalism on pages 7. Focus on the exact definition and how it differs from nearby concepts.	Competence plus self-interest is not professionalism.	high	comparison_diagram	optional_after_answer	c4_k002_3	Two skilled cadets: one spotlighting self, one helping the team succeed.	Professional skill must serve more than the self.	A comparison between self-promoting competence and team-centered professional service.	Learn to Lead, Volume 2, Chapter 4, Professionalism	7	approved	draft	LTL2-C4-Q004|LTL2-C4-Q006	45	4	low	basic	false	0	existing_original_bank	pre_sample_bank_review
LTL2-C4-Q004	Professionalism	C4-O2	C4-K002	C4-K002-004	medium	application	multiple_choice	mixed	application	Which action best demonstrates professionalism in CAP?	Correcting a teammate publicly to prove expertise	Learning a regulation before teaching it and giving credit to others	Accepting every assignment even when unqualified	Avoiding feedback so others will view you as confident	B	Preparing carefully, respecting others, and using competence responsibly reflect professionalism.	1	Preparing carefully, respecting others, and using competence responsibly reflect professionalism.	Public correction for self-display lacks respect and service.	Preparing carefully, respecting others, and using competence responsibly reflect professionalism.	Professionals recognize limits and prepare rather than pretending competence.	Professionals accept ethical accountability and feedback.	Choosing a related leadership idea that sounds reasonable but does not precisely answer the question.	Review Professionalism on pages 7-8. Focus on the exact definition and how it differs from nearby concepts.	Prepare, respect, serve.	high	sequence_diagram	optional_after_answer	c4_k002_4	Three steps: review the standard, teach accurately, credit the team.	Professionalism is preparation used in service of others.	A cadet reviewing a regulation, teaching accurately, and recognizing teammates.	Learn to Lead, Volume 2, Chapter 4, Professionalism	7-8	approved	draft	LTL2-C4-Q003|LTL2-C4-Q006	35	4	low	basic	false	0	existing_original_bank	pre_sample_bank_review
LTL2-C4-Q005	Professionalism	C4-O1	C4-K001	C4-K001-005	medium	misconception	multiple_choice	mixed	application	Which statement sounds reasonable but is incomplete according to the chapter?	A professional is someone who is paid for work	A professional develops competence in a field	A professional follows an ethical code	A professional puts the community’s interest above personal interest	A	Being paid is the everyday meaning, but the chapter says true professionalism requires service, competence, and ethics.	1	Being paid is the everyday meaning, but the chapter says true professionalism requires service, competence, and ethics.	Being paid is the everyday meaning, but the chapter says true professionalism requires service, competence, and ethics.	Special competence is one of the chapter’s three criteria.	An ethical code is one of the three criteria.	Serving the community above self is one of the three criteria.	Choosing a related leadership idea that sounds reasonable but does not precisely answer the question.	Review Professionalism on pages 7. Focus on the exact definition and how it differs from nearby concepts.	Paid may describe a job; professional describes how it is done.	high	word_contrast	optional_after_answer	c4_k001_5	Two labels: Paid Worker and Professional, with the professional showing Service, Skill, Ethics.	Pay alone does not create professionalism.	A paid worker contrasted with a professional who demonstrates service, skill, and ethics.	Learn to Lead, Volume 2, Chapter 4, Professionalism	7	approved	draft	LTL2-C4-Q001|LTL2-C4-Q002	35	4	low	basic	false	0	existing_original_bank	pre_sample_bank_review
LTL2-C4-Q006	Professionalism	C4-O2	C4-K002	C4-K002-006	hard	analysis	multiple_choice	mixed	application	Why must leaders especially strive to be professionals?	Because leadership automatically makes them experts	Because followers judge standards partly through the leader’s conduct	Because professionals are allowed more flexibility than others	Because leaders are responsible only for ethical matters	B	Leaders influence others by example, so their service, competence, and ethics shape the team’s standards.	1	Leaders influence others by example, so their service, competence, and ethics shape the team’s standards.	Leadership does not automatically create expertise.	Leaders influence others by example, so their service, competence, and ethics shape the team’s standards.	Professionalism increases responsibility rather than granting personal exceptions.	Leaders have operational and people responsibilities as well as ethical ones.	Choosing a related leadership idea that sounds reasonable but does not precisely answer the question.	Review Professionalism on pages 7-8. Focus on the exact definition and how it differs from nearby concepts.	People read the leader before they read the rule.	high	cause_effect_diagram	optional_after_answer	c4_k002_6	A leader’s behavior flowing outward to team standards and behavior.	The leader’s example teaches the team what matters.	A leader’s conduct influencing the behavior and standards of the whole team.	Learn to Lead, Volume 2, Chapter 4, Professionalism	7-8	approved	draft	LTL2-C4-Q003|LTL2-C4-Q004	45	4	low	basic	false	0	existing_original_bank	pre_sample_bank_review
LTL2-C4-Q007	Standards	C4-O3	C4-K003	C4-K003-007	easy	recall	multiple_choice	mixed	cap_direct	A standard is best defined as	a personal preference used when rules are unclear	an established requirement or principle by which something is judged	the average performance of most team members	a goal that must always remain unchanged	B	A standard is an established requirement or judging principle—a benchmark for acceptable performance.	1	A standard is an established requirement or judging principle—a benchmark for acceptable performance.	Preferences are personal; standards communicate an established expectation.	A standard is an established requirement or judging principle—a benchmark for acceptable performance.	A standard is not merely the average of current performance.	Standards can vary with circumstances and need not be inflexible.	Choosing a related leadership idea that sounds reasonable but does not precisely answer the question.	Review Standards on pages 8. Focus on the exact definition and how it differs from nearby concepts.	Standard = yardstick.	high	yardstick_diagram	optional_after_answer	c4_k003_7	A yardstick beside work samples marked acceptable and below standard.	A standard is a benchmark for judging performance.	A yardstick used to compare acceptable and inferior work.	Learn to Lead, Volume 2, Chapter 4, Standards	8	approved	draft	LTL2-C4-Q008|LTL2-C4-Q009	25	4	high	moderate	true	1.0	existing_original_bank	pre_sample_bank_review
LTL2-C4-Q008	Standards	C4-O3	C4-K003	C4-K003-008	medium	understanding	multiple_choice	mixed	cap_direct	What is the main purpose of standards for a team?	To eliminate the leader’s need to communicate	To tell members what is expected and what counts as acceptable work	To guarantee identical performance in every situation	To prevent teams from developing informal customs	B	Standards clarify expectations and provide a basis for judging the quality of work.	1	Standards clarify expectations and provide a basis for judging the quality of work.	Leaders still must clearly communicate and model standards.	Standards clarify expectations and provide a basis for judging the quality of work.	The chapter notes that standards can vary by situation.	Teams often develop informal standards; standards do not automatically prevent that.	Choosing a related leadership idea that sounds reasonable but does not precisely answer the question.	Review Standards on pages 8. Focus on the exact definition and how it differs from nearby concepts.	Standards answer: What good looks like.	high	target_diagram	optional_after_answer	c4_k003_8	A target labeled Expected Performance with examples inside and outside the target.	Standards show the team what acceptable performance looks like.	A target representing expected performance and work being judged against it.	Learn to Lead, Volume 2, Chapter 4, Standards	8	approved	draft	LTL2-C4-Q007|LTL2-C4-Q009	35	4	high	moderate	true	1.0	existing_original_bank	pre_sample_bank_review
LTL2-C4-Q009	Standards	C4-O3	C4-K003	C4-K003-009	hard	scenario	multiple_choice	mixed	scenario	A commander allows casual dress at a picnic but requires formal uniform standards for an awards ceremony. What principle does this illustrate?	A standard is valid only when written in a regulation	Standards may change with the situation without becoming meaningless	Informal standards should replace official standards	Leaders should avoid raising standards once a team is comfortable	B	Standards can be meaningful and situation-sensitive without becoming impractically rigid.	1	Standards can be meaningful and situation-sensitive without becoming impractically rigid.	Commanders may also establish standards orally, and context matters.	Standards can be meaningful and situation-sensitive without becoming impractically rigid.	Informal standards do not replace official requirements.	Wise leaders may raise standards when circumstances call for it.	Choosing a related leadership idea that sounds reasonable but does not precisely answer the question.	Review Standards on pages 8. Focus on the exact definition and how it differs from nearby concepts.	Same yardstick idea, different setting.	high	context_comparison	optional_after_answer	c4_k003_9	A picnic and an awards ceremony with different appropriate dress expectations.	Good standards fit the situation while preserving expectations.	Two settings showing different but appropriate dress standards.	Learn to Lead, Volume 2, Chapter 4, Standards	8	approved	draft	LTL2-C4-Q007|LTL2-C4-Q008	45	4	low	basic	false	0	existing_original_bank	pre_sample_bank_review
LTL2-C4-Q010	Standards	C4-O3	C4-K004	C4-K004-010	medium	application	multiple_choice	mixed	application	Which method most powerfully communicates a leader’s standard?	Posting the standard once and assuming everyone remembers	Modeling the standard consistently in the leader’s own behavior	Correcting only the lowest performer	Changing the standard whenever someone complains	B	The chapter calls the leader’s example the most important standard of all.	1	The chapter calls the leader’s example the most important standard of all.	Written communication helps, but one-time posting without follow-through is weak.	The chapter calls the leader’s example the most important standard of all.	Standards apply to the whole team and should not be enforced selectively.	Standards should be meaningful, not casually changed to avoid discomfort.	Choosing a related leadership idea that sounds reasonable but does not precisely answer the question.	Review Standards on pages 8. Focus on the exact definition and how it differs from nearby concepts.	Example beats announcement.	high	mirror_diagram	optional_after_answer	c4_k004_10	A team mirroring a leader who models the expected behavior.	The leader’s example becomes the team’s strongest standard.	Team members copying the leader’s modeled behavior.	Learn to Lead, Volume 2, Chapter 4, Standards	8	approved	draft	LTL2-C4-Q011	35	4	low	basic	false	0	existing_original_bank	pre_sample_bank_review
LTL2-C4-Q011	Standards	C4-O3	C4-K004	C4-K004-011	hard	analysis	multiple_choice	mixed	application	Which choice best distinguishes a clear standard from an inflexible rule?	A clear standard explains expected performance; an inflexible rule ignores relevant circumstances	A clear standard is always oral; an inflexible rule is written	A clear standard applies only to beginners; an inflexible rule applies to everyone	A clear standard measures attitude; an inflexible rule measures behavior	A	Clear standards define expectations, while wise leaders avoid applying them so rigidly that they become impractical.	1	Clear standards define expectations, while wise leaders avoid applying them so rigidly that they become impractical.	Clear standards define expectations, while wise leaders avoid applying them so rigidly that they become impractical.	Standards may be written or oral.	Standards can apply to all team members.	Standards may address many kinds of performance, not this distinction.	Choosing a related leadership idea that sounds reasonable but does not precisely answer the question.	Review Standards on pages 8. Focus on the exact definition and how it differs from nearby concepts.	Clear does not mean rigid.	high	flexible_benchmark	optional_after_answer	c4_k004_11	A firm measuring line that can be positioned appropriately for two different situations.	Standards should be clear without becoming impractical.	A benchmark remaining clear while being applied appropriately in different settings.	Learn to Lead, Volume 2, Chapter 4, Standards	8	approved	draft	LTL2-C4-Q010	45	4	low	basic	false	0	existing_original_bank	pre_sample_bank_review
LTL2-C4-Q012	The NCO	C4-O4	C4-K005	C4-K005-012	easy	recall	multiple_choice	mixed	cap_direct	The transition from airman to NCO is mainly a shift from	following orders to creating all policy	being cared for and taught to caring for and teaching others	technical work to administrative work	teamwork to independent work	B	A new NCO moves from being cared for to caring for others, and from being taught to teaching.	1	A new NCO moves from being cared for to caring for others, and from being taught to teaching.	NCOs usually carry out policy rather than create all policy.	A new NCO moves from being cared for to caring for others, and from being taught to teaching.	NCOs still need technical competence and may do both kinds of work.	NCOs become more responsible for teamwork, not less.	Choosing a related leadership idea that sounds reasonable but does not precisely answer the question.	Review The NCO on pages 9. Focus on the exact definition and how it differs from nearby concepts.	From me being helped to me helping.	high	before_after_diagram	optional_after_answer	c4_k005_12	An airman receiving instruction, then the same cadet NCO teaching a junior cadet.	The new NCO changes from learner to caretaker and teacher.	A cadet first receiving help and then teaching and caring for others.	Learn to Lead, Volume 2, Chapter 4, The NCO	9	approved	draft	LTL2-C4-Q013	25	4	high	moderate	true	1.0	existing_original_bank	pre_sample_bank_review
LTL2-C4-Q013	The NCO	C4-O4	C4-K005	C4-K005-013	medium	understanding	multiple_choice	mixed	cap_direct	According to the chapter, rank primarily	confers privilege	gives freedom from supervision	imposes responsibility	proves leadership ability	C	Rank does not confer privilege; it imposes responsibility.	1	Rank does not confer privilege; it imposes responsibility.	The chapter explicitly rejects rank as privilege.	NCOs still answer to superiors.	Rank does not confer privilege; it imposes responsibility.	Rank creates responsibility but does not automatically prove skill.	Choosing a related leadership idea that sounds reasonable but does not precisely answer the question.	Review The NCO on pages 9. Focus on the exact definition and how it differs from nearby concepts.	More stripes, more responsibility.	high	insignia_responsibility	optional_after_answer	c4_k005_13	Additional stripes on insignia leading to a larger responsibility checklist.	Rank adds responsibility, not personal privilege.	Increasing rank insignia connected to increasing responsibility.	Learn to Lead, Volume 2, Chapter 4, The NCO	9	approved	draft	LTL2-C4-Q012	35	4	high	moderate	true	1.0	existing_original_bank	pre_sample_bank_review
LTL2-C4-Q014	The NCO	C4-O5	C4-K006	C4-K006-014	medium	recognition	multiple_choice	mixed	cap_direct	Which is one of the NCO’s major responsibilities?	Establish every policy for the organization	Guide, instruct, and mentor junior members	Avoid correcting people unless ordered by an officer	Focus only on personal technical proficiency	B	NCOs act as first-line supervisors who guide, instruct, and mentor junior members.	1	NCOs act as first-line supervisors who guide, instruct, and mentor junior members.	Establishing broad policy is more characteristic of officers and higher leadership.	NCOs act as first-line supervisors who guide, instruct, and mentor junior members.	NCOs are responsible for helpful correction and safety.	NCOs keep learning, but they also develop and lead others.	Choosing a related leadership idea that sounds reasonable but does not precisely answer the question.	Review The NCO on pages 10. Focus on the exact definition and how it differs from nearby concepts.	NCOs grow people.	high	mentoring_diagram	optional_after_answer	c4_k006_14	An NCO guiding a junior cadet through a skill.	NCOs share experience so others can accomplish the mission.	A cadet NCO instructing and mentoring a junior member.	Learn to Lead, Volume 2, Chapter 4, The NCO	10	approved	draft	LTL2-C4-Q015|LTL2-C4-Q016|LTL2-C4-Q017	35	4	high	moderate	true	1.0	existing_original_bank	pre_sample_bank_review
LTL2-C4-Q015	The NCO	C4-O5	C4-K006	C4-K006-015	hard	scenario	multiple_choice	mixed	scenario	An NCO sees a cadet performing a task unsafely but hesitates because correction may feel embarrassing. Which responsibility should control the decision?	Reward people	Support the leader	Correct people and protect safety	Career counsel	C	NCOs must step in and correct work helpfully, especially when safety is involved.	1	NCOs must step in and correct work helpfully, especially when safety is involved.	Recognition is important but does not address an unsafe act.	Supporting the leader includes mission support, but the immediate named responsibility is correction and safety.	NCOs must step in and correct work helpfully, especially when safety is involved.	Career counseling concerns opportunities and advancement, not immediate hazards.	Choosing a related leadership idea that sounds reasonable but does not precisely answer the question.	Review The NCO on pages 10. Focus on the exact definition and how it differs from nearby concepts.	See danger, step in.	high	safety_intervention	optional_after_answer	c4_k006_15	An NCO stopping an unsafe action and then demonstrating the correct method.	Helpful correction protects both the person and the mission.	An NCO stopping unsafe work and teaching the safer method.	Learn to Lead, Volume 2, Chapter 4, The NCO	10	approved	draft	LTL2-C4-Q014|LTL2-C4-Q016|LTL2-C4-Q017	45	4	low	basic	false	0	existing_original_bank	pre_sample_bank_review
LTL2-C4-Q016	The NCO	C4-O5	C4-K006	C4-K006-016	medium	application	multiple_choice	mixed	application	Which action best fulfills the NCO responsibility to reward people?	Giving praise only at formal ceremonies	Catching people doing things right and pointing to them as role models	Giving the same praise regardless of performance	Avoiding praise so cadets remain humble	B	NCOs recognize hard work when they see it and use good performers as positive examples.	1	NCOs recognize hard work when they see it and use good performers as positive examples.	Recognition should not be limited to ceremonies.	NCOs recognize hard work when they see it and use good performers as positive examples.	Meaningful recognition should connect to actual performance.	Appropriate praise supports motivation and standards.	Choosing a related leadership idea that sounds reasonable but does not precisely answer the question.	Review The NCO on pages 10. Focus on the exact definition and how it differs from nearby concepts.	Catch them doing right.	high	spotlight_positive	optional_after_answer	c4_k006_16	An NCO noticing and praising a cadet performing a task correctly.	Recognition reinforces the behavior the team needs.	An NCO praising a cadet for correct and helpful performance.	Learn to Lead, Volume 2, Chapter 4, The NCO	10	approved	draft	LTL2-C4-Q014|LTL2-C4-Q015|LTL2-C4-Q017	35	4	low	basic	false	0	existing_original_bank	pre_sample_bank_review
LTL2-C4-Q017	The NCO	C4-O5	C4-K006	C4-K006-017	hard	scenario	multiple_choice	mixed	scenario	A cadet asks an NCO which activities would build skills for a future emergency-services role. Which NCO responsibility is most directly involved?	Career counsel	Correct people	Support the leader	Epitomize the Core Values	A	Career counseling uses the NCO’s experience to connect people with opportunities that support advancement and personal goals.	1	Career counseling uses the NCO’s experience to connect people with opportunities that support advancement and personal goals.	Career counseling uses the NCO’s experience to connect people with opportunities that support advancement and personal goals.	No performance error is being corrected.	Supporting the leader is not the main purpose of this conversation.	Core Values should guide all conduct, but the specific responsibility is career counsel.	Choosing a related leadership idea that sounds reasonable but does not precisely answer the question.	Review The NCO on pages 10. Focus on the exact definition and how it differs from nearby concepts.	Counsel connects goals to opportunities.	high	pathway_diagram	optional_after_answer	c4_k006_17	A cadet goal connected by arrows to training opportunities and advancement.	Career counseling helps people choose useful opportunities.	A leader helping a cadet map activities toward a future goal.	Learn to Lead, Volume 2, Chapter 4, The NCO	10	approved	draft	LTL2-C4-Q014|LTL2-C4-Q015|LTL2-C4-Q016	45	4	low	basic	false	0	existing_original_bank	pre_sample_bank_review
LTL2-C4-Q018	The NCO	C4-O5	C4-K006	C4-K006-018	medium	understanding	multiple_choice	mixed	cap_direct	Why must NCOs keep learning?	To eliminate the need for officers	Because professional leaders must remain competent and able to teach others	Because learning matters only until promotion	To avoid delegating technical tasks	B	NCOs continuously build competence so they can perform, instruct, and lead professionally.	1	NCOs continuously build competence so they can perform, instruct, and lead professionally.	NCOs and officers have complementary roles.	NCOs continuously build competence so they can perform, instruct, and lead professionally.	Professional learning continues throughout leadership.	Competence supports wise delegation; it does not eliminate it.	Choosing a related leadership idea that sounds reasonable but does not precisely answer the question.	Review The NCO on pages 10. Focus on the exact definition and how it differs from nearby concepts.	Learn it, live it, teach it.	high	cycle_diagram	optional_after_answer	c4_k006_18	A cycle labeled Learn, Perform, Teach, Improve.	Continuous learning keeps the NCO ready to lead and instruct.	A cycle showing learning leading to performance, teaching, and improvement.	Learn to Lead, Volume 2, Chapter 4, The NCO	10	approved	draft	LTL2-C4-Q014|LTL2-C4-Q015|LTL2-C4-Q016	35	4	high	moderate	true	1.0	existing_original_bank	pre_sample_bank_review
LTL2-C4-Q019	The NCO	C4-O5	C4-K006	C4-K006-019	hard	analysis	multiple_choice	mixed	application	Which statement best summarizes the seven NCO responsibilities?	They focus on using rank to make others comply	They combine personal example, people development, mission support, recognition, correction, counseling, and continued learning	They are mainly ceremonial duties associated with military bearing	They transfer responsibility for junior cadets to officers	B	The NCO role blends example, development, support, reward, correction, counseling, and professional growth.	1	The NCO role blends example, development, support, reward, correction, counseling, and professional growth.	Rank is responsibility, not a tool for personal control.	The NCO role blends example, development, support, reward, correction, counseling, and professional growth.	Military bearing matters, but the responsibilities are much broader.	NCOs are first-line supervisors directly responsible for junior members.	Choosing a related leadership idea that sounds reasonable but does not precisely answer the question.	Review The NCO on pages 9-10. Focus on the exact definition and how it differs from nearby concepts.	Example, develop, support, reward, correct, counsel, learn.	high	seven_spoke_wheel	optional_after_answer	c4_k006_19	A seven-spoke wheel with the seven NCO responsibilities around Mission.	The NCO’s responsibilities connect people, standards, and mission.	A wheel showing seven responsibilities supporting mission accomplishment.	Learn to Lead, Volume 2, Chapter 4, The NCO	9-10	approved	draft	LTL2-C4-Q014|LTL2-C4-Q015|LTL2-C4-Q016	45	4	low	basic	false	0	existing_original_bank	pre_sample_bank_review
LTL2-C4-Q020	NCO Readiness	C4-O5	C4-K007	C4-K007-020	easy	recall	multiple_choice	mixed	cap_direct	The Air Force identifies which three areas of NCO readiness?	Technical, physical, and mental	Tactical, operational, and strategic	Academic, ethical, and social	Individual, team, and organizational	A	NCO readiness has three parts: technical, physical, and mental.	1	NCO readiness has three parts: technical, physical, and mental.	NCO readiness has three parts: technical, physical, and mental.	These are leadership arenas, not readiness categories.	These may affect a cadet but are not the chapter’s three readiness areas.	These describe levels of focus, not readiness.	Choosing a related leadership idea that sounds reasonable but does not precisely answer the question.	Review NCO Readiness on pages 11. Focus on the exact definition and how it differs from nearby concepts.	TPM: Technical, Physical, Mental.	high	three_part_icon_card	optional_after_answer	c4_k007_20	Three icons: tools, fitness, and focused mind.	Readiness means technical, physical, and mental preparation.	Tools, a fitness figure, and a focused mind representing three readiness areas.	Learn to Lead, Volume 2, Chapter 4, NCO Readiness	11	approved	draft	LTL2-C4-Q021|LTL2-C4-Q022|LTL2-C4-Q023	25	4	high	moderate	true	1.0	existing_original_bank	pre_sample_bank_review
LTL2-C4-Q021	NCO Readiness	C4-O5	C4-K007	C4-K007-021	medium	understanding	multiple_choice	mixed	cap_direct	Technical readiness is chiefly concerned with	knowing the mission, tasks, standards, and regulations	maintaining enthusiasm during conflict	building physical endurance	understanding long-term organizational strategy	A	Technical readiness means possessing the job knowledge needed to accomplish and judge the mission.	1	Technical readiness means possessing the job knowledge needed to accomplish and judge the mission.	Technical readiness means possessing the job knowledge needed to accomplish and judge the mission.	That relates more to morale and mental readiness.	That is physical readiness.	Strategy may matter, but technical readiness focuses on job details and standards.	Choosing a related leadership idea that sounds reasonable but does not precisely answer the question.	Review NCO Readiness on pages 11. Focus on the exact definition and how it differs from nearby concepts.	Technical = know the job.	high	toolkit_diagram	optional_after_answer	c4_k007_21	A toolkit labeled Mission, Tasks, Standards, Regulation.	Technical readiness is knowing how the job must be done.	A toolkit containing the mission, tasks, standards, and regulations.	Learn to Lead, Volume 2, Chapter 4, NCO Readiness	11	approved	draft	LTL2-C4-Q020|LTL2-C4-Q022|LTL2-C4-Q023	35	4	high	moderate	true	1.0	existing_original_bank	pre_sample_bank_review
LTL2-C4-Q022	NCO Readiness	C4-O6	C4-K007	C4-K007-022	medium	application	multiple_choice	mixed	application	Which cadet best demonstrates physical readiness?	A cadet who can quote every regulation but never exercises	A cadet who maintains fitness and can lead training by example	A cadet who avoids strenuous activity to conserve energy	A cadet who delegates all fitness instruction to younger members	B	Physical readiness means maintaining health and fitness so the leader helps rather than hinders the mission.	1	Physical readiness means maintaining health and fitness so the leader helps rather than hinders the mission.	Knowledge is technical readiness, not physical readiness.	Physical readiness means maintaining health and fitness so the leader helps rather than hinders the mission.	Avoiding necessary conditioning does not prepare the leader.	NCOs traditionally model and lead fitness readiness.	Choosing a related leadership idea that sounds reasonable but does not precisely answer the question.	Review NCO Readiness on pages 11. Focus on the exact definition and how it differs from nearby concepts.	Fit enough to help, not hinder.	high	fitness_leadership	optional_after_answer	c4_k007_22	An NCO participating in and leading fitness training.	Physical readiness allows the leader to support the mission by example.	A cadet NCO exercising alongside and leading the unit.	Learn to Lead, Volume 2, Chapter 4, NCO Readiness	11	approved	draft	LTL2-C4-Q020|LTL2-C4-Q021|LTL2-C4-Q023	35	4	low	basic	false	0	existing_original_bank	pre_sample_bank_review
LTL2-C4-Q023	NCO Readiness	C4-O6	C4-K007	C4-K007-023	hard	scenario	multiple_choice	mixed	scenario	A cadet knows the job and passes fitness standards but is overwhelmed, distracted, and unable to focus on duties. Which readiness area is weakest?	Technical readiness	Physical readiness	Mental readiness	Operational readiness	C	Mental readiness requires focus, stress management, healthy attitudes, and seeking help when needed.	1	Mental readiness requires focus, stress management, healthy attitudes, and seeking help when needed.	The cadet already knows the job.	The cadet meets fitness standards.	Mental readiness requires focus, stress management, healthy attitudes, and seeking help when needed.	Operational is a leadership arena, not one of the three readiness categories.	Choosing a related leadership idea that sounds reasonable but does not precisely answer the question.	Review NCO Readiness on pages 11. Focus on the exact definition and how it differs from nearby concepts.	Ready body and skills still need a ready mind.	high	three_leg_stool	optional_after_answer	c4_k007_23	A three-legged stool with the Mental leg cracked while Technical and Physical remain intact.	All three forms of readiness are necessary.	A readiness stool showing technical and physical strength but weak mental readiness.	Learn to Lead, Volume 2, Chapter 4, NCO Readiness	11	approved	draft	LTL2-C4-Q020|LTL2-C4-Q021|LTL2-C4-Q022	45	4	low	basic	false	0	existing_original_bank	pre_sample_bank_review
LTL2-C4-Q024	NCO Readiness	C4-O6	C4-K008	C4-K008-024	medium	scenario	multiple_choice	mixed	scenario	A cadet notices a teammate talking about suicide. What response best reflects mental readiness and the wingman concept?	Promise to keep it secret and handle it alone	Tell the cadet to toughen up	Reach out promptly to a trusted adult for help	Wait to see whether the comments continue	C	Mental readiness includes noticing serious warning signs and obtaining adult help rather than handling them alone.	1	Mental readiness includes noticing serious warning signs and obtaining adult help rather than handling them alone.	Safety concerns should not be kept secret from responsible adults.	Dismissal is not supportive and may increase danger.	Mental readiness includes noticing serious warning signs and obtaining adult help rather than handling them alone.	Talk of suicide requires prompt action, not delay.	Choosing a related leadership idea that sounds reasonable but does not precisely answer the question.	Review NCO Readiness on pages 11. Focus on the exact definition and how it differs from nearby concepts.	Serious warning? Bring in an adult.	high	help_pathway	optional_after_answer	c4_k008_24	A cadet noticing a warning sign and connecting the teammate to a trusted adult.	Mental readiness includes reaching for qualified help.	A cadet guiding a distressed teammate toward a trusted adult.	Learn to Lead, Volume 2, Chapter 4, NCO Readiness	11	approved	draft		35	4	low	basic	false	0	existing_original_bank	pre_sample_bank_review
LTL2-C4-Q025	NCO Readiness	C4-O5	C4-K007	C4-K007-025	hard	analysis	multiple_choice	mixed	application	Why are the three readiness areas mutually dependent?	Strength in one area automatically corrects weakness in another	Failure in any one area can prevent the leader from helping the mission	Only mental readiness affects leadership by example	Technical readiness matters only during emergencies	B	A leader lacking job knowledge, health, or mental focus can hinder the team despite strength in the other two areas.	1	A leader lacking job knowledge, health, or mental focus can hinder the team despite strength in the other two areas.	The chapter treats the three as separate necessary requirements.	A leader lacking job knowledge, health, or mental focus can hinder the team despite strength in the other two areas.	All three are modeled through leadership by example.	Technical competence is needed in routine and emergency work.	Choosing a related leadership idea that sounds reasonable but does not precisely answer the question.	Review NCO Readiness on pages 11. Focus on the exact definition and how it differs from nearby concepts.	Three ready parts, one mission.	high	interlocking_gears	optional_after_answer	c4_k007_25	Three interlocking gears labeled Technical, Physical, Mental driving Mission.	Mission readiness depends on all three gears working.	Three gears for technical, physical, and mental readiness powering the mission.	Learn to Lead, Volume 2, Chapter 4, NCO Readiness	11	approved	draft	LTL2-C4-Q020|LTL2-C4-Q021|LTL2-C4-Q022	45	4	low	basic	false	0	existing_original_bank	pre_sample_bank_review
LTL2-C4-Q026	Servant Leadership	C4-O7	C4-K009	C4-K009-026	easy	recall	multiple_choice	mixed	cap_direct	Servant leadership means the leader sees himself or herself primarily as	the team’s controller	a servant of the team	the most experienced expert	the final source of all decisions	B	A servant-leader sees service to the team as the primary role.	1	A servant-leader sees service to the team as the primary role.	The chapter contrasts servant leadership with controlling people.	A servant-leader sees service to the team as the primary role.	Expertise may help, but it is not the defining perspective.	Servant leaders involve and develop others rather than claiming all decisions.	Choosing a related leadership idea that sounds reasonable but does not precisely answer the question.	Review Servant Leadership on pages 12. Focus on the exact definition and how it differs from nearby concepts.	Serve first, lead second.	high	service_first	optional_after_answer	c4_k009_26	The word Serve placed before Lead on a path.	Servant leadership begins with service.	A pathway showing service coming before leadership.	Learn to Lead, Volume 2, Chapter 4, Servant Leadership	12	approved	draft	LTL2-C4-Q027	25	4	high	moderate	true	1.0	existing_original_bank	pre_sample_bank_review
LTL2-C4-Q027	Servant Leadership	C4-O7	C4-K009	C4-K009-027	medium	understanding	multiple_choice	mixed	cap_direct	What is the goal of servant leadership?	To make followers dependent on the leader	To enhance individual growth, teamwork, and involvement	To reduce the leader’s responsibility for standards	To avoid using authority under any circumstance	B	Servant leadership develops people and strengthens teamwork and personal involvement.	1	Servant leadership develops people and strengthens teamwork and personal involvement.	A servant-leader helps people grow rather than become dependent.	Servant leadership develops people and strengthens teamwork and personal involvement.	Service does not remove responsibility for standards.	Authority can still be used; the issue is whether it serves the mission and people.	Choosing a related leadership idea that sounds reasonable but does not precisely answer the question.	Review Servant Leadership on pages 12. Focus on the exact definition and how it differs from nearby concepts.	Serve so people and teamwork grow.	high	growth_diagram	optional_after_answer	c4_k009_27	A leader watering two plants labeled People and Teamwork.	Service-oriented leadership helps people and teams grow.	A leader nurturing growth in individuals and teamwork.	Learn to Lead, Volume 2, Chapter 4, Servant Leadership	12	approved	draft	LTL2-C4-Q026	35	4	high	moderate	true	1.0	existing_original_bank	pre_sample_bank_review
LTL2-C4-Q028	Servant Leadership	C4-O8	C4-K010	C4-K010-028	hard	misconception	multiple_choice	mixed	application	Which statement best distinguishes being a servant from being servile?	A servant chooses to help; a servile person is treated as powerless or slave-like	A servant obeys every request; a servile person follows only lawful orders	A servant avoids leadership; a servile person seeks rank	A servant works for free; a servile person is paid	A	Service is a willing, dignified choice to help; servility implies degrading subjection.	1	Service is a willing, dignified choice to help; servility implies degrading subjection.	Service is a willing, dignified choice to help; servility implies degrading subjection.	The difference is not unlimited obedience versus lawful obedience.	Servant leadership is still leadership.	Payment is unrelated to the chapter’s distinction.	Choosing a related leadership idea that sounds reasonable but does not precisely answer the question.	Review Servant Leadership on pages 12. Focus on the exact definition and how it differs from nearby concepts.	Chosen service is strength; servility is subjection.	high	comparison_diagram	optional_after_answer	c4_k010_28	One person voluntarily helping beside another shown as powerless and compelled.	Serving by choice is not the same as being servile.	A voluntary helper contrasted with a person forced into degrading service.	Learn to Lead, Volume 2, Chapter 4, Servant Leadership	12	approved	draft	LTL2-C4-Q029|LTL2-C4-Q030|LTL2-C4-Q033	45	4	low	basic	false	0	existing_original_bank	pre_sample_bank_review
LTL2-C4-Q029	Servant Leadership	C4-O9	C4-K010	C4-K010-029	medium	scenario	multiple_choice	mixed	scenario	At a field activity, which action best demonstrates servant leadership by an NCO?	Taking the first meal because rank carries privileges	Waiting until the team is fed, then eating	Doing every subordinate’s work to show humility	Ignoring standards so everyone feels comfortable	B	A servant-leader places the team’s needs first without abandoning standards or doing others’ responsibilities for them.	1	A servant-leader places the team’s needs first without abandoning standards or doing others’ responsibilities for them.	The chapter gives the opposite example: airmen come first.	A servant-leader places the team’s needs first without abandoning standards or doing others’ responsibilities for them.	Servant leaders help people grow; they do not make them passive by doing all their work.	Service includes helping people meet high standards.	Choosing a related leadership idea that sounds reasonable but does not precisely answer the question.	Review Servant Leadership on pages 13. Focus on the exact definition and how it differs from nearby concepts.	Feed the team before feeding the ego.	high	meal_line_diagram	optional_after_answer	c4_k010_29	An NCO serving the team before taking a meal.	Servant leaders put the team’s legitimate needs first.	An NCO ensuring team members are fed before eating.	Learn to Lead, Volume 2, Chapter 4, Servant Leadership	13	approved	draft	LTL2-C4-Q028|LTL2-C4-Q030|LTL2-C4-Q033	35	4	low	basic	false	0	existing_original_bank	pre_sample_bank_review
LTL2-C4-Q030	Servant Leadership	C4-O9	C4-K010	C4-K010-030	hard	scenario	multiple_choice	mixed	scenario	During a uniform inspection, a servant-leader should primarily aim to	find as many errors as possible to prove authority	help each cadet meet the standard	avoid identifying errors to preserve morale	correct the uniform personally without teaching	B	The servant-leader uses inspection to help people reach high standards, not to intimidate or play “gotcha.”	1	The servant-leader uses inspection to help people reach high standards, not to intimidate or play “gotcha.”	This centers the leader’s power rather than the cadet’s growth.	The servant-leader uses inspection to help people reach high standards, not to intimidate or play “gotcha.”	Service does not mean ignoring standards.	Doing the work for the cadet prevents learning.	Choosing a related leadership idea that sounds reasonable but does not precisely answer the question.	Review Servant Leadership on pages 13. Focus on the exact definition and how it differs from nearby concepts.	Inspect to improve, not intimidate.	high	inspection_comparison	optional_after_answer	c4_k010_30	Two inspection styles: gotcha red marks versus coaching toward the standard.	The purpose of correction is growth and standards.	A helpful inspection contrasted with an intimidating fault-finding inspection.	Learn to Lead, Volume 2, Chapter 4, Servant Leadership	13	approved	draft	LTL2-C4-Q028|LTL2-C4-Q029|LTL2-C4-Q033	45	4	low	basic	false	0	existing_original_bank	pre_sample_bank_review
LTL2-C4-Q031	Servant Leadership	C4-O8	C4-K011	C4-K011-031	medium	understanding	multiple_choice	mixed	cap_direct	Why is servant leadership especially useful to a new NCO?	It allows the NCO to avoid giving orders	It counters arrogance and focuses attention on the team’s needs	It replaces the chain of command	It guarantees that followers will like every decision	B	Servant leadership helps new NCOs move away from self-centered rank and toward caring for the team.	1	Servant leadership helps new NCOs move away from self-centered rank and toward caring for the team.	Servant leaders can give lawful direction when needed.	Servant leadership helps new NCOs move away from self-centered rank and toward caring for the team.	It operates within the military chain of command.	Responsible decisions may still be unpopular.	Choosing a related leadership idea that sounds reasonable but does not precisely answer the question.	Review Servant Leadership on pages 13. Focus on the exact definition and how it differs from nearby concepts.	New stripes? Look outward, not inward.	high	spotlight_shift	optional_after_answer	c4_k011_31	A spotlight moving from an NCO’s insignia to the team.	Servant leadership shifts focus from rank to responsibility.	A new NCO redirecting attention from personal rank to team needs.	Learn to Lead, Volume 2, Chapter 4, Servant Leadership	13	approved	draft	LTL2-C4-Q032	35	4	high	moderate	true	1.0	existing_original_bank	pre_sample_bank_review
LTL2-C4-Q032	Servant Leadership	C4-O10	C4-K011	C4-K011-032	hard	analysis	multiple_choice	mixed	application	Why is servant leadership consistent with Air Force values despite a top-down hierarchy?	Because it removes the need for authority	Because service before self and caring strengthen mission accomplishment	Because followers may disregard orders they dislike	Because servant leaders place individual comfort above the mission	B	Service Before Self and caring fit military values because developing and supporting people helps the mission succeed.	1	Service Before Self and caring fit military values because developing and supporting people helps the mission succeed.	Hierarchy and authority remain; they are used responsibly.	Service Before Self and caring fit military values because developing and supporting people helps the mission succeed.	Servant leadership does not cancel lawful obedience.	Service supports growth and mission, not mere comfort.	Choosing a related leadership idea that sounds reasonable but does not precisely answer the question.	Review Servant Leadership on pages 14. Focus on the exact definition and how it differs from nearby concepts.	Caring is mission power.	high	bond_to_mission	optional_after_answer	c4_k011_32	Arrows from Care to Trust to Teamwork to Mission Success.	Service and caring strengthen the team’s ability to accomplish the mission.	A chain showing caring building trust, teamwork, and mission success.	Learn to Lead, Volume 2, Chapter 4, Servant Leadership	14	approved	draft	LTL2-C4-Q031	45	4	low	basic	false	0	existing_original_bank	pre_sample_bank_review
LTL2-C4-Q033	Servant Leadership	C4-O9	C4-K010	C4-K010-033	hard	scenario	multiple_choice	mixed	scenario	A team is short-handed. The officer in charge says, “I lead; I don’t do,” and watches while the team struggles. What is the strongest criticism?	The officer is delegating appropriately	The officer is confusing leadership with status and failing to serve the team	The officer should take over every task permanently	The officer is correct because leaders must remain separate from workers	B	Servant leadership rejects prideful distance; leaders should help when needed while still directing the mission.	1	Servant leadership rejects prideful distance; leaders should help when needed while still directing the mission.	Delegation is not the issue when the team lacks needed help and the leader refuses from pride.	Servant leadership rejects prideful distance; leaders should help when needed while still directing the mission.	Helping in a crisis does not mean doing every task forever.	The chapter’s Washington story rejects this status-based view.	Choosing a related leadership idea that sounds reasonable but does not precisely answer the question.	Review Servant Leadership on pages 14. Focus on the exact definition and how it differs from nearby concepts.	Too important to help is too proud to lead.	high	leader_worker_bystander	optional_after_answer	c4_k010_33	A leader stepping down to work beside a short-handed team.	Great leaders are willing to serve beside their people.	A leader joining a struggling team rather than watching from a distance.	Learn to Lead, Volume 2, Chapter 4, Servant Leadership	14	approved	draft	LTL2-C4-Q028|LTL2-C4-Q029|LTL2-C4-Q030	45	4	low	basic	false	0	existing_original_bank	pre_sample_bank_review
LTL2-C4-Q034	Coaching & Mentoring	C4-O11	C4-K012	C4-K012-034	easy	recall	multiple_choice	mixed	cap_direct	In leadership, coaching is the process through which leaders	evaluate promotions only	solve performance problems and develop people	replace formal standards with personal advice	give orders without discussion	B	Coaching addresses performance problems while helping people develop.	1	Coaching addresses performance problems while helping people develop.	Promotion evaluation is much narrower than coaching.	Coaching addresses performance problems while helping people develop.	Coaching works toward standards rather than replacing them.	Coaching is a positive person-to-person process, not mere command.	Choosing a related leadership idea that sounds reasonable but does not precisely answer the question.	Review Coaching & Mentoring on pages 15. Focus on the exact definition and how it differs from nearby concepts.	Solve performance, develop people.	high	two_goal_diagram	optional_after_answer	c4_k012_34	Two arrows from Coaching to Better Performance and Personal Growth.	Coaching improves performance and develops the person.	Coaching leading to improved performance and personal growth.	Learn to Lead, Volume 2, Chapter 4, Coaching & Mentoring	15	approved	draft	LTL2-C4-Q035	25	4	high	moderate	true	1.0	existing_original_bank	pre_sample_bank_review
LTL2-C4-Q035	Coaching & Mentoring	C4-O12	C4-K012	C4-K012-035	medium	understanding	multiple_choice	mixed	cap_direct	What makes coaching a servant-leadership activity?	The coach controls every decision	The coach provides guidance and support through a positive bond of trust	The coach avoids discussing weaknesses	The coach performs the task instead of the learner	B	Coaching serves the follower through trust, guidance, and positive help.	1	Coaching serves the follower through trust, guidance, and positive help.	Control is not the purpose of coaching.	Coaching serves the follower through trust, guidance, and positive help.	Performance problems must be addressed honestly.	Development requires the learner to practice and grow.	Choosing a related leadership idea that sounds reasonable but does not precisely answer the question.	Review Coaching & Mentoring on pages 15. Focus on the exact definition and how it differs from nearby concepts.	No trust, no coaching.	high	trust_bridge	optional_after_answer	c4_k012_35	A bridge labeled Trust connecting Coach and Coachee.	Coaching works through a positive relationship of trust.	A coach and learner connected by a bridge labeled trust.	Learn to Lead, Volume 2, Chapter 4, Coaching & Mentoring	15	approved	draft	LTL2-C4-Q034	35	4	high	moderate	true	1.0	existing_original_bank	pre_sample_bank_review
LTL2-C4-Q036	Coaching & Mentoring	C4-O11	C4-K013	C4-K013-036	medium	application	multiple_choice	mixed	application	When is coaching most appropriate?	Only after formal discipline has failed	Whenever someone needs help reaching a higher level of effectiveness	Only when a follower asks for it	Only for technical errors	B	Coaching is appropriate whenever a leader identifies a need to improve effectiveness or growth.	1	Coaching is appropriate whenever a leader identifies a need to improve effectiveness or growth.	Coaching often occurs before formal discipline and may prevent problems.	Coaching is appropriate whenever a leader identifies a need to improve effectiveness or growth.	Leaders may appropriately initiate coaching.	Coaching can address technical, emotional, and behavioral performance.	Choosing a related leadership idea that sounds reasonable but does not precisely answer the question.	Review Coaching & Mentoring on pages 15. Focus on the exact definition and how it differs from nearby concepts.	Gap to growth? Coach.	high	gap_bridge	optional_after_answer	c4_k013_36	A performance gap bridged by coaching toward a higher level.	Coaching helps someone cross from current performance to better performance.	A bridge labeled coaching spanning a gap from current to improved performance.	Learn to Lead, Volume 2, Chapter 4, Coaching & Mentoring	15	approved	draft		35	4	low	basic	false	0	existing_original_bank	pre_sample_bank_review
LTL2-C4-Q037	Coaching & Mentoring	C4-O13	C4-K014	C4-K014-037	medium	recall	multiple_choice	mixed	cap_direct	Which sequence best represents the chapter’s basic coaching process?	Observe, punish, report, dismiss	Prepare, observe, analyze, conduct dialogue, follow up	Explain, demonstrate, test, promote	Listen, agree, praise, end	B	Successful coaching includes preparation, observation, analysis, dialogue, and follow-up.	1	Successful coaching includes preparation, observation, analysis, dialogue, and follow-up.	Punishment is not the coaching process.	Successful coaching includes preparation, observation, analysis, dialogue, and follow-up.	This resembles instruction but omits diagnosis and follow-up.	Coaching requires more than agreement and praise.	Choosing a related leadership idea that sounds reasonable but does not precisely answer the question.	Review Coaching & Mentoring on pages 16-18. Focus on the exact definition and how it differs from nearby concepts.	POADF: Prepare, Observe, Analyze, Dialogue, Follow up.	high	five_step_path	optional_after_answer	c4_k014_37	Five connected steps labeled Prepare, Observe, Analyze, Dialogue, Follow Up.	Effective coaching follows a deliberate five-step process.	A five-step coaching path from preparation through follow-up.	Learn to Lead, Volume 2, Chapter 4, Coaching & Mentoring	16-18	approved	draft	LTL2-C4-Q038|LTL2-C4-Q041	35	4	high	moderate	true	1.0	existing_original_bank	pre_sample_bank_review
LTL2-C4-Q038	Coaching & Mentoring	C4-O13	C4-K014	C4-K014-038	hard	scenario	multiple_choice	mixed	scenario	Before coaching a cadet on weak drill performance, what should the leader do first?	Assume laziness is the cause	Clarify the standard and gather facts through observation	Begin with a warning about punishment	Ask other cadets to vote on the cause	B	Coaching begins with preparation and objective observation before conclusions are drawn.	1	Coaching begins with preparation and objective observation before conclusions are drawn.	The leader must distinguish ability, knowledge, and willingness rather than assume motive.	Coaching begins with preparation and objective observation before conclusions are drawn.	Coaching is positive and diagnostic, not punishment-first.	Peer opinion is not a substitute for observing performance and standards.	Choosing a related leadership idea that sounds reasonable but does not precisely answer the question.	Review Coaching & Mentoring on pages 16. Focus on the exact definition and how it differs from nearby concepts.	Facts before fixes.	high	magnifying_glass_standard	optional_after_answer	c4_k014_38	A leader comparing observed performance with a clear standard before coaching.	Good coaching diagnoses before prescribing.	A leader observing performance and comparing it to the standard.	Learn to Lead, Volume 2, Chapter 4, Coaching & Mentoring	16	approved	draft	LTL2-C4-Q037|LTL2-C4-Q041	45	4	low	basic	false	0	existing_original_bank	pre_sample_bank_review
LTL2-C4-Q039	Coaching & Mentoring	C4-O14	C4-K015	C4-K015-039	hard	application	multiple_choice	mixed	application	Which opening question is most likely to support a productive coaching dialogue?	Why are you always careless?	What happened from your point of view?	Do you admit you failed?	Wouldn’t you agree my method is better?	B	Open-ended, non-accusing questions invite information and help the learner analyze performance.	1	Open-ended, non-accusing questions invite information and help the learner analyze performance.	This is accusatory and assumes a pattern and motive.	Open-ended, non-accusing questions invite information and help the learner analyze performance.	This pressures confession rather than understanding.	This leading question seeks agreement instead of dialogue.	Choosing a related leadership idea that sounds reasonable but does not precisely answer the question.	Review Coaching & Mentoring on pages 17-18. Focus on the exact definition and how it differs from nearby concepts.	Ask to understand, not to accuse.	high	speech_bubble_comparison	optional_after_answer	c4_k015_39	An open question bubble contrasted with an accusing question bubble.	Open questions create useful coaching dialogue.	A coach asking an open, respectful question instead of making an accusation.	Learn to Lead, Volume 2, Chapter 4, Coaching & Mentoring	17-18	approved	draft	LTL2-C4-Q040	45	4	low	basic	false	0	existing_original_bank	pre_sample_bank_review
LTL2-C4-Q040	Coaching & Mentoring	C4-O14	C4-K015	C4-K015-040	hard	scenario	multiple_choice	mixed	scenario	A coach gives only vague praise—“Good job”—after a practice. What is the main weakness?	Praise should never be used in coaching	The feedback is not specific enough to guide improvement	The coach should have corrected every error at once	Positive comments make standards less important	B	Useful feedback identifies specific behavior so the learner knows what to repeat or improve.	1	Useful feedback identifies specific behavior so the learner knows what to repeat or improve.	Positive reinforcement can be valuable.	Useful feedback identifies specific behavior so the learner knows what to repeat or improve.	Overloading the learner with every error may reduce effectiveness.	Specific praise can reinforce standards.	Choosing a related leadership idea that sounds reasonable but does not precisely answer the question.	Review Coaching & Mentoring on pages 18. Focus on the exact definition and how it differs from nearby concepts.	Name the behavior, not just the feeling.	high	specific_feedback	optional_after_answer	c4_k015_40	Generic 'Good job' beside specific feedback highlighting one successful action.	Specific feedback tells the learner what worked.	A comparison between vague praise and precise performance feedback.	Learn to Lead, Volume 2, Chapter 4, Coaching & Mentoring	18	approved	draft	LTL2-C4-Q039	45	4	low	basic	false	0	existing_original_bank	pre_sample_bank_review
LTL2-C4-Q041	Coaching & Mentoring	C4-O13	C4-K014	C4-K014-041	hard	analysis	multiple_choice	mixed	application	Why is follow-up essential after a coaching conversation?	It lets the leader repeat the same lecture	It checks whether improvement occurred and reinforces accountability and support	It transfers responsibility back to the coach	It guarantees immediate mastery	B	Follow-up verifies progress, keeps commitments visible, and allows additional support.	1	Follow-up verifies progress, keeps commitments visible, and allows additional support.	Follow-up is not merely repetition.	Follow-up verifies progress, keeps commitments visible, and allows additional support.	The learner remains responsible for growth.	Improvement may require time and further practice.	Choosing a related leadership idea that sounds reasonable but does not precisely answer the question.	Review Coaching & Mentoring on pages 18. Focus on the exact definition and how it differs from nearby concepts.	Coach, check, continue.	high	feedback_loop	optional_after_answer	c4_k014_41	A loop from coaching to practice to follow-up to adjustment.	Follow-up turns a conversation into sustained improvement.	A coaching cycle showing practice, follow-up, and adjustment.	Learn to Lead, Volume 2, Chapter 4, Coaching & Mentoring	18	approved	draft	LTL2-C4-Q037|LTL2-C4-Q038	45	4	low	basic	false	0	existing_original_bank	pre_sample_bank_review
LTL2-C4-Q042	Supervision & Discipline	C4-O15	C4-K016	C4-K016-042	easy	recall	multiple_choice	mixed	cap_direct	To supervise means to	punish people who miss standards	observe and direct people in fulfillment of the mission	complete the team’s work personally	write policies for the organization	B	Supervision is observing and directing people so the mission is fulfilled.	1	Supervision is observing and directing people so the mission is fulfilled.	Punishment is only one possible consequence and not the definition.	Supervision is observing and directing people so the mission is fulfilled.	Supervisors lead work rather than doing all work themselves.	Policy creation is not the defining act of supervision.	Choosing a related leadership idea that sounds reasonable but does not precisely answer the question.	Review Supervision & Discipline on pages 19. Focus on the exact definition and how it differs from nearby concepts.	Watch, guide, mission.	high	eye_arrow_target	optional_after_answer	c4_k016_42	An eye observing work, an arrow guiding, and a mission target.	Supervision combines observation and direction toward the mission.	An eye and guiding arrow leading a team toward a mission target.	Learn to Lead, Volume 2, Chapter 4, Supervision & Discipline	19	approved	draft	LTL2-C4-Q043	25	4	high	moderate	true	1.0	existing_original_bank	pre_sample_bank_review
LTL2-C4-Q043	Supervision & Discipline	C4-O15	C4-K016	C4-K016-043	medium	understanding	multiple_choice	mixed	cap_direct	Why are trust and fairness cornerstones of supervision?	They make standards optional	People are more willing to accept direction and correction from a credible, consistent leader	They remove the need for accountability	They ensure everyone receives identical treatment regardless of circumstances	B	Trust and fairness make supervision legitimate because people see standards applied honestly and consistently.	1	Trust and fairness make supervision legitimate because people see standards applied honestly and consistently.	Trust and fairness support standards rather than weaken them.	Trust and fairness make supervision legitimate because people see standards applied honestly and consistently.	Fair supervision includes accountability.	Fairness means appropriate and impartial treatment, not mechanically identical treatment.	Choosing a related leadership idea that sounds reasonable but does not precisely answer the question.	Review Supervision & Discipline on pages 19. Focus on the exact definition and how it differs from nearby concepts.	Trust opens ears; fairness keeps them open.	high	foundation_diagram	optional_after_answer	c4_k016_43	A supervision structure resting on two foundation blocks labeled Trust and Fairness.	Effective supervision stands on trust and fairness.	A building labeled Supervision supported by trust and fairness.	Learn to Lead, Volume 2, Chapter 4, Supervision & Discipline	19	approved	draft	LTL2-C4-Q042	35	4	high	moderate	true	1.0	existing_original_bank	pre_sample_bank_review
LTL2-C4-Q044	Supervision & Discipline	C4-O16	C4-K017	C4-K017-044	easy	recall	multiple_choice	mixed	cap_direct	Punishment is intended primarily to teach someone which behaviors to	repeat	avoid	explain	delegate	B	Punishment applies an unpleasant consequence to teach which behavior should be avoided.	1	Punishment applies an unpleasant consequence to teach which behavior should be avoided.	Reinforcement is used to encourage repetition.	Punishment applies an unpleasant consequence to teach which behavior should be avoided.	Explanation may accompany discipline but is not punishment’s definition.	Delegation is unrelated.	Choosing a related leadership idea that sounds reasonable but does not precisely answer the question.	Review Supervision & Discipline on pages 20. Focus on the exact definition and how it differs from nearby concepts.	Punishment points away from a behavior.	high	avoid_sign	optional_after_answer	c4_k017_44	A behavior leading to a red stop sign marked Avoid.	Punishment discourages a behavior from happening again.	A stop sign showing a behavior that should be avoided.	Learn to Lead, Volume 2, Chapter 4, Supervision & Discipline	20	approved	draft		25	4	high	moderate	true	1.0	existing_original_bank	pre_sample_bank_review
LTL2-C4-Q045	Supervision & Discipline	C4-O17	C4-K018	C4-K018-045	medium	understanding	multiple_choice	mixed	cap_direct	Constructive discipline differs from punishment because constructive discipline	focuses on getting the person back on course and meeting standards	avoids all unpleasant consequences	is used only when ability is low	must always be private and informal	A	Constructive discipline is corrective and positive in purpose: return the follower to acceptable performance.	1	Constructive discipline is corrective and positive in purpose: return the follower to acceptable performance.	Constructive discipline is corrective and positive in purpose: return the follower to acceptable performance.	Consequences may sometimes be appropriate, but the goal is correction.	Leaders must distinguish ability from willingness; discipline mainly addresses unwillingness.	Privacy is generally wise, but the defining difference is purpose.	Choosing a related leadership idea that sounds reasonable but does not precisely answer the question.	Review Supervision & Discipline on pages 20. Focus on the exact definition and how it differs from nearby concepts.	Discipline = course correction.	high	course_correction	optional_after_answer	c4_k018_45	A path veering away from a standard and being guided back.	Constructive discipline guides performance back to the standard.	A person being redirected from an off-course path toward the standard.	Learn to Lead, Volume 2, Chapter 4, Supervision & Discipline	20	approved	draft	LTL2-C4-Q046|LTL2-C4-Q051	35	4	high	moderate	true	1.0	existing_original_bank	pre_sample_bank_review
LTL2-C4-Q046	Supervision & Discipline	C4-O18	C4-K018	C4-K018-046	hard	scenario	multiple_choice	mixed	scenario	A cadet fails to salute because the cadet was never taught when to salute. What should the leader address first?	Willingness through discipline	Ability and knowledge through instruction or coaching	Punishment to protect standards	A formal report to the commander	B	The leader must distinguish inability from unwillingness; a knowledge gap calls for teaching or coaching.	1	The leader must distinguish inability from unwillingness; a knowledge gap calls for teaching or coaching.	Discipline is inappropriate if the cadet does not know the standard.	The leader must distinguish inability from unwillingness; a knowledge gap calls for teaching or coaching.	Punishment without instruction would be unfair and ineffective.	Routine learning errors usually should be handled at the lowest appropriate level.	Choosing a related leadership idea that sounds reasonable but does not precisely answer the question.	Review Supervision & Discipline on pages 20-21. Focus on the exact definition and how it differs from nearby concepts.	Can’t do? Teach. Won’t do? Discipline.	high	decision_tree	optional_after_answer	c4_k018_46	A two-branch tree: Cannot leads to Teach; Will Not leads to Discipline.	Leaders must separate ability problems from willingness problems.	A decision tree distinguishing inability from unwillingness.	Learn to Lead, Volume 2, Chapter 4, Supervision & Discipline	20-21	approved	draft	LTL2-C4-Q045|LTL2-C4-Q051	45	4	low	basic	false	0	existing_original_bank	pre_sample_bank_review
LTL2-C4-Q047	Supervision & Discipline	C4-O18	C4-K019	C4-K019-047	medium	application	multiple_choice	mixed	application	When should constructive discipline normally occur?	After several problems accumulate	While the behavior is still fresh	Only during a formal review	After the leader is no longer emotional about the issue, even if weeks pass	B	Correction should occur promptly while the event is fresh, before problems accumulate.	1	Correction should occur promptly while the event is fresh, before problems accumulate.	Storing problems allows them to grow and creates an unfair ambush.	Correction should occur promptly while the event is fresh, before problems accumulate.	Routine correction need not wait for formal review.	The leader should calm down, but not delay so long that the event loses immediacy.	Choosing a related leadership idea that sounds reasonable but does not precisely answer the question.	Review Supervision & Discipline on pages 21. Focus on the exact definition and how it differs from nearby concepts.	Fresh problem, timely correction.	high	clock_diagram	optional_after_answer	c4_k019_47	A recent event connected quickly to calm correction.	Timely correction prevents one problem from becoming many.	A clock showing prompt correction soon after a problem occurs.	Learn to Lead, Volume 2, Chapter 4, Supervision & Discipline	21	approved	draft	LTL2-C4-Q048|LTL2-C4-Q049|LTL2-C4-Q050	35	4	low	basic	false	0	existing_original_bank	pre_sample_bank_review
LTL2-C4-Q048	Supervision & Discipline	C4-O18	C4-K019	C4-K019-048	hard	scenario	multiple_choice	mixed	scenario	A leader is furious about a cadet’s disrespectful behavior. What is the best immediate step?	Correct the cadet publicly before the anger fades	Calm down enough to control emotions, then address the fresh behavior firmly	Ignore the behavior until the next evaluation	Match the cadet’s emotional intensity to prove authority	B	Leaders should control their own emotions, then use a firm but measured demeanor appropriate to the issue.	1	Leaders should control their own emotions, then use a firm but measured demeanor appropriate to the issue.	Public, angry correction risks humiliation and loss of control.	Leaders should control their own emotions, then use a firm but measured demeanor appropriate to the issue.	The issue should remain fresh and should not be postponed indefinitely.	Constructive discipline is not emotional retaliation.	Choosing a related leadership idea that sounds reasonable but does not precisely answer the question.	Review Supervision & Discipline on pages 21. Focus on the exact definition and how it differs from nearby concepts.	Calm first; firm second.	high	temperature_gauge	optional_after_answer	c4_k019_48	An anger gauge moving from hot to controlled before a firm conversation.	Constructive discipline is controlled, not explosive.	A leader lowering anger before giving firm correction.	Learn to Lead, Volume 2, Chapter 4, Supervision & Discipline	21	approved	draft	LTL2-C4-Q047|LTL2-C4-Q049|LTL2-C4-Q050	45	4	low	basic	false	0	existing_original_bank	pre_sample_bank_review
LTL2-C4-Q049	Supervision & Discipline	C4-O18	C4-K019	C4-K019-049	medium	understanding	multiple_choice	mixed	cap_direct	Why should leaders usually discipline in private?	Private correction eliminates accountability	Privacy protects dignity and keeps the focus on behavior rather than humiliation	Standards apply only in private	Public correction is always illegal	B	Private correction helps preserve respect and allows an honest focus on the performance issue.	1	Private correction helps preserve respect and allows an honest focus on the performance issue.	Private discipline can still include clear accountability.	Private correction helps preserve respect and allows an honest focus on the performance issue.	Standards apply everywhere.	The chapter’s principle is leadership effectiveness and dignity, not a blanket legal claim.	Choosing a related leadership idea that sounds reasonable but does not precisely answer the question.	Review Supervision & Discipline on pages 21. Focus on the exact definition and how it differs from nearby concepts.	Correct the behavior; protect the person.	high	private_conversation	optional_after_answer	c4_k019_49	A leader and cadet having a calm private conversation away from the group.	Private correction protects dignity while addressing standards.	A leader correcting a cadet privately rather than before the team.	Learn to Lead, Volume 2, Chapter 4, Supervision & Discipline	21	approved	draft	LTL2-C4-Q047|LTL2-C4-Q048|LTL2-C4-Q050	35	4	high	moderate	true	1.0	existing_original_bank	pre_sample_bank_review
LTL2-C4-Q050	Supervision & Discipline	C4-O18	C4-K019	C4-K019-050	hard	application	multiple_choice	mixed	application	Which statement is the best example of behavior-focused constructive discipline?	You are irresponsible	Your report was submitted two days late, which delayed the team; the next report is due Friday at 1600	You never care about the mission	Everyone is disappointed in you	B	Constructive feedback describes observable behavior, impact, and the required standard without attacking character.	1	Constructive feedback describes observable behavior, impact, and the required standard without attacking character.	This labels the person rather than describing behavior.	Constructive feedback describes observable behavior, impact, and the required standard without attacking character.	This assumes motive and uses an absolute accusation.	This appeals to shame without clarifying the performance standard.	Choosing a related leadership idea that sounds reasonable but does not precisely answer the question.	Review Supervision & Discipline on pages 21. Focus on the exact definition and how it differs from nearby concepts.	Describe act, impact, expectation.	high	three_part_feedback	optional_after_answer	c4_k019_50	Three boxes labeled Behavior, Impact, Required Standard.	Correct specific behavior, not the person’s identity.	A feedback model showing behavior, impact, and expected standard.	Learn to Lead, Volume 2, Chapter 4, Supervision & Discipline	21	approved	draft	LTL2-C4-Q047|LTL2-C4-Q048|LTL2-C4-Q049	45	4	low	basic	false	0	existing_original_bank	pre_sample_bank_review
LTL2-C4-Q051	Supervision & Discipline	C4-O17	C4-K018	C4-K018-051	hard	analysis	multiple_choice	mixed	application	What is the central purpose of constructive discipline?	To display the leader’s authority	To impose the greatest possible consequence	To restore willing, acceptable performance while preserving the mission and person	To document enough errors for removal	C	Constructive discipline seeks changed behavior and renewed compliance with standards, not revenge or status.	1	Constructive discipline seeks changed behavior and renewed compliance with standards, not revenge or status.	Authority serves correction and mission, not self-display.	Consequences should be appropriate, not maximal.	Constructive discipline seeks changed behavior and renewed compliance with standards, not revenge or status.	Documentation may be needed, but removal is not the central purpose.	Choosing a related leadership idea that sounds reasonable but does not precisely answer the question.	Review Supervision & Discipline on pages 20-22. Focus on the exact definition and how it differs from nearby concepts.	Correct, restore, continue.	high	restoration_path	optional_after_answer	c4_k018_51	A cadet redirected back into effective team performance.	Constructive discipline aims to restore effective performance.	A corrected cadet returning to productive participation in the team.	Learn to Lead, Volume 2, Chapter 4, Supervision & Discipline	20-22	approved	draft	LTL2-C4-Q045|LTL2-C4-Q046	45	4	low	basic	false	0	existing_original_bank	pre_sample_bank_review
LTL2-C4-Q052	Motivation	C4-O19	C4-K020	C4-K020-052	easy	recall	multiple_choice	mixed	cap_direct	Motivation is best described as	the talent to perform a task	the reason or “why” behind an action	the reward received after success	the confidence created by high morale	B	Motivation is the reason that gives purpose and direction to behavior—the person’s “why.”	1	Motivation is the reason that gives purpose and direction to behavior—the person’s “why.”	Talent is ability, not motivation.	Motivation is the reason that gives purpose and direction to behavior—the person’s “why.”	A reward may influence motivation but is not motivation itself.	Confidence and morale can affect performance but are distinct concepts.	Choosing a related leadership idea that sounds reasonable but does not precisely answer the question.	Review Motivation on pages 23. Focus on the exact definition and how it differs from nearby concepts.	Motivation = your why.	high	why_arrow	optional_after_answer	c4_k020_52	The word WHY pointing toward an action.	Motivation gives purpose and direction to behavior.	A question mark labeled Why leading to purposeful action.	Learn to Lead, Volume 2, Chapter 4, Motivation	23	approved	draft	LTL2-C4-Q053	25	4	high	moderate	true	1.0	existing_original_bank	pre_sample_bank_review
LTL2-C4-Q053	Motivation	C4-O20	C4-K020	C4-K020-053	medium	understanding	multiple_choice	mixed	cap_direct	Why must leaders understand what motivates individual team members?	The same reward motivates everyone equally	Different people may pursue the same goal for different reasons	Motivation matters only when ability is low	Leaders can replace standards with personal incentives	B	People differ in their reasons, so effective leaders connect the mission to what matters to each person.	1	People differ in their reasons, so effective leaders connect the mission to what matters to each person.	The chapter emphasizes individual differences in motivation.	People differ in their reasons, so effective leaders connect the mission to what matters to each person.	Highly able people may still perform poorly without motivation.	Motivation supports standards; it does not replace them.	Choosing a related leadership idea that sounds reasonable but does not precisely answer the question.	Review Motivation on pages 23. Focus on the exact definition and how it differs from nearby concepts.	Same goal, different why.	high	multiple_paths	optional_after_answer	c4_k020_53	Two cadets moving toward the same goal from different personal reasons.	People may share a goal while being motivated by different reasons.	Two paths with different motivations leading to the same goal.	Learn to Lead, Volume 2, Chapter 4, Motivation	23	approved	draft	LTL2-C4-Q052	35	4	high	moderate	true	1.0	existing_original_bank	pre_sample_bank_review
LTL2-C4-Q054	Motivation	C4-O21	C4-K021	C4-K021-054	easy	recall	multiple_choice	mixed	cap_direct	Which is an intrinsic reward?	A cash bonus	A ribbon	Pride from mastering a difficult skill	A public award	C	Intrinsic rewards come from within, such as satisfaction, pride, or a sense of accomplishment.	1	Intrinsic rewards come from within, such as satisfaction, pride, or a sense of accomplishment.	Money is an external or extrinsic reward.	A ribbon is externally provided.	Intrinsic rewards come from within, such as satisfaction, pride, or a sense of accomplishment.	Public recognition is extrinsic.	Choosing a related leadership idea that sounds reasonable but does not precisely answer the question.	Review Motivation on pages 24. Focus on the exact definition and how it differs from nearby concepts.	Intrinsic = inside.	high	inside_out_reward	optional_after_answer	c4_k021_54	A heart and mind glowing from accomplishment, contrasted with an external trophy.	Intrinsic rewards are felt within the person.	A person feeling internal pride rather than receiving an outside prize.	Learn to Lead, Volume 2, Chapter 4, Motivation	24	approved	draft	LTL2-C4-Q055	25	4	high	moderate	true	1.0	existing_original_bank	pre_sample_bank_review
LTL2-C4-Q055	Motivation	C4-O21	C4-K021	C4-K021-055	medium	understanding	multiple_choice	mixed	cap_direct	Which statement correctly contrasts intrinsic and extrinsic rewards?	Intrinsic rewards are always stronger; extrinsic rewards never work	Intrinsic rewards come from personal satisfaction; extrinsic rewards come from outside the person	Intrinsic rewards are emotional; extrinsic rewards are logical	Intrinsic rewards motivate volunteers; extrinsic rewards motivate only paid employees	B	Intrinsic rewards are internal satisfactions, while extrinsic rewards are provided externally.	1	Intrinsic rewards are internal satisfactions, while extrinsic rewards are provided externally.	Both can motivate depending on the person and situation.	Intrinsic rewards are internal satisfactions, while extrinsic rewards are provided externally.	The distinction is source, not emotion versus logic.	Both kinds can affect volunteers and employees.	Choosing a related leadership idea that sounds reasonable but does not precisely answer the question.	Review Motivation on pages 24. Focus on the exact definition and how it differs from nearby concepts.	Inside satisfaction, outside reward.	high	inside_outside_diagram	optional_after_answer	c4_k021_55	A person with an internal glow beside a medal handed from outside.	Intrinsic comes from within; extrinsic comes from outside.	Internal satisfaction contrasted with an externally given reward.	Learn to Lead, Volume 2, Chapter 4, Motivation	24	approved	draft	LTL2-C4-Q054	35	4	high	moderate	true	1.0	existing_original_bank	pre_sample_bank_review
LTL2-C4-Q056	Motivation	C4-O22	C4-K022	C4-K022-056	hard	scenario	multiple_choice	mixed	scenario	An NCO wants cadets to prepare thoroughly for a difficult mission. Which approach best uses shared purpose?	Promise a prize to the top performer only	Explain how each person’s preparation protects the team and accomplishes the mission	Warn that unprepared cadets will look foolish	Assign tasks without explaining why they matter	B	Shared purpose links individual effort to common values, goals, and mission importance.	1	Shared purpose links individual effort to common values, goals, and mission importance.	A prize is extrinsic and may divide attention from the team purpose.	Shared purpose links individual effort to common values, goals, and mission importance.	Shame may create short-term compliance but not shared commitment.	Without the why, people are less likely to internalize the mission.	Choosing a related leadership idea that sounds reasonable but does not precisely answer the question.	Review Motivation on pages 25. Focus on the exact definition and how it differs from nearby concepts.	Connect my task to our mission.	high	link_diagram	optional_after_answer	c4_k022_56	An individual task linked by a chain to team safety and mission success.	Shared purpose shows how individual effort serves the whole team.	A cadet’s preparation connected to team safety and mission accomplishment.	Learn to Lead, Volume 2, Chapter 4, Motivation	25	approved	draft	LTL2-C4-Q057	45	4	low	basic	false	0	existing_original_bank	pre_sample_bank_review
LTL2-C4-Q057	Motivation	C4-O22	C4-K022	C4-K022-057	hard	analysis	multiple_choice	mixed	application	Why is shared purpose often more powerful than a simple reward?	It guarantees everyone has identical personal goals	It connects action to values and long-term meaning, encouraging deeper commitment	It eliminates the need for standards and supervision	It works only when no extrinsic rewards are available	B	Shared purpose motivates through meaning and agreement, not merely through an outside payoff.	1	Shared purpose motivates through meaning and agreement, not merely through an outside payoff.	People can retain different personal goals while sharing a mission.	Shared purpose motivates through meaning and agreement, not merely through an outside payoff.	Purpose complements standards and supervision.	Shared purpose can be powerful even when external rewards exist.	Choosing a related leadership idea that sounds reasonable but does not precisely answer the question.	Review Motivation on pages 25. Focus on the exact definition and how it differs from nearby concepts.	Meaning lasts longer than prizes.	high	roots_and_trophy	optional_after_answer	c4_k022_57	Deep roots labeled Purpose beside a temporary trophy.	Shared purpose creates deeper, more durable motivation.	A rooted tree representing purpose contrasted with a temporary prize.	Learn to Lead, Volume 2, Chapter 4, Motivation	25	approved	draft	LTL2-C4-Q056	45	4	low	basic	false	0	existing_original_bank	pre_sample_bank_review
LTL2-C4-Q058	Motivation	C4-O23	C4-K023	C4-K023-058	medium	understanding	multiple_choice	mixed	cap_direct	Why can leading volunteers be more challenging than leading paid employees?	Volunteers are less capable	Volunteers can leave more easily if they do not find meaning or alignment	Volunteers cannot receive recognition	Volunteers are exempt from standards	B	Volunteers serve because they choose to; if purpose and personal goals do not align, they can vote with their feet.	1	Volunteers serve because they choose to; if purpose and personal goals do not align, they can vote with their feet.	Ability is not inherently lower in volunteers.	Volunteers serve because they choose to; if purpose and personal goals do not align, they can vote with their feet.	Recognition can be an important extrinsic motivator for volunteers.	Volunteer organizations still require standards.	Choosing a related leadership idea that sounds reasonable but does not precisely answer the question.	Review Motivation on pages 25. Focus on the exact definition and how it differs from nearby concepts.	Volunteers stay for the why.	high	open_door_diagram	optional_after_answer	c4_k023_58	A volunteer choosing between a meaningful mission and an exit door.	Volunteer commitment depends heavily on worthwhile purpose.	A volunteer staying for a meaningful mission while an open exit remains available.	Learn to Lead, Volume 2, Chapter 4, Motivation	25	approved	draft	LTL2-C4-Q059	35	4	high	moderate	true	1.0	existing_original_bank	pre_sample_bank_review
LTL2-C4-Q059	Motivation	C4-O23	C4-K023	C4-K023-059	hard	scenario	multiple_choice	mixed	scenario	A volunteer leader relies only on threats and small prizes. Participation briefly rises, then falls. What is the best diagnosis?	The rewards were not expensive enough	The leader failed to build intrinsic motivation and shared purpose	Volunteers should be treated exactly like paid employees	The team needs fewer explanations and more control	B	Short-term external pressure cannot replace a meaningful connection between the volunteer’s values and the mission.	1	Short-term external pressure cannot replace a meaningful connection between the volunteer’s values and the mission.	Increasing the prize may not create lasting commitment.	Short-term external pressure cannot replace a meaningful connection between the volunteer’s values and the mission.	Volunteer motivation often requires greater attention to meaning and alignment.	More control without purpose is unlikely to create durable motivation.	Choosing a related leadership idea that sounds reasonable but does not precisely answer the question.	Review Motivation on pages 24-25. Focus on the exact definition and how it differs from nearby concepts.	Prizes start; purpose sustains.	high	short_long_graph	optional_after_answer	c4_k023_59	A short spike labeled Prize and a sustained line labeled Shared Purpose.	External rewards may spark action; shared purpose sustains it.	A graph comparing a brief reward-driven rise with sustained purpose-driven commitment.	Learn to Lead, Volume 2, Chapter 4, Motivation	24-25	approved	draft	LTL2-C4-Q058	45	4	low	basic	false	0	existing_original_bank	pre_sample_bank_review
LTL2-C4-Q060	NCO / Officer Relationship	C4-O24	C4-K024	C4-K024-060	easy	recognition	multiple_choice	mixed	cap_direct	Which duty is more characteristic of an NCO than an officer?	Establishing long-term policy	Training people to do their jobs	Organizing a team of leaders	Creating conditions for several teams to succeed	B	NCOs focus on short-term needs and train people to perform their jobs.	1	NCOs focus on short-term needs and train people to perform their jobs.	Establishing policy is more characteristic of officers.	NCOs focus on short-term needs and train people to perform their jobs.	Organizing a team of leaders is generally an officer function.	Creating broad conditions for success is an officer emphasis.	Choosing a related leadership idea that sounds reasonable but does not precisely answer the question.	Review NCO / Officer Relationship on pages 26. Focus on the exact definition and how it differs from nearby concepts.	NCOs train and get the job done.	high	role_comparison	optional_after_answer	c4_k024_60	An NCO training a small team beside an officer planning for the larger organization.	NCOs develop people and execute plans at the first line.	An NCO training cadets while an officer plans for the larger team.	Learn to Lead, Volume 2, Chapter 4, NCO / Officer Relationship	26	approved	draft	LTL2-C4-Q061	25	4	high	moderate	true	1.0	existing_original_bank	pre_sample_bank_review
LTL2-C4-Q061	NCO / Officer Relationship	C4-O24	C4-K024	C4-K024-061	medium	understanding	multiple_choice	mixed	cap_direct	Which statement best contrasts NCO and officer responsibilities?	NCOs lead people; officers do not	NCOs emphasize short-term execution and individual cadets; officers emphasize long-term direction and the whole team	NCOs create standards; officers enforce them	NCOs work tactically only; officers work strategically only	B	NCOs usually focus on near-term execution and people, while officers establish broader direction and conditions.	1	NCOs usually focus on near-term execution and people, while officers establish broader direction and conditions.	Both NCOs and officers lead people.	NCOs usually focus on near-term execution and people, while officers establish broader direction and conditions.	The chapter generally reverses this: officers establish, NCOs help ensure compliance.	Roles can occur at different arenas; the distinction is not absolute.	Choosing a related leadership idea that sounds reasonable but does not precisely answer the question.	Review NCO / Officer Relationship on pages 26. Focus on the exact definition and how it differs from nearby concepts.	NCO: now and near. Officer: later and larger.	high	near_far_diagram	optional_after_answer	c4_k024_61	A close-up of individual cadets and a wide-angle view of the whole organization.	NCOs focus near-term and close; officers look broader and longer-term.	A close view of a small team contrasted with a broad long-term organizational view.	Learn to Lead, Volume 2, Chapter 4, NCO / Officer Relationship	26	approved	draft	LTL2-C4-Q060	35	4	high	moderate	true	1.0	existing_original_bank	pre_sample_bank_review
LTL2-C4-Q062	NCO / Officer Relationship	C4-O25	C4-K025	C4-K025-062	easy	recall	multiple_choice	mixed	cap_direct	The three leadership arenas are	technical, physical, and mental	tactical, operational, and strategic	individual, team, and institutional	directing, coaching, and supporting	B	Leadership is practiced in tactical, operational, and strategic arenas.	1	Leadership is practiced in tactical, operational, and strategic arenas.	These are readiness areas.	Leadership is practiced in tactical, operational, and strategic arenas.	These are not the chapter’s named arenas.	These are behavior or style ideas, not the three arenas.	Choosing a related leadership idea that sounds reasonable but does not precisely answer the question.	Review NCO / Officer Relationship on pages 27. Focus on the exact definition and how it differs from nearby concepts.	TOS: Tactical, Operational, Strategic.	high	three_level_pyramid	optional_after_answer	c4_k025_62	A three-level pyramid labeled Tactical, Operational, Strategic.	Leadership expands from tactical to operational to strategic.	A pyramid showing tactical, operational, and strategic levels.	Learn to Lead, Volume 2, Chapter 4, NCO / Officer Relationship	27	approved	draft	LTL2-C4-Q063	25	4	high	moderate	true	1.0	existing_original_bank	pre_sample_bank_review
LTL2-C4-Q063	NCO / Officer Relationship	C4-O25	C4-K025	C4-K025-063	hard	scenario	multiple_choice	mixed	scenario	At a search mission, a leader assigns aircrews to specific areas and coordinates their work. Which arena is this?	Tactical	Operational	Strategic	Technical	B	Operational leaders organize and direct tactical teams and coordinate mission details.	1	Operational leaders organize and direct tactical teams and coordinate mission details.	Tactical leadership performs the immediate task, such as an individual aircrew conducting the search.	Operational leaders organize and direct tactical teams and coordinate mission details.	Strategic leadership focuses on long-term institutional resources and direction.	Technical is a readiness or skill category, not a leadership arena.	Choosing a related leadership idea that sounds reasonable but does not precisely answer the question.	Review NCO / Officer Relationship on pages 27. Focus on the exact definition and how it differs from nearby concepts.	Operational organizes operators.	high	mission_layers	optional_after_answer	c4_k025_63	Strategic resources above operational coordination above tactical aircrews.	Operational leadership coordinates the teams performing the mission.	A layered mission structure with operational staff assigning tactical aircrews.	Learn to Lead, Volume 2, Chapter 4, NCO / Officer Relationship	27	approved	draft	LTL2-C4-Q062	45	4	low	basic	false	0	existing_original_bank	pre_sample_bank_review
LTL2-C4-Q064	NCO / Officer Relationship	C4-O26	C4-K026	C4-K026-064	medium	recall	multiple_choice	mixed	cap_direct	The three levels of leadership skill are	personal, interpersonal, and organizational	technical, conceptual, and people skills	tactical, operational, and strategic skills	planning, directing, and evaluating	B	Leadership skill develops across technical, people, and conceptual skills.	1	Leadership skill develops across technical, people, and conceptual skills.	These terms are not the chapter’s three skill levels.	Leadership skill develops across technical, people, and conceptual skills.	Those are arenas, not skill types.	These are leadership tasks, not the named skill categories.	Choosing a related leadership idea that sounds reasonable but does not precisely answer the question.	Review NCO / Officer Relationship on pages 27-28. Focus on the exact definition and how it differs from nearby concepts.	Tools, People, Ideas.	high	three_part_icon_card	optional_after_answer	c4_k026_64	Icons for tools, people, and a lightbulb labeled Technical, People, Conceptual.	Leaders need technical, people, and conceptual skill.	Tools, a group of people, and a lightbulb representing three skill levels.	Learn to Lead, Volume 2, Chapter 4, NCO / Officer Relationship	27-28	approved	draft		35	4	high	moderate	true	1.0	existing_original_bank	pre_sample_bank_review
LTL2-C4-Q065	NCO / Officer Relationship	C4-O27	C4-K027	C4-K027-065	medium	understanding	multiple_choice	mixed	cap_direct	Command intent is	a detailed list of every step a follower must take	the leader’s concise expression of purpose and desired end state	the authority to disagree with an order	a subordinate’s proposed solution to a problem	B	Command intent explains the overall result the commander wants, guiding action when details change.	1	Command intent explains the overall result the commander wants, guiding action when details change.	Intent focuses on purpose and result, not every step.	Command intent explains the overall result the commander wants, guiding action when details change.	Respectful dissent is a different concept.	That describes completed staff work.	Choosing a related leadership idea that sounds reasonable but does not precisely answer the question.	Review NCO / Officer Relationship on pages 28. Focus on the exact definition and how it differs from nearby concepts.	Intent = purpose plus end state.	high	destination_map	optional_after_answer	c4_k027_65	A map showing the destination clearly while alternate routes remain open.	Command intent tells the team where and why, not every turn.	A map with a clear destination and several possible routes.	Learn to Lead, Volume 2, Chapter 4, NCO / Officer Relationship	28	approved	draft	LTL2-C4-Q066|LTL2-C4-Q067	35	4	high	moderate	true	1.0	existing_original_bank	pre_sample_bank_review
LTL2-C4-Q066	NCO / Officer Relationship	C4-O27	C4-K027	C4-K027-066	hard	scenario	multiple_choice	mixed	scenario	An unexpected obstacle blocks the planned route, but a cadet understands the commander’s desired result and chooses a safe alternate method. This best demonstrates	initiative aligned with command intent	respectful dissent	completed staff work	strategic leadership	A	Helpful initiative is independent action that remains consistent with the boss’s purpose.	1	Helpful initiative is independent action that remains consistent with the boss’s purpose.	Helpful initiative is independent action that remains consistent with the boss’s purpose.	No disagreement with the boss is being raised.	No formal proposal has been coordinated and presented.	The situation concerns immediate execution, not institutional long-term direction.	Choosing a related leadership idea that sounds reasonable but does not precisely answer the question.	Review NCO / Officer Relationship on pages 28. Focus on the exact definition and how it differs from nearby concepts.	Act independently, aim consistently.	high	alternate_route	optional_after_answer	c4_k027_66	Two routes to the same destination, with one blocked and the other chosen.	Initiative changes the route without changing the mission.	A cadet choosing an alternate route while preserving the commander’s intended destination.	Learn to Lead, Volume 2, Chapter 4, NCO / Officer Relationship	28	approved	draft	LTL2-C4-Q065|LTL2-C4-Q067	45	4	low	basic	false	0	existing_original_bank	pre_sample_bank_review
LTL2-C4-Q067	NCO / Officer Relationship	C4-O27	C4-K027	C4-K027-067	hard	application	multiple_choice	mixed	application	Which action best represents completed staff work?	Telling the boss there is a problem and asking what to do	Researching the issue, coordinating with stakeholders, and presenting a solution ready for approval	Waiting until the boss notices the problem	Offering several unexamined ideas so the boss can choose	B	Completed staff work thoroughly analyzes and coordinates a solution so the boss can approve it with minimal additional work.	1	Completed staff work thoroughly analyzes and coordinates a solution so the boss can approve it with minimal additional work.	This transfers the problem to the boss without analysis.	Completed staff work thoroughly analyzes and coordinates a solution so the boss can approve it with minimal additional work.	Good followers keep the boss informed rather than waiting.	Unexamined options still burden the boss.	Choosing a related leadership idea that sounds reasonable but does not precisely answer the question.	Review NCO / Officer Relationship on pages 29. Focus on the exact definition and how it differs from nearby concepts.	Bring a solution, not just a problem.	high	completed_package	optional_after_answer	c4_k027_67	A problem folder transformed into a coordinated proposal with an approval box.	Completed staff work makes the boss’s decision easier.	A researched and coordinated solution ready for the leader’s approval.	Learn to Lead, Volume 2, Chapter 4, NCO / Officer Relationship	29	approved	draft	LTL2-C4-Q065|LTL2-C4-Q066	45	4	low	basic	false	0	existing_original_bank	pre_sample_bank_review
LTL2-C4-Q068	Team Dynamics	C4-O28	C4-K028	C4-K028-068	medium	recall	multiple_choice	mixed	cap_direct	Which list contains only needs of successful teams identified in the chapter?	Shared purpose, leadership, involvement, morale, communication, discipline, and identity	Rank, competition, secrecy, speed, independence, rewards, and control	Uniformity, silence, obedience, isolation, pressure, perfection, and authority	Talent, equipment, funding, popularity, size, tradition, and seniority	A	Teams need shared purpose, leadership, involvement of all members, good morale, open communication, discipline, and team identity.	1	Teams need shared purpose, leadership, involvement of all members, good morale, open communication, discipline, and team identity.	Teams need shared purpose, leadership, involvement of all members, good morale, open communication, discipline, and team identity.	Several items may sometimes matter, but this is not the chapter’s seven needs.	This list includes team pitfalls rather than healthy needs.	Resources and talent do not replace the seven team needs.	Choosing a related leadership idea that sounds reasonable but does not precisely answer the question.	Review Team Dynamics on pages 30-31. Focus on the exact definition and how it differs from nearby concepts.	Purpose, Lead, Involve, Morale, Communicate, Discipline, Identity.	high	seven_spoke_wheel	optional_after_answer	c4_k028_68	A seven-spoke wheel showing the seven team needs.	Strong teams meet seven connected needs.	A wheel containing shared purpose, leadership, involvement, morale, communication, discipline, and identity.	Learn to Lead, Volume 2, Chapter 4, Team Dynamics	30-31	approved	draft	LTL2-C4-Q069	35	4	high	moderate	true	1.0	existing_original_bank	pre_sample_bank_review
LTL2-C4-Q069	Team Dynamics	C4-O28	C4-K028	C4-K028-069	medium	understanding	multiple_choice	mixed	cap_direct	Esprit de corps is best described as	temporary excitement before an activity	team pride, fellowship, and loyalty that grows from effectiveness	strict conformity to the leader’s opinions	the authority of informal leaders	B	Esprit de corps is a sense of team pride, fellowship, and loyalty associated with an effective team.	1	Esprit de corps is a sense of team pride, fellowship, and loyalty associated with an effective team.	It is deeper and more durable than temporary excitement.	Esprit de corps is a sense of team pride, fellowship, and loyalty associated with an effective team.	Healthy team identity is not blind conformity.	Informal leadership is a separate concept.	Choosing a related leadership idea that sounds reasonable but does not precisely answer the question.	Review Team Dynamics on pages 31. Focus on the exact definition and how it differs from nearby concepts.	Esprit = pride in us.	high	team_badge	optional_after_answer	c4_k028_69	A team gathered around a shared emblem with pride and loyalty.	Esprit de corps is the team’s shared pride and fellowship.	Team members united around a shared emblem with pride and loyalty.	Learn to Lead, Volume 2, Chapter 4, Team Dynamics	31	approved	draft	LTL2-C4-Q068	35	4	high	moderate	true	1.0	existing_original_bank	pre_sample_bank_review
LTL2-C4-Q070	Team Dynamics	C4-O29	C4-K029	C4-K029-070	easy	recognition	multiple_choice	mixed	cap_direct	A free rider is someone who	challenges groupthink with an independent idea	receives the benefits of team effort without contributing fairly	leads without formal authority	works alone to avoid slowing the team	B	A free rider benefits from the team’s labor without providing a fair share of effort.	1	A free rider benefits from the team’s labor without providing a fair share of effort.	That person may provide valuable dissent.	A free rider benefits from the team’s labor without providing a fair share of effort.	That describes an informal leader.	Working alone may be inefficient but is not the definition.	Choosing a related leadership idea that sounds reasonable but does not precisely answer the question.	Review Team Dynamics on pages 32. Focus on the exact definition and how it differs from nearby concepts.	Free ride = benefits without effort.	high	wagon_diagram	optional_after_answer	c4_k029_70	Several team members pulling a wagon while one person sits without helping.	A free rider enjoys the result without sharing the work.	A team pulling a wagon while one member rides without contributing.	Learn to Lead, Volume 2, Chapter 4, Team Dynamics	32	approved	draft	LTL2-C4-Q071	25	4	high	moderate	true	1.0	existing_original_bank	pre_sample_bank_review
LTL2-C4-Q071	Team Dynamics	C4-O29	C4-K029	C4-K029-071	hard	scenario	multiple_choice	mixed	scenario	Every member privately doubts a plan, but each assumes the others support it, so no one speaks up. Which pitfall is most directly involved?	Esprit de corps	False consensus and conformity	Completed staff work	Operational leadership	B	People may incorrectly assume the group agrees and suppress dissent, producing false consensus and conformity.	1	People may incorrectly assume the group agrees and suppress dissent, producing false consensus and conformity.	Team pride does not require silent agreement.	People may incorrectly assume the group agrees and suppress dissent, producing false consensus and conformity.	Completed staff work involves researched proposals to a boss.	This is a group decision pitfall, not a leadership arena.	Choosing a related leadership idea that sounds reasonable but does not precisely answer the question.	Review Team Dynamics on pages 32-33. Focus on the exact definition and how it differs from nearby concepts.	Silence can look like agreement.	high	silent_group	optional_after_answer	c4_k029_71	A group with silent thought bubbles showing doubt while a public bubble shows agreement.	Unspoken doubts can create a false picture of consensus.	Team members privately disagreeing while publicly appearing to agree.	Learn to Lead, Volume 2, Chapter 4, Team Dynamics	32-33	approved	draft	LTL2-C4-Q070	45	4	low	basic	false	0	existing_original_bank	pre_sample_bank_review
LTL2-C4-Q072	Team Dynamics	C4-O30	C4-K030	C4-K030-072	easy	recall	multiple_choice	mixed	cap_direct	What is the correct order of Tuckman’s team stages?	Forming, norming, storming, performing	Storming, forming, performing, norming	Forming, storming, norming, performing	Norming, forming, storming, performing	C	Teams typically move through forming, storming, norming, and performing.	1	Teams typically move through forming, storming, norming, and performing.	Storming normally comes before norming.	The sequence begins with forming and ends with performing.	Teams typically move through forming, storming, norming, and performing.	Norming follows conflict in storming.	Choosing a related leadership idea that sounds reasonable but does not precisely answer the question.	Review Team Dynamics on pages 34. Focus on the exact definition and how it differs from nearby concepts.	Form, Storm, Norm, Perform.	high	four_stage_path	optional_after_answer	c4_k030_72	Four connected stages labeled Forming, Storming, Norming, Performing.	Teams develop from forming through performing.	A four-stage path showing forming, storming, norming, and performing.	Learn to Lead, Volume 2, Chapter 4, Team Dynamics	34	approved	draft	LTL2-C4-Q073|LTL2-C4-Q074	25	4	high	moderate	true	1.0	existing_original_bank	pre_sample_bank_review
LTL2-C4-Q073	Team Dynamics	C4-O30	C4-K030	C4-K030-073	hard	scenario	multiple_choice	mixed	scenario	A newly assembled flight is uncertain, nervous, and only lightly committed because members do not know what to expect. Which stage is this?	Forming	Storming	Norming	Performing	A	Forming is marked by uncertainty, confusion, and limited early commitment.	1	Forming is marked by uncertainty, confusion, and limited early commitment.	Forming is marked by uncertainty, confusion, and limited early commitment.	Storming features personality clashes and conflict.	Norming features accepted standards and growing security.	Performing features mature focus on the goal.	Choosing a related leadership idea that sounds reasonable but does not precisely answer the question.	Review Team Dynamics on pages 34. Focus on the exact definition and how it differs from nearby concepts.	Forming feels foggy.	high	foggy_start	optional_after_answer	c4_k030_73	A newly gathered team in light fog with question marks.	Forming begins with uncertainty and limited commitment.	A new team looking uncertain and confused at the start.	Learn to Lead, Volume 2, Chapter 4, Team Dynamics	34	approved	draft	LTL2-C4-Q072|LTL2-C4-Q074	45	4	low	basic	false	0	existing_original_bank	pre_sample_bank_review
LTL2-C4-Q074	Team Dynamics	C4-O30	C4-K030	C4-K030-074	hard	scenario	multiple_choice	mixed	scenario	A team’s members openly clash over attention, roles, and personal goals. Trust is still weak. Which stage is this?	Forming	Storming	Norming	Performing	B	Storming is the conflict stage where personalities and competing needs collide.	1	Storming is the conflict stage where personalities and competing needs collide.	Forming is earlier uncertainty before major conflict emerges.	Storming is the conflict stage where personalities and competing needs collide.	Norming occurs as conflict decreases and standards gain acceptance.	Performing is mature, goal-focused teamwork.	Choosing a related leadership idea that sounds reasonable but does not precisely answer the question.	Review Team Dynamics on pages 34. Focus on the exact definition and how it differs from nearby concepts.	Storming = personalities collide.	high	storm_clouds	optional_after_answer	c4_k030_74	Team members under storm clouds debating roles and goals.	Storming brings conflict as personalities and needs emerge.	A team in conflict over roles and personal goals.	Learn to Lead, Volume 2, Chapter 4, Team Dynamics	34	approved	draft	LTL2-C4-Q072|LTL2-C4-Q073	45	4	low	basic	false	0	existing_original_bank	pre_sample_bank_review
LTL2-C4-Q075	Team Dynamics	C4-O31	C4-K031	C4-K031-075	hard	application	multiple_choice	mixed	application	Under the LEAD model, which action belongs most clearly to “Empower to participate”?	Set boundaries and explain why goals matter	Ask open-ended questions, listen actively, and welcome different views	Use brainstorming to find common interests	Give clear directions and monitor morale	B	Empowerment invites participation through open questions, active listening, understanding, and diverse views.	1	Empowerment invites participation through open questions, active listening, understanding, and diverse views.	That belongs mainly to Lead with a clear purpose.	Empowerment invites participation through open questions, active listening, understanding, and diverse views.	That belongs mainly to Aim for consensus.	That belongs mainly to Direct the team.	Choosing a related leadership idea that sounds reasonable but does not precisely answer the question.	Review Team Dynamics on pages 35. Focus on the exact definition and how it differs from nearby concepts.	L-E-A-D: Purpose, Participation, Agreement, Direction.	high	lead_model_quadrants	optional_after_answer	c4_k031_75	Four quadrants labeled Lead, Empower, Aim, Direct with key verbs.	The LEAD model organizes four basic team-leadership functions.	A four-part diagram showing Lead, Empower, Aim, and Direct.	Learn to Lead, Volume 2, Chapter 4, Team Dynamics	35	approved	draft		45	4	low	basic	false	0	existing_original_bank	pre_sample_bank_review
LTL2-C4-Q076	C4-Expansion	C4-O1	LTL2-C4-PROFESSIONALISM_CRITERIA	LTL2-C4-PROFESSIONALISM_CRITERIA	medium	recall	multiple_choice	both	direct_definition	Which statement best describes a professional leader?	A person who is paid to supervise others	A skilled person who follows orders without question	A person who serves the community, has special competence, and follows an ethical code	A person whose rank gives special privileges	C	Professionalism combines service, competence, and ethical conduct.	1	Professionalism combines service, competence, and ethical conduct. A is incorrect because being paid alone does not establish professionalism. B is incorrect because skill and obedience omit service and ethical responsibility.	Being paid alone does not establish professionalism.	Skill and obedience omit service and ethical responsibility.	Correct. Professionalism combines service, competence, and ethical conduct.	Rank imposes responsibility rather than privilege.	Choosing a related term because it sounds plausible without matching the exact definition or situation.	Review the distinction behind this item: Professionalism combines service, competence, and ethical conduct. Then compare each option to the exact wording of the chapter.	Service, skill, ethics.	medium	comparison_card	optional_after_answer	ltl2_c4_professionalism_criteria_076	Create a simple, uncluttered study visual for the concept: Professionalism combines service, competence, and ethical conduct. Emphasize the distinction tested by the answer choices.	Service, skill, ethics.	A study visual illustrating: Professionalism combines service, competence, and ethical conduct.	Learn to Lead, Volume 2, Chapter 4	7	source_approved	draft	LTL2-C4-Q001|LTL2-C4-Q002	35	4	high	moderate	true	1.0	original_textbook_grounded	Mitchell_sample_style_analysis
LTL2-C4-Q077	C4-Expansion	C4-O2	LTL2-C4-PROFESSIONALISM_SERVICE	LTL2-C4-PROFESSIONALISM_SERVICE	hard	application	multiple_choice	both	brief_application	A cadet has excellent technical skill but repeatedly puts personal recognition ahead of the team. Which part of professionalism is most clearly missing?	Special competence	Community interest above self	Formal authority	Military bearing	B	Professionals place the community’s interest above their own.	1	Professionals place the community’s interest above their own. A is incorrect because the cadet already demonstrates competence. C is incorrect because authority is not one of the three defining criteria.	The cadet already demonstrates competence.	Correct. Professionals place the community’s interest above their own.	Authority is not one of the three defining criteria.	Bearing may matter, but the example focuses on self-interest.	Choosing a related term because it sounds plausible without matching the exact definition or situation.	Review the distinction behind this item: Professionals place the community’s interest above their own. Then compare each option to the exact wording of the chapter.	Professional means community before me.	medium	comparison_card	optional_after_answer	ltl2_c4_professionalism_service_077	Create a simple, uncluttered study visual for the concept: Professionals place the community’s interest above their own. Emphasize the distinction tested by the answer choices.	Professional means community before me.	A study visual illustrating: Professionals place the community’s interest above their own.	Learn to Lead, Volume 2, Chapter 4	7	source_approved	draft	LTL2-C4-Q003|LTL2-C4-Q004	45	4	high	close	true	1.2	original_textbook_grounded	Mitchell_sample_style_analysis
LTL2-C4-Q078	C4-Expansion	C4-O3	LTL2-C4-STANDARD_DEFINITION	LTL2-C4-STANDARD_DEFINITION	medium	recall	multiple_choice	both	direct_definition	A standard is best defined as	a personal goal that may change whenever needed	an established requirement or principle used to judge something	a punishment for failing to meet expectations	an unwritten preference held by one leader	B	A standard is an established requirement used as a benchmark.	1	A standard is an established requirement used as a benchmark. A is incorrect because a goal is a desired result, not necessarily a judging principle. C is incorrect because a consequence is not the standard itself.	A goal is a desired result, not necessarily a judging principle.	Correct. A standard is an established requirement used as a benchmark.	A consequence is not the standard itself.	Standards may be written or informal, but are more than one person’s preference.	Choosing a related term because it sounds plausible without matching the exact definition or situation.	Review the distinction behind this item: A standard is an established requirement used as a benchmark. Then compare each option to the exact wording of the chapter.	Standard = measuring stick.	medium	comparison_card	optional_after_answer	ltl2_c4_standard_definition_078	Create a simple, uncluttered study visual for the concept: A standard is an established requirement used as a benchmark. Emphasize the distinction tested by the answer choices.	Standard = measuring stick.	A study visual illustrating: A standard is an established requirement used as a benchmark.	Learn to Lead, Volume 2, Chapter 4	8	source_approved	draft	LTL2-C4-Q007|LTL2-C4-Q008	35	4	high	moderate	true	1.0	original_textbook_grounded	Mitchell_sample_style_analysis
LTL2-C4-Q079	C4-Expansion	C4-O3	LTL2-C4-STANDARD_SOURCES	LTL2-C4-STANDARD_SOURCES	medium	recall	multiple_choice	both	close_distinction	Which source can establish a military standard?	Only published regulations	Only the commander’s written memorandum	Regulations, technical orders, training manuals, or a commander’s direction	Only traditions accepted by every team member	C	Military standards can come from official documents or a commander’s direction.	1	Military standards can come from official documents or a commander’s direction. A is incorrect because regulations are one source, not the only source. B is incorrect because a commander may establish a standard orally as well.	Regulations are one source, not the only source.	A commander may establish a standard orally as well.	Correct. Military standards can come from official documents or a commander’s direction.	Informal traditions may influence a team, but universal acceptance is not required.	Choosing a related term because it sounds plausible without matching the exact definition or situation.	Review the distinction behind this item: Military standards can come from official documents or a commander’s direction. Then compare each option to the exact wording of the chapter.	Standards can be written, spoken, or modeled.	high	comparison_card	optional_after_answer	ltl2_c4_standard_sources_079	Create a simple, uncluttered study visual for the concept: Military standards can come from official documents or a commander’s direction. Emphasize the distinction tested by the answer choices.	Standards can be written, spoken, or modeled.	A study visual illustrating: Military standards can come from official documents or a commander’s direction.	Learn to Lead, Volume 2, Chapter 4	8	source_approved	draft	LTL2-C4-Q007|LTL2-C4-Q008	35	4	high	close	true	1.0	original_textbook_grounded	Mitchell_sample_style_analysis
LTL2-C4-Q080	C4-Expansion	C4-O3	LTL2-C4-LEADER_EXAMPLE_STANDARD	LTL2-C4-LEADER_EXAMPLE_STANDARD	medium	understanding	multiple_choice	both	brief_application	Why is the leader’s example called the most important standard?	It replaces every written regulation	Team members judge expectations partly by what the leader consistently does	It allows leaders to apply different rules to themselves	It makes formal training unnecessary	B	A leader’s conduct demonstrates what the team is truly expected to do.	1	A leader’s conduct demonstrates what the team is truly expected to do. A is incorrect because example supports rather than replaces formal standards. C is incorrect because leaders should model the standard, not claim an exception.	Example supports rather than replaces formal standards.	Correct. A leader’s conduct demonstrates what the team is truly expected to do.	Leaders should model the standard, not claim an exception.	Example does not eliminate training.	Choosing a related term because it sounds plausible without matching the exact definition or situation.	Review the distinction behind this item: A leader’s conduct demonstrates what the team is truly expected to do. Then compare each option to the exact wording of the chapter.	People copy the standard they see.	medium	comparison_card	optional_after_answer	ltl2_c4_leader_example_standard_080	Create a simple, uncluttered study visual for the concept: A leader’s conduct demonstrates what the team is truly expected to do. Emphasize the distinction tested by the answer choices.	People copy the standard they see.	A study visual illustrating: A leader’s conduct demonstrates what the team is truly expected to do.	Learn to Lead, Volume 2, Chapter 4	8	source_approved	draft	LTL2-C4-Q007|LTL2-C4-Q008	35	4	high	moderate	true	1.0	original_textbook_grounded	Mitchell_sample_style_analysis
LTL2-C4-Q081	C4-Expansion	C4-O4	LTL2-C4-AIRMAN_TO_NCO	LTL2-C4-AIRMAN_TO_NCO	medium	recall	multiple_choice	both	phrase_completion	The transition from airman to NCO is mainly a change from	being cared for to caring for others	receiving orders to no longer following orders	learning skills to relying only on rank	team membership to working independently	A	A new NCO becomes responsible for teaching, guiding, and caring for others.	1	A new NCO becomes responsible for teaching, guiding, and caring for others. B is incorrect because nCOs still follow lawful orders from their leaders. C is incorrect because competence remains essential; rank alone is insufficient.	Correct. A new NCO becomes responsible for teaching, guiding, and caring for others.	NCOs still follow lawful orders from their leaders.	Competence remains essential; rank alone is insufficient.	NCOs remain part of a team.	Choosing a related term because it sounds plausible without matching the exact definition or situation.	Review the distinction behind this item: A new NCO becomes responsible for teaching, guiding, and caring for others. Then compare each option to the exact wording of the chapter.	NCO: cared for → cares for others.	high	comparison_card	optional_after_answer	ltl2_c4_airman_to_nco_081	Create a simple, uncluttered study visual for the concept: A new NCO becomes responsible for teaching, guiding, and caring for others. Emphasize the distinction tested by the answer choices.	NCO: cared for → cares for others.	A study visual illustrating: A new NCO becomes responsible for teaching, guiding, and caring for others.	Learn to Lead, Volume 2, Chapter 4	9	source_approved	draft	LTL2-C4-Q012|LTL2-C4-Q013	35	4	high	moderate	true	1.0	original_textbook_grounded	Mitchell_sample_style_analysis
LTL2-C4-Q082	C4-Expansion	C4-O4	LTL2-C4-RANK_RESPONSIBILITY	LTL2-C4-RANK_RESPONSIBILITY	medium	recall	multiple_choice	both	direct_definition	According to the chapter, rank primarily	confers privilege	protects the leader from criticism	imposes responsibility	guarantees competence	C	Rank gives authority so the leader can fulfill greater responsibilities.	1	Rank gives authority so the leader can fulfill greater responsibilities. A is incorrect because the text specifically rejects rank as privilege. B is incorrect because leaders remain accountable for their conduct.	The text specifically rejects rank as privilege.	Leaders remain accountable for their conduct.	Correct. Rank gives authority so the leader can fulfill greater responsibilities.	Competence must be developed; rank does not guarantee it.	Choosing a related term because it sounds plausible without matching the exact definition or situation.	Review the distinction behind this item: Rank gives authority so the leader can fulfill greater responsibilities. Then compare each option to the exact wording of the chapter.	Rank = responsibility, not reward.	medium	comparison_card	optional_after_answer	ltl2_c4_rank_responsibility_082	Create a simple, uncluttered study visual for the concept: Rank gives authority so the leader can fulfill greater responsibilities. Emphasize the distinction tested by the answer choices.	Rank = responsibility, not reward.	A study visual illustrating: Rank gives authority so the leader can fulfill greater responsibilities.	Learn to Lead, Volume 2, Chapter 4	9	source_approved	draft	LTL2-C4-Q012|LTL2-C4-Q013	35	4	high	moderate	true	1.0	original_textbook_grounded	Mitchell_sample_style_analysis
LTL2-C4-Q083	C4-Expansion	C4-O5	LTL2-C4-SUPPORT_THE_LEADER	LTL2-C4-SUPPORT_THE_LEADER	hard	application	multiple_choice	both	brief_application	Which action best reflects the NCO responsibility to support the leader?	Publicly criticizing a decision after it is made	Explaining and promoting the leader’s decision while carrying it out enthusiastically	Agreeing privately but delaying implementation	Suppressing every concern before the decision is made	B	NCOs support leaders by explaining, promoting, and carrying out their decisions.	1	NCOs support leaders by explaining, promoting, and carrying out their decisions. A is incorrect because public criticism undermines implementation. C is incorrect because delay is not enthusiastic support.	Public criticism undermines implementation.	Correct. NCOs support leaders by explaining, promoting, and carrying out their decisions.	Delay is not enthusiastic support.	Professional support does not require withholding useful advice before a decision.	Choosing a related term because it sounds plausible without matching the exact definition or situation.	Review the distinction behind this item: NCOs support leaders by explaining, promoting, and carrying out their decisions. Then compare each option to the exact wording of the chapter.	Advise honestly; support loyally.	medium	comparison_card	optional_after_answer	ltl2_c4_support_the_leader_083	Create a simple, uncluttered study visual for the concept: NCOs support leaders by explaining, promoting, and carrying out their decisions. Emphasize the distinction tested by the answer choices.	Advise honestly; support loyally.	A study visual illustrating: NCOs support leaders by explaining, promoting, and carrying out their decisions.	Learn to Lead, Volume 2, Chapter 4	10	source_approved	draft	LTL2-C4-Q014|LTL2-C4-Q015	45	4	high	close	true	1.2	original_textbook_grounded	Mitchell_sample_style_analysis
LTL2-C4-Q084	C4-Expansion	C4-O5	LTL2-C4-CORRECT_FOR_SAFETY	LTL2-C4-CORRECT_FOR_SAFETY	medium	recall	multiple_choice	both	brief_application	An NCO notices a cadet using unsafe equipment incorrectly. Which responsibility applies most directly?	Reward people	Correct people	Career counsel	Keep learning	B	NCOs correct improper performance and speak up about safety hazards.	1	NCOs correct improper performance and speak up about safety hazards. A is incorrect because recognition is appropriate for good performance, not an active hazard. C is incorrect because career counseling concerns development opportunities.	Recognition is appropriate for good performance, not an active hazard.	Correct. NCOs correct improper performance and speak up about safety hazards.	Career counseling concerns development opportunities.	Learning is important but does not address the immediate danger.	Choosing a related term because it sounds plausible without matching the exact definition or situation.	Review the distinction behind this item: NCOs correct improper performance and speak up about safety hazards. Then compare each option to the exact wording of the chapter.	Correct early; protect the team.	medium	comparison_card	optional_after_answer	ltl2_c4_correct_for_safety_084	Create a simple, uncluttered study visual for the concept: NCOs correct improper performance and speak up about safety hazards. Emphasize the distinction tested by the answer choices.	Correct early; protect the team.	A study visual illustrating: NCOs correct improper performance and speak up about safety hazards.	Learn to Lead, Volume 2, Chapter 4	10	source_approved	draft	LTL2-C4-Q014|LTL2-C4-Q015	35	4	high	moderate	true	1.0	original_textbook_grounded	Mitchell_sample_style_analysis
LTL2-C4-Q085	C4-Expansion	C4-O5	LTL2-C4-TECHNICAL_READINESS	LTL2-C4-TECHNICAL_READINESS	medium	recall	multiple_choice	both	direct_definition	Which readiness area concerns knowing the mission, standards, regulations, and details of the job?	Mental readiness	Physical readiness	Technical readiness	Team readiness	C	Technical readiness is the knowledge and competence needed to accomplish the mission.	1	Technical readiness is the knowledge and competence needed to accomplish the mission. A is incorrect because mental readiness concerns focus, attitudes, and stress management. B is incorrect because physical readiness concerns health and fitness.	Mental readiness concerns focus, attitudes, and stress management.	Physical readiness concerns health and fitness.	Correct. Technical readiness is the knowledge and competence needed to accomplish the mission.	Team readiness is not one of the chapter’s three named categories.	Choosing a related term because it sounds plausible without matching the exact definition or situation.	Review the distinction behind this item: Technical readiness is the knowledge and competence needed to accomplish the mission. Then compare each option to the exact wording of the chapter.	Technical = know the job.	medium	comparison_card	optional_after_answer	ltl2_c4_technical_readiness_085	Create a simple, uncluttered study visual for the concept: Technical readiness is the knowledge and competence needed to accomplish the mission. Emphasize the distinction tested by the answer choices.	Technical = know the job.	A study visual illustrating: Technical readiness is the knowledge and competence needed to accomplish the mission.	Learn to Lead, Volume 2, Chapter 4	11	source_approved	draft	LTL2-C4-Q014|LTL2-C4-Q015	35	4	high	moderate	true	1.0	original_textbook_grounded	Mitchell_sample_style_analysis
LTL2-C4-Q086	C4-Expansion	C4-O6	LTL2-C4-MENTAL_READINESS	LTL2-C4-MENTAL_READINESS	medium	recall	multiple_choice	both	brief_application	A cadet NCO manages stress, maintains a healthy attitude, and seeks adult help when life feels out of control. This demonstrates	technical readiness	mental readiness	physical readiness	operational readiness	B	Mental readiness includes stress management, healthy attitudes, and seeking help.	1	Mental readiness includes stress management, healthy attitudes, and seeking help. A is incorrect because technical readiness is job knowledge. C is incorrect because physical readiness concerns health and fitness performance.	Technical readiness is job knowledge.	Correct. Mental readiness includes stress management, healthy attitudes, and seeking help.	Physical readiness concerns health and fitness performance.	Operational readiness is not one of the three categories named here.	Choosing a related term because it sounds plausible without matching the exact definition or situation.	Review the distinction behind this item: Mental readiness includes stress management, healthy attitudes, and seeking help. Then compare each option to the exact wording of the chapter.	Mental = focused, healthy, supported.	medium	comparison_card	optional_after_answer	ltl2_c4_mental_readiness_086	Create a simple, uncluttered study visual for the concept: Mental readiness includes stress management, healthy attitudes, and seeking help. Emphasize the distinction tested by the answer choices.	Mental = focused, healthy, supported.	A study visual illustrating: Mental readiness includes stress management, healthy attitudes, and seeking help.	Learn to Lead, Volume 2, Chapter 4	11	source_approved	draft	LTL2-C4-Q022|LTL2-C4-Q023	35	4	high	moderate	true	1.0	original_textbook_grounded	Mitchell_sample_style_analysis
LTL2-C4-Q087	C4-Expansion	C4-O6	LTL2-C4-PHYSICAL_READINESS	LTL2-C4-PHYSICAL_READINESS	medium	recall	multiple_choice	both	close_distinction	Why are NCOs traditionally expected to lead fitness training?	Fitness is the only readiness requirement	Physical readiness requires leadership by example	Officers are prohibited from exercising with the unit	Fitness training replaces technical training	B	NCOs model the physical readiness they expect from their people.	1	NCOs model the physical readiness they expect from their people. A is incorrect because technical and mental readiness also matter. C is incorrect because the chapter gives no such prohibition.	Technical and mental readiness also matter.	Correct. NCOs model the physical readiness they expect from their people.	The chapter gives no such prohibition.	The readiness areas complement one another.	Choosing a related term because it sounds plausible without matching the exact definition or situation.	Review the distinction behind this item: NCOs model the physical readiness they expect from their people. Then compare each option to the exact wording of the chapter.	Fit leaders model readiness.	high	comparison_card	optional_after_answer	ltl2_c4_physical_readiness_087	Create a simple, uncluttered study visual for the concept: NCOs model the physical readiness they expect from their people. Emphasize the distinction tested by the answer choices.	Fit leaders model readiness.	A study visual illustrating: NCOs model the physical readiness they expect from their people.	Learn to Lead, Volume 2, Chapter 4	11	source_approved	draft	LTL2-C4-Q022|LTL2-C4-Q023	35	4	high	close	true	1.0	original_textbook_grounded	Mitchell_sample_style_analysis
LTL2-C4-Q088	C4-Expansion	C4-O7	LTL2-C4-SERVANT_LEADERSHIP_DEFINITION	LTL2-C4-SERVANT_LEADERSHIP_DEFINITION	medium	recall	multiple_choice	both	direct_definition	Servant leadership begins when a leader	seeks authority first and service second	sees service to the team as the primary role	does the team’s work so members face no difficulty	avoids setting demanding standards	B	A servant-leader primarily serves the team and helps people grow.	1	A servant-leader primarily serves the team and helps people grow. A is incorrect because this reverses the servant-first principle. C is incorrect because serving does not mean taking away others’ responsibility.	This reverses the servant-first principle.	Correct. A servant-leader primarily serves the team and helps people grow.	Serving does not mean taking away others’ responsibility.	Servant leaders can maintain high standards.	Choosing a related term because it sounds plausible without matching the exact definition or situation.	Review the distinction behind this item: A servant-leader primarily serves the team and helps people grow. Then compare each option to the exact wording of the chapter.	Serve first; lead through service.	medium	comparison_card	optional_after_answer	ltl2_c4_servant_leadership_definition_088	Create a simple, uncluttered study visual for the concept: A servant-leader primarily serves the team and helps people grow. Emphasize the distinction tested by the answer choices.	Serve first; lead through service.	A study visual illustrating: A servant-leader primarily serves the team and helps people grow.	Learn to Lead, Volume 2, Chapter 4	12	source_approved	draft	LTL2-C4-Q026|LTL2-C4-Q027	35	4	high	moderate	true	1.0	original_textbook_grounded	Mitchell_sample_style_analysis
LTL2-C4-Q089	C4-Expansion	C4-O8	LTL2-C4-SERVANT_NOT_SERVILE	LTL2-C4-SERVANT_NOT_SERVILE	hard	analysis	multiple_choice	both	close_distinction	Which action is servant leadership rather than being servile?	Allowing the team to ignore standards to keep everyone happy	Helping cadets improve while still requiring them to do their own work	Doing every unpleasant task because the team refuses	Giving up authority whenever a subordinate disagrees	B	Servant leaders support growth without becoming powerless or doing everyone’s work.	1	Servant leaders support growth without becoming powerless or doing everyone’s work. A is incorrect because service does not mean abandoning standards. C is incorrect because endless involuntary service describes being servile, not leading.	Service does not mean abandoning standards.	Correct. Servant leaders support growth without becoming powerless or doing everyone’s work.	Endless involuntary service describes being servile, not leading.	A servant-leader still exercises legitimate authority.	Choosing a related term because it sounds plausible without matching the exact definition or situation.	Review the distinction behind this item: Servant leaders support growth without becoming powerless or doing everyone’s work. Then compare each option to the exact wording of the chapter.	Serve growth, not dependence.	high	comparison_card	optional_after_answer	ltl2_c4_servant_not_servile_089	Create a simple, uncluttered study visual for the concept: Servant leaders support growth without becoming powerless or doing everyone’s work. Emphasize the distinction tested by the answer choices.	Serve growth, not dependence.	A study visual illustrating: Servant leaders support growth without becoming powerless or doing everyone’s work.	Learn to Lead, Volume 2, Chapter 4	13	source_approved	draft	LTL2-C4-Q028|LTL2-C4-Q031	45	4	high	close	true	1.2	original_textbook_grounded	Mitchell_sample_style_analysis
LTL2-C4-Q090	C4-Expansion	C4-O9	LTL2-C4-SERVANT_INSPECTION	LTL2-C4-SERVANT_INSPECTION	medium	recall	multiple_choice	both	brief_application	During a uniform inspection, a servant-leader should primarily try to	catch as many violations as possible	prove that the inspector knows more than the cadets	help each cadet reach the standard	avoid correcting anyone publicly or privately	C	The inspection should help cadets meet standards rather than intimidate them.	1	The inspection should help cadets meet standards rather than intimidate them. A is incorrect because a gotcha approach is inconsistent with servant leadership. B is incorrect because the purpose is development, not self-display.	A gotcha approach is inconsistent with servant leadership.	The purpose is development, not self-display.	Correct. The inspection should help cadets meet standards rather than intimidate them.	Helpful correction is part of leadership.	Choosing a related term because it sounds plausible without matching the exact definition or situation.	Review the distinction behind this item: The inspection should help cadets meet standards rather than intimidate them. Then compare each option to the exact wording of the chapter.	Inspect to improve, not to embarrass.	medium	comparison_card	optional_after_answer	ltl2_c4_servant_inspection_090	Create a simple, uncluttered study visual for the concept: The inspection should help cadets meet standards rather than intimidate them. Emphasize the distinction tested by the answer choices.	Inspect to improve, not to embarrass.	A study visual illustrating: The inspection should help cadets meet standards rather than intimidate them.	Learn to Lead, Volume 2, Chapter 4	13	source_approved	draft	LTL2-C4-Q029|LTL2-C4-Q030	35	4	high	moderate	true	1.0	original_textbook_grounded	Mitchell_sample_style_analysis
LTL2-C4-Q091	C4-Expansion	C4-O11	LTL2-C4-COACHING_DEFINITION	LTL2-C4-COACHING_DEFINITION	medium	recall	multiple_choice	both	direct_definition	In leadership, coaching is the process of	assigning punishment for every performance error	solving performance problems and developing people	giving advice only about long-term careers	evaluating a team without discussing results	B	Coaching addresses performance problems while helping the person grow.	1	Coaching addresses performance problems while helping the person grow. A is incorrect because coaching is positive and developmental, not automatic punishment. C is incorrect because career counseling is narrower than coaching.	Coaching is positive and developmental, not automatic punishment.	Correct. Coaching addresses performance problems while helping the person grow.	Career counseling is narrower than coaching.	Coaching requires interaction and support.	Choosing a related term because it sounds plausible without matching the exact definition or situation.	Review the distinction behind this item: Coaching addresses performance problems while helping the person grow. Then compare each option to the exact wording of the chapter.	Coach = solve and develop.	medium	comparison_card	optional_after_answer	ltl2_c4_coaching_definition_091	Create a simple, uncluttered study visual for the concept: Coaching addresses performance problems while helping the person grow. Emphasize the distinction tested by the answer choices.	Coach = solve and develop.	A study visual illustrating: Coaching addresses performance problems while helping the person grow.	Learn to Lead, Volume 2, Chapter 4	15	source_approved	draft	LTL2-C4-Q034|LTL2-C4-Q036	35	4	high	moderate	true	1.0	original_textbook_grounded	Mitchell_sample_style_analysis
LTL2-C4-Q092	C4-Expansion	C4-O13	LTL2-C4-COACHING_OBSERVATION	LTL2-C4-COACHING_OBSERVATION	medium	recall	multiple_choice	both	sequence	What is the first major step in coaching?	Empowerment	Observation	Follow-up	Action	B	A coach first observes performance to understand the real problem.	1	A coach first observes performance to understand the real problem. A is incorrect because empowerment follows dialogue and understanding. C is incorrect because follow-up comes after action.	Empowerment follows dialogue and understanding.	Correct. A coach first observes performance to understand the real problem.	Follow-up comes after action.	Action should be based on observation and dialogue.	Choosing a related term because it sounds plausible without matching the exact definition or situation.	Review the distinction behind this item: A coach first observes performance to understand the real problem. Then compare each option to the exact wording of the chapter.	Observe before you prescribe.	medium	comparison_card	optional_after_answer	ltl2_c4_coaching_observation_092	Create a simple, uncluttered study visual for the concept: A coach first observes performance to understand the real problem. Emphasize the distinction tested by the answer choices.	Observe before you prescribe.	A study visual illustrating: A coach first observes performance to understand the real problem.	Learn to Lead, Volume 2, Chapter 4	16	source_approved	draft	LTL2-C4-Q037|LTL2-C4-Q038	35	4	high	moderate	true	1.0	original_textbook_grounded	Mitchell_sample_style_analysis
LTL2-C4-Q093	C4-Expansion	C4-O13	LTL2-C4-COACHING_ELEMENTS	LTL2-C4-COACHING_ELEMENTS	medium	recall	multiple_choice	both	list_or_sequence	Which sequence correctly states the major coaching elements?	Observation, punishment, compliance, release	Dialogue, empowerment, action, improvement	Dialogue, evaluation, discipline, reward	Direction, enforcement, assessment, inspection	B	Successful coaching moves through dialogue, empowerment, action, and improvement.	1	Successful coaching moves through dialogue, empowerment, action, and improvement. A is incorrect because punishment and compliance are not the chapter’s coaching sequence. C is incorrect because this substitutes discipline for empowerment and action.	Punishment and compliance are not the chapter’s coaching sequence.	Correct. Successful coaching moves through dialogue, empowerment, action, and improvement.	This substitutes discipline for empowerment and action.	These terms do not identify the four coaching elements.	Choosing a related term because it sounds plausible without matching the exact definition or situation.	Review the distinction behind this item: Successful coaching moves through dialogue, empowerment, action, and improvement. Then compare each option to the exact wording of the chapter.	D-E-A-I: Dialogue, Empowerment, Action, Improvement.	high	comparison_card	optional_after_answer	ltl2_c4_coaching_elements_093	Create a simple, uncluttered study visual for the concept: Successful coaching moves through dialogue, empowerment, action, and improvement. Emphasize the distinction tested by the answer choices.	D-E-A-I: Dialogue, Empowerment, Action, Improvement.	A study visual illustrating: Successful coaching moves through dialogue, empowerment, action, and improvement.	Learn to Lead, Volume 2, Chapter 4	16-18	source_approved	draft	LTL2-C4-Q037|LTL2-C4-Q038	35	4	high	close	true	1.0	original_textbook_grounded	Mitchell_sample_style_analysis
LTL2-C4-Q094	C4-Expansion	C4-O15	LTL2-C4-SUPERVISION_DEFINITION	LTL2-C4-SUPERVISION_DEFINITION	medium	recall	multiple_choice	both	phrase_completion	Supervising means to	observe and direct people in fulfilling the mission	observe and punish people who make mistakes	delegate all responsibility and avoid interference	coach only when performance has already failed	A	Supervision combines observation with direction toward mission accomplishment.	1	Supervision combines observation with direction toward mission accomplishment. B is incorrect because punishment is not the defining purpose of supervision. C is incorrect because supervisors remain accountable and involved.	Correct. Supervision combines observation with direction toward mission accomplishment.	Punishment is not the defining purpose of supervision.	Supervisors remain accountable and involved.	Supervision is continuous, not limited to failure.	Choosing a related term because it sounds plausible without matching the exact definition or situation.	Review the distinction behind this item: Supervision combines observation with direction toward mission accomplishment. Then compare each option to the exact wording of the chapter.	Supervise = see and steer.	high	comparison_card	optional_after_answer	ltl2_c4_supervision_definition_094	Create a simple, uncluttered study visual for the concept: Supervision combines observation with direction toward mission accomplishment. Emphasize the distinction tested by the answer choices.	Supervise = see and steer.	A study visual illustrating: Supervision combines observation with direction toward mission accomplishment.	Learn to Lead, Volume 2, Chapter 4	19	source_approved	draft	LTL2-C4-Q042|LTL2-C4-Q043	35	4	high	moderate	true	1.0	original_textbook_grounded	Mitchell_sample_style_analysis
LTL2-C4-Q095	C4-Expansion	C4-O18	LTL2-C4-FOCUS_ON_PERFORMANCE	LTL2-C4-FOCUS_ON_PERFORMANCE	medium	recall	multiple_choice	both	close_distinction	Constructive discipline should focus criticism on	the person’s character	the person’s motives	the specific performance or behavior	the person’s past mistakes	C	Constructive discipline addresses behavior or performance rather than attacking the individual.	1	Constructive discipline addresses behavior or performance rather than attacking the individual. A is incorrect because character attacks make discipline personal and destructive. B is incorrect because leaders should avoid assuming motives without evidence.	Character attacks make discipline personal and destructive.	Leaders should avoid assuming motives without evidence.	Correct. Constructive discipline addresses behavior or performance rather than attacking the individual.	The correction should focus on the current issue.	Choosing a related term because it sounds plausible without matching the exact definition or situation.	Review the distinction behind this item: Constructive discipline addresses behavior or performance rather than attacking the individual. Then compare each option to the exact wording of the chapter.	Correct the act, respect the person.	high	comparison_card	optional_after_answer	ltl2_c4_focus_on_performance_095	Create a simple, uncluttered study visual for the concept: Constructive discipline addresses behavior or performance rather than attacking the individual. Emphasize the distinction tested by the answer choices.	Correct the act, respect the person.	A study visual illustrating: Constructive discipline addresses behavior or performance rather than attacking the individual.	Learn to Lead, Volume 2, Chapter 4	20	source_approved	draft	LTL2-C4-Q046|LTL2-C4-Q047	35	4	high	close	true	1.0	original_textbook_grounded	Mitchell_sample_style_analysis
LTL2-C4-Q096	C4-Expansion	C4-O18	LTL2-C4-CONTROL_EMOTIONS_DISCIPLINE	LTL2-C4-CONTROL_EMOTIONS_DISCIPLINE	medium	recall	multiple_choice	both	direct_definition	When disciplining a subordinate, the leader should	act while angry so the concern sounds serious	remain calm and control emotions	wait until everyone has forgotten the incident	criticize publicly to warn the team	B	Emotional control keeps discipline focused, fair, and constructive.	1	Emotional control keeps discipline focused, fair, and constructive. A is incorrect because anger can turn correction into a personal attack. C is incorrect because excessive delay weakens the connection to the behavior.	Anger can turn correction into a personal attack.	Correct. Emotional control keeps discipline focused, fair, and constructive.	Excessive delay weakens the connection to the behavior.	Correction is generally handled privately.	Choosing a related term because it sounds plausible without matching the exact definition or situation.	Review the distinction behind this item: Emotional control keeps discipline focused, fair, and constructive. Then compare each option to the exact wording of the chapter.	Calm leader, clear correction.	medium	comparison_card	optional_after_answer	ltl2_c4_control_emotions_discipline_096	Create a simple, uncluttered study visual for the concept: Emotional control keeps discipline focused, fair, and constructive. Emphasize the distinction tested by the answer choices.	Calm leader, clear correction.	A study visual illustrating: Emotional control keeps discipline focused, fair, and constructive.	Learn to Lead, Volume 2, Chapter 4	20	source_approved	draft	LTL2-C4-Q046|LTL2-C4-Q047	35	4	high	moderate	true	1.0	original_textbook_grounded	Mitchell_sample_style_analysis
LTL2-C4-Q097	C4-Expansion	C4-O18	LTL2-C4-PUNISHMENT_AVOIDANCE	LTL2-C4-PUNISHMENT_AVOIDANCE	medium	recall	multiple_choice	both	phrase_completion	Punishment primarily teaches a person which behaviors to	avoid	understand	practice	reward	A	Punishment discourages unwanted behavior but does not necessarily teach the desired replacement.	1	Punishment discourages unwanted behavior but does not necessarily teach the desired replacement. B is incorrect because understanding requires explanation and coaching. C is incorrect because practice is encouraged through instruction and reinforcement.	Correct. Punishment discourages unwanted behavior but does not necessarily teach the desired replacement.	Understanding requires explanation and coaching.	Practice is encouraged through instruction and reinforcement.	Punishment is not a reward.	Choosing a related term because it sounds plausible without matching the exact definition or situation.	Review the distinction behind this item: Punishment discourages unwanted behavior but does not necessarily teach the desired replacement. Then compare each option to the exact wording of the chapter.	Punishment says stop; coaching shows how.	high	comparison_card	optional_after_answer	ltl2_c4_punishment_avoidance_097	Create a simple, uncluttered study visual for the concept: Punishment discourages unwanted behavior but does not necessarily teach the desired replacement. Emphasize the distinction tested by the answer choices.	Punishment says stop; coaching shows how.	A study visual illustrating: Punishment discourages unwanted behavior but does not necessarily teach the desired replacement.	Learn to Lead, Volume 2, Chapter 4	21	source_approved	draft	LTL2-C4-Q046|LTL2-C4-Q047	35	4	high	moderate	true	1.0	original_textbook_grounded	Mitchell_sample_style_analysis
LTL2-C4-Q098	C4-Expansion	C4-O21	LTL2-C4-EXTRINSIC_REWARD_LIMIT	LTL2-C4-EXTRINSIC_REWARD_LIMIT	hard	understanding	multiple_choice	both	close_distinction	One danger of relying too heavily on extrinsic rewards is that followers may focus on	the reward instead of the mission	personal mastery instead of recognition	team purpose instead of individual benefit	intrinsic satisfaction instead of prizes	A	External rewards can shift attention away from the mission itself.	1	External rewards can shift attention away from the mission itself. B is incorrect because personal mastery is not the stated danger. C is incorrect because that would be a positive mission focus.	Correct. External rewards can shift attention away from the mission itself.	Personal mastery is not the stated danger.	That would be a positive mission focus.	Intrinsic satisfaction is the opposite of overreliance on external rewards.	Choosing a related term because it sounds plausible without matching the exact definition or situation.	Review the distinction behind this item: External rewards can shift attention away from the mission itself. Then compare each option to the exact wording of the chapter.	Reward can replace the reason.	high	comparison_card	optional_after_answer	ltl2_c4_extrinsic_reward_limit_098	Create a simple, uncluttered study visual for the concept: External rewards can shift attention away from the mission itself. Emphasize the distinction tested by the answer choices.	Reward can replace the reason.	A study visual illustrating: External rewards can shift attention away from the mission itself.	Learn to Lead, Volume 2, Chapter 4	24	source_approved	draft	LTL2-C4-Q054|LTL2-C4-Q055	45	4	high	close	true	1.2	original_textbook_grounded	Mitchell_sample_style_analysis
LTL2-C4-Q099	C4-Expansion	C4-O24	LTL2-C4-ONE_BOSS	LTL2-C4-ONE_BOSS	medium	recall	multiple_choice	both	direct_definition	The goal of the chain of command is for each person to have one	boss	task	specialty	follower	A	A clear chain prevents conflicting directions by identifying one immediate supervisor.	1	A clear chain prevents conflicting directions by identifying one immediate supervisor. B is incorrect because a person may have many tasks. C is incorrect because specialty does not define authority.	Correct. A clear chain prevents conflicting directions by identifying one immediate supervisor.	A person may have many tasks.	Specialty does not define authority.	Not every person has a follower.	Choosing a related term because it sounds plausible without matching the exact definition or situation.	Review the distinction behind this item: A clear chain prevents conflicting directions by identifying one immediate supervisor. Then compare each option to the exact wording of the chapter.	One person, one clear boss.	medium	comparison_card	optional_after_answer	ltl2_c4_one_boss_099	Create a simple, uncluttered study visual for the concept: A clear chain prevents conflicting directions by identifying one immediate supervisor. Emphasize the distinction tested by the answer choices.	One person, one clear boss.	A study visual illustrating: A clear chain prevents conflicting directions by identifying one immediate supervisor.	Learn to Lead, Volume 2, Chapter 4	26	source_approved	draft	LTL2-C4-Q060|LTL2-C4-Q061	35	4	high	moderate	true	1.0	original_textbook_grounded	Mitchell_sample_style_analysis
LTL2-C4-Q100	C4-Expansion	C4-O30	LTL2-C4-TEAM_STORMING	LTL2-C4-TEAM_STORMING	medium	recall	multiple_choice	both	brief_application	When personalities clash and members compete for attention, the team is most likely in which stage?	Forming	Storming	Norming	Performing	B	Storming occurs when personalities and competing needs create conflict.	1	Storming occurs when personalities and competing needs create conflict. A is incorrect because forming is marked more by uncertainty and limited commitment. C is incorrect because norming brings acceptance and growing security.	Forming is marked more by uncertainty and limited commitment.	Correct. Storming occurs when personalities and competing needs create conflict.	Norming brings acceptance and growing security.	Performing is mature mission-focused teamwork.	Choosing a related term because it sounds plausible without matching the exact definition or situation.	Review the distinction behind this item: Storming occurs when personalities and competing needs create conflict. Then compare each option to the exact wording of the chapter.	Storming = conflict surfaces.	medium	comparison_card	optional_after_answer	ltl2_c4_team_storming_100	Create a simple, uncluttered study visual for the concept: Storming occurs when personalities and competing needs create conflict. Emphasize the distinction tested by the answer choices.	Storming = conflict surfaces.	A study visual illustrating: Storming occurs when personalities and competing needs create conflict.	Learn to Lead, Volume 2, Chapter 4	34	source_approved	draft	LTL2-C4-Q072|LTL2-C4-Q073	35	4	high	moderate	true	1.0	original_textbook_grounded	Mitchell_sample_style_analysis
LTL2-C5-PA-Q001	Chapter 5 A	LTL2-C5-O01	LTL2-C5-K001	LTL2-C5-F001	easy	understanding	multiple_choice	study_and_test	cap_direct	Why does critical thinking directly affect a leader's effectiveness?	It helps leaders avoid all uncertainty	It helps leaders imagine better ideas and solve problems more effectively	It replaces the need for experience	It guarantees other people will agree	B	Critical thinking improves ideas, judgment, and problem-solving.	1	Leaders who think carefully can understand problems, test claims, and choose stronger actions.	Critical thinking manages uncertainty; it does not eliminate it.	Leaders who think carefully can understand problems, test claims, and choose stronger actions.	Experience remains valuable and is not replaced by thinking.	Sound reasoning can still produce disagreement.	Choosing a related term without checking the exact definition or purpose asked in the stem.	Compare the exact textbook definition with each option. Eliminate choices that describe a neighboring concept rather than the one asked.	Think through, then follow through.	medium	concept_diagram	optional_after_answer	ltl2_c5_ltl2_c5_pa_q001	Create a simple instructional visual for this idea: Critical thinking improves ideas, judgment, and problem-solving.	Think through, then follow through.	Instructional visual representing: Critical thinking improves ideas, judgment, and problem-solving.	Learn to Lead, Volume 2, Chapter 5, Objective 1	39	approved_source	draft	LTL2-C5-PA-Q004,LTL2-C5-PA-Q006	45	5	high	moderate	true	1.0	existing_original_bank	pre_sample_bank_review
LTL2-C5-PA-Q002	Chapter 5 A	LTL2-C5-O02	LTL2-C5-K002	LTL2-C5-F002	easy	recall	multiple_choice	study_and_test	cap_direct	Critical thinking is best defined as	self-guided, self-disciplined, fair-minded reasoning	finding weaknesses in every idea	quickly trusting one's instincts	memorizing enough facts to avoid questions	A	Critical thinking is disciplined, fair-minded reasoning.	1	It seeks high-quality reasoning while guarding against prejudice, assumptions, and emotions clouding logic.	It seeks high-quality reasoning while guarding against prejudice, assumptions, and emotions clouding logic.	Criticism and critical thinking are not the same; nitpicking is not the goal.	Instinct alone can produce 'truthiness' rather than logic.	Facts help, but critical thinking also evaluates how facts support conclusions.	Choosing a related term without checking the exact definition or purpose asked in the stem.	Compare the exact textbook definition with each option. Eliminate choices that describe a neighboring concept rather than the one asked.	Critical = careful, not critical of people.	medium	concept_diagram	optional_after_answer	ltl2_c5_ltl2_c5_pa_q002	Create a simple instructional visual for this idea: Critical thinking is disciplined, fair-minded reasoning.	Critical = careful, not critical of people.	Instructional visual representing: Critical thinking is disciplined, fair-minded reasoning.	Learn to Lead, Volume 2, Chapter 5, Objective 2	40	approved_source	draft	LTL2-C5-PA-Q003,LTL2-C5-PA-Q005	45	5	high	moderate	true	1.0	existing_original_bank	pre_sample_bank_review
LTL2-C5-PA-Q003	Chapter 5 A	LTL2-C5-O02	LTL2-C5-K002	LTL2-C5-F002	medium	misconception	multiple_choice	study_and_test	cap_direct	In the phrase 'critical thinking,' the word critical means	opposed to authority	focused on finding faults	guided by logic and respect for truth	emotionally detached from every issue	C	Here, critical means careful reasoning guided by logic and truth.	1	The chapter warns that critical thinking is not merely criticizing or trying to prove others wrong.	Questioning authority can occur, but it is not the definition.	Fault-finding is a common misunderstanding of the term.	The chapter warns that critical thinking is not merely criticizing or trying to prove others wrong.	Critical thinkers manage emotions; they do not need to become emotionless.	Choosing a related term without checking the exact definition or purpose asked in the stem.	Compare the exact textbook definition with each option. Eliminate choices that describe a neighboring concept rather than the one asked.	Critical thinking checks ideas, not attacks people.	medium	concept_diagram	optional_after_answer	ltl2_c5_ltl2_c5_pa_q003	Create a simple instructional visual for this idea: Here, critical means careful reasoning guided by logic and truth.	Critical thinking checks ideas, not attacks people.	Instructional visual representing: Here, critical means careful reasoning guided by logic and truth.	Learn to Lead, Volume 2, Chapter 5, Objective 2	40	approved_source	draft	LTL2-C5-PA-Q002,LTL2-C5-PA-Q005	45	5	high	moderate	true	1.0	existing_original_bank	pre_sample_bank_review
LTL2-C5-PA-Q004	Chapter 5 A	LTL2-C5-O01	LTL2-C5-K001	LTL2-C5-F001	medium	application	multiple_choice	study_and_test	scenario	A cadet leader hears a surprising claim about a regulation. What action best shows critical thinking?	Repeat it because a senior cadet said it	Reject it because it sounds unusual	Check the regulation and evaluate the supporting evidence	Wait to see whether most cadets believe it	C	Critical thinkers verify claims with relevant evidence.	1	Accuracy requires leaders to support and double-check claims rather than accept or reject them based on status, surprise, or popularity.	Rank does not make a claim automatically true.	Sounding unusual does not make a claim false.	Accuracy requires leaders to support and double-check claims rather than accept or reject them based on status, surprise, or popularity.	Majority belief does not establish accuracy.	Choosing a related term without checking the exact definition or purpose asked in the stem.	Compare the exact textbook definition with each option. Eliminate choices that describe a neighboring concept rather than the one asked.	Verify before you amplify.	medium	concept_diagram	optional_after_answer	ltl2_c5_ltl2_c5_pa_q004	Create a simple instructional visual for this idea: Critical thinkers verify claims with relevant evidence.	Verify before you amplify.	Instructional visual representing: Critical thinkers verify claims with relevant evidence.	Learn to Lead, Volume 2, Chapter 5, Objective 1	39-41	approved_source	draft	LTL2-C5-PA-Q001,LTL2-C5-PA-Q006	45	5	low	basic	false	0	existing_original_bank	pre_sample_bank_review
LTL2-C5-PA-Q005	Chapter 5 A	LTL2-C5-O02	LTL2-C5-K002	LTL2-C5-F002	hard	analysis	multiple_choice	study_and_test	close_distractors	Which statement best distinguishes critical thinking from ordinary careful thought?	Critical thinking is always slower	Critical thinking deliberately applies standards of logic and fair-mindedness	Critical thinking uses facts while ordinary thought uses opinions	Critical thinking requires a formal written analysis	B	Critical thinking deliberately uses standards of logic and fairness.	1	Carefulness helps, but critical thinking specifically aims for disciplined, high-quality, fair-minded reasoning.	Some critical decisions must be made quickly.	Carefulness helps, but critical thinking specifically aims for disciplined, high-quality, fair-minded reasoning.	Both critical and ordinary thinking can use facts and opinions.	Critical thinking can occur without a written product.	Choosing a related term without checking the exact definition or purpose asked in the stem.	Compare the exact textbook definition with each option. Eliminate choices that describe a neighboring concept rather than the one asked.	Standards make careful thought critical.	medium	concept_diagram	optional_after_answer	ltl2_c5_ltl2_c5_pa_q005	Create a simple instructional visual for this idea: Critical thinking deliberately uses standards of logic and fairness.	Standards make careful thought critical.	Instructional visual representing: Critical thinking deliberately uses standards of logic and fairness.	Learn to Lead, Volume 2, Chapter 5, Objective 2	40-42	approved_source	draft	LTL2-C5-PA-Q002,LTL2-C5-PA-Q003	45	5	high	moderate	true	1.0	existing_original_bank	pre_sample_bank_review
LTL2-C5-PA-Q006	Chapter 5 A	LTL2-C5-O01	LTL2-C5-K001	LTL2-C5-F001	medium	application	multiple_choice	study_and_test	scenario	A leader keeps studying, asks strong thinkers questions, and challenges personal assumptions. This most directly reflects the idea that critical thinking is	a fixed talent	a lifelong endeavor developed through study and practice	useful only for academic problems	mainly a way to win debates	B	Critical thinking develops throughout life through practice.	1	The chapter describes becoming a critical thinker as a journey, not a destination.	The chapter says everyone can improve these skills.	The chapter describes becoming a critical thinker as a journey, not a destination.	Leadership decisions, not only schoolwork, require critical thinking.	The purpose is truth and sound judgment, not merely winning.	Choosing a related term without checking the exact definition or purpose asked in the stem.	Compare the exact textbook definition with each option. Eliminate choices that describe a neighboring concept rather than the one asked.	Thinking skill grows by use.	medium	concept_diagram	optional_after_answer	ltl2_c5_ltl2_c5_pa_q006	Create a simple instructional visual for this idea: Critical thinking develops throughout life through practice.	Thinking skill grows by use.	Instructional visual representing: Critical thinking develops throughout life through practice.	Learn to Lead, Volume 2, Chapter 5, Objective 1	40, 43	approved_source	draft	LTL2-C5-PA-Q001,LTL2-C5-PA-Q004	45	5	low	basic	false	0	existing_original_bank	pre_sample_bank_review
LTL2-C5-PB-Q001	Chapter 5 B	LTL2-C5-O03	LTL2-C5-K011	LTL2-C5-F011	easy	recognition	multiple_choice	study_and_test	cap_direct	Which universal intellectual standard focuses on making an idea understandable?	Precision	Relevance	Clarity	Accuracy	C	Clarity means making an idea understandable.	1	The standard of clarity calls thinkers to focus on making an idea understandable.	Precision concerns giving exact detail, not making an idea understandable.	Relevance concerns keeping information connected to the issue, not making an idea understandable.	The standard of clarity calls thinkers to focus on making an idea understandable.	Accuracy concerns checking whether a claim is true, not making an idea understandable.	Choosing a related term without checking the exact definition or purpose asked in the stem.	Compare the exact textbook definition with each option. Eliminate choices that describe a neighboring concept rather than the one asked.	Clarity: making an idea understandable.	high	seven_part_icon_card	optional_after_answer	ltl2_c5_ltl2_c5_pb_q001	Create a simple instructional visual for this idea: Clarity means making an idea understandable.	Clarity: making an idea understandable.	Instructional visual representing: Clarity means making an idea understandable.	Learn to Lead, Volume 2, Chapter 5, Objective 3	41-42	approved_source	draft		45	5	high	moderate	true	1.0	existing_original_bank	pre_sample_bank_review
LTL2-C5-PB-Q002	Chapter 5 B	LTL2-C5-O03	LTL2-C5-K012	LTL2-C5-F012	easy	recognition	multiple_choice	study_and_test	cap_direct	Which universal intellectual standard focuses on checking whether a claim is true?	Relevance	Accuracy	Clarity	Precision	B	Accuracy means checking whether a claim is true.	1	The standard of accuracy calls thinkers to focus on checking whether a claim is true.	Relevance concerns keeping information connected to the issue, not checking whether a claim is true.	The standard of accuracy calls thinkers to focus on checking whether a claim is true.	Clarity concerns making an idea understandable, not checking whether a claim is true.	Precision concerns giving exact detail, not checking whether a claim is true.	Choosing a related term without checking the exact definition or purpose asked in the stem.	Compare the exact textbook definition with each option. Eliminate choices that describe a neighboring concept rather than the one asked.	Accuracy: checking whether a claim is true.	high	seven_part_icon_card	optional_after_answer	ltl2_c5_ltl2_c5_pb_q002	Create a simple instructional visual for this idea: Accuracy means checking whether a claim is true.	Accuracy: checking whether a claim is true.	Instructional visual representing: Accuracy means checking whether a claim is true.	Learn to Lead, Volume 2, Chapter 5, Objective 3	41-42	approved_source	draft		45	5	low	basic	false	0	existing_original_bank	pre_sample_bank_review
LTL2-C5-PB-Q003	Chapter 5 B	LTL2-C5-O03	LTL2-C5-K013	LTL2-C5-F013	easy	recognition	multiple_choice	study_and_test	cap_direct	Which universal intellectual standard focuses on giving exact detail?	Precision	Clarity	Accuracy	Relevance	A	Precision means giving exact detail.	1	The standard of precision calls thinkers to focus on giving exact detail.	The standard of precision calls thinkers to focus on giving exact detail.	Clarity concerns making an idea understandable, not giving exact detail.	Accuracy concerns checking whether a claim is true, not giving exact detail.	Relevance concerns keeping information connected to the issue, not giving exact detail.	Choosing a related term without checking the exact definition or purpose asked in the stem.	Compare the exact textbook definition with each option. Eliminate choices that describe a neighboring concept rather than the one asked.	Precision: giving exact detail.	medium	seven_part_icon_card	optional_after_answer	ltl2_c5_ltl2_c5_pb_q003	Create a simple instructional visual for this idea: Precision means giving exact detail.	Precision: giving exact detail.	Instructional visual representing: Precision means giving exact detail.	Learn to Lead, Volume 2, Chapter 5, Objective 3	41-42	approved_source	draft		45	5	high	moderate	true	1.0	existing_original_bank	pre_sample_bank_review
LTL2-C5-PB-Q004	Chapter 5 B	LTL2-C5-O03	LTL2-C5-K014	LTL2-C5-F014	medium	recognition	multiple_choice	study_and_test	cap_direct	Which universal intellectual standard focuses on keeping information connected to the issue?	Clarity	Accuracy	Precision	Relevance	D	Relevance means keeping information connected to the issue.	1	The standard of relevance calls thinkers to focus on keeping information connected to the issue.	Clarity concerns making an idea understandable, not keeping information connected to the issue.	Accuracy concerns checking whether a claim is true, not keeping information connected to the issue.	Precision concerns giving exact detail, not keeping information connected to the issue.	The standard of relevance calls thinkers to focus on keeping information connected to the issue.	Choosing a related term without checking the exact definition or purpose asked in the stem.	Compare the exact textbook definition with each option. Eliminate choices that describe a neighboring concept rather than the one asked.	Relevance: keeping information connected to the issue.	high	seven_part_icon_card	optional_after_answer	ltl2_c5_ltl2_c5_pb_q004	Create a simple instructional visual for this idea: Relevance means keeping information connected to the issue.	Relevance: keeping information connected to the issue.	Instructional visual representing: Relevance means keeping information connected to the issue.	Learn to Lead, Volume 2, Chapter 5, Objective 3	41-42	approved_source	draft		45	5	low	basic	false	0	existing_original_bank	pre_sample_bank_review
LTL2-C5-PB-Q005	Chapter 5 B	LTL2-C5-O03	LTL2-C5-K015	LTL2-C5-F015	medium	recognition	multiple_choice	study_and_test	cap_direct	Which universal intellectual standard focuses on examining complexities beneath the surface?	Accuracy	Precision	Depth	Clarity	C	Depth means examining complexities beneath the surface.	1	The standard of depth calls thinkers to focus on examining complexities beneath the surface.	Accuracy concerns checking whether a claim is true, not examining complexities beneath the surface.	Precision concerns giving exact detail, not examining complexities beneath the surface.	The standard of depth calls thinkers to focus on examining complexities beneath the surface.	Clarity concerns making an idea understandable, not examining complexities beneath the surface.	Choosing a related term without checking the exact definition or purpose asked in the stem.	Compare the exact textbook definition with each option. Eliminate choices that describe a neighboring concept rather than the one asked.	Depth: examining complexities beneath the surface.	medium	seven_part_icon_card	optional_after_answer	ltl2_c5_ltl2_c5_pb_q005	Create a simple instructional visual for this idea: Depth means examining complexities beneath the surface.	Depth: examining complexities beneath the surface.	Instructional visual representing: Depth means examining complexities beneath the surface.	Learn to Lead, Volume 2, Chapter 5, Objective 3	41-42	approved_source	draft		45	5	high	moderate	true	1.0	existing_original_bank	pre_sample_bank_review
LTL2-C5-PB-Q006	Chapter 5 B	LTL2-C5-O03	LTL2-C5-K016	LTL2-C5-F016	medium	recognition	multiple_choice	study_and_test	cap_direct	Which universal intellectual standard focuses on considering other sides and wider perspectives?	Precision	Breadth	Clarity	Accuracy	B	Breadth means considering other sides and wider perspectives.	1	The standard of breadth calls thinkers to focus on considering other sides and wider perspectives.	Precision concerns giving exact detail, not considering other sides and wider perspectives.	The standard of breadth calls thinkers to focus on considering other sides and wider perspectives.	Clarity concerns making an idea understandable, not considering other sides and wider perspectives.	Accuracy concerns checking whether a claim is true, not considering other sides and wider perspectives.	Choosing a related term without checking the exact definition or purpose asked in the stem.	Compare the exact textbook definition with each option. Eliminate choices that describe a neighboring concept rather than the one asked.	Breadth: considering other sides and wider perspectives.	medium	seven_part_icon_card	optional_after_answer	ltl2_c5_ltl2_c5_pb_q006	Create a simple instructional visual for this idea: Breadth means considering other sides and wider perspectives.	Breadth: considering other sides and wider perspectives.	Instructional visual representing: Breadth means considering other sides and wider perspectives.	Learn to Lead, Volume 2, Chapter 5, Objective 3	41-42	approved_source	draft		45	5	low	basic	false	0	existing_original_bank	pre_sample_bank_review
LTL2-C5-PB-Q007	Chapter 5 B	LTL2-C5-O03	LTL2-C5-K017	LTL2-C5-F017	medium	recognition	multiple_choice	study_and_test	cap_direct	Which universal intellectual standard focuses on ensuring the parts support one another?	Logic	Clarity	Accuracy	Precision	A	Logic means ensuring the parts support one another.	1	The standard of logic calls thinkers to focus on ensuring the parts support one another.	The standard of logic calls thinkers to focus on ensuring the parts support one another.	Clarity concerns making an idea understandable, not ensuring the parts support one another.	Accuracy concerns checking whether a claim is true, not ensuring the parts support one another.	Precision concerns giving exact detail, not ensuring the parts support one another.	Choosing a related term without checking the exact definition or purpose asked in the stem.	Compare the exact textbook definition with each option. Eliminate choices that describe a neighboring concept rather than the one asked.	Logic: ensuring the parts support one another.	high	seven_part_icon_card	optional_after_answer	ltl2_c5_ltl2_c5_pb_q007	Create a simple instructional visual for this idea: Logic means ensuring the parts support one another.	Logic: ensuring the parts support one another.	Instructional visual representing: Logic means ensuring the parts support one another.	Learn to Lead, Volume 2, Chapter 5, Objective 3	41-42	approved_source	draft		45	5	low	basic	false	0	existing_original_bank	pre_sample_bank_review
LTL2-C5-PB-Q008	Chapter 5 B	LTL2-C5-O03	LTL2-C5-K018	LTL2-C5-F018	hard	application	multiple_choice	study_and_test	scenario	A cadet gives a detailed, accurate history of encampment meals while answering, 'What is the purpose of the Cadet Program?' Which standard is most lacking?	Depth	Breadth	Relevance	Precision	C	The information is not relevant to the question being answered.	1	Even true and detailed information fails critical thinking when it does not advance the issue at hand.	The answer may contain depth about meals, but that is not the central problem.	The answer is narrow, but the clearest failure is that meals do not answer the purpose question.	Even true and detailed information fails critical thinking when it does not advance the issue at hand.	The details may be precise; precision does not make them relevant.	Choosing a related term without checking the exact definition or purpose asked in the stem.	Compare the exact textbook definition with each option. Eliminate choices that describe a neighboring concept rather than the one asked.	Relevant means it moves the answer forward.	medium	concept_diagram	optional_after_answer	ltl2_c5_ltl2_c5_pb_q008	Create a simple instructional visual for this idea: The information is not relevant to the question being answered.	Relevant means it moves the answer forward.	Instructional visual representing: The information is not relevant to the question being answered.	Learn to Lead, Volume 2, Chapter 5, Objective 3	41	approved_source	draft		45	5	low	basic	false	0	existing_original_bank	pre_sample_bank_review
LTL2-C5-PB-Q009	Chapter 5 B	LTL2-C5-O04	LTL2-C5-K019	LTL2-C5-F019	medium	understanding	multiple_choice	study_and_test	cap_direct	Which is one of the eight elements present in reasoning?	Seniority	Assumptions	Popularity	Tradition	B	Reasoning includes assumptions that may need to be examined.	1	The eight elements include purpose, questions, assumptions, point of view, information, concepts, inferences, and implications.	Seniority may affect a group but is not an element of thought.	The eight elements include purpose, questions, assumptions, point of view, information, concepts, inferences, and implications.	Popularity is not one of the eight structures of reasoning.	Tradition can influence assumptions but is not itself listed as an element.	Choosing a related term without checking the exact definition or purpose asked in the stem.	Compare the exact textbook definition with each option. Eliminate choices that describe a neighboring concept rather than the one asked.	Purpose, Question, Assumption, View, Data, Concept, Inference, Consequence.	medium	concept_diagram	optional_after_answer	ltl2_c5_ltl2_c5_pb_q009	Create a simple instructional visual for this idea: Reasoning includes assumptions that may need to be examined.	Purpose, Question, Assumption, View, Data, Concept, Inference, Consequence.	Instructional visual representing: Reasoning includes assumptions that may need to be examined.	Learn to Lead, Volume 2, Chapter 5, Objective 4	42	approved_source	draft		45	5	high	moderate	true	1.0	existing_original_bank	pre_sample_bank_review
LTL2-C5-PB-Q010	Chapter 5 B	LTL2-C5-O04	LTL2-C5-K020	LTL2-C5-F020	hard	analysis	multiple_choice	study_and_test	scenario	A leader asks, 'What might happen if we adopt this policy, including unintended results?' Which element of thought is being examined?	Point of view	Information	Implications and consequences	Concepts	C	The leader is examining implications and consequences.	1	Reasoning leads somewhere; critical thinkers ask what their conclusions will mean and what results may follow.	Point of view concerns the perspective from which the issue is seen.	Information concerns the evidence supporting the reasoning.	Reasoning leads somewhere; critical thinkers ask what their conclusions will mean and what results may follow.	Concepts are the ideas and definitions used in reasoning.	Choosing a related term without checking the exact definition or purpose asked in the stem.	Compare the exact textbook definition with each option. Eliminate choices that describe a neighboring concept rather than the one asked.	Implications ask: Then what?	medium	concept_diagram	optional_after_answer	ltl2_c5_ltl2_c5_pb_q010	Create a simple instructional visual for this idea: The leader is examining implications and consequences.	Implications ask: Then what?	Instructional visual representing: The leader is examining implications and consequences.	Learn to Lead, Volume 2, Chapter 5, Objective 4	42	approved_source	draft		45	5	low	basic	false	0	existing_original_bank	pre_sample_bank_review
LTL2-C5-PC-Q001	Chapter 5 C	LTL2-C5-O05	LTL2-C5-K021	LTL2-C5-F021	easy	recall	multiple_choice	study_and_test	cap_direct	Big-picture thinking is the practice of	studying one detail without distraction	stepping back to take in more of the situation	imagining only ideal outcomes	asking several people to vote	B	Big-picture thinking steps back to see the whole.	1	It helps leaders understand breadth, connections, mission context, and how separate efforts fit together.	This describes focused thinking.	It helps leaders understand breadth, connections, mission context, and how separate efforts fit together.	This is not realistic thinking and ignores actual conditions.	Voting is a decision method, not the definition.	Choosing a related term without checking the exact definition or purpose asked in the stem.	Compare the exact textbook definition with each option. Eliminate choices that describe a neighboring concept rather than the one asked.	Step back; see the whole map.	medium	concept_diagram	optional_after_answer	ltl2_c5_ltl2_c5_pc_q001	Create a simple instructional visual for this idea: Big-picture thinking steps back to see the whole.	Step back; see the whole map.	Instructional visual representing: Big-picture thinking steps back to see the whole.	Learn to Lead, Volume 2, Chapter 5, Objective 5	43	approved_source	draft	LTL2-C5-PC-Q005	45	5	high	moderate	true	1.0	existing_original_bank	pre_sample_bank_review
LTL2-C5-PC-Q002	Chapter 5 C	LTL2-C5-O05	LTL2-C5-K022	LTL2-C5-F022	easy	recall	multiple_choice	study_and_test	cap_direct	Focused thinking emphasizes	sustained concentration on the specific issue	combining many unrelated perspectives	planning for the worst case	accepting the majority's answer	A	Focused thinking concentrates deeply on one issue.	1	It avoids distraction by related but different matters and directs brainpower toward the highest-priority problems.	It avoids distraction by related but different matters and directs brainpower toward the highest-priority problems.	Shared thinking values other perspectives but does not define focus.	Worst-case preparation is associated with realistic thinking.	Majority acceptance is not a mode of critical thinking.	Choosing a related term without checking the exact definition or purpose asked in the stem.	Compare the exact textbook definition with each option. Eliminate choices that describe a neighboring concept rather than the one asked.	Focus = one target, full attention.	medium	concept_diagram	optional_after_answer	ltl2_c5_ltl2_c5_pc_q002	Create a simple instructional visual for this idea: Focused thinking concentrates deeply on one issue.	Focus = one target, full attention.	Instructional visual representing: Focused thinking concentrates deeply on one issue.	Learn to Lead, Volume 2, Chapter 5, Objective 5	44	approved_source	draft	LTL2-C5-PC-Q006	45	5	high	moderate	true	1.0	existing_original_bank	pre_sample_bank_review
LTL2-C5-PC-Q003	Chapter 5 C	LTL2-C5-O05	LTL2-C5-K023	LTL2-C5-F023	easy	recall	multiple_choice	study_and_test	cap_direct	Realistic thinking requires a leader to	see the world as it is and account for limited resources	reject ambitious goals	use only past solutions	focus only on immediate problems	A	Realistic thinking faces actual facts and constraints.	1	It values accuracy, common sense, feasibility, and achieving results with the resources available.	It values accuracy, common sense, feasibility, and achieving results with the resources available.	Realism does not prohibit ambitious goals.	Past solutions can help, but realism is not appeal to tradition.	Realism can consider both present and future conditions.	Choosing a related term without checking the exact definition or purpose asked in the stem.	Compare the exact textbook definition with each option. Eliminate choices that describe a neighboring concept rather than the one asked.	Realistic: facts, limits, feasible action.	medium	concept_diagram	optional_after_answer	ltl2_c5_ltl2_c5_pc_q003	Create a simple instructional visual for this idea: Realistic thinking faces actual facts and constraints.	Realistic: facts, limits, feasible action.	Instructional visual representing: Realistic thinking faces actual facts and constraints.	Learn to Lead, Volume 2, Chapter 5, Objective 5	44-45	approved_source	draft	LTL2-C5-PC-Q007	45	5	high	moderate	true	1.0	existing_original_bank	pre_sample_bank_review
LTL2-C5-PC-Q004	Chapter 5 C	LTL2-C5-O05	LTL2-C5-K024	LTL2-C5-F024	easy	recall	multiple_choice	study_and_test	cap_direct	Shared thinking is based on the belief that	the highest-ranking person has the best ideas	a team can be smarter than one person working alone	all decisions should be made by committee	leaders should avoid forming their own opinions	B	Shared thinking values the ideas of others and team synergy.	1	It recognizes that combining perspectives can produce faster and stronger understanding.	Rank does not guarantee the best idea.	It recognizes that combining perspectives can produce faster and stronger understanding.	Shared thinking does not require every decision to be made by committee.	Leaders still need independent judgment.	Choosing a related term without checking the exact definition or purpose asked in the stem.	Compare the exact textbook definition with each option. Eliminate choices that describe a neighboring concept rather than the one asked.	Borrow brains without surrendering judgment.	medium	concept_diagram	optional_after_answer	ltl2_c5_ltl2_c5_pc_q004	Create a simple instructional visual for this idea: Shared thinking values the ideas of others and team synergy.	Borrow brains without surrendering judgment.	Instructional visual representing: Shared thinking values the ideas of others and team synergy.	Learn to Lead, Volume 2, Chapter 5, Objective 5	45	approved_source	draft	LTL2-C5-PC-Q008	45	5	high	moderate	true	1.0	existing_original_bank	pre_sample_bank_review
LTL2-C5-PC-Q005	Chapter 5 C	LTL2-C5-O05	LTL2-C5-K021	LTL2-C5-F021	medium	application	multiple_choice	study_and_test	scenario	A commander connects recruiting, training quality, retention, and community reputation before changing the squadron schedule. Which mode is most evident?	Focused thinking	Big-picture thinking	Realistic thinking	Creative thinking	B	The commander is seeing connections across the whole system.	1	Big-picture thinking examines the broad situation and how different parts support the mission.	Focused thinking narrows attention to one specific issue.	Big-picture thinking examines the broad situation and how different parts support the mission.	Realistic thinking emphasizes facts and feasibility; the stem emphasizes interconnected breadth.	Creative thinking seeks novel connections, but the strongest feature here is whole-system perspective.	Choosing a related term without checking the exact definition or purpose asked in the stem.	Compare the exact textbook definition with each option. Eliminate choices that describe a neighboring concept rather than the one asked.	Big picture connects the pieces.	medium	concept_diagram	optional_after_answer	ltl2_c5_ltl2_c5_pc_q005	Create a simple instructional visual for this idea: The commander is seeing connections across the whole system.	Big picture connects the pieces.	Instructional visual representing: The commander is seeing connections across the whole system.	Learn to Lead, Volume 2, Chapter 5, Objective 5	43	approved_source	draft	LTL2-C5-PC-Q001	45	5	low	basic	false	0	existing_original_bank	pre_sample_bank_review
LTL2-C5-PC-Q006	Chapter 5 C	LTL2-C5-O05	LTL2-C5-K022	LTL2-C5-F022	medium	application	multiple_choice	study_and_test	scenario	A cadet turns off notifications and devotes most study time to the two weakest exam topics. Which principle is being applied?	The 80/20 rule within focused thinking	Breadth within big-picture thinking	Synergy within shared thinking	Status quo within realistic thinking	A	The cadet is concentrating effort on the highest-impact issues.	1	The chapter's 80/20 rule recommends devoting most time and energy to the most important challenges.	The chapter's 80/20 rule recommends devoting most time and energy to the most important challenges.	Breadth expands perspectives rather than concentrating effort.	Synergy involves combined team effort.	Status quo is the existing state of affairs, not a realistic-thinking tool.	Choosing a related term without checking the exact definition or purpose asked in the stem.	Compare the exact textbook definition with each option. Eliminate choices that describe a neighboring concept rather than the one asked.	Most effort on the few biggest needs.	medium	concept_diagram	optional_after_answer	ltl2_c5_ltl2_c5_pc_q006	Create a simple instructional visual for this idea: The cadet is concentrating effort on the highest-impact issues.	Most effort on the few biggest needs.	Instructional visual representing: The cadet is concentrating effort on the highest-impact issues.	Learn to Lead, Volume 2, Chapter 5, Objective 5	44	approved_source	draft	LTL2-C5-PC-Q002	45	5	low	basic	false	0	existing_original_bank	pre_sample_bank_review
LTL2-C5-PC-Q007	Chapter 5 C	LTL2-C5-O05	LTL2-C5-K023	LTL2-C5-F023	hard	application	multiple_choice	study_and_test	close_distractors	A leader gathers accurate cost figures, identifies limited manpower, and prepares for the worst-case outcome. Which mode is primary?	Big-picture thinking	Focused thinking	Realistic thinking	Shared thinking	C	The leader is preparing from facts, constraints, and feasibility.	1	Getting the facts, accepting scarce resources, and preparing for worst cases are hallmarks of realistic thinking.	The leader may see several factors, but the defining feature is facing actual constraints.	The leader is concentrating, but the stem emphasizes feasibility rather than sustained focus.	Getting the facts, accepting scarce resources, and preparing for worst cases are hallmarks of realistic thinking.	No use of other people's ideas is described.	Choosing a related term without checking the exact definition or purpose asked in the stem.	Compare the exact textbook definition with each option. Eliminate choices that describe a neighboring concept rather than the one asked.	Reality first: facts, scarcity, contingency.	medium	concept_diagram	optional_after_answer	ltl2_c5_ltl2_c5_pc_q007	Create a simple instructional visual for this idea: The leader is preparing from facts, constraints, and feasibility.	Reality first: facts, scarcity, contingency.	Instructional visual representing: The leader is preparing from facts, constraints, and feasibility.	Learn to Lead, Volume 2, Chapter 5, Objective 5	44-45	approved_source	draft	LTL2-C5-PC-Q003	45	5	low	basic	false	0	existing_original_bank	pre_sample_bank_review
LTL2-C5-PC-Q008	Chapter 5 C	LTL2-C5-O05	LTL2-C5-K024	LTL2-C5-F024	hard	misconception	multiple_choice	study_and_test	cap_direct	What is the greatest obstacle to shared thinking identified in the chapter?	Lack of technical expertise	Emotional insecurity	Too much precision	Limited meeting time	B	Emotional insecurity can make people reject others' ideas.	1	People worried about status or power may protect their turf instead of accepting useful contributions.	Expertise can help, but it is not identified as the greatest obstacle.	People worried about status or power may protect their turf instead of accepting useful contributions.	Precision improves thinking rather than blocking collaboration.	Time can be a practical problem but is not the chapter's main obstacle.	Choosing a related term without checking the exact definition or purpose asked in the stem.	Compare the exact textbook definition with each option. Eliminate choices that describe a neighboring concept rather than the one asked.	Secure leaders can share credit and ideas.	medium	concept_diagram	optional_after_answer	ltl2_c5_ltl2_c5_pc_q008	Create a simple instructional visual for this idea: Emotional insecurity can make people reject others' ideas.	Secure leaders can share credit and ideas.	Instructional visual representing: Emotional insecurity can make people reject others' ideas.	Learn to Lead, Volume 2, Chapter 5, Objective 5	45	approved_source	draft	LTL2-C5-PC-Q004	45	5	low	basic	false	0	existing_original_bank	pre_sample_bank_review
LTL2-C5-PD-Q001	Chapter 5 D	LTL2-C5-O07	LTL2-C5-K031	LTL2-C5-F031	medium	recognition	multiple_choice	study_and_test	cap_direct	Which logical fallacy attacks the person instead of the argument?	Appeal to tradition	Red herring	Ad hominem	Post hoc	C	Ad hominem attacks the person instead of the argument.	1	The Ad hominem fallacy attacks the person instead of the argument.	Appeal to tradition assumes the old way is better because it is old; it is not the error described in the stem.	Red herring introduces a true or interesting distraction; it is not the error described in the stem.	The Ad hominem fallacy attacks the person instead of the argument.	Post hoc assumes an earlier event caused a later event; it is not the error described in the stem.	Choosing a related term without checking the exact definition or purpose asked in the stem.	Compare the exact textbook definition with each option. Eliminate choices that describe a neighboring concept rather than the one asked.	Ad hominem: attacks the person instead of the argument.	high	comparison_diagram	optional_after_answer	ltl2_c5_ltl2_c5_pd_q001	Create a simple instructional visual for this idea: Ad hominem attacks the person instead of the argument.	Ad hominem: attacks the person instead of the argument.	Instructional visual representing: Ad hominem attacks the person instead of the argument.	Learn to Lead, Volume 2, Chapter 5, Objective 7	46-49	approved_source	draft		45	5	high	moderate	true	1.0	existing_original_bank	pre_sample_bank_review
LTL2-C5-PD-Q002	Chapter 5 D	LTL2-C5-O07	LTL2-C5-K032	LTL2-C5-F032	medium	recognition	multiple_choice	study_and_test	cap_direct	Which logical fallacy claims something is true because an authority says so?	Appeal to authority	Appeal to tradition	Red herring	Weak analogy	A	Appeal to authority claims something is true because an authority says so.	1	The Appeal to authority fallacy claims something is true because an authority says so.	The Appeal to authority fallacy claims something is true because an authority says so.	Appeal to tradition assumes the old way is better because it is old; it is not the error described in the stem.	Red herring introduces a true or interesting distraction; it is not the error described in the stem.	Weak analogy treats two partly similar things as if they were equivalent; it is not the error described in the stem.	Choosing a related term without checking the exact definition or purpose asked in the stem.	Compare the exact textbook definition with each option. Eliminate choices that describe a neighboring concept rather than the one asked.	Appeal to authority: claims something is true because an authority says so.	high	comparison_diagram	optional_after_answer	ltl2_c5_ltl2_c5_pd_q002	Create a simple instructional visual for this idea: Appeal to authority claims something is true because an authority says so.	Appeal to authority: claims something is true because an authority says so.	Instructional visual representing: Appeal to authority claims something is true because an authority says so.	Learn to Lead, Volume 2, Chapter 5, Objective 7	46-49	approved_source	draft		45	5	low	basic	false	0	existing_original_bank	pre_sample_bank_review
LTL2-C5-PD-Q003	Chapter 5 D	LTL2-C5-O07	LTL2-C5-K033	LTL2-C5-F033	medium	recognition	multiple_choice	study_and_test	cap_direct	Which logical fallacy assumes an earlier event caused a later event?	Weak analogy	Straw man	Post hoc	Red herring	C	Post hoc assumes an earlier event caused a later event.	1	The Post hoc fallacy assumes an earlier event caused a later event.	Weak analogy treats two partly similar things as if they were equivalent; it is not the error described in the stem.	Straw man misrepresents an opposing argument to make it easier to attack; it is not the error described in the stem.	The Post hoc fallacy assumes an earlier event caused a later event.	Red herring introduces a true or interesting distraction; it is not the error described in the stem.	Choosing a related term without checking the exact definition or purpose asked in the stem.	Compare the exact textbook definition with each option. Eliminate choices that describe a neighboring concept rather than the one asked.	Post hoc: assumes an earlier event caused a later event.	high	comparison_diagram	optional_after_answer	ltl2_c5_ltl2_c5_pd_q003	Create a simple instructional visual for this idea: Post hoc assumes an earlier event caused a later event.	Post hoc: assumes an earlier event caused a later event.	Instructional visual representing: Post hoc assumes an earlier event caused a later event.	Learn to Lead, Volume 2, Chapter 5, Objective 7	46-49	approved_source	draft		45	5	high	moderate	true	1.0	existing_original_bank	pre_sample_bank_review
LTL2-C5-PD-Q004	Chapter 5 D	LTL2-C5-O07	LTL2-C5-K034	LTL2-C5-F034	medium	recognition	multiple_choice	study_and_test	cap_direct	Which logical fallacy assumes the old way is better because it is old?	Appeal to tradition	Weak analogy	Straw man	Circular reasoning	A	Appeal to tradition assumes the old way is better because it is old.	1	The Appeal to tradition fallacy assumes the old way is better because it is old.	The Appeal to tradition fallacy assumes the old way is better because it is old.	Weak analogy treats two partly similar things as if they were equivalent; it is not the error described in the stem.	Straw man misrepresents an opposing argument to make it easier to attack; it is not the error described in the stem.	Circular reasoning restates the conclusion as its own support; it is not the error described in the stem.	Choosing a related term without checking the exact definition or purpose asked in the stem.	Compare the exact textbook definition with each option. Eliminate choices that describe a neighboring concept rather than the one asked.	Appeal to tradition: assumes the old way is better because it is old.	high	comparison_diagram	optional_after_answer	ltl2_c5_ltl2_c5_pd_q004	Create a simple instructional visual for this idea: Appeal to tradition assumes the old way is better because it is old.	Appeal to tradition: assumes the old way is better because it is old.	Instructional visual representing: Appeal to tradition assumes the old way is better because it is old.	Learn to Lead, Volume 2, Chapter 5, Objective 7	46-49	approved_source	draft		45	5	low	basic	false	0	existing_original_bank	pre_sample_bank_review
LTL2-C5-PD-Q005	Chapter 5 D	LTL2-C5-O07	LTL2-C5-K035	LTL2-C5-F035	medium	recognition	multiple_choice	study_and_test	cap_direct	Which logical fallacy introduces a true or interesting distraction?	Circular reasoning	False dilemma	Red herring	Straw man	C	Red herring introduces a true or interesting distraction.	1	The Red herring fallacy introduces a true or interesting distraction.	Circular reasoning restates the conclusion as its own support; it is not the error described in the stem.	False dilemma pretends only two choices exist; it is not the error described in the stem.	The Red herring fallacy introduces a true or interesting distraction.	Straw man misrepresents an opposing argument to make it easier to attack; it is not the error described in the stem.	Choosing a related term without checking the exact definition or purpose asked in the stem.	Compare the exact textbook definition with each option. Eliminate choices that describe a neighboring concept rather than the one asked.	Red herring: introduces a true or interesting distraction.	high	comparison_diagram	optional_after_answer	ltl2_c5_ltl2_c5_pd_q005	Create a simple instructional visual for this idea: Red herring introduces a true or interesting distraction.	Red herring: introduces a true or interesting distraction.	Instructional visual representing: Red herring introduces a true or interesting distraction.	Learn to Lead, Volume 2, Chapter 5, Objective 7	46-49	approved_source	draft		45	5	high	moderate	true	1.0	existing_original_bank	pre_sample_bank_review
LTL2-C5-PD-Q006	Chapter 5 D	LTL2-C5-O07	LTL2-C5-K036	LTL2-C5-F036	hard	recognition	multiple_choice	study_and_test	cap_direct	Which logical fallacy treats two partly similar things as if they were equivalent?	Weak analogy	Circular reasoning	False dilemma	Slippery slope	A	Weak analogy treats two partly similar things as if they were equivalent.	1	The Weak analogy fallacy treats two partly similar things as if they were equivalent.	The Weak analogy fallacy treats two partly similar things as if they were equivalent.	Circular reasoning restates the conclusion as its own support; it is not the error described in the stem.	False dilemma pretends only two choices exist; it is not the error described in the stem.	Slippery slope assumes one step will automatically trigger an extreme chain of events; it is not the error described in the stem.	Choosing a related term without checking the exact definition or purpose asked in the stem.	Compare the exact textbook definition with each option. Eliminate choices that describe a neighboring concept rather than the one asked.	Weak analogy: treats two partly similar things as if they were equivalent.	high	comparison_diagram	optional_after_answer	ltl2_c5_ltl2_c5_pd_q006	Create a simple instructional visual for this idea: Weak analogy treats two partly similar things as if they were equivalent.	Weak analogy: treats two partly similar things as if they were equivalent.	Instructional visual representing: Weak analogy treats two partly similar things as if they were equivalent.	Learn to Lead, Volume 2, Chapter 5, Objective 7	46-49	approved_source	draft		45	5	low	basic	false	0	existing_original_bank	pre_sample_bank_review
LTL2-C5-PD-Q007	Chapter 5 D	LTL2-C5-O07	LTL2-C5-K037	LTL2-C5-F037	hard	recognition	multiple_choice	study_and_test	cap_direct	Which logical fallacy misrepresents an opposing argument to make it easier to attack?	Slippery slope	Ad hominem	Straw man	False dilemma	C	Straw man misrepresents an opposing argument to make it easier to attack.	1	The Straw man fallacy misrepresents an opposing argument to make it easier to attack.	Slippery slope assumes one step will automatically trigger an extreme chain of events; it is not the error described in the stem.	Ad hominem attacks the person instead of the argument; it is not the error described in the stem.	The Straw man fallacy misrepresents an opposing argument to make it easier to attack.	False dilemma pretends only two choices exist; it is not the error described in the stem.	Choosing a related term without checking the exact definition or purpose asked in the stem.	Compare the exact textbook definition with each option. Eliminate choices that describe a neighboring concept rather than the one asked.	Straw man: misrepresents an opposing argument to make it easier to attack.	high	comparison_diagram	optional_after_answer	ltl2_c5_ltl2_c5_pd_q007	Create a simple instructional visual for this idea: Straw man misrepresents an opposing argument to make it easier to attack.	Straw man: misrepresents an opposing argument to make it easier to attack.	Instructional visual representing: Straw man misrepresents an opposing argument to make it easier to attack.	Learn to Lead, Volume 2, Chapter 5, Objective 7	46-49	approved_source	draft		45	5	low	basic	false	0	existing_original_bank	pre_sample_bank_review
LTL2-C5-PD-Q008	Chapter 5 D	LTL2-C5-O07	LTL2-C5-K038	LTL2-C5-F038	hard	recognition	multiple_choice	study_and_test	cap_direct	Which logical fallacy restates the conclusion as its own support?	Circular reasoning	Slippery slope	Ad hominem	Appeal to authority	A	Circular reasoning restates the conclusion as its own support.	1	The Circular reasoning fallacy restates the conclusion as its own support.	The Circular reasoning fallacy restates the conclusion as its own support.	Slippery slope assumes one step will automatically trigger an extreme chain of events; it is not the error described in the stem.	Ad hominem attacks the person instead of the argument; it is not the error described in the stem.	Appeal to authority claims something is true because an authority says so; it is not the error described in the stem.	Choosing a related term without checking the exact definition or purpose asked in the stem.	Compare the exact textbook definition with each option. Eliminate choices that describe a neighboring concept rather than the one asked.	Circular reasoning: restates the conclusion as its own support.	high	comparison_diagram	optional_after_answer	ltl2_c5_ltl2_c5_pd_q008	Create a simple instructional visual for this idea: Circular reasoning restates the conclusion as its own support.	Circular reasoning: restates the conclusion as its own support.	Instructional visual representing: Circular reasoning restates the conclusion as its own support.	Learn to Lead, Volume 2, Chapter 5, Objective 7	46-49	approved_source	draft		45	5	high	moderate	true	1.0	existing_original_bank	pre_sample_bank_review
LTL2-C5-PD-Q009	Chapter 5 D	LTL2-C5-O07	LTL2-C5-K039	LTL2-C5-F039	hard	recognition	multiple_choice	study_and_test	cap_direct	Which logical fallacy pretends only two choices exist?	Appeal to authority	Post hoc	False dilemma	Ad hominem	C	False dilemma pretends only two choices exist.	1	The False dilemma fallacy pretends only two choices exist.	Appeal to authority claims something is true because an authority says so; it is not the error described in the stem.	Post hoc assumes an earlier event caused a later event; it is not the error described in the stem.	The False dilemma fallacy pretends only two choices exist.	Ad hominem attacks the person instead of the argument; it is not the error described in the stem.	Choosing a related term without checking the exact definition or purpose asked in the stem.	Compare the exact textbook definition with each option. Eliminate choices that describe a neighboring concept rather than the one asked.	False dilemma: pretends only two choices exist.	high	comparison_diagram	optional_after_answer	ltl2_c5_ltl2_c5_pd_q009	Create a simple instructional visual for this idea: False dilemma pretends only two choices exist.	False dilemma: pretends only two choices exist.	Instructional visual representing: False dilemma pretends only two choices exist.	Learn to Lead, Volume 2, Chapter 5, Objective 7	46-49	approved_source	draft		45	5	high	moderate	true	1.0	existing_original_bank	pre_sample_bank_review
LTL2-C5-PD-Q010	Chapter 5 D	LTL2-C5-O07	LTL2-C5-K040	LTL2-C5-F040	hard	recognition	multiple_choice	study_and_test	cap_direct	Which logical fallacy assumes one step will automatically trigger an extreme chain of events?	Slippery slope	Appeal to authority	Post hoc	Appeal to tradition	A	Slippery slope assumes one step will automatically trigger an extreme chain of events.	1	The Slippery slope fallacy assumes one step will automatically trigger an extreme chain of events.	The Slippery slope fallacy assumes one step will automatically trigger an extreme chain of events.	Appeal to authority claims something is true because an authority says so; it is not the error described in the stem.	Post hoc assumes an earlier event caused a later event; it is not the error described in the stem.	Appeal to tradition assumes the old way is better because it is old; it is not the error described in the stem.	Choosing a related term without checking the exact definition or purpose asked in the stem.	Compare the exact textbook definition with each option. Eliminate choices that describe a neighboring concept rather than the one asked.	Slippery slope: assumes one step will automatically trigger an extreme chain of events.	high	comparison_diagram	optional_after_answer	ltl2_c5_ltl2_c5_pd_q010	Create a simple instructional visual for this idea: Slippery slope assumes one step will automatically trigger an extreme chain of events.	Slippery slope: assumes one step will automatically trigger an extreme chain of events.	Instructional visual representing: Slippery slope assumes one step will automatically trigger an extreme chain of events.	Learn to Lead, Volume 2, Chapter 5, Objective 7	46-49	approved_source	draft		45	5	low	basic	false	0	existing_original_bank	pre_sample_bank_review
LTL2-C5-PD-Q011	Chapter 5 D	LTL2-C5-O06	LTL2-C5-K041	LTL2-C5-F041	easy	recall	multiple_choice	study_and_test	cap_direct	A logical fallacy is	a disagreement between two people	an error in reasoning	a claim lacking precise numbers	a creative solution that fails	B	A logical fallacy is an error in reasoning.	1	Fallacies are recurring patterns of bad logic that can corrupt an argument and keep people from the truth.	Disagreement can exist without faulty reasoning.	Fallacies are recurring patterns of bad logic that can corrupt an argument and keep people from the truth.	Imprecision is one intellectual-standard problem, but not the definition of fallacy.	A failed solution is not necessarily a reasoning fallacy.	Choosing a related term without checking the exact definition or purpose asked in the stem.	Compare the exact textbook definition with each option. Eliminate choices that describe a neighboring concept rather than the one asked.	Fallacy = faulty logic.	medium	concept_diagram	optional_after_answer	ltl2_c5_ltl2_c5_pd_q011	Create a simple instructional visual for this idea: A logical fallacy is an error in reasoning.	Fallacy = faulty logic.	Instructional visual representing: A logical fallacy is an error in reasoning.	Learn to Lead, Volume 2, Chapter 5, Objective 6	46	approved_source	draft		45	5	high	moderate	true	1.0	existing_original_bank	pre_sample_bank_review
LTL2-C5-PD-Q012	Chapter 5 D	LTL2-C5-O08	LTL2-C5-K042	LTL2-C5-F042	medium	understanding	multiple_choice	study_and_test	cap_direct	Intellectual honesty means honesty in the	acquisition, analysis, and transmission of ideas	use of rank and authority	choice of teaching methods	recording of majority votes	A	Intellectual honesty applies integrity to how ideas are obtained, examined, and shared.	1	It requires thinkers to recognize bias, examine how conclusions were reached, and resist self-deception.	It requires thinkers to recognize bias, examine how conclusions were reached, and resist self-deception.	Authority can be used honestly, but it is not the definition.	Teaching method is a separate topic.	Voting procedure does not define intellectual honesty.	Choosing a related term without checking the exact definition or purpose asked in the stem.	Compare the exact textbook definition with each option. Eliminate choices that describe a neighboring concept rather than the one asked.	Think with integrity from input to output.	medium	concept_diagram	optional_after_answer	ltl2_c5_ltl2_c5_pd_q012	Create a simple instructional visual for this idea: Intellectual honesty applies integrity to how ideas are obtained, examined, and shared.	Think with integrity from input to output.	Instructional visual representing: Intellectual honesty applies integrity to how ideas are obtained, examined, and shared.	Learn to Lead, Volume 2, Chapter 5, Objective 8	49	approved_source	draft		45	5	high	moderate	true	1.0	existing_original_bank	pre_sample_bank_review
LTL2-C5-PE-Q001	Chapter 5 E	LTL2-C5-O09	LTL2-C5-K043	LTL2-C5-F043	easy	recall	multiple_choice	study_and_test	cap_direct	Creative thinking is best described as	concentration plus imagination that produces novel, appropriate results	unlimited imagination without concern for usefulness	rejecting every traditional practice	choosing the most popular new idea	A	Creative thinking combines concentration, imagination, novelty, and usefulness.	1	The chapter describes it as seeing ideas in a new context or connecting concepts, while still producing appropriate results.	The chapter describes it as seeing ideas in a new context or connecting concepts, while still producing appropriate results.	Creativity must produce meaningful results.	Creative thinkers challenge status quo when needed, not automatically reject everything old.	Popularity does not establish creativity or quality.	Choosing a related term without checking the exact definition or purpose asked in the stem.	Compare the exact textbook definition with each option. Eliminate choices that describe a neighboring concept rather than the one asked.	Creative = new connection that works.	medium	concept_diagram	optional_after_answer	ltl2_c5_ltl2_c5_pe_q001	Create a simple instructional visual for this idea: Creative thinking combines concentration, imagination, novelty, and usefulness.	Creative = new connection that works.	Instructional visual representing: Creative thinking combines concentration, imagination, novelty, and usefulness.	Learn to Lead, Volume 2, Chapter 5, Objective 9	50	approved_source	draft		45	5	high	moderate	true	1.0	existing_original_bank	pre_sample_bank_review
LTL2-C5-PE-Q002	Chapter 5 E	LTL2-C5-O10	LTL2-C5-K044	LTL2-C5-F044	medium	understanding	multiple_choice	study_and_test	cap_direct	Why do creative leaders not always win?	Creative ideas are usually too complicated	Good ideas still require execution and may face resistance	Creativity works only in emergencies	Majorities always choose the safest answer	B	Creative ideas can fail without execution or acceptance.	1	The chapter's business examples show that superior ideas do not guarantee success when execution, adoption, or market conditions work against them.	Creative ideas can be simple or complex.	The chapter's business examples show that superior ideas do not guarantee success when execution, adoption, or market conditions work against them.	Creativity applies well beyond emergencies.	Majorities may resist change, but 'always' is too absolute.	Choosing a related term without checking the exact definition or purpose asked in the stem.	Compare the exact textbook definition with each option. Eliminate choices that describe a neighboring concept rather than the one asked.	Idea + execution + acceptance.	medium	concept_diagram	optional_after_answer	ltl2_c5_ltl2_c5_pe_q002	Create a simple instructional visual for this idea: Creative ideas can fail without execution or acceptance.	Idea + execution + acceptance.	Instructional visual representing: Creative ideas can fail without execution or acceptance.	Learn to Lead, Volume 2, Chapter 5, Objective 10	51	approved_source	draft		45	5	high	moderate	true	1.0	existing_original_bank	pre_sample_bank_review
LTL2-C5-PE-Q003	Chapter 5 E	LTL2-C5-O11	LTL2-C5-K045	LTL2-C5-F045	easy	recall	multiple_choice	study_and_test	cap_direct	The status quo is	the strongest available evidence	the existing state of affairs	a method for ranking ideas	the final stage of brainstorming	B	Status quo means the existing way things are done.	1	Leaders who challenge 'we have always done it that way' are questioning the status quo.	Evidence is evaluated through critical thinking.	Leaders who challenge 'we have always done it that way' are questioning the status quo.	Multi-voting ranks options.	Brainstorming generates ideas; status quo is not a stage.	Choosing a related term without checking the exact definition or purpose asked in the stem.	Compare the exact textbook definition with each option. Eliminate choices that describe a neighboring concept rather than the one asked.	Status quo = the way it is now.	medium	concept_diagram	optional_after_answer	ltl2_c5_ltl2_c5_pe_q003	Create a simple instructional visual for this idea: Status quo means the existing way things are done.	Status quo = the way it is now.	Instructional visual representing: Status quo means the existing way things are done.	Learn to Lead, Volume 2, Chapter 5, Objective 11	51	approved_source	draft		45	5	high	moderate	true	1.0	existing_original_bank	pre_sample_bank_review
LTL2-C5-PE-Q004	Chapter 5 E	LTL2-C5-O11	LTL2-C5-K046	LTL2-C5-F046	medium	application	multiple_choice	study_and_test	scenario	A cadet has a useful but unpopular proposal and stays silent because everyone else favors the old method. Which pressure is most evident?	Focused thinking	Majority pressure discouraging creativity	Intellectual precision	Experiential learning	B	Majority pressure can suppress unpopular creative ideas.	1	The chapter warns that respect for the majority can discourage independence of mind and free discussion.	Focus concerns concentration, not conformity.	The chapter warns that respect for the majority can discourage independence of mind and free discussion.	Precision concerns exactness.	Experiential learning is learning through direct experience.	Choosing a related term without checking the exact definition or purpose asked in the stem.	Compare the exact textbook definition with each option. Eliminate choices that describe a neighboring concept rather than the one asked.	Majority rule should not become majority silence.	medium	concept_diagram	optional_after_answer	ltl2_c5_ltl2_c5_pe_q004	Create a simple instructional visual for this idea: Majority pressure can suppress unpopular creative ideas.	Majority rule should not become majority silence.	Instructional visual representing: Majority pressure can suppress unpopular creative ideas.	Learn to Lead, Volume 2, Chapter 5, Objective 11	52	approved_source	draft		45	5	low	basic	false	0	existing_original_bank	pre_sample_bank_review
LTL2-C5-PE-Q005	Chapter 5 E	LTL2-C5-O11	LTL2-C5-K047	LTL2-C5-F047	hard	analysis	multiple_choice	study_and_test	close_distractors	Which statement best reflects the chapter's view of military tradition and creativity?	Tradition makes creativity impossible	Military structure has no effect on creativity	Leaders should preserve strengths while working deliberately to encourage new thinking	Creative officers should ignore regulations	C	Military-style organizations may need extra effort to encourage creativity.	1	The chapter values useful traditions but warns that conformity can cause creative ideas to be mistaken for disloyalty.	The chapter does not say creativity is impossible.	It notes a possible bias toward conformity.	The chapter values useful traditions but warns that conformity can cause creative ideas to be mistaken for disloyalty.	Creativity must still operate ethically and within legitimate requirements.	Choosing a related term without checking the exact definition or purpose asked in the stem.	Compare the exact textbook definition with each option. Eliminate choices that describe a neighboring concept rather than the one asked.	Preserve what works; question what limits growth.	medium	concept_diagram	optional_after_answer	ltl2_c5_ltl2_c5_pe_q005	Create a simple instructional visual for this idea: Military-style organizations may need extra effort to encourage creativity.	Preserve what works; question what limits growth.	Instructional visual representing: Military-style organizations may need extra effort to encourage creativity.	Learn to Lead, Volume 2, Chapter 5, Objective 11	53	approved_source	draft		45	5	low	basic	false	0	existing_original_bank	pre_sample_bank_review
LTL2-C5-PE-Q006	Chapter 5 E	LTL2-C5-O12	LTL2-C5-K048	LTL2-C5-F048	medium	application	multiple_choice	study_and_test	scenario	Apollo 13 engineers used only materials already aboard the spacecraft to build an improvised device. This illustrates	appeal to tradition	creative thinking under constraints	gradual voting	passive learning	B	Apollo 13 shows creative problem-solving with limited resources.	1	The engineers connected available materials in a new, useful way when no written plan could solve the crisis.	They could not rely on an old routine.	The engineers connected available materials in a new, useful way when no written plan could solve the crisis.	No voting method is described.	The engineers actively solved a real problem.	Choosing a related term without checking the exact definition or purpose asked in the stem.	Compare the exact textbook definition with each option. Eliminate choices that describe a neighboring concept rather than the one asked.	Use what you have in a new way.	medium	concept_diagram	optional_after_answer	ltl2_c5_ltl2_c5_pe_q006	Create a simple instructional visual for this idea: Apollo 13 shows creative problem-solving with limited resources.	Use what you have in a new way.	Instructional visual representing: Apollo 13 shows creative problem-solving with limited resources.	Learn to Lead, Volume 2, Chapter 5, Objective 12	54	approved_source	draft		45	5	low	basic	false	0	existing_original_bank	pre_sample_bank_review
LTL2-C5-PE-Q007	Chapter 5 E	LTL2-C5-O12	LTL2-C5-K049	LTL2-C5-F049	medium	understanding	multiple_choice	study_and_test	cap_direct	The D-Day example demonstrates that	detailed plans remove the need for initiative	creative leadership may be required when plans collapse	only senior officers should improvise	chaos makes mission accomplishment impossible	B	Creative initiative can save a mission when plans meet reality.	1	Separated troops formed new teams and improvised instead of waiting for the original plan to become possible.	Planning remained important, but did not eliminate uncertainty.	Separated troops formed new teams and improvised instead of waiting for the original plan to become possible.	NCOs and junior officers were central to the improvisation.	The example shows that action can emerge from chaos.	Choosing a related term without checking the exact definition or purpose asked in the stem.	Compare the exact textbook definition with each option. Eliminate choices that describe a neighboring concept rather than the one asked.	When the plan breaks, purpose guides improvisation.	medium	concept_diagram	optional_after_answer	ltl2_c5_ltl2_c5_pe_q007	Create a simple instructional visual for this idea: Creative initiative can save a mission when plans meet reality.	When the plan breaks, purpose guides improvisation.	Instructional visual representing: Creative initiative can save a mission when plans meet reality.	Learn to Lead, Volume 2, Chapter 5, Objective 12	54	approved_source	draft		45	5	high	moderate	true	1.0	existing_original_bank	pre_sample_bank_review
LTL2-C5-PE-Q008	Chapter 5 E	LTL2-C5-O12	LTL2-C5-K050	LTL2-C5-F050	hard	misconception	multiple_choice	study_and_test	cap_direct	According to the chapter, creativity may be	complex only	simple only	either complex or simple	valuable only when artistic	C	Creative solutions may be simple or complex.	1	Rube Goldberg machines illustrate complexity, while Shaker design illustrates creative simplicity.	The chapter explicitly gives a simple form of creativity.	It also gives deliberately complex examples.	Rube Goldberg machines illustrate complexity, while Shaker design illustrates creative simplicity.	The section focuses on leadership creativity, not only art.	Choosing a related term without checking the exact definition or purpose asked in the stem.	Compare the exact textbook definition with each option. Eliminate choices that describe a neighboring concept rather than the one asked.	Creative does not mean complicated.	medium	concept_diagram	optional_after_answer	ltl2_c5_ltl2_c5_pe_q008	Create a simple instructional visual for this idea: Creative solutions may be simple or complex.	Creative does not mean complicated.	Instructional visual representing: Creative solutions may be simple or complex.	Learn to Lead, Volume 2, Chapter 5, Objective 12	55	approved_source	draft		45	5	high	moderate	true	1.0	existing_original_bank	pre_sample_bank_review
LTL2-C5-PF-Q001	Chapter 5 F	LTL2-C5-O13	LTL2-C5-K051	LTL2-C5-F051	medium	recognition	multiple_choice	study_and_test	cap_direct	Which creative-thinking tool is designed to generate many ideas without judging them during generation?	Headlines of the Future	Brainstorming	Five Whys	Reversal	B	Brainstorming is used to generate many ideas without judging them during generation.	1	The purpose of Brainstorming is to generate many ideas without judging them during generation.	Headlines of the Future is used to describe future success and work backward through milestones, not to generate many ideas without judging them during generation.	The purpose of Brainstorming is to generate many ideas without judging them during generation.	Five Whys is used to drill down repeatedly to identify root causes, not to generate many ideas without judging them during generation.	Reversal is used to imagine how to cause or worsen the problem, then reverse the ideas, not to generate many ideas without judging them during generation.	Choosing a related term without checking the exact definition or purpose asked in the stem.	Compare the exact textbook definition with each option. Eliminate choices that describe a neighboring concept rather than the one asked.	Brainstorming: generate many ideas without judging them during generation.	high	process_diagram	optional_after_answer	ltl2_c5_ltl2_c5_pf_q001	Create a simple instructional visual for this idea: Brainstorming is used to generate many ideas without judging them during generation.	Brainstorming: generate many ideas without judging them during generation.	Instructional visual representing: Brainstorming is used to generate many ideas without judging them during generation.	Learn to Lead, Volume 2, Chapter 5, Objective 13	56-62	approved_source	draft		45	5	low	basic	false	0	existing_original_bank	pre_sample_bank_review
LTL2-C5-PF-Q002	Chapter 5 F	LTL2-C5-O13	LTL2-C5-K052	LTL2-C5-F052	medium	recognition	multiple_choice	study_and_test	cap_direct	Which creative-thinking tool is designed to visually arrange ideas and their connections?	Mindmapping	Reversal	Headlines of the Future	Flowchart	A	Mindmapping is used to visually arrange ideas and their connections.	1	The purpose of Mindmapping is to visually arrange ideas and their connections.	The purpose of Mindmapping is to visually arrange ideas and their connections.	Reversal is used to imagine how to cause or worsen the problem, then reverse the ideas, not to visually arrange ideas and their connections.	Headlines of the Future is used to describe future success and work backward through milestones, not to visually arrange ideas and their connections.	Flowchart is used to make the steps of a process visible so it can be improved, not to visually arrange ideas and their connections.	Choosing a related term without checking the exact definition or purpose asked in the stem.	Compare the exact textbook definition with each option. Eliminate choices that describe a neighboring concept rather than the one asked.	Mindmapping: visually arrange ideas and their connections.	high	process_diagram	optional_after_answer	ltl2_c5_ltl2_c5_pf_q002	Create a simple instructional visual for this idea: Mindmapping is used to visually arrange ideas and their connections.	Mindmapping: visually arrange ideas and their connections.	Instructional visual representing: Mindmapping is used to visually arrange ideas and their connections.	Learn to Lead, Volume 2, Chapter 5, Objective 13	56-62	approved_source	draft		45	5	low	basic	false	0	existing_original_bank	pre_sample_bank_review
LTL2-C5-PF-Q003	Chapter 5 F	LTL2-C5-O13	LTL2-C5-K053	LTL2-C5-F053	hard	recognition	multiple_choice	study_and_test	cap_direct	Which creative-thinking tool is designed to drill down repeatedly to identify root causes?	Headlines of the Future	Flowchart	Multi-voting	Five Whys	D	Five Whys is used to drill down repeatedly to identify root causes.	1	The purpose of Five Whys is to drill down repeatedly to identify root causes.	Headlines of the Future is used to describe future success and work backward through milestones, not to drill down repeatedly to identify root causes.	Flowchart is used to make the steps of a process visible so it can be improved, not to drill down repeatedly to identify root causes.	Multi-voting is used to identify broad consensus when many options exist, not to drill down repeatedly to identify root causes.	The purpose of Five Whys is to drill down repeatedly to identify root causes.	Choosing a related term without checking the exact definition or purpose asked in the stem.	Compare the exact textbook definition with each option. Eliminate choices that describe a neighboring concept rather than the one asked.	Five Whys: drill down repeatedly to identify root causes.	high	process_diagram	optional_after_answer	ltl2_c5_ltl2_c5_pf_q003	Create a simple instructional visual for this idea: Five Whys is used to drill down repeatedly to identify root causes.	Five Whys: drill down repeatedly to identify root causes.	Instructional visual representing: Five Whys is used to drill down repeatedly to identify root causes.	Learn to Lead, Volume 2, Chapter 5, Objective 13	56-62	approved_source	draft		45	5	low	basic	false	0	existing_original_bank	pre_sample_bank_review
LTL2-C5-PF-Q004	Chapter 5 F	LTL2-C5-O13	LTL2-C5-K054	LTL2-C5-F054	hard	recognition	multiple_choice	study_and_test	cap_direct	Which creative-thinking tool is designed to imagine how to cause or worsen the problem, then reverse the ideas?	Multi-voting	Cost-benefit analysis	Reversal	Flowchart	C	Reversal is used to imagine how to cause or worsen the problem, then reverse the ideas.	1	The purpose of Reversal is to imagine how to cause or worsen the problem, then reverse the ideas.	Multi-voting is used to identify broad consensus when many options exist, not to imagine how to cause or worsen the problem, then reverse the ideas.	Cost-benefit analysis is used to compare costs with expected benefits, not to imagine how to cause or worsen the problem, then reverse the ideas.	The purpose of Reversal is to imagine how to cause or worsen the problem, then reverse the ideas.	Flowchart is used to make the steps of a process visible so it can be improved, not to imagine how to cause or worsen the problem, then reverse the ideas.	Choosing a related term without checking the exact definition or purpose asked in the stem.	Compare the exact textbook definition with each option. Eliminate choices that describe a neighboring concept rather than the one asked.	Reversal: imagine how to cause or worsen the problem, then reverse the ideas.	high	process_diagram	optional_after_answer	ltl2_c5_ltl2_c5_pf_q004	Create a simple instructional visual for this idea: Reversal is used to imagine how to cause or worsen the problem, then reverse the ideas.	Reversal: imagine how to cause or worsen the problem, then reverse the ideas.	Instructional visual representing: Reversal is used to imagine how to cause or worsen the problem, then reverse the ideas.	Learn to Lead, Volume 2, Chapter 5, Objective 13	56-62	approved_source	draft		45	5	low	basic	false	0	existing_original_bank	pre_sample_bank_review
LTL2-C5-PF-Q005	Chapter 5 F	LTL2-C5-O13	LTL2-C5-K055	LTL2-C5-F055	medium	recognition	multiple_choice	study_and_test	cap_direct	Which creative-thinking tool is designed to describe future success and work backward through milestones?	Weighted pros and cons	Headlines of the Future	Multi-voting	Cost-benefit analysis	B	Headlines of the Future is used to describe future success and work backward through milestones.	1	The purpose of Headlines of the Future is to describe future success and work backward through milestones.	Weighted pros and cons is used to assign point values to advantages and disadvantages, not to describe future success and work backward through milestones.	The purpose of Headlines of the Future is to describe future success and work backward through milestones.	Multi-voting is used to identify broad consensus when many options exist, not to describe future success and work backward through milestones.	Cost-benefit analysis is used to compare costs with expected benefits, not to describe future success and work backward through milestones.	Choosing a related term without checking the exact definition or purpose asked in the stem.	Compare the exact textbook definition with each option. Eliminate choices that describe a neighboring concept rather than the one asked.	Headlines of the Future: describe future success and work backward through milestones.	high	process_diagram	optional_after_answer	ltl2_c5_ltl2_c5_pf_q005	Create a simple instructional visual for this idea: Headlines of the Future is used to describe future success and work backward through milestones.	Headlines of the Future: describe future success and work backward through milestones.	Instructional visual representing: Headlines of the Future is used to describe future success and work backward through milestones.	Learn to Lead, Volume 2, Chapter 5, Objective 13	56-62	approved_source	draft		45	5	low	basic	false	0	existing_original_bank	pre_sample_bank_review
LTL2-C5-PF-Q006	Chapter 5 F	LTL2-C5-O13	LTL2-C5-K056	LTL2-C5-F056	medium	recognition	multiple_choice	study_and_test	cap_direct	Which creative-thinking tool is designed to make the steps of a process visible so it can be improved?	Flowchart	Cost-benefit analysis	Weighted pros and cons	Gradual voting	A	Flowchart is used to make the steps of a process visible so it can be improved.	1	The purpose of Flowchart is to make the steps of a process visible so it can be improved.	The purpose of Flowchart is to make the steps of a process visible so it can be improved.	Cost-benefit analysis is used to compare costs with expected benefits, not to make the steps of a process visible so it can be improved.	Weighted pros and cons is used to assign point values to advantages and disadvantages, not to make the steps of a process visible so it can be improved.	Gradual voting is used to let junior members speak before senior members to reduce influence, not to make the steps of a process visible so it can be improved.	Choosing a related term without checking the exact definition or purpose asked in the stem.	Compare the exact textbook definition with each option. Eliminate choices that describe a neighboring concept rather than the one asked.	Flowchart: make the steps of a process visible so it can be improved.	high	process_diagram	optional_after_answer	ltl2_c5_ltl2_c5_pf_q006	Create a simple instructional visual for this idea: Flowchart is used to make the steps of a process visible so it can be improved.	Flowchart: make the steps of a process visible so it can be improved.	Instructional visual representing: Flowchart is used to make the steps of a process visible so it can be improved.	Learn to Lead, Volume 2, Chapter 5, Objective 13	56-62	approved_source	draft		45	5	low	basic	false	0	existing_original_bank	pre_sample_bank_review
LTL2-C5-PF-Q007	Chapter 5 F	LTL2-C5-O13	LTL2-C5-K057	LTL2-C5-F057	medium	recognition	multiple_choice	study_and_test	cap_direct	Which creative-thinking tool is designed to identify broad consensus when many options exist?	Weighted pros and cons	Gradual voting	Brainstorming	Multi-voting	D	Multi-voting is used to identify broad consensus when many options exist.	1	The purpose of Multi-voting is to identify broad consensus when many options exist.	Weighted pros and cons is used to assign point values to advantages and disadvantages, not to identify broad consensus when many options exist.	Gradual voting is used to let junior members speak before senior members to reduce influence, not to identify broad consensus when many options exist.	Brainstorming is used to generate many ideas without judging them during generation, not to identify broad consensus when many options exist.	The purpose of Multi-voting is to identify broad consensus when many options exist.	Choosing a related term without checking the exact definition or purpose asked in the stem.	Compare the exact textbook definition with each option. Eliminate choices that describe a neighboring concept rather than the one asked.	Multi-voting: identify broad consensus when many options exist.	high	process_diagram	optional_after_answer	ltl2_c5_ltl2_c5_pf_q007	Create a simple instructional visual for this idea: Multi-voting is used to identify broad consensus when many options exist.	Multi-voting: identify broad consensus when many options exist.	Instructional visual representing: Multi-voting is used to identify broad consensus when many options exist.	Learn to Lead, Volume 2, Chapter 5, Objective 13	56-62	approved_source	draft		45	5	low	basic	false	0	existing_original_bank	pre_sample_bank_review
LTL2-C5-PF-Q008	Chapter 5 F	LTL2-C5-O13	LTL2-C5-K058	LTL2-C5-F058	medium	recognition	multiple_choice	study_and_test	cap_direct	Which creative-thinking tool is designed to compare costs with expected benefits?	Brainstorming	Mindmapping	Cost-benefit analysis	Gradual voting	C	Cost-benefit analysis is used to compare costs with expected benefits.	1	The purpose of Cost-benefit analysis is to compare costs with expected benefits.	Brainstorming is used to generate many ideas without judging them during generation, not to compare costs with expected benefits.	Mindmapping is used to visually arrange ideas and their connections, not to compare costs with expected benefits.	The purpose of Cost-benefit analysis is to compare costs with expected benefits.	Gradual voting is used to let junior members speak before senior members to reduce influence, not to compare costs with expected benefits.	Choosing a related term without checking the exact definition or purpose asked in the stem.	Compare the exact textbook definition with each option. Eliminate choices that describe a neighboring concept rather than the one asked.	Cost-benefit analysis: compare costs with expected benefits.	high	process_diagram	optional_after_answer	ltl2_c5_ltl2_c5_pf_q008	Create a simple instructional visual for this idea: Cost-benefit analysis is used to compare costs with expected benefits.	Cost-benefit analysis: compare costs with expected benefits.	Instructional visual representing: Cost-benefit analysis is used to compare costs with expected benefits.	Learn to Lead, Volume 2, Chapter 5, Objective 13	56-62	approved_source	draft		45	5	high	moderate	true	1.0	existing_original_bank	pre_sample_bank_review
LTL2-C5-PF-Q009	Chapter 5 F	LTL2-C5-O13	LTL2-C5-K059	LTL2-C5-F059	medium	recognition	multiple_choice	study_and_test	cap_direct	Which creative-thinking tool is designed to assign point values to advantages and disadvantages?	Five Whys	Weighted pros and cons	Brainstorming	Mindmapping	B	Weighted pros and cons is used to assign point values to advantages and disadvantages.	1	The purpose of Weighted pros and cons is to assign point values to advantages and disadvantages.	Five Whys is used to drill down repeatedly to identify root causes, not to assign point values to advantages and disadvantages.	The purpose of Weighted pros and cons is to assign point values to advantages and disadvantages.	Brainstorming is used to generate many ideas without judging them during generation, not to assign point values to advantages and disadvantages.	Mindmapping is used to visually arrange ideas and their connections, not to assign point values to advantages and disadvantages.	Choosing a related term without checking the exact definition or purpose asked in the stem.	Compare the exact textbook definition with each option. Eliminate choices that describe a neighboring concept rather than the one asked.	Weighted pros and cons: assign point values to advantages and disadvantages.	high	process_diagram	optional_after_answer	ltl2_c5_ltl2_c5_pf_q009	Create a simple instructional visual for this idea: Weighted pros and cons is used to assign point values to advantages and disadvantages.	Weighted pros and cons: assign point values to advantages and disadvantages.	Instructional visual representing: Weighted pros and cons is used to assign point values to advantages and disadvantages.	Learn to Lead, Volume 2, Chapter 5, Objective 13	56-62	approved_source	draft		45	5	low	basic	false	0	existing_original_bank	pre_sample_bank_review
LTL2-C5-PF-Q010	Chapter 5 F	LTL2-C5-O13	LTL2-C5-K060	LTL2-C5-F060	hard	recognition	multiple_choice	study_and_test	cap_direct	Which creative-thinking tool is designed to let junior members speak before senior members to reduce influence?	Gradual voting	Mindmapping	Five Whys	Reversal	A	Gradual voting is used to let junior members speak before senior members to reduce influence.	1	The purpose of Gradual voting is to let junior members speak before senior members to reduce influence.	The purpose of Gradual voting is to let junior members speak before senior members to reduce influence.	Mindmapping is used to visually arrange ideas and their connections, not to let junior members speak before senior members to reduce influence.	Five Whys is used to drill down repeatedly to identify root causes, not to let junior members speak before senior members to reduce influence.	Reversal is used to imagine how to cause or worsen the problem, then reverse the ideas, not to let junior members speak before senior members to reduce influence.	Choosing a related term without checking the exact definition or purpose asked in the stem.	Compare the exact textbook definition with each option. Eliminate choices that describe a neighboring concept rather than the one asked.	Gradual voting: let junior members speak before senior members to reduce influence.	high	process_diagram	optional_after_answer	ltl2_c5_ltl2_c5_pf_q010	Create a simple instructional visual for this idea: Gradual voting is used to let junior members speak before senior members to reduce influence.	Gradual voting: let junior members speak before senior members to reduce influence.	Instructional visual representing: Gradual voting is used to let junior members speak before senior members to reduce influence.	Learn to Lead, Volume 2, Chapter 5, Objective 13	56-62	approved_source	draft		45	5	low	basic	false	0	existing_original_bank	pre_sample_bank_review
LTL2-C5-PG-Q001	Chapter 5 G	LTL2-C5-O14	LTL2-C5-K061	LTL2-C5-F061	easy	recall	multiple_choice	study_and_test	cap_direct	A learning objective describes what a student should	know, feel, or be able to do at the end of a lesson	enjoy most about an activity	already know before entering class	teach to the instructor after every lesson	A	A learning objective states the intended result of the lesson.	1	It gives the student and instructor a precise goal and a measure of success.	It gives the student and instructor a precise goal and a measure of success.	Enjoyment can support learning but is not the objective itself.	Prior knowledge may affect instruction but is not the lesson outcome.	Teaching back can be an evaluation method, but is not required by the definition.	Choosing a related term without checking the exact definition or purpose asked in the stem.	Compare the exact textbook definition with each option. Eliminate choices that describe a neighboring concept rather than the one asked.	Objective = the finish line for learning.	medium	concept_diagram	optional_after_answer	ltl2_c5_ltl2_c5_pg_q001	Create a simple instructional visual for this idea: A learning objective states the intended result of the lesson.	Objective = the finish line for learning.	Instructional visual representing: A learning objective states the intended result of the lesson.	Learn to Lead, Volume 2, Chapter 5, Objective 14	63	approved_source	draft		45	5	high	moderate	true	1.0	existing_original_bank	pre_sample_bank_review
LTL2-C5-PG-Q002	Chapter 5 G	LTL2-C5-O14	LTL2-C5-K062	LTL2-C5-F062	medium	understanding	multiple_choice	study_and_test	close_distractors	A strong learning objective should be	interesting and flexible	specific and measurable	challenging and lengthy	creative and popular	B	Good objectives are specific and measurable.	1	They say exactly what learners should accomplish and allow fair evaluation of whether they succeeded.	Interest and flexibility can help a lesson but do not make the goal measurable.	They say exactly what learners should accomplish and allow fair evaluation of whether they succeeded.	Difficulty and length are not the defining qualities.	Creativity and popularity do not establish instructional success.	Choosing a related term without checking the exact definition or purpose asked in the stem.	Compare the exact textbook definition with each option. Eliminate choices that describe a neighboring concept rather than the one asked.	Specific tells what; measurable proves it.	medium	concept_diagram	optional_after_answer	ltl2_c5_ltl2_c5_pg_q002	Create a simple instructional visual for this idea: Good objectives are specific and measurable.	Specific tells what; measurable proves it.	Instructional visual representing: Good objectives are specific and measurable.	Learn to Lead, Volume 2, Chapter 5, Objective 14	63-64	approved_source	draft		45	5	high	moderate	true	1.0	existing_original_bank	pre_sample_bank_review
LTL2-C5-PG-Q003	Chapter 5 G	LTL2-C5-O15	LTL2-C5-K063	LTL2-C5-F063	easy	recognition	multiple_choice	study_and_test	cap_direct	Which learning modality emphasizes seeing pictures, diagrams, demonstrations, or highlighted text?	Tactile	Kinesthetic	Visual	Experiential	C	Visual learning emphasizes seeing pictures, diagrams, demonstrations, or highlighted text.	1	A visual learner tends to prefer seeing pictures, diagrams, demonstrations, or highlighted text.	Tactile emphasizes touching, handling, labeling, or manipulating objects, not seeing pictures, diagrams, demonstrations, or highlighted text.	Kinesthetic emphasizes moving and learning through physical action, not seeing pictures, diagrams, demonstrations, or highlighted text.	A visual learner tends to prefer seeing pictures, diagrams, demonstrations, or highlighted text.	Experiential describes a broad learning method, not one of the four sensory learning modalities.	Choosing a related term without checking the exact definition or purpose asked in the stem.	Compare the exact textbook definition with each option. Eliminate choices that describe a neighboring concept rather than the one asked.	Visual: seeing pictures, diagrams, demonstrations, or highlighted text.	high	four_part_icon_card	optional_after_answer	ltl2_c5_ltl2_c5_pg_q003	Create a simple instructional visual for this idea: Visual learning emphasizes seeing pictures, diagrams, demonstrations, or highlighted text.	Visual: seeing pictures, diagrams, demonstrations, or highlighted text.	Instructional visual representing: Visual learning emphasizes seeing pictures, diagrams, demonstrations, or highlighted text.	Learn to Lead, Volume 2, Chapter 5, Objective 15	64-65	approved_source	draft		45	5	low	basic	false	0	existing_original_bank	pre_sample_bank_review
LTL2-C5-PG-Q004	Chapter 5 G	LTL2-C5-O15	LTL2-C5-K064	LTL2-C5-F064	easy	recognition	multiple_choice	study_and_test	cap_direct	Which learning modality emphasizes hearing explanations, stories, recitation, or discussion?	Visual	Auditory	Lecture	Kinesthetic	B	Auditory learning emphasizes hearing explanations, stories, recitation, or discussion.	1	A auditory learner tends to prefer hearing explanations, stories, recitation, or discussion.	Visual emphasizes seeing pictures, diagrams, demonstrations, or highlighted text, not hearing explanations, stories, recitation, or discussion.	A auditory learner tends to prefer hearing explanations, stories, recitation, or discussion.	Lecture is a teaching method, not one of the four learning modalities.	Kinesthetic emphasizes moving and learning through physical action, not hearing explanations, stories, recitation, or discussion.	Choosing a related term without checking the exact definition or purpose asked in the stem.	Compare the exact textbook definition with each option. Eliminate choices that describe a neighboring concept rather than the one asked.	Auditory: hearing explanations, stories, recitation, or discussion.	high	four_part_icon_card	optional_after_answer	ltl2_c5_ltl2_c5_pg_q004	Create a simple instructional visual for this idea: Auditory learning emphasizes hearing explanations, stories, recitation, or discussion.	Auditory: hearing explanations, stories, recitation, or discussion.	Instructional visual representing: Auditory learning emphasizes hearing explanations, stories, recitation, or discussion.	Learn to Lead, Volume 2, Chapter 5, Objective 15	64-65	approved_source	draft		45	5	high	moderate	true	1.0	existing_original_bank	pre_sample_bank_review
LTL2-C5-PG-Q005	Chapter 5 G	LTL2-C5-O15	LTL2-C5-K065	LTL2-C5-F065	easy	recognition	multiple_choice	study_and_test	cap_direct	Which learning modality emphasizes touching, handling, labeling, or manipulating objects?	Tactile	Simulation	Visual	Auditory	A	Tactile learning emphasizes touching, handling, labeling, or manipulating objects.	1	A tactile learner tends to prefer touching, handling, labeling, or manipulating objects.	A tactile learner tends to prefer touching, handling, labeling, or manipulating objects.	Simulation is a training method, not a learning modality.	Visual emphasizes seeing pictures, diagrams, demonstrations, or highlighted text, not touching, handling, labeling, or manipulating objects.	Auditory emphasizes hearing explanations, stories, recitation, or discussion, not touching, handling, labeling, or manipulating objects.	Choosing a related term without checking the exact definition or purpose asked in the stem.	Compare the exact textbook definition with each option. Eliminate choices that describe a neighboring concept rather than the one asked.	Tactile: touching, handling, labeling, or manipulating objects.	high	four_part_icon_card	optional_after_answer	ltl2_c5_ltl2_c5_pg_q005	Create a simple instructional visual for this idea: Tactile learning emphasizes touching, handling, labeling, or manipulating objects.	Tactile: touching, handling, labeling, or manipulating objects.	Instructional visual representing: Tactile learning emphasizes touching, handling, labeling, or manipulating objects.	Learn to Lead, Volume 2, Chapter 5, Objective 15	64-65	approved_source	draft		45	5	high	moderate	true	1.0	existing_original_bank	pre_sample_bank_review
LTL2-C5-PG-Q006	Chapter 5 G	LTL2-C5-O15	LTL2-C5-K066	LTL2-C5-F066	easy	recognition	multiple_choice	study_and_test	cap_direct	Which learning modality emphasizes moving and learning through physical action?	Kinesthetic	Auditory	Tactile	Guided Discussion	A	Kinesthetic learning emphasizes moving and learning through physical action.	1	A kinesthetic learner tends to prefer moving and learning through physical action.	A kinesthetic learner tends to prefer moving and learning through physical action.	Auditory emphasizes hearing explanations, stories, recitation, or discussion, not moving and learning through physical action.	Tactile emphasizes touching, handling, labeling, or manipulating objects, not moving and learning through physical action.	Guided discussion is a teaching method, not a learning modality.	Choosing a related term without checking the exact definition or purpose asked in the stem.	Compare the exact textbook definition with each option. Eliminate choices that describe a neighboring concept rather than the one asked.	Kinesthetic: moving and learning through physical action.	high	four_part_icon_card	optional_after_answer	ltl2_c5_ltl2_c5_pg_q006	Create a simple instructional visual for this idea: Kinesthetic learning emphasizes moving and learning through physical action.	Kinesthetic: moving and learning through physical action.	Instructional visual representing: Kinesthetic learning emphasizes moving and learning through physical action.	Learn to Lead, Volume 2, Chapter 5, Objective 15	64-65	approved_source	draft		45	5	high	moderate	true	1.0	existing_original_bank	pre_sample_bank_review
LTL2-C5-PG-Q007	Chapter 5 G	LTL2-C5-O16	LTL2-C5-K067	LTL2-C5-F067	medium	application	multiple_choice	study_and_test	scenario	An instructor explains a radio procedure aloud, shows a diagram, lets cadets handle the radio, and has them practice moving through the procedure. Why is this effective?	It prevents the need for evaluation	It presents the material through multiple learning modalities	It makes the lesson a simulation	It guarantees every cadet has the same learning preference	B	Multiple presentations reach different learning preferences.	1	Leaders should present material in varied ways because people process information differently.	Evaluation is still needed.	Leaders should present material in varied ways because people process information differently.	The activity may include practice, but the key point is use of all four modalities.	Cadets do not all share the same preference.	Choosing a related term without checking the exact definition or purpose asked in the stem.	Compare the exact textbook definition with each option. Eliminate choices that describe a neighboring concept rather than the one asked.	Tell it, show it, touch it, do it.	medium	concept_diagram	optional_after_answer	ltl2_c5_ltl2_c5_pg_q007	Create a simple instructional visual for this idea: Multiple presentations reach different learning preferences.	Tell it, show it, touch it, do it.	Instructional visual representing: Multiple presentations reach different learning preferences.	Learn to Lead, Volume 2, Chapter 5, Objective 16	64-65	approved_source	draft		45	5	low	basic	false	0	existing_original_bank	pre_sample_bank_review
LTL2-C5-PG-Q008	Chapter 5 G	LTL2-C5-O16	LTL2-C5-K068	LTL2-C5-F068	hard	misconception	multiple_choice	study_and_test	cap_direct	Which statement best reflects the chapter's advice about learning styles?	Teach only in the style preferred by most students	Require students to adapt to the instructor's natural style	Use multiple methods whenever possible, especially with groups	Assign every student one permanent learning category	C	Good instructors present material in multiple ways.	1	Learning modalities describe preferences, and leaders serve the team by adapting communication rather than demanding that everyone adapt to them.	A majority preference can leave others behind.	The chapter criticizes this instructor-centered approach.	Learning modalities describe preferences, and leaders serve the team by adapting communication rather than demanding that everyone adapt to them.	The modalities are useful guides, not rigid permanent labels.	Choosing a related term without checking the exact definition or purpose asked in the stem.	Compare the exact textbook definition with each option. Eliminate choices that describe a neighboring concept rather than the one asked.	Adapt the lesson to learners, not learners to the lecturer.	medium	concept_diagram	optional_after_answer	ltl2_c5_ltl2_c5_pg_q008	Create a simple instructional visual for this idea: Good instructors present material in multiple ways.	Adapt the lesson to learners, not learners to the lecturer.	Instructional visual representing: Good instructors present material in multiple ways.	Learn to Lead, Volume 2, Chapter 5, Objective 16	65	approved_source	draft		45	5	high	moderate	true	1.0	existing_original_bank	pre_sample_bank_review
LTL2-C5-PH-Q001	Chapter 5 H	LTL2-C5-O17	LTL2-C5-K071	LTL2-C5-F071	medium	recognition	multiple_choice	study_and_test	cap_direct	Which teaching method is best described as an oral presentation that can quickly provide much information?	Experiential learning	Simulation	Lecture	Demonstration-performance	C	Lecture is an oral presentation that can quickly provide much information.	1	The chapter defines lecture as an oral presentation that can quickly provide much information.	Experiential learning involves learning through games, service, challenges, role-play, or direct experience, not an oral presentation that can quickly provide much information.	Simulation involves replicating real conditions so existing knowledge and skills can be practiced, not an oral presentation that can quickly provide much information.	The chapter defines lecture as an oral presentation that can quickly provide much information.	Demonstration-performance involves the instructor demonstrates a physical skill and students practice it, not an oral presentation that can quickly provide much information.	Choosing a related term without checking the exact definition or purpose asked in the stem.	Compare the exact textbook definition with each option. Eliminate choices that describe a neighboring concept rather than the one asked.	Lecture: an oral presentation that can quickly provide much information.	high	method_comparison	optional_after_answer	ltl2_c5_ltl2_c5_ph_q001	Create a simple instructional visual for this idea: Lecture is an oral presentation that can quickly provide much information.	Lecture: an oral presentation that can quickly provide much information.	Instructional visual representing: Lecture is an oral presentation that can quickly provide much information.	Learn to Lead, Volume 2, Chapter 5, Objective 17	66-69	approved_source	draft		45	5	low	basic	false	0	existing_original_bank	pre_sample_bank_review
LTL2-C5-PH-Q002	Chapter 5 H	LTL2-C5-O17	LTL2-C5-K072	LTL2-C5-F072	medium	recognition	multiple_choice	study_and_test	cap_direct	Which teaching method is best described as an instructor-directed conversation in which students do much of the talking?	Lecture	Guided discussion	Experiential learning	Simulation	B	Guided discussion is an instructor-directed conversation in which students do much of the talking.	1	The chapter defines guided discussion as an instructor-directed conversation in which students do much of the talking.	Lecture involves an oral presentation that can quickly provide much information, not an instructor-directed conversation in which students do much of the talking.	The chapter defines guided discussion as an instructor-directed conversation in which students do much of the talking.	Experiential learning involves learning through games, service, challenges, role-play, or direct experience, not an instructor-directed conversation in which students do much of the talking.	Simulation involves replicating real conditions so existing knowledge and skills can be practiced, not an instructor-directed conversation in which students do much of the talking.	Choosing a related term without checking the exact definition or purpose asked in the stem.	Compare the exact textbook definition with each option. Eliminate choices that describe a neighboring concept rather than the one asked.	Guided discussion: an instructor-directed conversation in which students do much of the talking.	high	method_comparison	optional_after_answer	ltl2_c5_ltl2_c5_ph_q002	Create a simple instructional visual for this idea: Guided discussion is an instructor-directed conversation in which students do much of the talking.	Guided discussion: an instructor-directed conversation in which students do much of the talking.	Instructional visual representing: Guided discussion is an instructor-directed conversation in which students do much of the talking.	Learn to Lead, Volume 2, Chapter 5, Objective 17	66-69	approved_source	draft		45	5	low	basic	false	0	existing_original_bank	pre_sample_bank_review
LTL2-C5-PH-Q003	Chapter 5 H	LTL2-C5-O17	LTL2-C5-K073	LTL2-C5-F073	medium	recognition	multiple_choice	study_and_test	cap_direct	Which teaching method is best described as the instructor demonstrates a physical skill and students practice it?	Demonstration-performance	Simulation	Lecture	Guided discussion	A	Demonstration-performance is the instructor demonstrates a physical skill and students practice it.	1	The chapter defines demonstration-performance as the instructor demonstrates a physical skill and students practice it.	The chapter defines demonstration-performance as the instructor demonstrates a physical skill and students practice it.	Simulation involves replicating real conditions so existing knowledge and skills can be practiced, not the instructor demonstrates a physical skill and students practice it.	Lecture involves an oral presentation that can quickly provide much information, not the instructor demonstrates a physical skill and students practice it.	Guided discussion involves an instructor-directed conversation in which students do much of the talking, not the instructor demonstrates a physical skill and students practice it.	Choosing a related term without checking the exact definition or purpose asked in the stem.	Compare the exact textbook definition with each option. Eliminate choices that describe a neighboring concept rather than the one asked.	Demonstration-performance: the instructor demonstrates a physical skill and students practice it.	high	method_comparison	optional_after_answer	ltl2_c5_ltl2_c5_ph_q003	Create a simple instructional visual for this idea: Demonstration-performance is the instructor demonstrates a physical skill and students practice it.	Demonstration-performance: the instructor demonstrates a physical skill and students practice it.	Instructional visual representing: Demonstration-performance is the instructor demonstrates a physical skill and students practice it.	Learn to Lead, Volume 2, Chapter 5, Objective 17	66-69	approved_source	draft		45	5	low	basic	false	0	existing_original_bank	pre_sample_bank_review
LTL2-C5-PH-Q004	Chapter 5 H	LTL2-C5-O17	LTL2-C5-K074	LTL2-C5-F074	medium	recognition	multiple_choice	study_and_test	cap_direct	Which teaching method is best described as learning through games, service, challenges, role-play, or direct experience?	Lecture	Guided discussion	Demonstration-performance	Experiential learning	D	Experiential learning is learning through games, service, challenges, role-play, or direct experience.	1	The chapter defines experiential learning as learning through games, service, challenges, role-play, or direct experience.	Lecture involves an oral presentation that can quickly provide much information, not learning through games, service, challenges, role-play, or direct experience.	Guided discussion involves an instructor-directed conversation in which students do much of the talking, not learning through games, service, challenges, role-play, or direct experience.	Demonstration-performance involves the instructor demonstrates a physical skill and students practice it, not learning through games, service, challenges, role-play, or direct experience.	The chapter defines experiential learning as learning through games, service, challenges, role-play, or direct experience.	Choosing a related term without checking the exact definition or purpose asked in the stem.	Compare the exact textbook definition with each option. Eliminate choices that describe a neighboring concept rather than the one asked.	Experiential learning: learning through games, service, challenges, role-play, or direct experience.	high	method_comparison	optional_after_answer	ltl2_c5_ltl2_c5_ph_q004	Create a simple instructional visual for this idea: Experiential learning is learning through games, service, challenges, role-play, or direct experience.	Experiential learning: learning through games, service, challenges, role-play, or direct experience.	Instructional visual representing: Experiential learning is learning through games, service, challenges, role-play, or direct experience.	Learn to Lead, Volume 2, Chapter 5, Objective 17	66-69	approved_source	draft		45	5	low	basic	false	0	existing_original_bank	pre_sample_bank_review
LTL2-C5-PH-Q005	Chapter 5 H	LTL2-C5-O17	LTL2-C5-K075	LTL2-C5-F075	medium	recognition	multiple_choice	study_and_test	cap_direct	Which teaching method is best described as replicating real conditions so existing knowledge and skills can be practiced?	Demonstration-performance	Experiential learning	Simulation	Guided discussion	C	Simulation is replicating real conditions so existing knowledge and skills can be practiced.	1	The chapter defines simulation as replicating real conditions so existing knowledge and skills can be practiced.	Demonstration-performance involves the instructor demonstrates a physical skill and students practice it, not replicating real conditions so existing knowledge and skills can be practiced.	Experiential learning involves learning through games, service, challenges, role-play, or direct experience, not replicating real conditions so existing knowledge and skills can be practiced.	The chapter defines simulation as replicating real conditions so existing knowledge and skills can be practiced.	Guided discussion involves an instructor-directed conversation in which students do much of the talking, not replicating real conditions so existing knowledge and skills can be practiced.	Choosing a related term without checking the exact definition or purpose asked in the stem.	Compare the exact textbook definition with each option. Eliminate choices that describe a neighboring concept rather than the one asked.	Simulation: replicating real conditions so existing knowledge and skills can be practiced.	high	method_comparison	optional_after_answer	ltl2_c5_ltl2_c5_ph_q005	Create a simple instructional visual for this idea: Simulation is replicating real conditions so existing knowledge and skills can be practiced.	Simulation: replicating real conditions so existing knowledge and skills can be practiced.	Instructional visual representing: Simulation is replicating real conditions so existing knowledge and skills can be practiced.	Learn to Lead, Volume 2, Chapter 5, Objective 17	66-69	approved_source	draft		45	5	low	basic	false	0	existing_original_bank	pre_sample_bank_review
LTL2-C5-PH-Q006	Chapter 5 H	LTL2-C5-O18	LTL2-C5-K076	LTL2-C5-F076	medium	analysis	multiple_choice	study_and_test	close_distractors	Which is a major advantage of a lecture?	It gives immediate evidence that every student understands	It can efficiently present a large amount of information	It naturally involves all learning modalities	It is ideal for practicing physical skills	B	Lectures can deliver much information efficiently.	1	They are relatively easy to prepare and can use an expert's knowledge, but they provide limited feedback and are mostly one-way.	A lecture provides limited evidence of learning.	They are relatively easy to prepare and can use an expert's knowledge, but they provide limited feedback and are mostly one-way.	Lecture is primarily auditory and passive.	Demo-perf is better for physical skills.	Choosing a related term without checking the exact definition or purpose asked in the stem.	Compare the exact textbook definition with each option. Eliminate choices that describe a neighboring concept rather than the one asked.	Lecture: efficient information, weak feedback.	medium	concept_diagram	optional_after_answer	ltl2_c5_ltl2_c5_ph_q006	Create a simple instructional visual for this idea: Lectures can deliver much information efficiently.	Lecture: efficient information, weak feedback.	Instructional visual representing: Lectures can deliver much information efficiently.	Learn to Lead, Volume 2, Chapter 5, Objective 18	66, 69	approved_source	draft		45	5	high	moderate	true	1.0	existing_original_bank	pre_sample_bank_review
LTL2-C5-PH-Q007	Chapter 5 H	LTL2-C5-O18	LTL2-C5-K077	LTL2-C5-F077	hard	application	multiple_choice	study_and_test	scenario	Cadets already know the basics of integrity. The instructor wants them to connect the idea to personal experiences while checking their understanding. Which method best fits?	Lecture	Guided discussion	Demonstration-performance	Simulation	B	Guided discussion works well when learners have basic knowledge and can contribute.	1	It allows students to connect experience to the topic while giving the instructor immediate feedback.	A lecture would provide less student participation and feedback.	It allows students to connect experience to the topic while giving the instructor immediate feedback.	Integrity is abstract and cannot be physically demonstrated as a task.	A simulation is better for practicing existing operational skills in realistic conditions.	Choosing a related term without checking the exact definition or purpose asked in the stem.	Compare the exact textbook definition with each option. Eliminate choices that describe a neighboring concept rather than the one asked.	Known basics + student voices = guided discussion.	medium	concept_diagram	optional_after_answer	ltl2_c5_ltl2_c5_ph_q007	Create a simple instructional visual for this idea: Guided discussion works well when learners have basic knowledge and can contribute.	Known basics + student voices = guided discussion.	Instructional visual representing: Guided discussion works well when learners have basic knowledge and can contribute.	Learn to Lead, Volume 2, Chapter 5, Objective 18	66-67	approved_source	draft		45	5	low	basic	false	0	existing_original_bank	pre_sample_bank_review
LTL2-C5-PH-Q008	Chapter 5 H	LTL2-C5-O18	LTL2-C5-K078	LTL2-C5-F078	hard	application	multiple_choice	study_and_test	close_distractors	Which method is best for teaching a cadet how to execute an about face for the first time?	Guided discussion	Demonstration-performance	Simulation	Lecture	B	Demo-perf is designed for learning a physical process by seeing and doing.	1	The instructor models the movement, breaks it into steps, observes practice, and provides immediate correction.	Discussion cannot replace physical demonstration and practice.	The instructor models the movement, breaks it into steps, observes practice, and provides immediate correction.	Simulation is generally for applying skills already learned.	A lecture alone does not provide the needed physical practice.	Choosing a related term without checking the exact definition or purpose asked in the stem.	Compare the exact textbook definition with each option. Eliminate choices that describe a neighboring concept rather than the one asked.	Skill task: show it, break it down, do it, correct it.	medium	concept_diagram	optional_after_answer	ltl2_c5_ltl2_c5_ph_q008	Create a simple instructional visual for this idea: Demo-perf is designed for learning a physical process by seeing and doing.	Skill task: show it, break it down, do it, correct it.	Instructional visual representing: Demo-perf is designed for learning a physical process by seeing and doing.	Learn to Lead, Volume 2, Chapter 5, Objective 18	67, 71	approved_source	draft		45	5	low	basic	false	0	existing_original_bank	pre_sample_bank_review
LTL2-C5-PH-Q009	Chapter 5 H	LTL2-C5-O18	LTL2-C5-K079	LTL2-C5-F079	hard	misconception	multiple_choice	study_and_test	cap_direct	Why is a simulation usually not the best way to teach a brand-new concept?	It is always too dangerous	It assumes students already possess basic knowledge	It cannot provide feedback	It uses only one learning modality	B	Simulations are strongest for practicing and applying existing skills.	1	Learners generally need foundational knowledge before they can perform effectively in a realistic scenario.	Simulations are often used precisely because they are safer than real operations.	Learners generally need foundational knowledge before they can perform effectively in a realistic scenario.	Simulations provide rich feedback from performance.	They often engage visual, tactile, and kinesthetic learning.	Choosing a related term without checking the exact definition or purpose asked in the stem.	Compare the exact textbook definition with each option. Eliminate choices that describe a neighboring concept rather than the one asked.	Learn basics first; simulate application second.	medium	concept_diagram	optional_after_answer	ltl2_c5_ltl2_c5_ph_q009	Create a simple instructional visual for this idea: Simulations are strongest for practicing and applying existing skills.	Learn basics first; simulate application second.	Instructional visual representing: Simulations are strongest for practicing and applying existing skills.	Learn to Lead, Volume 2, Chapter 5, Objective 18	68-69	approved_source	draft		45	5	low	basic	false	0	existing_original_bank	pre_sample_bank_review
LTL2-C5-PI-Q001	Chapter 5 I	LTL2-C5-O19	LTL2-C5-K080	LTL2-C5-F080	easy	recall	multiple_choice	study_and_test	cap_direct	In training, an evaluation is used to check whether	the instructor used enough visual aids	students fulfilled the learning objectives	the activity was enjoyable	every student used the same learning modality	B	Evaluation checks whether learners met the objectives.	1	It compares student performance with the intended learning result.	Visual aids may support instruction but are not the ultimate measure.	It compares student performance with the intended learning result.	Enjoyment is not proof of learning.	Different modalities can all lead to the same objective.	Choosing a related term without checking the exact definition or purpose asked in the stem.	Compare the exact textbook definition with each option. Eliminate choices that describe a neighboring concept rather than the one asked.	Evaluate the objective, not the entertainment.	medium	concept_diagram	optional_after_answer	ltl2_c5_ltl2_c5_pi_q001	Create a simple instructional visual for this idea: Evaluation checks whether learners met the objectives.	Evaluate the objective, not the entertainment.	Instructional visual representing: Evaluation checks whether learners met the objectives.	Learn to Lead, Volume 2, Chapter 5, Objective 19	70	approved_source	draft		45	5	high	moderate	true	1.0	existing_original_bank	pre_sample_bank_review
LTL2-C5-PI-Q002	Chapter 5 I	LTL2-C5-O19	LTL2-C5-K081	LTL2-C5-F081	medium	understanding	multiple_choice	study_and_test	cap_direct	For an evaluation to be valid, it must	be difficult enough that some students fail	match the material and objectives taught	use only written questions	be graded by someone other than the instructor	B	A valid evaluation measures what was actually taught and intended.	1	Testing unrelated material cannot fairly show whether students fulfilled the learning objectives.	Difficulty alone does not establish validity.	Testing unrelated material cannot fairly show whether students fulfilled the learning objectives.	Evaluation may be written, oral, observational, or participatory.	The instructor may validly evaluate students.	Choosing a related term without checking the exact definition or purpose asked in the stem.	Compare the exact textbook definition with each option. Eliminate choices that describe a neighboring concept rather than the one asked.	Valid test = taught goal tested.	medium	concept_diagram	optional_after_answer	ltl2_c5_ltl2_c5_pi_q002	Create a simple instructional visual for this idea: A valid evaluation measures what was actually taught and intended.	Valid test = taught goal tested.	Instructional visual representing: A valid evaluation measures what was actually taught and intended.	Learn to Lead, Volume 2, Chapter 5, Objective 19	70	approved_source	draft		45	5	high	moderate	true	1.0	existing_original_bank	pre_sample_bank_review
LTL2-C5-PI-Q003	Chapter 5 I	LTL2-C5-O20	LTL2-C5-K082	LTL2-C5-F082	medium	recognition	multiple_choice	study_and_test	cap_direct	Which is an example of an informal evaluation?	A nationally standardized written exam	A cadet NCO observing an about face and giving immediate feedback	A promotion board recorded in the official system	A timed physical fitness test	B	Observation with immediate coaching can be an informal evaluation.	1	The chapter includes direct observation and feedback as ways to determine whether learning occurred.	This is formal and standardized.	The chapter includes direct observation and feedback as ways to determine whether learning occurred.	This is a formal organizational process.	A timed fitness test is a formal measure.	Choosing a related term without checking the exact definition or purpose asked in the stem.	Compare the exact textbook definition with each option. Eliminate choices that describe a neighboring concept rather than the one asked.	Informal can be watch, notice, correct.	medium	concept_diagram	optional_after_answer	ltl2_c5_ltl2_c5_pi_q003	Create a simple instructional visual for this idea: Observation with immediate coaching can be an informal evaluation.	Informal can be watch, notice, correct.	Instructional visual representing: Observation with immediate coaching can be an informal evaluation.	Learn to Lead, Volume 2, Chapter 5, Objective 20	70	approved_source	draft		45	5	high	moderate	true	1.0	existing_original_bank	pre_sample_bank_review
LTL2-C5-PI-Q004	Chapter 5 I	LTL2-C5-O17	LTL2-C5-K083	LTL2-C5-F083	hard	application	multiple_choice	study_and_test	sequence	Which sequence best follows the chapter's checklist for leading a demonstration-performance?	Explain purpose; demonstrate normally; break into steps; let cadets practice and give feedback	Let cadets attempt it; lecture on theory; demonstrate once; dismiss the group	Demonstrate quickly; give a written test; explain the purpose afterward; repeat	State the standard; ask for volunteers; use gradual voting; evaluate by discussion	A	Demo-perf moves from purpose and correct model to broken-down practice and feedback.	1	The chapter's sequence begins by stating the movement and purpose, demonstrates it, teaches it by segments, and then has cadets practice under observation.	The chapter's sequence begins by stating the movement and purpose, demonstrates it, teaches it by segments, and then has cadets practice under observation.	This begins without a model or clear instruction.	The purpose and guided practice are misplaced.	Voting and discussion do not teach a physical movement.	Choosing a related term without checking the exact definition or purpose asked in the stem.	Compare the exact textbook definition with each option. Eliminate choices that describe a neighboring concept rather than the one asked.	Purpose, perfect model, pieces, practice.	medium	concept_diagram	optional_after_answer	ltl2_c5_ltl2_c5_pi_q004	Create a simple instructional visual for this idea: Demo-perf moves from purpose and correct model to broken-down practice and feedback.	Purpose, perfect model, pieces, practice.	Instructional visual representing: Demo-perf moves from purpose and correct model to broken-down practice and feedback.	Learn to Lead, Volume 2, Chapter 5, Objective 17	71	approved_source	draft		45	5	low	basic	false	0	existing_original_bank	pre_sample_bank_review
LTL2-C5-Q076	C5-Expansion	LTL2-C5-O01	LTL2-C5-CRITICAL_THINKING_DEFINITION	LTL2-C5-CRITICAL_THINKING_DEFINITION	medium	recall	multiple_choice	both	direct_definition	Critical thinking is best described as	finding faults in every idea	self-guided, disciplined thinking that tries to reason fairly	accepting expert opinions without questioning them	using creativity without evidence	B	Critical thinking is disciplined reasoning guided by standards and evidence.	1	Critical thinking is disciplined reasoning guided by standards and evidence. A is incorrect because critical does not mean merely negative or fault-finding. C is incorrect because critical thinkers examine claims, including expert claims.	Critical does not mean merely negative or fault-finding.	Correct. Critical thinking is disciplined reasoning guided by standards and evidence.	Critical thinkers examine claims, including expert claims.	Creativity can help, but evidence and disciplined reasoning remain necessary.	Choosing a related term because it sounds plausible without matching the exact definition or situation.	Review the distinction behind this item: Critical thinking is disciplined reasoning guided by standards and evidence. Then compare each option to the exact wording of the chapter.	Critical = careful, not negative.	medium	comparison_card	optional_after_answer	ltl2_c5_critical_thinking_definition_076	Create a simple, uncluttered study visual for the concept: Critical thinking is disciplined reasoning guided by standards and evidence. Emphasize the distinction tested by the answer choices.	Critical = careful, not negative.	A study visual illustrating: Critical thinking is disciplined reasoning guided by standards and evidence.	Learn to Lead, Volume 2, Chapter 5	39	source_approved	draft	LTL2-C5-PA-Q001|LTL2-C5-PA-Q004	35	5	high	moderate	true	1.0	original_textbook_grounded	Mitchell_sample_style_analysis
LTL2-C5-Q077	C5-Expansion	LTL2-C5-O03	LTL2-C5-CLARITY_STANDARD	LTL2-C5-CLARITY_STANDARD	medium	recall	multiple_choice	both	close_distinction	Which intellectual standard asks whether a statement is understandable and free from confusion?	Accuracy	Clarity	Depth	Relevance	B	Clarity concerns whether an idea is expressed understandably.	1	Clarity concerns whether an idea is expressed understandably. A is incorrect because accuracy asks whether a claim is true or correct. C is incorrect because depth asks whether complexities are addressed.	Accuracy asks whether a claim is true or correct.	Correct. Clarity concerns whether an idea is expressed understandably.	Depth asks whether complexities are addressed.	Relevance asks whether information bears on the issue.	Choosing a related term because it sounds plausible without matching the exact definition or situation.	Review the distinction behind this item: Clarity concerns whether an idea is expressed understandably. Then compare each option to the exact wording of the chapter.	Clarity: Can I understand it?	high	comparison_card	optional_after_answer	ltl2_c5_clarity_standard_077	Create a simple, uncluttered study visual for the concept: Clarity concerns whether an idea is expressed understandably. Emphasize the distinction tested by the answer choices.	Clarity: Can I understand it?	A study visual illustrating: Clarity concerns whether an idea is expressed understandably.	Learn to Lead, Volume 2, Chapter 5	41	source_approved	draft	LTL2-C5-PB-Q001|LTL2-C5-PB-Q002	35	5	high	close	true	1.0	original_textbook_grounded	Mitchell_sample_style_analysis
LTL2-C5-Q078	C5-Expansion	LTL2-C5-O03	LTL2-C5-ACCURACY_STANDARD	LTL2-C5-ACCURACY_STANDARD	medium	recall	multiple_choice	both	close_distinction	Which intellectual standard allows others to verify or double-check a claim?	Accuracy	Breadth	Logic	Precision	A	Accuracy requires claims to be correct and open to verification.	1	Accuracy requires claims to be correct and open to verification. B is incorrect because breadth concerns considering other viewpoints. C is incorrect because logic concerns whether ideas fit together consistently.	Correct. Accuracy requires claims to be correct and open to verification.	Breadth concerns considering other viewpoints.	Logic concerns whether ideas fit together consistently.	Precision concerns exact detail, not necessarily truth.	Choosing a related term because it sounds plausible without matching the exact definition or situation.	Review the distinction behind this item: Accuracy requires claims to be correct and open to verification. Then compare each option to the exact wording of the chapter.	Accuracy: Can it be checked?	high	comparison_card	optional_after_answer	ltl2_c5_accuracy_standard_078	Create a simple, uncluttered study visual for the concept: Accuracy requires claims to be correct and open to verification. Emphasize the distinction tested by the answer choices.	Accuracy: Can it be checked?	A study visual illustrating: Accuracy requires claims to be correct and open to verification.	Learn to Lead, Volume 2, Chapter 5	41	source_approved	draft	LTL2-C5-PB-Q001|LTL2-C5-PB-Q002	35	5	high	close	true	1.0	original_textbook_grounded	Mitchell_sample_style_analysis
LTL2-C5-Q079	C5-Expansion	LTL2-C5-O03	LTL2-C5-RELEVANCE_STANDARD	LTL2-C5-RELEVANCE_STANDARD	medium	recall	multiple_choice	both	brief_application	Supporting details that do not help prove the main point violate which standard?	Relevance	Clarity	Breadth	Precision	A	Relevant information advances the issue or argument being considered.	1	Relevant information advances the issue or argument being considered. B is incorrect because the details might be clear yet still irrelevant. C is incorrect because breadth concerns range of viewpoints.	Correct. Relevant information advances the issue or argument being considered.	The details might be clear yet still irrelevant.	Breadth concerns range of viewpoints.	The details could be precise but unrelated.	Choosing a related term because it sounds plausible without matching the exact definition or situation.	Review the distinction behind this item: Relevant information advances the issue or argument being considered. Then compare each option to the exact wording of the chapter.	Relevant means it helps the point.	medium	comparison_card	optional_after_answer	ltl2_c5_relevance_standard_079	Create a simple, uncluttered study visual for the concept: Relevant information advances the issue or argument being considered. Emphasize the distinction tested by the answer choices.	Relevant means it helps the point.	A study visual illustrating: Relevant information advances the issue or argument being considered.	Learn to Lead, Volume 2, Chapter 5	41	source_approved	draft	LTL2-C5-PB-Q001|LTL2-C5-PB-Q002	35	5	high	moderate	true	1.0	original_textbook_grounded	Mitchell_sample_style_analysis
LTL2-C5-Q080	C5-Expansion	LTL2-C5-O03	LTL2-C5-LOGIC_STANDARD	LTL2-C5-LOGIC_STANDARD	medium	recall	multiple_choice	both	brief_application	An argument in which one point contradicts another lacks	depth	logic	accuracy	breadth	B	Logical reasoning is consistent and its conclusions follow from its supporting points.	1	Logical reasoning is consistent and its conclusions follow from its supporting points. A is incorrect because depth concerns complexity, not contradiction. C is incorrect because individual claims might be accurate while the argument remains inconsistent.	Depth concerns complexity, not contradiction.	Correct. Logical reasoning is consistent and its conclusions follow from its supporting points.	Individual claims might be accurate while the argument remains inconsistent.	Breadth concerns considering multiple perspectives.	Choosing a related term because it sounds plausible without matching the exact definition or situation.	Review the distinction behind this item: Logical reasoning is consistent and its conclusions follow from its supporting points. Then compare each option to the exact wording of the chapter.	Logic: the pieces must fit.	medium	comparison_card	optional_after_answer	ltl2_c5_logic_standard_080	Create a simple, uncluttered study visual for the concept: Logical reasoning is consistent and its conclusions follow from its supporting points. Emphasize the distinction tested by the answer choices.	Logic: the pieces must fit.	A study visual illustrating: Logical reasoning is consistent and its conclusions follow from its supporting points.	Learn to Lead, Volume 2, Chapter 5	42	source_approved	draft	LTL2-C5-PB-Q001|LTL2-C5-PB-Q002	35	5	high	moderate	true	1.0	original_textbook_grounded	Mitchell_sample_style_analysis
LTL2-C5-Q081	C5-Expansion	LTL2-C5-O05	LTL2-C5-BIG_PICTURE_THINKING	LTL2-C5-BIG_PICTURE_THINKING	medium	recall	multiple_choice	both	direct_definition	Big-picture thinking means	concentrating intensely on one small detail	stepping back to see how major parts connect	choosing only practical ideas	asking the group to make every decision	B	Big-picture thinkers consider the whole situation and relationships among its parts.	1	Big-picture thinkers consider the whole situation and relationships among its parts. A is incorrect because that describes focused thinking. C is incorrect because that is closer to realistic thinking.	That describes focused thinking.	Correct. Big-picture thinkers consider the whole situation and relationships among its parts.	That is closer to realistic thinking.	Shared thinking involves others but is not the definition.	Choosing a related term because it sounds plausible without matching the exact definition or situation.	Review the distinction behind this item: Big-picture thinkers consider the whole situation and relationships among its parts. Then compare each option to the exact wording of the chapter.	Big picture = step back and connect.	medium	comparison_card	optional_after_answer	ltl2_c5_big_picture_thinking_081	Create a simple, uncluttered study visual for the concept: Big-picture thinkers consider the whole situation and relationships among its parts. Emphasize the distinction tested by the answer choices.	Big picture = step back and connect.	A study visual illustrating: Big-picture thinkers consider the whole situation and relationships among its parts.	Learn to Lead, Volume 2, Chapter 5	43	source_approved	draft	LTL2-C5-PC-Q001|LTL2-C5-PC-Q002	35	5	high	moderate	true	1.0	original_textbook_grounded	Mitchell_sample_style_analysis
LTL2-C5-Q082	C5-Expansion	LTL2-C5-O05	LTL2-C5-REALISTIC_THINKING	LTL2-C5-REALISTIC_THINKING	medium	recall	multiple_choice	both	close_distinction	A leader who ignores wishful thinking and deals with conditions as they actually exist is using	creative thinking	shared thinking	realistic thinking	focused thinking	C	Realistic thinking gains credibility by operating in the real world.	1	Realistic thinking gains credibility by operating in the real world. A is incorrect because creative thinking seeks new contexts and possibilities. B is incorrect because shared thinking uses the ideas of others.	Creative thinking seeks new contexts and possibilities.	Shared thinking uses the ideas of others.	Correct. Realistic thinking gains credibility by operating in the real world.	Focused thinking concentrates attention on a selected issue.	Choosing a related term because it sounds plausible without matching the exact definition or situation.	Review the distinction behind this item: Realistic thinking gains credibility by operating in the real world. Then compare each option to the exact wording of the chapter.	Realistic = work with what is real.	high	comparison_card	optional_after_answer	ltl2_c5_realistic_thinking_082	Create a simple, uncluttered study visual for the concept: Realistic thinking gains credibility by operating in the real world. Emphasize the distinction tested by the answer choices.	Realistic = work with what is real.	A study visual illustrating: Realistic thinking gains credibility by operating in the real world.	Learn to Lead, Volume 2, Chapter 5	44	source_approved	draft	LTL2-C5-PC-Q001|LTL2-C5-PC-Q002	35	5	high	close	true	1.0	original_textbook_grounded	Mitchell_sample_style_analysis
LTL2-C5-Q083	C5-Expansion	LTL2-C5-O05	LTL2-C5-CREATIVE_THINKING	LTL2-C5-CREATIVE_THINKING	medium	recall	multiple_choice	both	direct_definition	The habit of seeing an idea in a new context is called	creative thinking	focused thinking	logical thinking	big-picture thinking	A	Creative thinking deliberately approaches ideas from fresh perspectives.	1	Creative thinking deliberately approaches ideas from fresh perspectives. B is incorrect because focused thinking narrows concentration. C is incorrect because logic evaluates consistency.	Correct. Creative thinking deliberately approaches ideas from fresh perspectives.	Focused thinking narrows concentration.	Logic evaluates consistency.	Big-picture thinking examines the whole rather than necessarily changing context.	Choosing a related term because it sounds plausible without matching the exact definition or situation.	Review the distinction behind this item: Creative thinking deliberately approaches ideas from fresh perspectives. Then compare each option to the exact wording of the chapter.	Creative = new angle.	medium	comparison_card	optional_after_answer	ltl2_c5_creative_thinking_083	Create a simple, uncluttered study visual for the concept: Creative thinking deliberately approaches ideas from fresh perspectives. Emphasize the distinction tested by the answer choices.	Creative = new angle.	A study visual illustrating: Creative thinking deliberately approaches ideas from fresh perspectives.	Learn to Lead, Volume 2, Chapter 5	45	source_approved	draft	LTL2-C5-PC-Q001|LTL2-C5-PC-Q002	35	5	high	moderate	true	1.0	original_textbook_grounded	Mitchell_sample_style_analysis
LTL2-C5-Q084	C5-Expansion	LTL2-C5-O07	LTL2-C5-AD_HOMINEM	LTL2-C5-AD_HOMINEM	medium	recall	multiple_choice	both	direct_definition	Which fallacy attacks the person instead of addressing the argument?	Red herring	Ad hominem	Post hoc	Appeal to tradition	B	Ad hominem substitutes a personal attack for a logical response.	1	Ad hominem substitutes a personal attack for a logical response. A is incorrect because a red herring distracts from the issue. C is incorrect because post hoc assumes sequence proves causation.	A red herring distracts from the issue.	Correct. Ad hominem substitutes a personal attack for a logical response.	Post hoc assumes sequence proves causation.	Appeal to tradition assumes an old idea is better because it is old.	Choosing a related term because it sounds plausible without matching the exact definition or situation.	Review the distinction behind this item: Ad hominem substitutes a personal attack for a logical response. Then compare each option to the exact wording of the chapter.	Ad hominem attacks the human.	medium	comparison_card	optional_after_answer	ltl2_c5_ad_hominem_084	Create a simple, uncluttered study visual for the concept: Ad hominem substitutes a personal attack for a logical response. Emphasize the distinction tested by the answer choices.	Ad hominem attacks the human.	A study visual illustrating: Ad hominem substitutes a personal attack for a logical response.	Learn to Lead, Volume 2, Chapter 5	47	source_approved	draft	LTL2-C5-PD-Q001|LTL2-C5-PD-Q002	35	5	high	moderate	true	1.0	original_textbook_grounded	Mitchell_sample_style_analysis
LTL2-C5-Q085	C5-Expansion	LTL2-C5-O07	LTL2-C5-POST_HOC	LTL2-C5-POST_HOC	medium	recall	multiple_choice	both	brief_application	“Our squadron won after changing the meeting time, so the new time caused the victory” illustrates	post hoc reasoning	a false dilemma	a weak analogy	begging the question	A	Post hoc incorrectly treats sequence as proof of cause.	1	Post hoc incorrectly treats sequence as proof of cause. B is incorrect because a false dilemma limits choices to only two. C is incorrect because a weak analogy relies on an inadequate comparison.	Correct. Post hoc incorrectly treats sequence as proof of cause.	A false dilemma limits choices to only two.	A weak analogy relies on an inadequate comparison.	Begging the question assumes what it is trying to prove.	Choosing a related term because it sounds plausible without matching the exact definition or situation.	Review the distinction behind this item: Post hoc incorrectly treats sequence as proof of cause. Then compare each option to the exact wording of the chapter.	After does not always mean because.	medium	comparison_card	optional_after_answer	ltl2_c5_post_hoc_085	Create a simple, uncluttered study visual for the concept: Post hoc incorrectly treats sequence as proof of cause. Emphasize the distinction tested by the answer choices.	After does not always mean because.	A study visual illustrating: Post hoc incorrectly treats sequence as proof of cause.	Learn to Lead, Volume 2, Chapter 5	47	source_approved	draft	LTL2-C5-PD-Q001|LTL2-C5-PD-Q002	35	5	high	moderate	true	1.0	original_textbook_grounded	Mitchell_sample_style_analysis
LTL2-C5-Q086	C5-Expansion	LTL2-C5-O07	LTL2-C5-RED_HERRING	LTL2-C5-RED_HERRING	medium	recall	multiple_choice	both	direct_definition	A statement that distracts from the relevant issue is called a	red herring	slippery slope	straw man	paradox	A	A red herring pulls attention away from the question that must be decided.	1	A red herring pulls attention away from the question that must be decided. B is incorrect because a slippery slope predicts an unsupported chain of consequences. C is incorrect because a straw man distorts another person’s position.	Correct. A red herring pulls attention away from the question that must be decided.	A slippery slope predicts an unsupported chain of consequences.	A straw man distorts another person’s position.	A paradox is an apparent contradiction, not necessarily a fallacy.	Choosing a related term because it sounds plausible without matching the exact definition or situation.	Review the distinction behind this item: A red herring pulls attention away from the question that must be decided. Then compare each option to the exact wording of the chapter.	Red herring = distraction.	medium	comparison_card	optional_after_answer	ltl2_c5_red_herring_086	Create a simple, uncluttered study visual for the concept: A red herring pulls attention away from the question that must be decided. Emphasize the distinction tested by the answer choices.	Red herring = distraction.	A study visual illustrating: A red herring pulls attention away from the question that must be decided.	Learn to Lead, Volume 2, Chapter 5	47	source_approved	draft	LTL2-C5-PD-Q001|LTL2-C5-PD-Q002	35	5	high	moderate	true	1.0	original_textbook_grounded	Mitchell_sample_style_analysis
LTL2-C5-Q087	C5-Expansion	LTL2-C5-O07	LTL2-C5-APPEAL_TO_TRADITION	LTL2-C5-APPEAL_TO_TRADITION	medium	recall	multiple_choice	both	close_distinction	Which fallacy assumes an idea is better simply because it is older?	Appeal to authority	Appeal to tradition	Post hoc	False dilemma	B	Appeal to tradition treats age or custom as sufficient proof.	1	Appeal to tradition treats age or custom as sufficient proof. A is incorrect because appeal to authority relies on a person’s status. C is incorrect because post hoc confuses sequence with causation.	Appeal to authority relies on a person’s status.	Correct. Appeal to tradition treats age or custom as sufficient proof.	Post hoc confuses sequence with causation.	A false dilemma wrongly limits the alternatives.	Choosing a related term because it sounds plausible without matching the exact definition or situation.	Review the distinction behind this item: Appeal to tradition treats age or custom as sufficient proof. Then compare each option to the exact wording of the chapter.	Tradition: old does not prove best.	high	comparison_card	optional_after_answer	ltl2_c5_appeal_to_tradition_087	Create a simple, uncluttered study visual for the concept: Appeal to tradition treats age or custom as sufficient proof. Emphasize the distinction tested by the answer choices.	Tradition: old does not prove best.	A study visual illustrating: Appeal to tradition treats age or custom as sufficient proof.	Learn to Lead, Volume 2, Chapter 5	48	source_approved	draft	LTL2-C5-PD-Q001|LTL2-C5-PD-Q002	35	5	high	close	true	1.0	original_textbook_grounded	Mitchell_sample_style_analysis
LTL2-C5-Q088	C5-Expansion	LTL2-C5-O13	LTL2-C5-FLOWCHART	LTL2-C5-FLOWCHART	medium	recall	multiple_choice	both	direct_definition	A simple visual that shows the major steps in a process is a	mind map	flowchart	weighted matrix	staff study	B	A flowchart displays the sequence and connections of process steps.	1	A flowchart displays the sequence and connections of process steps. A is incorrect because a mind map organizes related ideas around a central concept. C is incorrect because a weighted matrix compares choices using criteria.	A mind map organizes related ideas around a central concept.	Correct. A flowchart displays the sequence and connections of process steps.	A weighted matrix compares choices using criteria.	A staff study is a formal written problem-solving document.	Choosing a related term because it sounds plausible without matching the exact definition or situation.	Review the distinction behind this item: A flowchart displays the sequence and connections of process steps. Then compare each option to the exact wording of the chapter.	Flowchart = steps that flow.	medium	comparison_card	optional_after_answer	ltl2_c5_flowchart_088	Create a simple, uncluttered study visual for the concept: A flowchart displays the sequence and connections of process steps. Emphasize the distinction tested by the answer choices.	Flowchart = steps that flow.	A study visual illustrating: A flowchart displays the sequence and connections of process steps.	Learn to Lead, Volume 2, Chapter 5	57	source_approved	draft	LTL2-C5-PF-Q001|LTL2-C5-PF-Q002	35	5	high	moderate	true	1.0	original_textbook_grounded	Mitchell_sample_style_analysis
LTL2-C5-Q089	C5-Expansion	LTL2-C5-O13	LTL2-C5-BRAINSTORMING	LTL2-C5-BRAINSTORMING	medium	recall	multiple_choice	both	direct_definition	Which technique generates ideas through a rapid, free flow of thoughts without immediate criticism?	Brainstorming	Multi-voting	Weighted pros and cons	The five whys	A	Brainstorming encourages many ideas before evaluation begins.	1	Brainstorming encourages many ideas before evaluation begins. B is incorrect because multi-voting narrows a list of existing options. C is incorrect because weighted pros and cons compares options by criteria.	Correct. Brainstorming encourages many ideas before evaluation begins.	Multi-voting narrows a list of existing options.	Weighted pros and cons compares options by criteria.	The five whys searches for root causes.	Choosing a related term because it sounds plausible without matching the exact definition or situation.	Review the distinction behind this item: Brainstorming encourages many ideas before evaluation begins. Then compare each option to the exact wording of the chapter.	Brainstorm first; judge later.	medium	comparison_card	optional_after_answer	ltl2_c5_brainstorming_089	Create a simple, uncluttered study visual for the concept: Brainstorming encourages many ideas before evaluation begins. Emphasize the distinction tested by the answer choices.	Brainstorm first; judge later.	A study visual illustrating: Brainstorming encourages many ideas before evaluation begins.	Learn to Lead, Volume 2, Chapter 5	56	source_approved	draft	LTL2-C5-PF-Q001|LTL2-C5-PF-Q002	35	5	high	moderate	true	1.0	original_textbook_grounded	Mitchell_sample_style_analysis
LTL2-C5-Q090	C5-Expansion	LTL2-C5-O13	LTL2-C5-MULTI_VOTING	LTL2-C5-MULTI_VOTING	medium	recall	multiple_choice	both	brief_application	A team has twelve possible projects and wants to identify the options with the strongest group support. Which tool fits best?	Reversal	Multi-voting	Flowcharting	The five whys	B	Multi-voting helps a group find the greatest consensus among several choices.	1	Multi-voting helps a group find the greatest consensus among several choices. A is incorrect because reversal examines a problem from the opposite direction. C is incorrect because a flowchart maps a process.	Reversal examines a problem from the opposite direction.	Correct. Multi-voting helps a group find the greatest consensus among several choices.	A flowchart maps a process.	The five whys investigates causes.	Choosing a related term because it sounds plausible without matching the exact definition or situation.	Review the distinction behind this item: Multi-voting helps a group find the greatest consensus among several choices. Then compare each option to the exact wording of the chapter.	Many options? Vote to narrow.	medium	comparison_card	optional_after_answer	ltl2_c5_multi_voting_090	Create a simple, uncluttered study visual for the concept: Multi-voting helps a group find the greatest consensus among several choices. Emphasize the distinction tested by the answer choices.	Many options? Vote to narrow.	A study visual illustrating: Multi-voting helps a group find the greatest consensus among several choices.	Learn to Lead, Volume 2, Chapter 5	60	source_approved	draft	LTL2-C5-PF-Q001|LTL2-C5-PF-Q002	35	5	high	moderate	true	1.0	original_textbook_grounded	Mitchell_sample_style_analysis
LTL2-C5-Q091	C5-Expansion	LTL2-C5-O13	LTL2-C5-FIVE_WHYS	LTL2-C5-FIVE_WHYS	medium	recall	multiple_choice	both	direct_definition	Which problem-solving tool asks repeated “why” questions to move toward a root cause?	The five whys	Brainstorming	Mind mapping	Weighted pros and cons	A	The five whys digs beneath symptoms to identify an underlying cause.	1	The five whys digs beneath symptoms to identify an underlying cause. B is incorrect because brainstorming generates possible ideas. C is incorrect because mind mapping organizes relationships.	Correct. The five whys digs beneath symptoms to identify an underlying cause.	Brainstorming generates possible ideas.	Mind mapping organizes relationships.	Weighted pros and cons compares alternatives.	Choosing a related term because it sounds plausible without matching the exact definition or situation.	Review the distinction behind this item: The five whys digs beneath symptoms to identify an underlying cause. Then compare each option to the exact wording of the chapter.	Ask why until the root appears.	medium	comparison_card	optional_after_answer	ltl2_c5_five_whys_091	Create a simple, uncluttered study visual for the concept: The five whys digs beneath symptoms to identify an underlying cause. Emphasize the distinction tested by the answer choices.	Ask why until the root appears.	A study visual illustrating: The five whys digs beneath symptoms to identify an underlying cause.	Learn to Lead, Volume 2, Chapter 5	58	source_approved	draft	LTL2-C5-PF-Q001|LTL2-C5-PF-Q002	35	5	high	moderate	true	1.0	original_textbook_grounded	Mitchell_sample_style_analysis
LTL2-C5-Q092	C5-Expansion	LTL2-C5-O15	LTL2-C5-ACTION_VERB_OBJECTIVE	LTL2-C5-ACTION_VERB_OBJECTIVE	medium	recall	multiple_choice	both	close_distinction	Learning objectives should begin with action verbs because the objective should be	specific and measurable	creative and flexible	broad and inspirational	informal and memorable	A	Action verbs identify observable performance that can be assessed.	1	Action verbs identify observable performance that can be assessed. B is incorrect because flexibility may be useful, but it does not explain the action-verb requirement. C is incorrect because objectives should be precise rather than merely broad.	Correct. Action verbs identify observable performance that can be assessed.	Flexibility may be useful, but it does not explain the action-verb requirement.	Objectives should be precise rather than merely broad.	Memorability is not the main measurement purpose.	Choosing a related term because it sounds plausible without matching the exact definition or situation.	Review the distinction behind this item: Action verbs identify observable performance that can be assessed. Then compare each option to the exact wording of the chapter.	Action verbs make learning measurable.	high	comparison_card	optional_after_answer	ltl2_c5_action_verb_objective_092	Create a simple, uncluttered study visual for the concept: Action verbs identify observable performance that can be assessed. Emphasize the distinction tested by the answer choices.	Action verbs make learning measurable.	A study visual illustrating: Action verbs identify observable performance that can be assessed.	Learn to Lead, Volume 2, Chapter 5	63	source_approved	draft	LTL2-C5-PG-Q003|LTL2-C5-PG-Q004	35	5	high	close	true	1.0	original_textbook_grounded	Mitchell_sample_style_analysis
LTL2-C5-Q093	C5-Expansion	LTL2-C5-O15	LTL2-C5-OBJECTIVE_GOAL_SUCCESS	LTL2-C5-OBJECTIVE_GOAL_SUCCESS	medium	recall	multiple_choice	both	phrase_completion	The learning objective allows the trainer to state the precise goal and measure the student’s	influence	success	motivation	time limit	B	A learning objective defines the intended result and how success can be judged.	1	A learning objective defines the intended result and how success can be judged. A is incorrect because influence is not the measured outcome in this definition. C is incorrect because motivation may affect learning but is not the second part of the phrase.	Influence is not the measured outcome in this definition.	Correct. A learning objective defines the intended result and how success can be judged.	Motivation may affect learning but is not the second part of the phrase.	Time may be a condition, not the measure of learning.	Choosing a related term because it sounds plausible without matching the exact definition or situation.	Review the distinction behind this item: A learning objective defines the intended result and how success can be judged. Then compare each option to the exact wording of the chapter.	Objective = goal plus measure.	high	comparison_card	optional_after_answer	ltl2_c5_objective_goal_success_093	Create a simple, uncluttered study visual for the concept: A learning objective defines the intended result and how success can be judged. Emphasize the distinction tested by the answer choices.	Objective = goal plus measure.	A study visual illustrating: A learning objective defines the intended result and how success can be judged.	Learn to Lead, Volume 2, Chapter 5	63	source_approved	draft	LTL2-C5-PG-Q003|LTL2-C5-PG-Q004	35	5	high	moderate	true	1.0	original_textbook_grounded	Mitchell_sample_style_analysis
LTL2-C5-Q094	C5-Expansion	LTL2-C5-O16	LTL2-C5-TACTILE_LEARNING	LTL2-C5-TACTILE_LEARNING	medium	recall	multiple_choice	both	close_distinction	Students who prefer physically touching what they study are primarily	visual learners	auditory learners	tactile learners	kinesthetic learners	C	Tactile learners learn especially through handling and touching materials.	1	Tactile learners learn especially through handling and touching materials. A is incorrect because visual learners prefer seeing information. B is incorrect because auditory learners prefer hearing information.	Visual learners prefer seeing information.	Auditory learners prefer hearing information.	Correct. Tactile learners learn especially through handling and touching materials.	Kinesthetic learners prefer whole-body movement and active experience; it is related but not identical to touch.	Choosing a related term because it sounds plausible without matching the exact definition or situation.	Review the distinction behind this item: Tactile learners learn especially through handling and touching materials. Then compare each option to the exact wording of the chapter.	Tactile = touch.	high	comparison_card	optional_after_answer	ltl2_c5_tactile_learning_094	Create a simple, uncluttered study visual for the concept: Tactile learners learn especially through handling and touching materials. Emphasize the distinction tested by the answer choices.	Tactile = touch.	A study visual illustrating: Tactile learners learn especially through handling and touching materials.	Learn to Lead, Volume 2, Chapter 5	64	source_approved	draft	LTL2-C5-PG-Q007|LTL2-C5-PG-Q008	35	5	high	close	true	1.0	original_textbook_grounded	Mitchell_sample_style_analysis
LTL2-C5-Q095	C5-Expansion	LTL2-C5-O16	LTL2-C5-KINESTHETIC_LEARNING	LTL2-C5-KINESTHETIC_LEARNING	medium	recall	multiple_choice	both	close_distinction	Games, role-playing, and active movement are especially useful for a	kinesthetic learner	auditory learner	visual learner	tactile learner	A	Kinesthetic learners benefit from movement and active participation.	1	Kinesthetic learners benefit from movement and active participation. B is incorrect because auditory learners benefit from hearing and discussion. C is incorrect because visual learners benefit from diagrams and demonstrations.	Correct. Kinesthetic learners benefit from movement and active participation.	Auditory learners benefit from hearing and discussion.	Visual learners benefit from diagrams and demonstrations.	Tactile learners emphasize touch and handling; role-play more strongly fits movement.	Choosing a related term because it sounds plausible without matching the exact definition or situation.	Review the distinction behind this item: Kinesthetic learners benefit from movement and active participation. Then compare each option to the exact wording of the chapter.	Kinesthetic = move and do.	high	comparison_card	optional_after_answer	ltl2_c5_kinesthetic_learning_095	Create a simple, uncluttered study visual for the concept: Kinesthetic learners benefit from movement and active participation. Emphasize the distinction tested by the answer choices.	Kinesthetic = move and do.	A study visual illustrating: Kinesthetic learners benefit from movement and active participation.	Learn to Lead, Volume 2, Chapter 5	65	source_approved	draft	LTL2-C5-PG-Q007|LTL2-C5-PG-Q008	35	5	high	close	true	1.0	original_textbook_grounded	Mitchell_sample_style_analysis
LTL2-C5-Q096	C5-Expansion	LTL2-C5-O17	LTL2-C5-LECTURE_METHOD	LTL2-C5-LECTURE_METHOD	medium	recall	multiple_choice	both	direct_definition	Which teaching method is primarily passive?	Guided discussion	Simulation	Lecture	Demonstration-performance	C	In a lecture, students mainly receive information rather than practice or discover it actively.	1	In a lecture, students mainly receive information rather than practice or discover it actively. A is incorrect because guided discussion requires active participation. B is incorrect because simulation practices skills in a realistic setting.	Guided discussion requires active participation.	Simulation practices skills in a realistic setting.	Correct. In a lecture, students mainly receive information rather than practice or discover it actively.	Demonstration-performance includes observation and student practice.	Choosing a related term because it sounds plausible without matching the exact definition or situation.	Review the distinction behind this item: In a lecture, students mainly receive information rather than practice or discover it actively. Then compare each option to the exact wording of the chapter.	Lecture: mostly listen.	medium	comparison_card	optional_after_answer	ltl2_c5_lecture_method_096	Create a simple, uncluttered study visual for the concept: In a lecture, students mainly receive information rather than practice or discover it actively. Emphasize the distinction tested by the answer choices.	Lecture: mostly listen.	A study visual illustrating: In a lecture, students mainly receive information rather than practice or discover it actively.	Learn to Lead, Volume 2, Chapter 5	66	source_approved	draft	LTL2-C5-PH-Q001|LTL2-C5-PH-Q002	35	5	high	moderate	true	1.0	original_textbook_grounded	Mitchell_sample_style_analysis
LTL2-C5-Q097	C5-Expansion	LTL2-C5-O17	LTL2-C5-SIMULATION_METHOD	LTL2-C5-SIMULATION_METHOD	medium	recall	multiple_choice	both	close_distinction	Students need to practice an existing skill in a realistic setting. Which method is most appropriate?	Lecture	Guided discussion	Simulation	Demonstration-performance	C	Simulation lets students apply existing skills under realistic conditions.	1	Simulation lets students apply existing skills under realistic conditions. A is incorrect because lecture does not provide practice. B is incorrect because discussion develops understanding but not necessarily performance.	Lecture does not provide practice.	Discussion develops understanding but not necessarily performance.	Correct. Simulation lets students apply existing skills under realistic conditions.	Demonstration-performance is especially useful for teaching a new process or skill step-by-step.	Choosing a related term because it sounds plausible without matching the exact definition or situation.	Review the distinction behind this item: Simulation lets students apply existing skills under realistic conditions. Then compare each option to the exact wording of the chapter.	Simulation practices what you already know.	high	comparison_card	optional_after_answer	ltl2_c5_simulation_method_097	Create a simple, uncluttered study visual for the concept: Simulation lets students apply existing skills under realistic conditions. Emphasize the distinction tested by the answer choices.	Simulation practices what you already know.	A study visual illustrating: Simulation lets students apply existing skills under realistic conditions.	Learn to Lead, Volume 2, Chapter 5	68	source_approved	draft	LTL2-C5-PH-Q001|LTL2-C5-PH-Q002	35	5	high	close	true	1.0	original_textbook_grounded	Mitchell_sample_style_analysis
LTL2-C5-Q098	C5-Expansion	LTL2-C5-O17	LTL2-C5-DEMONSTRATION_PERFORMANCE	LTL2-C5-DEMONSTRATION_PERFORMANCE	medium	recall	multiple_choice	both	close_distinction	Which method is best when students must learn and physically perform a new process?	Demonstration-performance	Lecture	Guided discussion	Simulation	A	Demonstration-performance models a new skill and then has students perform it.	1	Demonstration-performance models a new skill and then has students perform it. B is incorrect because lecture explains but does not ensure physical performance. C is incorrect because discussion may clarify ideas but does not teach the procedure directly.	Correct. Demonstration-performance models a new skill and then has students perform it.	Lecture explains but does not ensure physical performance.	Discussion may clarify ideas but does not teach the procedure directly.	Simulation is better for practicing existing skills in realistic conditions.	Choosing a related term because it sounds plausible without matching the exact definition or situation.	Review the distinction behind this item: Demonstration-performance models a new skill and then has students perform it. Then compare each option to the exact wording of the chapter.	Show it, then do it.	high	comparison_card	optional_after_answer	ltl2_c5_demonstration_performance_098	Create a simple, uncluttered study visual for the concept: Demonstration-performance models a new skill and then has students perform it. Emphasize the distinction tested by the answer choices.	Show it, then do it.	A study visual illustrating: Demonstration-performance models a new skill and then has students perform it.	Learn to Lead, Volume 2, Chapter 5	67	source_approved	draft	LTL2-C5-PH-Q001|LTL2-C5-PH-Q002	35	5	high	close	true	1.0	original_textbook_grounded	Mitchell_sample_style_analysis
LTL2-C5-Q099	C5-Expansion	LTL2-C5-O18	LTL2-C5-REMEDIATION_AFTER_EVALUATION	LTL2-C5-REMEDIATION_AFTER_EVALUATION	medium	recall	multiple_choice	both	sequence	After an evaluation identifies a learning deficiency, the remaining step is	remediation	recharging	summarizing	retesting only	A	Remediation addresses the weakness revealed by evaluation.	1	Remediation addresses the weakness revealed by evaluation. B is incorrect because recharging is not the instructional step. C is incorrect because a summary alone does not correct the deficiency.	Correct. Remediation addresses the weakness revealed by evaluation.	Recharging is not the instructional step.	A summary alone does not correct the deficiency.	Retesting without instruction may simply repeat the failure.	Choosing a related term because it sounds plausible without matching the exact definition or situation.	Review the distinction behind this item: Remediation addresses the weakness revealed by evaluation. Then compare each option to the exact wording of the chapter.	Evaluate, then repair.	medium	comparison_card	optional_after_answer	ltl2_c5_remediation_after_evaluation_099	Create a simple, uncluttered study visual for the concept: Remediation addresses the weakness revealed by evaluation. Emphasize the distinction tested by the answer choices.	Evaluate, then repair.	A study visual illustrating: Remediation addresses the weakness revealed by evaluation.	Learn to Lead, Volume 2, Chapter 5	70	source_approved	draft	LTL2-C5-PH-Q006|LTL2-C5-PH-Q007	35	5	high	moderate	true	1.0	original_textbook_grounded	Mitchell_sample_style_analysis
LTL2-C5-Q100	C5-Expansion	LTL2-C5-O20	LTL2-C5-CRITICAL_THINKING_PRACTICE	LTL2-C5-CRITICAL_THINKING_PRACTICE	medium	recall	multiple_choice	both	direct_definition	Everyone can improve critical-thinking ability through	study and practice	waiting for inspiration	avoiding disagreement	making quick decisions	A	Critical thinking is a learnable discipline strengthened by study and repeated use.	1	Critical thinking is a learnable discipline strengthened by study and repeated use. B is incorrect because improvement does not depend on sudden inspiration. C is incorrect because constructive disagreement can improve reasoning.	Correct. Critical thinking is a learnable discipline strengthened by study and repeated use.	Improvement does not depend on sudden inspiration.	Constructive disagreement can improve reasoning.	Speed alone does not produce sound judgment.	Choosing a related term because it sounds plausible without matching the exact definition or situation.	Review the distinction behind this item: Critical thinking is a learnable discipline strengthened by study and repeated use. Then compare each option to the exact wording of the chapter.	Thinking improves with practice.	medium	comparison_card	optional_after_answer	ltl2_c5_critical_thinking_practice_100	Create a simple, uncluttered study visual for the concept: Critical thinking is a learnable discipline strengthened by study and repeated use. Emphasize the distinction tested by the answer choices.	Thinking improves with practice.	A study visual illustrating: Critical thinking is a learnable discipline strengthened by study and repeated use.	Learn to Lead, Volume 2, Chapter 5	71	source_approved	draft	LTL2-C5-PI-Q003	35	5	high	moderate	true	1.0	original_textbook_grounded	Mitchell_sample_style_analysis
LTL2-C6-PA-Q001	Chapter 6 A	C6-O01	LTL2-C6-PERSONALITY_DEFINITION	LTL2-C6-F001	easy	recall	multiple_choice	study_and_test	cap_direct	What is personality?	A person’s public reputation	The sum of thoughts, feelings, and behaviors that makes someone unique	A person’s strongest emotion	A fixed set of inherited physical traits	B	Personality is the unique pattern of thoughts, feelings, and behaviors.	1	Personality includes visible and hidden features and is broader than reputation, mood, or genetics alone.	Reputation is how others view a person, not the full personality.	This is the chapter’s definition of personality.	One emotion is only a small part of personality.	Inherited traits may influence personality, but personality is broader.	Reducing personality to one trait or to reputation.	Ask: Does the answer include thoughts, feelings, and behavior together?	Personality = Think + Feel + Act.	medium	three_part_icon	optional_after_answer	ltl2_c6_personality_definition_001	Three linked icons labeled Think, Feel, and Act forming one person.	Personality = Think + Feel + Act.	Three linked icons labeled Think, Feel, and Act forming one person.	Learn to Lead Volume 2, Chapter 6 — Personality, Nature/Nurture & Birth Order	75	approved_source	draft	LTL2-C6-PA-Q002|LTL2-C6-PA-Q003|LTL2-C6-PA-Q004	35	6	high	moderate	true	1.0	existing_original_bank	pre_sample_bank_review
LTL2-C6-PA-Q002	Chapter 6 A	C6-O02	LTL2-C6-NATURE_INFLUENCE	LTL2-C6-F002	medium	understanding	multiple_choice	study_and_test	cap_direct	In the nature-versus-nurture debate, “nature” refers primarily to	genetic and inborn influences	training and education	family expectations	choices made during adulthood	A	Nature means inherited or biological influences.	1	The nature side emphasizes genes and inborn qualities, while nurture emphasizes experience and environment.	Nature refers to inherited and biological influences.	Training and education are nurture.	Family expectations are environmental influences, so they are nurture.	Adult choices may shape behavior but are not what “nature” means.	Confusing nature with the natural environment.	Replace “nature” with “what you are born with.”	Nature = born with it.	medium	comparison_diagram	optional_after_answer	ltl2_c6_nature_influence_002	A split image: DNA on one side and life experiences on the other.	Nature = born with it.	A split image: DNA on one side and life experiences on the other.	Learn to Lead Volume 2, Chapter 6 — Personality, Nature/Nurture & Birth Order	76	approved_source	draft	LTL2-C6-PA-Q001|LTL2-C6-PA-Q003|LTL2-C6-PA-Q004	40	6	high	moderate	true	1.0	existing_original_bank	pre_sample_bank_review
LTL2-C6-PA-Q003	Chapter 6 A	C6-O03	LTL2-C6-NURTURE_INFLUENCE	LTL2-C6-F003	medium	application	multiple_choice	study_and_test	scenario	Two cadets begin with similar ability. One receives patient coaching and regular practice, while the other receives neither. The first improves much faster. This best illustrates	birth order theory	charisma	nurture	referent power	C	Training and experience are examples of nurture.	1	Nurture includes the effects of coaching, school, family, friends, and other experiences on development.	Birth order concerns family position, not coaching.	Charisma is a personal magnetic quality, not skill development through practice.	Coaching and practice are environmental experiences—nurture.	Referent power comes from being liked or respected.	Choosing a leadership term that sounds positive but does not describe environmental influence.	Identify what changed: the cadet’s experiences, not genes.	Nurture = what life teaches.	medium	before_after	optional_after_answer	ltl2_c6_nurture_influence_003	Two similar cadets; one receives coaching and practice and improves.	Nurture = what life teaches.	Two similar cadets; one receives coaching and practice and improves.	Learn to Lead Volume 2, Chapter 6 — Personality, Nature/Nurture & Birth Order	76	approved_source	draft	LTL2-C6-PA-Q001|LTL2-C6-PA-Q002|LTL2-C6-PA-Q004	50	6	low	basic	false	0	existing_original_bank	pre_sample_bank_review
LTL2-C6-PA-Q004	Chapter 6 A	C6-O04	LTL2-C6-NATURE_NURTURE_INTERACTION	LTL2-C6-F004	hard	analysis	multiple_choice	study_and_test	cap_direct	Which conclusion best matches the chapter’s modern view of nature and nurture?	Genes determine personality, and environment has little effect.	Environment writes everything onto a completely blank mind.	Nature and nurture both matter and influence one another.	Leaders should ignore personality because it cannot change.	C	Nature and nurture both shape people and interact.	1	The chapter rejects both extremes: people are affected by genes and by environment, and leaders can influence that environment through their example.	The chapter rejects biology as complete destiny.	The chapter also rejects the extreme blank-slate position.	The modern view is interaction between inherited qualities and environment.	Leaders can influence the environment and should know their people.	Thinking the debate requires choosing only one side.	Look for the answer that rejects both absolute extremes.	Born + formed = both.	high	balance_scale	optional_after_answer	ltl2_c6_nature_nurture_interaction_004	A balanced scale labeled Genes and Environment with arrows between them.	Born + formed = both.	A balanced scale labeled Genes and Environment with arrows between them.	Learn to Lead Volume 2, Chapter 6 — Personality, Nature/Nurture & Birth Order	76–77	approved_source	draft	LTL2-C6-PA-Q001|LTL2-C6-PA-Q002|LTL2-C6-PA-Q003	55	6	low	basic	false	0	existing_original_bank	pre_sample_bank_review
LTL2-C6-PA-Q005	Chapter 6 A	C6-O04	LTL2-C6-LEADER_ENVIRONMENT	LTL2-C6-F005	hard	scenario	multiple_choice	study_and_test	application	A cadet leader cannot change a teammate’s inherited temperament. What can the leader most directly influence?	The teammate’s genes	The environment created by the leader’s behavior	The teammate’s birth order	The teammate’s permanent personality type	B	Leaders influence people partly by shaping their environment.	1	The practical lesson of nature versus nurture is to know people individually and create a supportive environment through leadership by example.	Genes are inherited and not controlled by the leader.	The leader’s example, expectations, and treatment shape the team environment.	Birth order is already established.	Personality should not be treated as permanently controlled by the leader.	Assuming leadership can directly redesign another person.	Separate what a leader controls from what the leader can only understand.	You cannot change genes; you can change the climate.	high	control_circle	optional_after_answer	ltl2_c6_leader_environment_005	A control circle showing leader behavior inside and genes outside.	You cannot change genes; you can change the climate.	A control circle showing leader behavior inside and genes outside.	Learn to Lead Volume 2, Chapter 6 — Personality, Nature/Nurture & Birth Order	77	approved_source	draft	LTL2-C6-PA-Q001|LTL2-C6-PA-Q002|LTL2-C6-PA-Q003	55	6	low	basic	false	0	existing_original_bank	pre_sample_bank_review
LTL2-C6-PA-Q006	Chapter 6 A	C6-O05	LTL2-C6-BIRTH_ORDER_DEFINITION	LTL2-C6-F006	easy	recall	multiple_choice	study_and_test	cap_direct	Birth order theory proposes that personality may be influenced by	a person’s rank within the family	the month in which a person was born	genetic birth defects	the order in which a team receives assignments	A	Birth order theory links family position with personality experiences.	1	It argues that children in different family positions may share experiences that shape how they see themselves.	Birth order theory concerns being first, middle, youngest, or an only child.	The month of birth is unrelated.	Genetic disorders belong to nature, not birth order theory.	Team assignment order is unrelated to family position.	Interpreting “birth order” as date or time of birth.	Think: oldest, middle, youngest, only.	Birth order = place in the family.	medium	family_ladder	optional_after_answer	ltl2_c6_birth_order_definition_006	A family ladder labeled Only, First, Middle, Youngest.	Birth order = place in the family.	A family ladder labeled Only, First, Middle, Youngest.	Learn to Lead Volume 2, Chapter 6 — Personality, Nature/Nurture & Birth Order	78	approved_source	draft	LTL2-C6-PA-Q001|LTL2-C6-PA-Q002|LTL2-C6-PA-Q003	35	6	high	moderate	true	1.0	existing_original_bank	pre_sample_bank_review
LTL2-C6-PA-Q007	Chapter 6 A	C6-O05	LTL2-C6-TUTOR_EFFECT	LTL2-C6-F007	medium	understanding	multiple_choice	study_and_test	cap_direct	What is the “tutor effect” used to explain in birth order theory?	Younger children usually teach older siblings.	Firstborn children may develop skills by teaching younger siblings.	Only children receive less adult instruction.	Middle children always have the highest intelligence.	B	Teaching younger siblings may help firstborns develop leadership skills.	1	The tutor effect is one argument offered in support of birth order theory, not proof that every firstborn becomes a leader.	The tutor effect is usually described in the opposite direction.	Teaching younger siblings may help firstborns develop knowledge and leadership skills.	The theory does not define the tutor effect this way.	Birth order theory does not guarantee a result for every middle child.	Treating a statistical tendency as a guarantee.	Remember who usually tutors whom in a family.	Older teaches younger—the tutor grows too.	medium	teaching_scene	optional_after_answer	ltl2_c6_tutor_effect_007	An older sibling teaching a younger sibling, with both learning.	Older teaches younger—the tutor grows too.	An older sibling teaching a younger sibling, with both learning.	Learn to Lead Volume 2, Chapter 6 — Personality, Nature/Nurture & Birth Order	78	approved_source	draft	LTL2-C6-PA-Q001|LTL2-C6-PA-Q002|LTL2-C6-PA-Q003	45	6	low	basic	false	0	existing_original_bank	pre_sample_bank_review
LTL2-C6-PA-Q008	Chapter 6 A	C6-O05	LTL2-C6-BIRTH_ORDER_LIMITS	LTL2-C6-F008	hard	misconception	multiple_choice	study_and_test	cap_direct	Which statement shows the best use of birth order theory by a leader?	Assume every youngest child is rebellious.	Use family position as one possible clue, while still knowing each person individually.	Assign leadership jobs only to firstborn cadets.	Ignore major life events because birth order explains personality best.	B	Birth order is a possible clue, not a label.	1	The theory can help leaders consider environmental influences, but it should never be used to stereotype or predict every individual.	The chapter warns against treating tendencies as certainties.	Birth order may broaden perspective but cannot replace knowing the individual.	The theory does not justify restricting opportunities.	Opponents argue major life events may matter more than birth order.	Turning a theory about tendencies into a rigid label.	Ask whether the answer preserves individual differences.	Clue, not cage.	high	warning_label	optional_after_answer	ltl2_c6_birth_order_limits_008	A family-order clue card beside a large 'Do not stereotype' sign.	Clue, not cage.	A family-order clue card beside a large 'Do not stereotype' sign.	Learn to Lead Volume 2, Chapter 6 — Personality, Nature/Nurture & Birth Order	78–79	approved_source	draft	LTL2-C6-PA-Q001|LTL2-C6-PA-Q002|LTL2-C6-PA-Q003	55	6	low	basic	false	0	existing_original_bank	pre_sample_bank_review
LTL2-C6-PA-Q009	Chapter 6 A	C6-O05	LTL2-C6-BIRTH_ORDER_EVIDENCE	LTL2-C6-F009	hard	analysis	multiple_choice	study_and_test	cap_direct	Why does the chapter present both arguments for and against birth order theory?	To prove the theory is completely false	To show that the theory is useful only for children	To encourage leaders to consider evidence without treating the theory as certain	To require leaders to learn every follower’s birth order	C	Mixed evidence means use the theory cautiously.	1	Leaders can use birth order theory as one perspective while recognizing that other experiences may better explain personality.	The chapter does not dismiss the theory completely.	Its relevance is broader than childhood, though leaders may not know birth order.	The mixed evidence calls for cautious, critical use.	The chapter specifically notes leaders often will not know it.	Thinking a chapter must fully endorse or reject a theory.	Look for the response that matches uncertainty and good judgment.	Consider it; do not convict by it.	high	evidence_scale	optional_after_answer	ltl2_c6_birth_order_evidence_009	A scale with supporting evidence and competing explanations.	Consider it; do not convict by it.	A scale with supporting evidence and competing explanations.	Learn to Lead Volume 2, Chapter 6 — Personality, Nature/Nurture & Birth Order	78–79	approved_source	draft	LTL2-C6-PA-Q001|LTL2-C6-PA-Q002|LTL2-C6-PA-Q003	55	6	low	basic	false	0	existing_original_bank	pre_sample_bank_review
LTL2-C6-PA-Q010	Chapter 6 A	C6-O01-05	LTL2-C6-KNOW_YOUR_PEOPLE	LTL2-C6-F010	medium	application	multiple_choice	study_and_test	scenario	A flight sergeant uses the same motivational approach for every cadet and is surprised that it works for some but not others. Which Chapter 6 principle was most overlooked?	Know your people as individuals	Use only position power	Avoid all personality theories	Personality is entirely inherited	A	Effective leaders know their people as individuals.	1	Personality concepts are tools for understanding differences, not excuses for one-size-fits-all leadership.	The chapter repeatedly stresses understanding individual differences.	Position power alone does not solve differences in motivation.	Theories may be useful when used cautiously.	The chapter rejects the idea that inheritance explains everything.	Assuming fairness means treating everyone identically in every situation.	Ask what information the leader failed to learn about the followers.	Same standards; individualized leadership.	medium	team_portraits	optional_after_answer	ltl2_c6_know_your_people_010	Several cadets with different needs connected to one leader who listens.	Same standards; individualized leadership.	Several cadets with different needs connected to one leader who listens.	Learn to Lead Volume 2, Chapter 6 — Personality, Nature/Nurture & Birth Order	75–79	approved_source	draft	LTL2-C6-PA-Q001|LTL2-C6-PA-Q002|LTL2-C6-PA-Q003	50	6	low	basic	false	0	existing_original_bank	pre_sample_bank_review
LTL2-C6-PB-Q011	Chapter 6 B	C6-O06	LTL2-C6-CHARISMA_DEFINITION	LTL2-C6-F011	easy	recall	multiple_choice	study_and_test	cap_direct	Charisma is best defined as	formal authority attached to rank	a special aspect of personality with a strong emotional effect	technical knowledge gained through study	the ability to punish followers	B	Charisma is a magnetic personal quality that affects followers emotionally.	1	It can make a leader seem unique, likable, or larger than life, but it is not rank, expertise, or punishment.	Formal authority is legitimate power.	This matches the chapter’s definition of charisma.	Technical knowledge produces expert power.	The ability to punish is coercive power.	Confusing charisma with power from position.	Ask whether the influence comes from personality rather than title.	Charisma = magnetic personality.	medium	magnet_people	optional_after_answer	ltl2_c6_charisma_definition_011	A magnet labeled Charisma attracting people emotionally.	Charisma = magnetic personality.	A magnet labeled Charisma attracting people emotionally.	Learn to Lead Volume 2, Chapter 6 — Charisma & Johari Window	80	approved_source	draft	LTL2-C6-PB-Q012|LTL2-C6-PB-Q013|LTL2-C6-PB-Q014	35	6	high	moderate	true	1.0	existing_original_bank	pre_sample_bank_review
LTL2-C6-PB-Q012	Chapter 6 B	C6-O07	LTL2-C6-CHARISMA_BENEFIT	LTL2-C6-F012	medium	understanding	multiple_choice	study_and_test	cap_direct	Why can charisma help a leader succeed?	It guarantees ethical judgment.	It can attract followers and inspire extra effort.	It replaces competence and standards.	It makes criticism unnecessary.	B	Charisma can attract support and inspire effort.	1	It may help leaders recruit followers, communicate hope, and create emotional commitment.	Charismatic leaders can still make unethical decisions.	Followers may be drawn to the leader and work harder for the cause.	Charisma cannot replace skill or sound leadership.	Strong charisma can actually reduce honest criticism.	Treating charisma as proof of character or competence.	Separate the ability to attract followers from the ability to lead well.	Charisma opens ears; leadership must earn trust.	medium	crowd_energy	optional_after_answer	ltl2_c6_charisma_benefit_012	A leader energizing a crowd, with a caution sign beside it.	Charisma opens ears; leadership must earn trust.	A leader energizing a crowd, with a caution sign beside it.	Learn to Lead Volume 2, Chapter 6 — Charisma & Johari Window	80	approved_source	draft	LTL2-C6-PB-Q011|LTL2-C6-PB-Q013|LTL2-C6-PB-Q014	45	6	high	moderate	true	1.0	existing_original_bank	pre_sample_bank_review
LTL2-C6-PB-Q013	Chapter 6 B	C6-O08	LTL2-C6-CHARISMA_RISK	LTL2-C6-F013	hard	analysis	multiple_choice	study_and_test	cap_direct	What is a major danger of relying too heavily on charisma?	Followers may flatter the leader and hide problems.	The leader will automatically lose all followers.	The organization will become too focused on written rules.	The leader will have no emotional influence.	A	Charisma can silence honest feedback and hide problems.	1	When followers become loyal to the personality instead of the mission and values, both leader and organization are at risk.	Strong loyalty can discourage truthful feedback and make the leader inflexible.	Charisma usually attracts rather than automatically loses followers.	The danger described is not excessive reliance on written rules.	Charisma is defined partly by emotional influence.	Assuming popularity makes leadership safer.	Ask what happens when no one wants to tell a likable leader bad news.	Magnetism needs a compass.	high	magnet_compass	optional_after_answer	ltl2_c6_charisma_risk_013	A strong magnet pulling followers while a compass points to mission and values.	Magnetism needs a compass.	A strong magnet pulling followers while a compass points to mission and values.	Learn to Lead Volume 2, Chapter 6 — Charisma & Johari Window	80–81	approved_source	draft	LTL2-C6-PB-Q011|LTL2-C6-PB-Q012|LTL2-C6-PB-Q014	55	6	high	moderate	true	1.0	existing_original_bank	pre_sample_bank_review
LTL2-C6-PB-Q014	Chapter 6 B	C6-O08	LTL2-C6-CHARISMA_RESULT	LTL2-C6-F014	hard	misconception	multiple_choice	study_and_test	cap_direct	Which statement best matches the chapter’s conclusion about charisma?	Charisma is required before anyone can lead.	Charisma is usually the result of effective leadership, not its cause.	People can imitate another leader’s charisma without losing authenticity.	Organizations succeed only under magnetic personalities.	B	Effective leadership may produce charisma in followers’ eyes.	1	Cadets should develop competence, character, and service rather than chase a personality effect they cannot reliably manufacture.	The chapter says charisma is not necessary for success.	This is the chapter’s stated conclusion.	Trying to manufacture charisma may make a person less authentic.	Competent organizations can succeed without charismatic leadership.	Believing charisma is the starting ingredient of leadership.	Focus on what a cadet can deliberately develop.	Lead well first; charisma may follow.	high	cause_effect	optional_after_answer	ltl2_c6_charisma_result_014	An arrow from effective leadership to perceived charisma, not the reverse.	Lead well first; charisma may follow.	An arrow from effective leadership to perceived charisma, not the reverse.	Learn to Lead Volume 2, Chapter 6 — Charisma & Johari Window	80–81	approved_source	draft	LTL2-C6-PB-Q011|LTL2-C6-PB-Q012|LTL2-C6-PB-Q013	55	6	high	moderate	true	1.0	existing_original_bank	pre_sample_bank_review
LTL2-C6-PB-Q015	Chapter 6 B	C6-O09	LTL2-C6-JOHARI_FOUR_ARENAS	LTL2-C6-F015	medium	recall	multiple_choice	study_and_test	cap_direct	The Johari window organizes information about a person according to whether it is known or unknown to	leaders and followers	the self and other people	friends and family	officers and NCOs	B	The Johari window compares knowledge held by self and by others.	1	Its four arenas are open, blind, hidden, and unknown, based on what the person and others know.	Those roles are not the two dimensions of the model.	The model compares what is known to self and known to others.	Friends and family may provide feedback, but they are not the axes.	Rank categories are unrelated to the model.	Remembering the four boxes without understanding the two axes.	Draw a 2×2 grid: self knows/doesn’t know and others know/don’t know.	Self × Others = four windows.	high	four_quadrant	optional_after_answer	ltl2_c6_johari_four_arenas_015	A 2×2 Johari grid labeled Open, Blind, Hidden, Unknown.	Self × Others = four windows.	A 2×2 Johari grid labeled Open, Blind, Hidden, Unknown.	Learn to Lead Volume 2, Chapter 6 — Charisma & Johari Window	81–83	approved_source	draft	LTL2-C6-PB-Q011|LTL2-C6-PB-Q012|LTL2-C6-PB-Q013	45	6	low	basic	false	0	existing_original_bank	pre_sample_bank_review
LTL2-C6-PB-Q016	Chapter 6 B	C6-O09	LTL2-C6-JOHARI_BLIND	LTL2-C6-F016	medium	application	multiple_choice	study_and_test	scenario	A cadet believes she gives clear instructions, but teammates consistently find her directions confusing. She does not realize this. In the Johari window, the problem is mainly in the	open arena	blind arena	hidden arena	unknown arena	B	A blind-area trait is seen by others but not by the person.	1	Constructive feedback can reduce the blind arena and improve self-awareness.	Open information is known to both self and others.	The weakness is known to others but unknown to the cadet.	Hidden information is known to self but not others.	Unknown information is known to neither.	Choosing hidden because the problem is not openly discussed.	Ask: Who knows the information right now?	Others see it; you do not = blind.	medium	spotlight_back	optional_after_answer	ltl2_c6_johari_blind_016	A person facing forward while teammates see a label on the person’s back.	Others see it; you do not = blind.	A person facing forward while teammates see a label on the person’s back.	Learn to Lead Volume 2, Chapter 6 — Charisma & Johari Window	81–82	approved_source	draft	LTL2-C6-PB-Q011|LTL2-C6-PB-Q012|LTL2-C6-PB-Q013	50	6	low	basic	false	0	existing_original_bank	pre_sample_bank_review
LTL2-C6-PB-Q017	Chapter 6 B	C6-O10	LTL2-C6-FEEDBACK_JOHARI	LTL2-C6-F017	hard	application	multiple_choice	study_and_test	scenario	A cadet asks teammates for specific feedback and listens without becoming defensive. What is the main Johari-window effect?	The blind arena becomes smaller.	The hidden arena becomes larger.	The unknown arena disappears completely.	The open arena becomes smaller.	A	Feedback reduces blind spots and expands shared understanding.	1	Leaders improve when they invite honest observations and treat feedback as useful information rather than a personal attack.	Feedback reveals information others see but the person did not.	Self-disclosure, not feedback, normally reduces the hidden arena.	No method eliminates all unknown information.	Useful feedback generally expands the open arena.	Thinking feedback is mainly about revealing private information.	Feedback travels from others to self.	Feedback opens the blind window.	high	window_opening	optional_after_answer	ltl2_c6_feedback_johari_017	An arrow labeled Feedback moving from Blind to Open.	Feedback opens the blind window.	An arrow labeled Feedback moving from Blind to Open.	Learn to Lead Volume 2, Chapter 6 — Charisma & Johari Window	82	approved_source	draft	LTL2-C6-PB-Q011|LTL2-C6-PB-Q012|LTL2-C6-PB-Q013	50	6	low	basic	false	0	existing_original_bank	pre_sample_bank_review
LTL2-C6-PB-Q018	Chapter 6 B	C6-O10	LTL2-C6-SELF_DISCLOSURE_JOHARI	LTL2-C6-F018	hard	application	multiple_choice	study_and_test	scenario	A normally private cadet explains to the team that a family emergency is affecting his concentration. In Johari terms, this appropriate self-disclosure primarily	reduces the blind arena	reduces the hidden arena	expands the unknown arena	eliminates the need for feedback	B	Appropriate self-disclosure reduces the hidden arena.	1	Sharing relevant information can build trust and help teammates interpret behavior accurately, though leaders should still use judgment and boundaries.	The information was already known to the cadet.	Sharing information known to self but not others reduces the hidden arena.	Disclosure does not create more unknown information.	Feedback and disclosure serve different purposes.	Assuming all privacy is unhealthy or all disclosure is wise.	Ask where the information was before it was shared.	Hidden becomes open through sharing.	high	curtain_open	optional_after_answer	ltl2_c6_self_disclosure_johari_018	A curtain opening from Hidden to Open with a trust symbol.	Hidden becomes open through sharing.	A curtain opening from Hidden to Open with a trust symbol.	Learn to Lead Volume 2, Chapter 6 — Charisma & Johari Window	82–83	approved_source	draft	LTL2-C6-PB-Q011|LTL2-C6-PB-Q012|LTL2-C6-PB-Q013	50	6	low	basic	false	0	existing_original_bank	pre_sample_bank_review
LTL2-C6-PB-Q019	Chapter 6 B	C6-O09-10	LTL2-C6-JOHARI_TEAM_EFFECT	LTL2-C6-F019	medium	analysis	multiple_choice	study_and_test	cap_direct	Why do feedback and appropriate self-disclosure generally strengthen a team?	They make every personality identical.	They increase the open arena and mutual understanding.	They remove the need for standards.	They ensure nobody will disagree.	B	Teams improve when more useful information is openly shared.	1	The Johari window helps explain how trust, feedback, and self-awareness reduce misunderstanding.	The goal is understanding differences, not erasing them.	More shared, accurate information improves trust and teamwork.	Standards remain necessary.	Healthy teams can still disagree.	Equating team unity with total sameness or agreement.	Look for the answer about accurate shared knowledge.	More open, less guessing.	medium	team_window	optional_after_answer	ltl2_c6_johari_team_effect_019	A team looking through one clear shared window instead of separate foggy windows.	More open, less guessing.	A team looking through one clear shared window instead of separate foggy windows.	Learn to Lead Volume 2, Chapter 6 — Charisma & Johari Window	81–83	approved_source	draft	LTL2-C6-PB-Q011|LTL2-C6-PB-Q012|LTL2-C6-PB-Q013	45	6	high	moderate	true	1.0	existing_original_bank	pre_sample_bank_review
LTL2-C6-PC-Q020	Chapter 6 C	C6-O11	LTL2-C6-MBTI_PURPOSE	LTL2-C6-F020	easy	understanding	multiple_choice	study_and_test	cap_direct	The Myers-Briggs Type Indicator is intended primarily to	judge whether a personality is good or bad	describe personality preferences	measure intelligence	predict moral character	B	MBTI describes preferences; it does not rank people.	1	It offers a vocabulary for discussing personality and working with different approaches.	The chapter says there is no correct place on a preference scale.	MBTI describes preferred ways of gaining energy, gathering information, deciding, and living.	It is not an intelligence test.	It does not measure integrity or character.	Treating personality type as a score of worth or ability.	Remember: describe, not judge.	Type is a map, not a grade.	medium	preference_scales	optional_after_answer	ltl2_c6_mbti_purpose_020	Four balanced scales with no side marked better.	Type is a map, not a grade.	Four balanced scales with no side marked better.	Learn to Lead Volume 2, Chapter 6 — Myers-Briggs Type Indicator	83–87	approved_source	draft	LTL2-C6-PC-Q021|LTL2-C6-PC-Q022|LTL2-C6-PC-Q023	40	6	high	moderate	true	1.0	existing_original_bank	pre_sample_bank_review
LTL2-C6-PC-Q021	Chapter 6 C	C6-O11-12	LTL2-C6-MBTI_FOUR_DIMENSIONS	LTL2-C6-F021	medium	recall	multiple_choice	study_and_test	cap_direct	Which list contains the four MBTI dimensions?	Extroversion–Introversion; Sensing–Intuition; Thinking–Feeling; Judging–Perceiving	Nature–Nurture; Open–Blind; Hidden–Unknown; Thinking–Feeling	Physiological–Safety; Belonging–Esteem; Thinking–Feeling; Judging–Perceiving	Expert–Referent; Reward–Coercive; Thinking–Feeling; Judging–Perceiving	A	MBTI uses E–I, S–N, T–F, and J–P.	1	Each pair addresses a different preference: energy, information, decisions, and lifestyle.	These are the four MBTI preference pairs.	This mixes nature/nurture and Johari concepts with one MBTI pair.	This mixes Maslow with MBTI.	This mixes power types with MBTI.	Mixing nearby Chapter 6 models together.	Memorize the four questions: energy, information, decisions, organization.	E-S-T-J pairs: EI, SN, TF, JP.	high	four_scales	optional_after_answer	ltl2_c6_mbti_four_dimensions_021	Four labeled scales: Energy, Information, Decisions, Lifestyle.	E-S-T-J pairs: EI, SN, TF, JP.	Four labeled scales: Energy, Information, Decisions, Lifestyle.	Learn to Lead Volume 2, Chapter 6 — Myers-Briggs Type Indicator	84–87	approved_source	draft	LTL2-C6-PC-Q020|LTL2-C6-PC-Q022|LTL2-C6-PC-Q023	50	6	high	moderate	true	1.0	existing_original_bank	pre_sample_bank_review
LTL2-C6-PC-Q022	Chapter 6 C	C6-O12	LTL2-C6-EXTROVERSION_INTROVERSION	LTL2-C6-F022	medium	application	multiple_choice	study_and_test	scenario	After a full day of group activities, Cadet Lee wants quiet time alone to recharge and think before speaking. This most closely reflects	extroversion	introversion	sensing	judging	B	Introverts tend to recharge alone and think before acting.	1	Introversion does not mean disliking people; it describes where energy is directed and restored.	Extroverts generally gain energy from interaction.	Introverts tend to recharge alone and think before acting or speaking.	Sensing concerns how information is gathered.	Judging concerns preference for structure and closure.	Confusing quietness with weakness or dislike of others.	Ask where the person gets energy.	I = inward recharge.	medium	battery_people	optional_after_answer	ltl2_c6_extroversion_introversion_022	A battery charging in quiet for I and in a group for E.	I = inward recharge.	A battery charging in quiet for I and in a group for E.	Learn to Lead Volume 2, Chapter 6 — Myers-Briggs Type Indicator	84	approved_source	draft	LTL2-C6-PC-Q020|LTL2-C6-PC-Q021|LTL2-C6-PC-Q023	45	6	low	basic	false	0	existing_original_bank	pre_sample_bank_review
LTL2-C6-PC-Q023	Chapter 6 C	C6-O12	LTL2-C6-EXTROVERSION_INTROVERSION_MISCONCEPTION	LTL2-C6-F023	hard	misconception	multiple_choice	study_and_test	cap_direct	Which statement about introverts best matches the chapter?	They generally dislike people.	They cannot become effective public leaders.	They may enjoy people but need solitude to recharge.	They always avoid group projects.	C	Introversion is about energy, not dislike of people.	1	An introvert may work well with others and lead effectively while still needing time alone to recharge.	The chapter identifies this as a common misconception.	Personality preference does not prevent leadership.	This captures the distinction between social ability and energy source.	Preferences are tendencies, not absolute rules.	Turning a preference into an absolute limitation.	Replace “introvert” with “recharges inwardly.”	Quiet battery, not closed door.	high	myth_fact	optional_after_answer	ltl2_c6_extroversion_introversion_misconception_023	A myth card 'dislikes people' crossed out beside 'recharges alone.'	Quiet battery, not closed door.	A myth card 'dislikes people' crossed out beside 'recharges alone.'	Learn to Lead Volume 2, Chapter 6 — Myers-Briggs Type Indicator	84	approved_source	draft	LTL2-C6-PC-Q020|LTL2-C6-PC-Q021|LTL2-C6-PC-Q022	50	6	high	moderate	true	1.0	existing_original_bank	pre_sample_bank_review
LTL2-C6-PC-Q024	Chapter 6 C	C6-O12	LTL2-C6-SENSING_INTUITION	LTL2-C6-F024	medium	application	multiple_choice	study_and_test	scenario	A cadet prefers concrete facts, step-by-step instructions, and proven procedures. Which MBTI preference is most evident?	Sensing	Intuition	Feeling	Perceiving	A	Sensing emphasizes concrete facts and practical details.	1	The S–N dimension describes how people prefer to gather and interpret information.	Sensing favors concrete facts and practical details.	Intuition favors patterns, possibilities, and the big picture.	Feeling concerns decision criteria.	Perceiving concerns flexibility and openness.	Confusing practical detail with Judging.	Ask: Is the issue information or organization?	S = specifics.	medium	magnifying_details	optional_after_answer	ltl2_c6_sensing_intuition_024	A magnifying glass over concrete details versus a pattern cloud.	S = specifics.	A magnifying glass over concrete details versus a pattern cloud.	Learn to Lead Volume 2, Chapter 6 — Myers-Briggs Type Indicator	85	approved_source	draft	LTL2-C6-PC-Q020|LTL2-C6-PC-Q021|LTL2-C6-PC-Q022	45	6	low	basic	false	0	existing_original_bank	pre_sample_bank_review
LTL2-C6-PC-Q025	Chapter 6 C	C6-O12	LTL2-C6-INTUITION	LTL2-C6-F025	medium	application	multiple_choice	study_and_test	scenario	During planning, one cadet quickly notices patterns and proposes several future possibilities, even before all details are settled. This most closely reflects	Sensing	Intuition	Thinking	Judging	B	Intuition focuses on patterns, meanings, and possibilities.	1	Intuitive learners often begin with the big picture and imagine what could be.	Sensing is more focused on present facts and specifics.	Intuition emphasizes patterns, connections, and possibilities.	Thinking concerns how choices are evaluated.	Judging favors closure and structure.	Equating intuition with an unsupported guess.	Look for patterns and future possibilities.	N = new possibilities.	medium	pattern_constellation	optional_after_answer	ltl2_c6_intuition_025	Separate dots forming a larger pattern and future path.	N = new possibilities.	Separate dots forming a larger pattern and future path.	Learn to Lead Volume 2, Chapter 6 — Myers-Briggs Type Indicator	85	approved_source	draft	LTL2-C6-PC-Q020|LTL2-C6-PC-Q021|LTL2-C6-PC-Q022	45	6	low	basic	false	0	existing_original_bank	pre_sample_bank_review
LTL2-C6-PC-Q026	Chapter 6 C	C6-O12	LTL2-C6-THINKING_FEELING	LTL2-C6-F026	hard	application	multiple_choice	study_and_test	scenario	Two cadets agree on the facts. One chooses the most logically consistent solution; the other gives greater weight to how the decision will affect people. Which MBTI dimension explains the difference?	Extroversion–Introversion	Sensing–Intuition	Thinking–Feeling	Judging–Perceiving	C	Thinking–Feeling describes preferred decision criteria.	1	Thinking emphasizes impersonal logic; Feeling emphasizes values and effects on people. Neither preference means the person cannot use the other.	This dimension concerns energy.	This dimension concerns information gathering.	This dimension concerns preferred decision-making criteria.	This dimension concerns structure and flexibility.	Assuming Feeling means emotional or Thinking means uncaring.	Ask how the decision is being made.	T checks logic; F checks people and values.	high	decision_fork	optional_after_answer	ltl2_c6_thinking_feeling_026	A decision fork with Logic on one path and People/Values on the other.	T checks logic; F checks people and values.	A decision fork with Logic on one path and People/Values on the other.	Learn to Lead Volume 2, Chapter 6 — Myers-Briggs Type Indicator	85–86	approved_source	draft	LTL2-C6-PC-Q020|LTL2-C6-PC-Q021|LTL2-C6-PC-Q022	50	6	low	basic	false	0	existing_original_bank	pre_sample_bank_review
LTL2-C6-PC-Q027	Chapter 6 C	C6-O12	LTL2-C6-THINKING_FEELING_MISCONCEPTION	LTL2-C6-F027	hard	misconception	multiple_choice	study_and_test	cap_direct	Which statement is most accurate about the MBTI Thinking and Feeling preferences?	Thinkers have no feelings.	Feelers cannot reason logically.	They describe preferred decision approaches, not ability or character.	Feeling is always better for leaders.	C	Thinking and Feeling are preferences, not abilities.	1	Good leaders learn to consider both logic and human impact rather than stereotype either type.	Thinkers still have emotions.	Feelers can reason and analyze.	MBTI describes preferences, not fixed abilities or moral worth.	Leadership may require both approaches depending on the situation.	Turning preference labels into insults.	Replace “is able to” with “usually prefers to.”	Preference is not prison.	high	two_tools	optional_after_answer	ltl2_c6_thinking_feeling_misconception_027	A toolbox containing both a logic tool and an empathy tool.	Preference is not prison.	A toolbox containing both a logic tool and an empathy tool.	Learn to Lead Volume 2, Chapter 6 — Myers-Briggs Type Indicator	85–86	approved_source	draft	LTL2-C6-PC-Q020|LTL2-C6-PC-Q021|LTL2-C6-PC-Q022	50	6	low	basic	false	0	existing_original_bank	pre_sample_bank_review
LTL2-C6-PC-Q028	Chapter 6 C	C6-O12	LTL2-C6-JUDGING_PERCEIVING	LTL2-C6-F028	medium	application	multiple_choice	study_and_test	scenario	A cadet prefers plans, schedules, decisions, and completing work before relaxing. This most closely reflects	Judging	Perceiving	Feeling	Sensing	A	Judging prefers structure and closure.	1	The J–P dimension describes how a person prefers to organize life and respond to plans.	Judging favors structure, planning, and closure.	Perceiving favors flexibility and keeping options open.	Feeling concerns decision values.	Sensing concerns information details.	Confusing the word Judging with being critical of people.	In MBTI, Judging means organized closure, not condemnation.	J = schedule and finish.	medium	calendar_check	optional_after_answer	ltl2_c6_judging_perceiving_028	A calendar with boxes checked beside an open flexible path.	J = schedule and finish.	A calendar with boxes checked beside an open flexible path.	Learn to Lead Volume 2, Chapter 6 — Myers-Briggs Type Indicator	86–87	approved_source	draft	LTL2-C6-PC-Q020|LTL2-C6-PC-Q021|LTL2-C6-PC-Q022	45	6	low	basic	false	0	existing_original_bank	pre_sample_bank_review
LTL2-C6-PC-Q029	Chapter 6 C	C6-O12	LTL2-C6-PERCEIVING	LTL2-C6-F029	medium	application	multiple_choice	study_and_test	scenario	A cadet likes adapting as new information appears and feels restricted when every detail is decided too early. Which preference is most evident?	Judging	Perceiving	Thinking	Introversion	B	Perceiving favors flexibility and open options.	1	Perceiving does not mean careless; it describes comfort with adapting and delaying closure.	Judging tends to prefer decisions and settled plans.	Perceiving tends to keep options open and adapt.	Thinking concerns decision criteria.	Introversion concerns energy.	Equating flexibility with lack of discipline.	Ask whether the issue is closure or adaptability.	P = possibilities remain open.	medium	open_paths	optional_after_answer	ltl2_c6_perceiving_029	Several open paths with a movable route marker.	P = possibilities remain open.	Several open paths with a movable route marker.	Learn to Lead Volume 2, Chapter 6 — Myers-Briggs Type Indicator	86–87	approved_source	draft	LTL2-C6-PC-Q020|LTL2-C6-PC-Q021|LTL2-C6-PC-Q022	45	6	low	basic	false	0	existing_original_bank	pre_sample_bank_review
LTL2-C6-PC-Q030	Chapter 6 C	C6-O13	LTL2-C6-MBTI_LEADERSHIP_USE	LTL2-C6-F030	hard	analysis	multiple_choice	study_and_test	cap_direct	How is MBTI most useful to a leader?	It identifies which teammates are superior.	It gives exact predictions of behavior.	It helps the leader understand preferences and adapt communication and teamwork.	It replaces the need to observe individual behavior.	C	MBTI can help leaders adapt to different preferences.	1	It is a conversation tool for self-understanding and teamwork, not a label, excuse, or prediction machine.	No type is ranked as superior.	Preferences do not produce exact predictions.	The model can improve self-awareness and cooperation across differences.	A model should supplement, not replace, knowing people.	Using type as a permanent box.	Choose the answer that improves understanding without stereotyping.	Use type to translate, not label.	high	translation_bridge	optional_after_answer	ltl2_c6_mbti_leadership_use_030	A bridge connecting two different preference styles through adapted communication.	Use type to translate, not label.	A bridge connecting two different preference styles through adapted communication.	Learn to Lead Volume 2, Chapter 6 — Myers-Briggs Type Indicator	83–87	approved_source	draft	LTL2-C6-PC-Q020|LTL2-C6-PC-Q021|LTL2-C6-PC-Q022	55	6	high	moderate	true	1.0	existing_original_bank	pre_sample_bank_review
LTL2-C6-PC-Q031	Chapter 6 C	C6-O11-13	LTL2-C6-MBTI_BALANCED_TEAM	LTL2-C6-F031	hard	scenario	multiple_choice	study_and_test	analysis	A planning team contains detail-focused Sensors and possibility-focused Intuitives. What is the best leadership response?	Let only the Sensors plan because details are objective.	Let only the Intuitives plan because ideas matter most.	Use both: Intuitives explore possibilities and Sensors test practical details.	Separate the two groups so they do not disagree.	C	Different preferences can become complementary strengths.	1	A leader should design teamwork so people contribute their natural strengths while still considering other perspectives.	Ignoring possibilities can produce a narrow plan.	Ignoring details can produce an impractical plan.	Different preferences can complement one another.	Constructive differences can improve the work when managed well.	Treating difference as a problem to eliminate.	Ask how both preferences can improve the mission.	Patterns plus particulars.	high	puzzle_halves	optional_after_answer	ltl2_c6_mbti_balanced_team_031	Two puzzle pieces labeled Possibilities and Practical Details fitting together.	Patterns plus particulars.	Two puzzle pieces labeled Possibilities and Practical Details fitting together.	Learn to Lead Volume 2, Chapter 6 — Myers-Briggs Type Indicator	85	approved_source	draft	LTL2-C6-PC-Q020|LTL2-C6-PC-Q021|LTL2-C6-PC-Q022	55	6	low	basic	false	0	existing_original_bank	pre_sample_bank_review
LTL2-C6-PD-Q032	Chapter 6 D	C6-O14	LTL2-C6-MASLOW_FIVE_NEEDS	LTL2-C6-F032	medium	recall	multiple_choice	study_and_test	cap_direct	Which sequence lists Maslow’s five needs from lowest to highest?	Physiological, safety, belonging, esteem, self-actualization	Safety, physiological, esteem, belonging, self-actualization	Physiological, belonging, safety, self-actualization, esteem	Belonging, safety, physiological, esteem, self-actualization	A	Maslow’s order is body, safety, belonging, esteem, fulfillment.	1	The pyramid moves from basic survival needs to safety, relationships, respect, and reaching one’s potential.	This is the chapter’s order.	Safety comes after physiological, and belonging before esteem.	Safety and belonging are reversed, and self-actualization is highest.	The lower levels are out of order.	Remembering the five labels but not their order.	Build upward from survival to full potential.	Body—Safe—Belong—Esteem—Become.	high	five_level_pyramid	optional_after_answer	ltl2_c6_maslow_five_needs_032	A five-level pyramid with the needs in order.	Body—Safe—Belong—Esteem—Become.	A five-level pyramid with the needs in order.	Learn to Lead Volume 2, Chapter 6 — Maslow & Hawthorne	88–90	approved_source	draft	LTL2-C6-PD-Q033|LTL2-C6-PD-Q034|LTL2-C6-PD-Q035	50	6	high	moderate	true	1.0	existing_original_bank	pre_sample_bank_review
LTL2-C6-PD-Q033	Chapter 6 D	C6-O15	LTL2-C6-MASLOW_PYRAMID	LTL2-C6-F033	medium	understanding	multiple_choice	study_and_test	cap_direct	Why is Maslow’s model shown as a pyramid?	Higher needs are physically larger.	People normally focus on the lowest unfulfilled need before higher needs.	Only a few people have physiological needs.	Leaders should always motivate from the top down.	B	The pyramid shows that lower unmet needs usually take priority.	1	Once a lower need is reasonably met, higher needs can become stronger motivators.	The diagram is not about physical size.	Lower unmet needs generally demand attention first.	Physiological needs are universal.	The model suggests considering lower needs first.	Thinking the levels are rewards a person earns permanently.	Ask what an unmet basic need does to attention.	Fill the foundation before the peak.	medium	pyramid_foundation	optional_after_answer	ltl2_c6_maslow_pyramid_033	A pyramid with a cracked base unable to support the top.	Fill the foundation before the peak.	A pyramid with a cracked base unable to support the top.	Learn to Lead Volume 2, Chapter 6 — Maslow & Hawthorne	88	approved_source	draft	LTL2-C6-PD-Q032|LTL2-C6-PD-Q034|LTL2-C6-PD-Q035	45	6	high	moderate	true	1.0	existing_original_bank	pre_sample_bank_review
LTL2-C6-PD-Q034	Chapter 6 D	C6-O14	LTL2-C6-PHYSIOLOGICAL_NEED	LTL2-C6-F034	easy	application	multiple_choice	study_and_test	scenario	A cadet is exhausted, dehydrated, and unable to focus during an activity. Which need is most immediate in Maslow’s model?	Esteem	Belonging	Physiological	Self-actualization	C	Food, water, rest, and bodily needs come first.	1	Leaders should not expect higher performance while a teammate’s basic physical needs are unmet.	Recognition will not address the immediate physical condition.	Team connection matters, but the body’s need is more urgent.	Rest and water are physiological needs.	Reaching potential is a higher-level need.	Trying to motivate with praise when the body needs care.	Ask what the person needs to function physically.	Body before badge.	medium	water_rest	optional_after_answer	ltl2_c6_physiological_need_034	A water bottle and rest symbol at the base of a pyramid.	Body before badge.	A water bottle and rest symbol at the base of a pyramid.	Learn to Lead Volume 2, Chapter 6 — Maslow & Hawthorne	88	approved_source	draft	LTL2-C6-PD-Q032|LTL2-C6-PD-Q033|LTL2-C6-PD-Q035	40	6	low	basic	false	0	existing_original_bank	pre_sample_bank_review
LTL2-C6-PD-Q035	Chapter 6 D	C6-O14-16	LTL2-C6-SAFETY_NEED	LTL2-C6-F035	medium	application	multiple_choice	study_and_test	scenario	A new cadet fears ridicule and believes mistakes will lead to humiliation. Which need should the leader address most directly?	Safety	Esteem only	Self-actualization	Physiological	A	People need physical and psychological safety.	1	A leader can help by setting respectful standards, preventing bullying, and making learning safe.	Psychological security and freedom from fear fit safety needs.	Esteem may also be affected, but safety is the more basic threatened need.	Full potential is not the immediate concern.	No bodily need is described.	Thinking safety means only protection from physical injury.	Include freedom from fear and uncertainty in safety.	Safe enough to learn.	medium	shield_classroom	optional_after_answer	ltl2_c6_safety_need_035	A shield protecting a learning space from ridicule.	Safe enough to learn.	A shield protecting a learning space from ridicule.	Learn to Lead Volume 2, Chapter 6 — Maslow & Hawthorne	88–89	approved_source	draft	LTL2-C6-PD-Q032|LTL2-C6-PD-Q033|LTL2-C6-PD-Q034	45	6	low	basic	false	0	existing_original_bank	pre_sample_bank_review
LTL2-C6-PD-Q036	Chapter 6 D	C6-O14-16	LTL2-C6-BELONGING_NEED	LTL2-C6-F036	medium	application	multiple_choice	study_and_test	scenario	Which action best helps fulfill a cadet’s belonging need?	Giving the cadet a private award	Including the cadet in meaningful team activities and friendships	Assigning a more difficult written test	Explaining a technical regulation	B	Belonging grows through connection and membership.	1	CAP leaders should build an inclusive team where cadets can form friendships and participate meaningfully.	An award mainly addresses esteem.	Connection, friendship, and team membership address belonging.	A harder test does not create social connection.	Technical knowledge addresses competence, not belonging directly.	Confusing esteem with belonging.	Belonging asks, 'Am I part of us?'	Belonging = part of the team.	medium	team_circle	optional_after_answer	ltl2_c6_belonging_need_036	A cadet welcomed into a team circle.	Belonging = part of the team.	A cadet welcomed into a team circle.	Learn to Lead Volume 2, Chapter 6 — Maslow & Hawthorne	89	approved_source	draft	LTL2-C6-PD-Q032|LTL2-C6-PD-Q033|LTL2-C6-PD-Q034	40	6	low	basic	false	0	existing_original_bank	pre_sample_bank_review
LTL2-C6-PD-Q037	Chapter 6 D	C6-O14-16	LTL2-C6-ESTEEM_SELF_ACTUALIZATION	LTL2-C6-F037	hard	analysis	multiple_choice	study_and_test	cap_direct	Which pairing is correct?	Esteem—food and rest; Self-actualization—friendship	Esteem—respect and achievement; Self-actualization—reaching one’s potential	Esteem—freedom from danger; Self-actualization—rank	Esteem—team membership; Self-actualization—avoiding failure	B	Esteem is respect; self-actualization is fulfilling potential.	1	Leaders can recognize real achievement while also helping people grow toward challenging, meaningful goals.	These needs are mismatched.	Esteem involves respect and accomplishment; self-actualization involves becoming what one can become.	Safety is freedom from danger, and rank alone is not self-actualization.	Belonging concerns membership, and avoidance is not the highest need.	Treating awards or rank as the same thing as full potential.	Esteem asks 'Am I valued?' The top asks 'What can I become?'	Respected, then realized.	high	two_top_levels	optional_after_answer	ltl2_c6_esteem_self_actualization_037	The top two pyramid levels labeled Valued and Full Potential.	Respected, then realized.	The top two pyramid levels labeled Valued and Full Potential.	Learn to Lead Volume 2, Chapter 6 — Maslow & Hawthorne	89–90	approved_source	draft	LTL2-C6-PD-Q032|LTL2-C6-PD-Q033|LTL2-C6-PD-Q034	50	6	high	moderate	true	1.0	existing_original_bank	pre_sample_bank_review
LTL2-C6-PD-Q038	Chapter 6 D	C6-O16	LTL2-C6-MASLOW_LEADER_USE	LTL2-C6-F038	hard	scenario	multiple_choice	study_and_test	application	A leader offers a prestigious role to motivate a cadet who is worried about being physically safe during an activity. Why may the offer fail?	Prestige is never motivating.	The leader is addressing a higher need while a lower need remains unmet.	Safety needs are above esteem needs.	Maslow says everyone is motivated by the same reward.	B	Motivation should match the person’s strongest unmet need.	1	The pyramid helps leaders diagnose why a reward that motivates one person may not motivate another.	Prestige may motivate when esteem is the active need.	The lower safety concern will likely dominate attention.	Safety is below esteem.	The model says people share needs, not that one reward works for all.	Offering a higher-level reward without addressing the actual concern.	Find the lowest unmet need in the scenario.	Motivate the level they are living.	high	mismatched_arrow	optional_after_answer	ltl2_c6_maslow_leader_use_038	An arrow aimed at the top of a pyramid while the safety level flashes red.	Motivate the level they are living.	An arrow aimed at the top of a pyramid while the safety level flashes red.	Learn to Lead Volume 2, Chapter 6 — Maslow & Hawthorne	88–90	approved_source	draft	LTL2-C6-PD-Q032|LTL2-C6-PD-Q033|LTL2-C6-PD-Q034	55	6	low	basic	false	0	existing_original_bank	pre_sample_bank_review
LTL2-C6-PD-Q039	Chapter 6 D	C6-O17	LTL2-C6-HAWTHORNE_LESSON	LTL2-C6-F039	medium	understanding	multiple_choice	study_and_test	cap_direct	What was the key leadership lesson of the Hawthorne studies?	Brighter lighting always increases productivity.	Workers perform better when leaders pay attention and treat them as partners.	Punishment is the strongest workplace motivator.	Employees should not be consulted about work.	B	People often perform better when leaders genuinely involve and value them.	1	The Hawthorne effect reminds leaders that attention and partnership can create self-motivation.	Lighting changes did not explain the lasting improvement.	Attention, involvement, and partnership helped workers feel important.	The lesson was not about punishment.	Consultation was part of what improved motivation.	Remembering the experiment’s light bulbs instead of its human lesson.	Ask what changed socially, not electrically.	People brighten when noticed.	medium	lightbulb_people	optional_after_answer	ltl2_c6_hawthorne_lesson_039	A light bulb fading while a leader-person connection brightens.	People brighten when noticed.	A light bulb fading while a leader-person connection brightens.	Learn to Lead Volume 2, Chapter 6 — Maslow & Hawthorne	90	approved_source	draft	LTL2-C6-PD-Q032|LTL2-C6-PD-Q033|LTL2-C6-PD-Q034	45	6	high	moderate	true	1.0	existing_original_bank	pre_sample_bank_review
LTL2-C6-PD-Q040	Chapter 6 D	C6-O17	LTL2-C6-HAWTHORNE_CAP	LTL2-C6-F040	medium	application	multiple_choice	study_and_test	scenario	Which CAP practice best applies the Hawthorne lesson?	Making every decision privately	Inviting cadet input and treating members as collaborators	Increasing punishment for small errors	Replacing feedback with brighter meeting-room lights	B	Participation can increase commitment and performance.	1	Leaders should listen to people, involve them appropriately, and show that their contributions matter.	Private control misses the partnership lesson.	Meaningful participation helps people feel valued and invested.	Punishment is not the key Hawthorne finding.	The lighting itself was not the lasting cause.	Using participation as a trick rather than genuine respect.	Think partner, not prop.	Invite input; build ownership.	medium	collaboration_table	optional_after_answer	ltl2_c6_hawthorne_cap_040	A leader and cadets working around one planning table.	Invite input; build ownership.	A leader and cadets working around one planning table.	Learn to Lead Volume 2, Chapter 6 — Maslow & Hawthorne	90	approved_source	draft	LTL2-C6-PD-Q032|LTL2-C6-PD-Q033|LTL2-C6-PD-Q034	45	6	low	basic	false	0	existing_original_bank	pre_sample_bank_review
LTL2-C6-PE-Q041	Chapter 6 E	C6-O17-20	LTL2-C6-STIMULUS_REFLEX	LTL2-C6-F041	medium	recall	multiple_choice	study_and_test	cap_direct	In classical conditioning, a stimulus is	an automatic response	something that produces a response	a reward given after behavior	the disappearance of behavior	B	A stimulus triggers a response; a reflex is the response.	1	Keeping the two terms separate is essential for understanding Pavlov and conditioning.	An automatic response is a reflex.	A stimulus is something that triggers or produces a response.	A reward may be positive reinforcement, not the general definition.	Behavior fading is extinction.	Reversing stimulus and reflex.	Stimulus starts; reflex reacts.	S starts it; R responds.	medium	arrow_trigger	optional_after_answer	ltl2_c6_stimulus_reflex_041	An arrow from Stimulus to Reflex.	S starts it; R responds.	An arrow from Stimulus to Reflex.	Learn to Lead Volume 2, Chapter 6 — Conditioning & Reinforcement	91	approved_source	draft	LTL2-C6-PE-Q042|LTL2-C6-PE-Q043|LTL2-C6-PE-Q044	40	6	high	moderate	true	1.0	existing_original_bank	pre_sample_bank_review
LTL2-C6-PE-Q042	Chapter 6 E	C6-O19-20	LTL2-C6-PAVLOV_CLASSICAL_CONDITIONING	LTL2-C6-F042	medium	understanding	multiple_choice	study_and_test	cap_direct	What did Pavlov demonstrate with his dogs?	A neutral signal can become linked with an automatic response through repeated pairing.	Punishment always produces permanent learning.	Animals learn only through rewards.	Authority is stronger than conscience.	A	Repeated pairing can make a new signal trigger an old reflex.	1	This learned association is classical conditioning.	Repeated pairing allowed a previously neutral signal to trigger salivation.	Pavlov’s experiment was not about punishment.	The experiment concerned association, not rewards alone.	That lesson belongs to the Milgram experiment.	Confusing classical conditioning with reinforcement after voluntary behavior.	Ask whether two stimuli are being paired.	Pair it; trigger it.	medium	bell_food	optional_after_answer	ltl2_c6_pavlov_classical_conditioning_042	A bell repeatedly paired with food, then the bell alone triggering salivation.	Pair it; trigger it.	A bell repeatedly paired with food, then the bell alone triggering salivation.	Learn to Lead Volume 2, Chapter 6 — Conditioning & Reinforcement	91–92	approved_source	draft	LTL2-C6-PE-Q041|LTL2-C6-PE-Q043|LTL2-C6-PE-Q044	45	6	high	moderate	true	1.0	existing_original_bank	pre_sample_bank_review
LTL2-C6-PE-Q043	Chapter 6 E	C6-O21	LTL2-C6-POSITIVE_REINFORCEMENT	LTL2-C6-F043	medium	application	multiple_choice	study_and_test	scenario	A flight sergeant praises a cadet immediately after the cadet gives an excellent safety briefing, making the cadet more likely to prepare carefully again. This is	positive reinforcement	negative reinforcement	punishment	extinction	A	Positive reinforcement adds a desirable consequence to strengthen behavior.	1	“Positive” means something is added; “reinforcement” means the behavior becomes more likely.	A desirable consequence is added to encourage behavior.	Negative reinforcement removes something unpleasant.	Punishment aims to reduce behavior.	Extinction occurs when reinforcement stops and behavior fades.	Thinking positive always means nice and negative means bad.	Translate the two words separately: add + increase behavior.	Add good; behavior grows.	medium	plus_arrow_up	optional_after_answer	ltl2_c6_positive_reinforcement_043	A plus sign leading to an upward behavior arrow.	Add good; behavior grows.	A plus sign leading to an upward behavior arrow.	Learn to Lead Volume 2, Chapter 6 — Conditioning & Reinforcement	92	approved_source	draft	LTL2-C6-PE-Q041|LTL2-C6-PE-Q042|LTL2-C6-PE-Q044	45	6	low	basic	false	0	existing_original_bank	pre_sample_bank_review
LTL2-C6-PE-Q044	Chapter 6 E	C6-O22	LTL2-C6-NEGATIVE_REINFORCEMENT	LTL2-C6-F044	hard	application	multiple_choice	study_and_test	scenario	A cadet completes equipment checks on time, so the leader stops sending daily reminder messages. The cadet continues checking equipment to avoid the reminders. This is	punishment	negative reinforcement	positive reinforcement	extinction	B	Negative reinforcement removes something unpleasant to strengthen behavior.	1	It is not punishment: both forms of reinforcement increase the desired behavior.	No consequence is being added to reduce the behavior.	An unpleasant reminder is removed to encourage timely checks.	Nothing desirable is added.	The behavior is being maintained, not fading.	Calling any unpleasant situation punishment.	Ask: Did the target behavior increase or decrease?	Remove bad; behavior grows.	high	minus_arrow_up	optional_after_answer	ltl2_c6_negative_reinforcement_044	A minus sign leading to an upward behavior arrow.	Remove bad; behavior grows.	A minus sign leading to an upward behavior arrow.	Learn to Lead Volume 2, Chapter 6 — Conditioning & Reinforcement	92	approved_source	draft	LTL2-C6-PE-Q041|LTL2-C6-PE-Q042|LTL2-C6-PE-Q043	50	6	low	basic	false	0	existing_original_bank	pre_sample_bank_review
LTL2-C6-PE-Q045	Chapter 6 E	C6-O23	LTL2-C6-PUNISHMENT_DEFINITION	LTL2-C6-F045	medium	understanding	multiple_choice	study_and_test	cap_direct	Punishment differs from reinforcement because punishment is intended to	increase a desired behavior	reduce an unwanted behavior	create a neutral stimulus	reveal a blind spot	B	Punishment is intended to reduce behavior.	1	It may suppress an unwanted action, but it does not automatically teach the desired replacement behavior.	Reinforcement is intended to increase behavior.	Punishment aims to make a behavior less likely.	Neutral stimulus belongs to classical conditioning.	Blind spots belong to the Johari window.	Assuming punishment and negative reinforcement are the same.	Reinforcement grows behavior; punishment shrinks it.	Punishment points behavior down.	medium	down_arrow	optional_after_answer	ltl2_c6_punishment_definition_045	An unwanted behavior arrow decreasing after a consequence.	Punishment points behavior down.	An unwanted behavior arrow decreasing after a consequence.	Learn to Lead Volume 2, Chapter 6 — Conditioning & Reinforcement	92	approved_source	draft	LTL2-C6-PE-Q041|LTL2-C6-PE-Q042|LTL2-C6-PE-Q043	40	6	high	moderate	true	1.0	existing_original_bank	pre_sample_bank_review
LTL2-C6-PE-Q046	Chapter 6 E	C6-O23	LTL2-C6-PUNISHMENT_LIMIT	LTL2-C6-F046	hard	analysis	multiple_choice	study_and_test	cap_direct	What is a major limitation of punishment as a leadership tool?	It always rewards the wrong behavior.	It may teach what to avoid without teaching what to do instead.	It always increases trust.	It cannot affect behavior at all.	B	Punishment may stop behavior without teaching the replacement.	1	Constructive leaders explain standards, coach the correct action, and use discipline carefully.	Punishment is not necessarily a reward.	A leader must still teach and reinforce the correct behavior.	Punishment can damage trust if misused.	Punishment can suppress behavior, though often imperfectly.	Treating suppression as complete learning.	Ask: After stopping the wrong action, does the cadet know the right one?	Stop wrong, then teach right.	high	road_detour	optional_after_answer	ltl2_c6_punishment_limit_046	A blocked wrong path with a clearly taught correct path beside it.	Stop wrong, then teach right.	A blocked wrong path with a clearly taught correct path beside it.	Learn to Lead Volume 2, Chapter 6 — Conditioning & Reinforcement	92	approved_source	draft	LTL2-C6-PE-Q041|LTL2-C6-PE-Q042|LTL2-C6-PE-Q043	50	6	high	moderate	true	1.0	existing_original_bank	pre_sample_bank_review
LTL2-C6-PE-Q047	Chapter 6 E	C6-O24	LTL2-C6-EXTINCTION	LTL2-C6-F047	medium	application	multiple_choice	study_and_test	scenario	A cadet’s attention-seeking interruptions gradually stop after the leader consistently stops rewarding them with laughter or attention. This process is	extinction	positive reinforcement	classical conditioning	displacement	A	Extinction occurs when reinforcement is removed and behavior fades.	1	Leaders should identify what consequence may be unintentionally maintaining a behavior.	Behavior can fade when the reinforcement that maintained it is removed.	No desirable consequence is being added.	This is not pairing a neutral stimulus with a reflex.	Displacement is a defense mechanism.	Thinking extinction means punishment was applied.	Ask whether the behavior lost its payoff.	No payoff; behavior fades.	medium	fading_signal	optional_after_answer	ltl2_c6_extinction_047	A behavior signal fading as attention is removed.	No payoff; behavior fades.	A behavior signal fading as attention is removed.	Learn to Lead Volume 2, Chapter 6 — Conditioning & Reinforcement	92	approved_source	draft	LTL2-C6-PE-Q041|LTL2-C6-PE-Q042|LTL2-C6-PE-Q043	45	6	low	basic	false	0	existing_original_bank	pre_sample_bank_review
LTL2-C6-PE-Q048	Chapter 6 E	C6-O21-24	LTL2-C6-REINFORCEMENT_COMPARISON	LTL2-C6-F048	hard	analysis	multiple_choice	study_and_test	cap_direct	Which pairing is correct?	Positive reinforcement—remove an unpleasant stimulus; Negative reinforcement—add a reward	Positive reinforcement—add a consequence to increase behavior; Negative reinforcement—remove a consequence to increase behavior	Punishment—increase behavior; Extinction—add a reward	Negative reinforcement—reduce behavior; Punishment—increase behavior	B	Positive adds and negative removes, but both reinforcement types strengthen behavior.	1	The words positive and negative refer to adding and removing, not good and bad.	The definitions are reversed.	Both are reinforcement because both increase behavior; positive adds and negative removes.	Punishment reduces behavior and extinction removes reinforcement.	Negative reinforcement increases behavior; punishment reduces it.	Using everyday meanings of positive and negative.	First ask increase or decrease; then ask add or remove.	Reinforce = rise; + adds, − removes.	high	four_quadrant_behavior	optional_after_answer	ltl2_c6_reinforcement_comparison_048	A grid showing add/remove versus increase/decrease behavior.	Reinforce = rise; + adds, − removes.	A grid showing add/remove versus increase/decrease behavior.	Learn to Lead Volume 2, Chapter 6 — Conditioning & Reinforcement	92	approved_source	draft	LTL2-C6-PE-Q041|LTL2-C6-PE-Q042|LTL2-C6-PE-Q043	55	6	high	moderate	true	1.0	existing_original_bank	pre_sample_bank_review
LTL2-C6-PE-Q049	Chapter 6 E	C6-O20-24	LTL2-C6-CONDITIONING_LEADER_ETHICS	LTL2-C6-F049	hard	scenario	multiple_choice	study_and_test	analysis	A leader gives praise only when cadets flatter him personally, and withholds recognition from honest dissenters. What is the strongest concern?	The leader is using reinforcement to shape loyalty to himself rather than mission and values.	The leader is using extinction correctly.	The leader is applying the Johari window.	The leader is satisfying physiological needs.	A	Behavioral tools must serve the mission and Core Values, not the leader’s ego.	1	Leaders influence behavior continually; ethical leadership requires rewarding the right conduct, including respectful honesty.	Behavioral tools can be misused to reward unhealthy conformity.	The concern is ethical misuse, not technically correct extinction.	The Johari window concerns self-knowledge.	No bodily need is involved.	Assuming a technique is ethical merely because it changes behavior.	Ask whose interests the reinforcement serves.	Shape character, not flattery.	high	compass_reward	optional_after_answer	ltl2_c6_conditioning_leader_ethics_049	A reward arrow guided by a compass labeled Mission and Values.	Shape character, not flattery.	A reward arrow guided by a compass labeled Mission and Values.	Learn to Lead Volume 2, Chapter 6 — Conditioning & Reinforcement	91–92	approved_source	draft	LTL2-C6-PE-Q041|LTL2-C6-PE-Q042|LTL2-C6-PE-Q043	55	6	low	basic	false	0	existing_original_bank	pre_sample_bank_review
LTL2-C6-PF-Q050	Chapter 6 F	C6-O25	LTL2-C6-AUTHORITY_DEFINITION	LTL2-C6-F050	easy	recall	multiple_choice	study_and_test	cap_direct	Authority is best described as	a person’s private opinion	the right to direct or command	the desire to receive praise	a defense against anxiety	B	Authority is the recognized right to direct or command.	1	It may come from a legitimate role, but it does not make every order moral or wise.	An opinion does not create authority.	Authority is the recognized right to direct, decide, or command.	Desire for praise concerns motivation.	Defense mechanisms protect the ego from distress.	Confusing authority with influence in general.	Authority answers: Who has the right to direct?	Authority = right to direct.	medium	badge_arrow	optional_after_answer	ltl2_c6_authority_definition_050	A role badge connected to a clear direction arrow.	Authority = right to direct.	A role badge connected to a clear direction arrow.	Learn to Lead Volume 2, Chapter 6 — Authority & Milgram	93–95	approved_source	draft	LTL2-C6-PF-Q051|LTL2-C6-PF-Q052|LTL2-C6-PF-Q053	35	6	high	moderate	true	1.0	existing_original_bank	pre_sample_bank_review
LTL2-C6-PF-Q051	Chapter 6 F	C6-O26	LTL2-C6-MILGRAM_SETUP	LTL2-C6-F051	medium	recall	multiple_choice	study_and_test	cap_direct	In Milgram’s experiment, participants believed they were	giving increasingly severe electric shocks for wrong answers	receiving rewards for leadership decisions	observing dogs respond to a bell	measuring personality preferences	A	Participants believed authority required them to shock another person.	1	The apparatus was fake, but the participants thought the learner was suffering.	Participants acted as 'teachers' and believed the shocks were real.	The experiment was not about rewards.	That describes Pavlov’s experiment.	That describes MBTI.	Remembering the conclusion but not the experiment.	Teacher, learner, researcher—and a fake shock machine.	Authority said continue; conscience heard pain.	medium	shock_setup	optional_after_answer	ltl2_c6_milgram_setup_051	A teacher, researcher, learner, and fake shock panel in a simple diagram.	Authority said continue; conscience heard pain.	A teacher, researcher, learner, and fake shock panel in a simple diagram.	Learn to Lead Volume 2, Chapter 6 — Authority & Milgram	93–95	approved_source	draft	LTL2-C6-PF-Q050|LTL2-C6-PF-Q052|LTL2-C6-PF-Q053	45	6	high	moderate	true	1.0	existing_original_bank	pre_sample_bank_review
LTL2-C6-PF-Q052	Chapter 6 F	C6-O27	LTL2-C6-MILGRAM_LESSON	LTL2-C6-F052	hard	understanding	multiple_choice	study_and_test	cap_direct	What was the central warning from the Milgram experiment?	People always reject harmful orders.	Ordinary people may obey authority even when doing so conflicts with conscience.	Punishment never changes behavior.	Charisma is necessary for obedience.	B	Authority can pressure ordinary people to act against conscience.	1	The result warns leaders and followers to think morally rather than treating obedience as an excuse.	Many participants continued despite distress.	The experiment showed the powerful pressure of authority.	The experiment was not mainly about punishment theory.	The researcher’s charisma was not the key variable.	Assuming only cruel people comply with harmful authority.	Focus on the conflict between authority and personal responsibility.	Rank does not replace conscience.	high	authority_conscience_scale	optional_after_answer	ltl2_c6_milgram_lesson_052	A scale balancing an authority figure against a conscience symbol.	Rank does not replace conscience.	A scale balancing an authority figure against a conscience symbol.	Learn to Lead Volume 2, Chapter 6 — Authority & Milgram	93–95	approved_source	draft	LTL2-C6-PF-Q050|LTL2-C6-PF-Q051|LTL2-C6-PF-Q053	55	6	high	moderate	true	1.0	existing_original_bank	pre_sample_bank_review
LTL2-C6-PF-Q053	Chapter 6 F	C6-O28	LTL2-C6-MILGRAM_LEADER_WARNING	LTL2-C6-F053	hard	application	multiple_choice	study_and_test	scenario	An officer orders a cadet to falsify a safety record. Which Chapter 6 lesson is most relevant?	Obedience removes personal responsibility.	Authority must be evaluated against morality and Core Values.	The order should be followed because it came from a superior.	The cadet should use denial to avoid conflict.	B	Authority does not cancel moral responsibility.	1	Cadets should respect legitimate authority while refusing dishonest or unsafe conduct and seeking appropriate help.	Milgram warns against surrendering responsibility to authority.	Leaders and followers remain morally responsible.	A superior’s position does not make an unethical order right.	Denial would avoid reality rather than solve the problem.	Treating obedience as absolute.	Ask whether the order is lawful, ethical, and consistent with values.	Obey rank—never abandon right.	high	stop_order	optional_after_answer	ltl2_c6_milgram_leader_warning_053	A command arrow stopped by an ethics shield.	Obey rank—never abandon right.	A command arrow stopped by an ethics shield.	Learn to Lead Volume 2, Chapter 6 — Authority & Milgram	93–95	approved_source	draft	LTL2-C6-PF-Q050|LTL2-C6-PF-Q051|LTL2-C6-PF-Q052	55	6	low	basic	false	0	existing_original_bank	pre_sample_bank_review
LTL2-C6-PF-Q054	Chapter 6 F	C6-O28	LTL2-C6-RESPONSIBLE_FOLLOWER	LTL2-C6-F054	hard	analysis	multiple_choice	study_and_test	cap_direct	Which response best represents a responsible follower?	Obey every order without question.	Reject all authority to protect independence.	Respect authority while retaining moral judgment and accountability.	Follow only orders that are personally convenient.	C	Responsible followers respect authority without surrendering conscience.	1	Military discipline and personal accountability must work together.	Blind obedience is the danger highlighted by Milgram.	Rejecting all authority makes organized teamwork impossible.	Responsible followership combines respect with conscience.	Convenience is not an ethical standard.	Seeing only two choices: blind obedience or rebellion.	Look for disciplined obedience with moral limits.	Respect the chain; keep the compass.	high	chain_compass	optional_after_answer	ltl2_c6_responsible_follower_054	A chain of command beside an ethical compass.	Respect the chain; keep the compass.	A chain of command beside an ethical compass.	Learn to Lead Volume 2, Chapter 6 — Authority & Milgram	93–95	approved_source	draft	LTL2-C6-PF-Q050|LTL2-C6-PF-Q051|LTL2-C6-PF-Q052	50	6	high	moderate	true	1.0	existing_original_bank	pre_sample_bank_review
LTL2-C6-PF-Q055	Chapter 6 F	C6-O27	LTL2-C6-MILGRAM_PRESSURE	LTL2-C6-F055	medium	analysis	multiple_choice	study_and_test	cap_direct	Why did many Milgram participants continue even when they appeared uncomfortable?	They believed the learner enjoyed the shocks.	The authority figure repeatedly insisted the experiment required continuation.	They knew the machine was fake.	They received promotions for obeying.	B	Repeated pressure from legitimate-seeming authority encouraged obedience.	1	The experiment shows how situational pressure can overpower values unless people deliberately pause and judge.	The learner protested and appeared to suffer.	The researcher’s calm authority created pressure to continue.	Participants generally believed the shocks were real.	Promotions were not part of the experiment.	Assuming behavior always reveals true personal approval.	Separate inner discomfort from outward compliance.	Pressure can move action without changing belief.	medium	pressure_arrows	optional_after_answer	ltl2_c6_milgram_pressure_055	Repeated command arrows pushing a hesitant participant forward.	Pressure can move action without changing belief.	Repeated command arrows pushing a hesitant participant forward.	Learn to Lead Volume 2, Chapter 6 — Authority & Milgram	93–95	approved_source	draft	LTL2-C6-PF-Q050|LTL2-C6-PF-Q051|LTL2-C6-PF-Q052	45	6	high	moderate	true	1.0	existing_original_bank	pre_sample_bank_review
LTL2-C6-PF-Q056	Chapter 6 F	C6-O25-28	LTL2-C6-LEADER_USE_AUTHORITY	LTL2-C6-F056	medium	scenario	multiple_choice	study_and_test	application	A cadet NCO explains the reason for an order, invites safety concerns, and remains open to correction. Why is this better than relying only on rank?	It weakens all authority.	It combines legitimate direction with judgment, trust, and responsibility.	It guarantees unanimous agreement.	It removes the need for standards.	B	Good leaders use authority without demanding blind obedience.	1	Trust grows when leaders explain purpose, welcome relevant concerns, and remain accountable.	Explaining and listening can strengthen legitimate authority.	Good authority is disciplined by mission, ethics, and communication.	Agreement is not guaranteed.	Standards remain necessary.	Thinking authority is strongest when nobody can question it.	Distinguish confidence from infallibility.	Strong authority can still listen.	medium	open_command	optional_after_answer	ltl2_c6_leader_use_authority_056	A leader giving direction while an open feedback channel remains visible.	Strong authority can still listen.	A leader giving direction while an open feedback channel remains visible.	Learn to Lead Volume 2, Chapter 6 — Authority & Milgram	93–95	approved_source	draft	LTL2-C6-PF-Q050|LTL2-C6-PF-Q051|LTL2-C6-PF-Q052	50	6	low	basic	false	0	existing_original_bank	pre_sample_bank_review
LTL2-C6-PG-Q057	Chapter 6 G	C6-O29	LTL2-C6-DEFENSE_MECHANISM_DEFINITION	LTL2-C6-F057	easy	recall	multiple_choice	study_and_test	cap_direct	A defense mechanism is	a safety procedure for protecting equipment	an unconscious way the ego protects itself from anxiety or unpleasant truth	a formal method of conflict mediation	a type of reward power	B	Defense mechanisms protect the ego from distress, often by avoiding reality.	1	They can be natural but become harmful when they prevent honest self-awareness and problem solving.	This is physical safety, not psychology.	Defense mechanisms reduce psychological discomfort, often by distorting or avoiding reality.	Mediation is a deliberate conflict process.	Reward power is a leadership power type.	Taking the word defense literally as physical protection.	Ask what is being protected: the person’s self-image.	Defense protects the ego, not the truth.	medium	shield_mirror	optional_after_answer	ltl2_c6_defense_mechanism_definition_057	A shield blocking a mirror from showing an uncomfortable truth.	Defense protects the ego, not the truth.	A shield blocking a mirror from showing an uncomfortable truth.	Learn to Lead Volume 2, Chapter 6 — Defense Mechanisms	96–98	approved_source	draft	LTL2-C6-PG-Q058|LTL2-C6-PG-Q059|LTL2-C6-PG-Q060	40	6	high	moderate	true	1.0	existing_original_bank	pre_sample_bank_review
LTL2-C6-PG-Q058	Chapter 6 G	C6-O30-31	LTL2-C6-DENIAL	LTL2-C6-F058	medium	application	multiple_choice	study_and_test	scenario	A cadet repeatedly fails inspections but insists, “There is no problem; everyone else is just unfair.” This most clearly illustrates	denial	displacement	suppression	compromise	A	Denial refuses to accept an unpleasant reality.	1	The cadet protects self-image by rejecting evidence instead of addressing performance.	Denial refuses to accept an unpleasant reality.	Displacement redirects emotion toward a safer target.	Suppression deliberately sets a thought aside.	Compromise is a conflict-management approach.	Confusing denial with disagreement based on evidence.	Ask whether the person is refusing to recognize the problem itself.	Denial says, 'Problem? What problem?'	medium	covered_mirror	optional_after_answer	ltl2_c6_denial_058	A person covering a mirror that shows repeated inspection failures.	Denial says, 'Problem? What problem?'	A person covering a mirror that shows repeated inspection failures.	Learn to Lead Volume 2, Chapter 6 — Defense Mechanisms	96–98	approved_source	draft	LTL2-C6-PG-Q057|LTL2-C6-PG-Q059|LTL2-C6-PG-Q060	45	6	low	basic	false	0	existing_original_bank	pre_sample_bank_review
LTL2-C6-PG-Q059	Chapter 6 G	C6-O31	LTL2-C6-DISPLACEMENT	LTL2-C6-F059	medium	application	multiple_choice	study_and_test	scenario	After being corrected by an officer, a cadet is afraid to respond to the officer and instead angrily insults a younger cadet. This is	displacement	denial	rationalization	self-disclosure	A	Displacement redirects emotion toward a safer target.	1	The anger belongs to one situation but is released against someone less threatening.	Displacement redirects emotion from the real source to a safer target.	The cadet is not denying that correction occurred.	Rationalization creates a self-protective explanation.	Self-disclosure is sharing information.	Calling any angry response displacement.	Identify the true source and the substitute target.	Wrong target, same emotion.	medium	redirected_arrow	optional_after_answer	ltl2_c6_displacement_059	An anger arrow diverted from an officer toward a junior cadet.	Wrong target, same emotion.	An anger arrow diverted from an officer toward a junior cadet.	Learn to Lead Volume 2, Chapter 6 — Defense Mechanisms	96–98	approved_source	draft	LTL2-C6-PG-Q057|LTL2-C6-PG-Q058|LTL2-C6-PG-Q060	45	6	low	basic	false	0	existing_original_bank	pre_sample_bank_review
LTL2-C6-PG-Q060	Chapter 6 G	C6-O31	LTL2-C6-RATIONALIZATION	LTL2-C6-F060	medium	application	multiple_choice	study_and_test	scenario	A cadet does not study, fails an exam, and says, “The test was pointless anyway.” This is most likely	rationalization	extinction	introversion	mediation	A	Rationalization uses a convenient explanation to protect the ego.	1	The explanation may contain some truth, but it avoids facing the cadet’s lack of preparation.	Rationalization creates an excuse that protects self-image.	Extinction concerns behavior fading after reinforcement ends.	Introversion is an MBTI energy preference.	Mediation helps resolve conflict.	Assuming every explanation is rationalization.	Ask whether the explanation honestly addresses the person’s role.	Excuse after the fact = rationalize.	medium	excuse_mask	optional_after_answer	ltl2_c6_rationalization_060	A failed score covered by a mask labeled 'The test was pointless.'	Excuse after the fact = rationalize.	A failed score covered by a mask labeled 'The test was pointless.'	Learn to Lead Volume 2, Chapter 6 — Defense Mechanisms	96–98	approved_source	draft	LTL2-C6-PG-Q057|LTL2-C6-PG-Q058|LTL2-C6-PG-Q059	45	6	low	basic	false	0	existing_original_bank	pre_sample_bank_review
LTL2-C6-PG-Q061	Chapter 6 G	C6-O31	LTL2-C6-SUPPRESSION_WITHDRAWAL	LTL2-C6-F061	hard	analysis	multiple_choice	study_and_test	cap_direct	Which pairing is most accurate?	Suppression—unconsciously denying reality; Withdrawal—redirecting anger	Suppression—deliberately setting a troubling thought aside; Withdrawal—retreating from the situation	Suppression—blaming others; Withdrawal—seeking feedback	Suppression—adding a reward; Withdrawal—removing a punishment	B	Suppression postpones a thought; withdrawal retreats from the problem.	1	Both can offer temporary relief, but neither should become a permanent substitute for facing reality.	Denial and displacement are being confused with the terms.	This distinguishes conscious postponement from retreat.	Blaming and feedback are different processes.	Those are behavioral-conditioning terms.	Confusing suppression with unconscious repression or denial.	Suppression shelves the thought; withdrawal leaves the room.	Shelve versus step away.	high	shelf_exit	optional_after_answer	ltl2_c6_suppression_withdrawal_061	A thought placed on a shelf beside a person walking away from a problem.	Shelve versus step away.	A thought placed on a shelf beside a person walking away from a problem.	Learn to Lead Volume 2, Chapter 6 — Defense Mechanisms	96–98	approved_source	draft	LTL2-C6-PG-Q057|LTL2-C6-PG-Q058|LTL2-C6-PG-Q059	50	6	high	moderate	true	1.0	existing_original_bank	pre_sample_bank_review
LTL2-C6-PG-Q062	Chapter 6 G	C6-O32	LTL2-C6-LEADER_DEFENSIVENESS	LTL2-C6-F062	hard	scenario	multiple_choice	study_and_test	application	A leader receives criticism and immediately attacks the critic’s motives. What is the best corrective first step?	Use rank to end the discussion.	Pause, monitor the defensive reaction, and examine the feedback.	Gossip about the critic.	Pretend the criticism was never made.	B	Leaders should notice defensiveness before reacting.	1	Defense mechanisms become dangerous when they block feedback and make leaders protect ego instead of mission.	Rank does not make the feedback disappear.	Deliberate self-awareness creates space for an honest response.	Gossip worsens conflict.	Pretending is denial.	Believing the first emotional reaction must be acted upon.	Pause before deciding whether the criticism is fair.	Defend the mission, not the ego.	high	pause_mirror	optional_after_answer	ltl2_c6_leader_defensiveness_062	A pause symbol between criticism and a leader looking honestly in a mirror.	Defend the mission, not the ego.	A pause symbol between criticism and a leader looking honestly in a mirror.	Learn to Lead Volume 2, Chapter 6 — Defense Mechanisms	96–99	approved_source	draft	LTL2-C6-PG-Q057|LTL2-C6-PG-Q058|LTL2-C6-PG-Q059	50	6	low	basic	false	0	existing_original_bank	pre_sample_bank_review
LTL2-C6-PH-Q063	Chapter 6 H	C6-O33	LTL2-C6-CONFLICT_DEFINITION	LTL2-C6-F063	easy	recall	multiple_choice	study_and_test	cap_direct	Conflict is best defined as	any difference of opinion	a disagreement in which people perceive a threat to needs, interests, or concerns	a formal violation of regulations	a personality difference that cannot be managed	B	Conflict involves disagreement plus a perceived threat.	1	Emotions and perceptions often make conflict more intense than a simple difference of ideas.	A disagreement becomes conflict when people perceive something important is threatened.	This matches the chapter’s definition.	Some conflicts involve no formal violation.	Personality conflict is difficult but manageable.	Calling every disagreement a conflict.	Ask whether someone feels a need, interest, or concern is threatened.	Difference + threat = conflict.	medium	threat_overlap	optional_after_answer	ltl2_c6_conflict_definition_063	Two viewpoints overlapping around a threatened need.	Difference + threat = conflict.	Two viewpoints overlapping around a threatened need.	Learn to Lead Volume 2, Chapter 6 — Conflict Management	98–99	approved_source	draft	LTL2-C6-PH-Q064|LTL2-C6-PH-Q065|LTL2-C6-PH-Q066	40	6	high	moderate	true	1.0	existing_original_bank	pre_sample_bank_review
LTL2-C6-PH-Q064	Chapter 6 H	C6-O34	LTL2-C6-KNEE_JERK_DELIBERATE	LTL2-C6-F064	medium	understanding	multiple_choice	study_and_test	cap_direct	Which behavior is characteristic of a deliberate leader rather than a knee-jerk leader?	Reacting emotionally to bad news	Making snap judgments	Stepping back, remaining calm, and considering ideas carefully	Relying on rank to settle every dispute	C	Deliberate leaders pause, think, and act intentionally.	1	They manage their own reactions before trying to manage other people.	This is listed as a knee-jerk reaction.	Snap judgments are knee-jerk behavior.	Deliberate leaders pause and think professionally.	Overreliance on rank is a knee-jerk approach.	Equating fast action with decisive leadership in every case.	Deliberate does not mean slow; it means thoughtful.	Pause is part of professionalism.	medium	pause_path	optional_after_answer	ltl2_c6_knee_jerk_deliberate_064	A fork from emotional reaction to a pause-and-think path.	Pause is part of professionalism.	A fork from emotional reaction to a pause-and-think path.	Learn to Lead Volume 2, Chapter 6 — Conflict Management	98–99	approved_source	draft	LTL2-C6-PH-Q063|LTL2-C6-PH-Q065|LTL2-C6-PH-Q066	45	6	low	basic	false	0	existing_original_bank	pre_sample_bank_review
LTL2-C6-PH-Q065	Chapter 6 H	C6-O35	LTL2-C6-LEADER_CONFLICT_DUTY	LTL2-C6-F065	hard	analysis	multiple_choice	study_and_test	cap_direct	Why do leaders have a duty to manage conflict?	Conflict always disappears if ignored.	Unmanaged conflict can damage people, teamwork, safety, and mission accomplishment.	Only leaders are allowed to disagree.	Managing conflict guarantees everyone will become friends.	B	Leaders must address conflict because it can damage the team and mission.	1	Leadership responsibility includes recognizing serious problems early rather than waiting for public failure.	Ignored conflict often grows.	Leaders are responsible for the team and mission environment.	Team members may disagree constructively.	The goal may be workable behavior, not friendship.	Thinking neutrality means doing nothing.	Ask what happens to the mission if destructive conflict continues.	Conflict ignored becomes conflict enlarged.	high	small_fire	optional_after_answer	ltl2_c6_leader_conflict_duty_065	A small conflict spark growing into a team fire when ignored.	Conflict ignored becomes conflict enlarged.	A small conflict spark growing into a team fire when ignored.	Learn to Lead Volume 2, Chapter 6 — Conflict Management	99–100	approved_source	draft	LTL2-C6-PH-Q063|LTL2-C6-PH-Q064|LTL2-C6-PH-Q066	50	6	high	moderate	true	1.0	existing_original_bank	pre_sample_bank_review
LTL2-C6-PH-Q066	Chapter 6 H	C6-O36	LTL2-C6-FIVE_CONFLICT_APPROACHES	LTL2-C6-F066	hard	recall	multiple_choice	study_and_test	cap_direct	Which list contains the five basic approaches to conflict described in the chapter?	Avoidance, accommodation, compromise, competition, collaboration	Punishment, extinction, reward, denial, mediation	Thinking, feeling, sensing, intuition, judging	Forming, storming, norming, performing, directing	A	The five approaches are avoid, accommodate, compromise, compete, and collaborate.	1	Each approach may be useful in different circumstances; collaboration is not always practical and avoidance is not always cowardly.	These are the five conflict approaches.	This mixes conditioning, defense, and mediation terms.	These are MBTI preferences.	These are team-life-cycle terms plus a leadership function.	Remembering only 'good' approaches and rejecting the others.	Use the five A-C-C-C-A words.	Avoid—Accommodate—Compromise—Compete—Collaborate.	high	five_paths	optional_after_answer	ltl2_c6_five_conflict_approaches_066	Five paths labeled with the conflict approaches.	Avoid—Accommodate—Compromise—Compete—Collaborate.	Five paths labeled with the conflict approaches.	Learn to Lead Volume 2, Chapter 6 — Conflict Management	100–102	approved_source	draft	LTL2-C6-PH-Q063|LTL2-C6-PH-Q064|LTL2-C6-PH-Q065	55	6	low	basic	false	0	existing_original_bank	pre_sample_bank_review
LTL2-C6-PH-Q067	Chapter 6 H	C6-O36	LTL2-C6-CONFLICT_APPROACH_CHOICE	LTL2-C6-F067	hard	scenario	multiple_choice	study_and_test	application	Two cadets have a minor disagreement about a detail that does not affect safety or mission, and time is extremely limited. Which approach may be most reasonable?	Lengthy collaboration over every interest	Avoidance or brief accommodation	Immediate punishment	Public competition for authority	B	Conflict approaches should match the stakes, time, and relationship.	1	Good judgment means choosing the method that solves the real problem without spending more than the issue is worth.	Collaboration may cost more time than the issue deserves.	For a low-stakes issue, not every disagreement requires a full process.	Disagreement alone is not misconduct.	Public power struggles usually worsen conflict.	Assuming collaboration is always the only ethical choice.	Ask how important the issue is and how much time is available.	Match the method to the moment.	high	stakes_clock	optional_after_answer	ltl2_c6_conflict_approach_choice_067	A scale comparing issue importance with available time.	Match the method to the moment.	A scale comparing issue importance with available time.	Learn to Lead Volume 2, Chapter 6 — Conflict Management	100–102	approved_source	draft	LTL2-C6-PH-Q063|LTL2-C6-PH-Q064|LTL2-C6-PH-Q065	55	6	low	basic	false	0	existing_original_bank	pre_sample_bank_review
LTL2-C6-PH-Q068	Chapter 6 H	C6-O37	LTL2-C6-MEDIATION_PROCESS	LTL2-C6-F068	hard	application	multiple_choice	study_and_test	scenario	During mediation, what should the leader normally do before pushing for a solution?	Allow each person to explain without interruption and summarize the professional issues	Announce who is wrong before hearing both sides	Require an immediate handshake before discussion	Focus on rumors about each person’s character	A	Fair mediation begins with listening, clarifying, and summarizing.	1	Only after understanding both accounts should the mediator guide concessions and seek a workable consensus.	Listening and summarizing establish a shared understanding of the conflict.	Premature judgment undermines fairness.	A handshake belongs at the conclusion, not the beginning.	Mediation should focus on relevant behavior and professional issues.	Rushing to a solution before defining the problem.	First hear; then summarize; then solve.	Hear both before building one solution.	high	mediation_steps	optional_after_answer	ltl2_c6_mediation_process_068	A sequence: Hear A, Hear B, Summarize, Options, Consensus, Handshake.	Hear both before building one solution.	A sequence: Hear A, Hear B, Summarize, Options, Consensus, Handshake.	Learn to Lead Volume 2, Chapter 6 — Conflict Management	101–102	approved_source	draft	LTL2-C6-PH-Q063|LTL2-C6-PH-Q064|LTL2-C6-PH-Q065	60	6	low	basic	false	0	existing_original_bank	pre_sample_bank_review
LTL2-C6-PH-Q069	Chapter 6 H	C6-O37	LTL2-C6-MEDIATION_CONSENSUS	LTL2-C6-F069	medium	understanding	multiple_choice	study_and_test	cap_direct	In the chapter’s mediation process, consensus means	one person wins completely	general agreement everyone can live with	the mediator avoids making any recommendation	both people must become close friends	B	Consensus is a workable agreement everyone can live with.	1	It may require concessions and does not mean every person receives everything desired.	Consensus is not total victory for one side.	It is a workable agreement broadly acceptable to those involved.	The mediator may guide and persuade toward fairness.	Professional cooperation, not friendship, is the goal.	Confusing consensus with unanimity or complete satisfaction.	Think acceptable, not perfect.	Consensus = livable agreement.	medium	overlap_agreement	optional_after_answer	ltl2_c6_mediation_consensus_069	Two circles overlapping in an area labeled Workable Agreement.	Consensus = livable agreement.	Two circles overlapping in an area labeled Workable Agreement.	Learn to Lead Volume 2, Chapter 6 — Conflict Management	101–102	approved_source	draft	LTL2-C6-PH-Q063|LTL2-C6-PH-Q064|LTL2-C6-PH-Q065	45	6	high	moderate	true	1.0	existing_original_bank	pre_sample_bank_review
LTL2-C6-PI-Q070	Chapter 6 I	C6-O38	LTL2-C6-DIVERSITY_DEFINITION	LTL2-C6-F070	easy	recall	multiple_choice	study_and_test	cap_direct	Diversity refers to	differences among people within a group or society	a requirement that everyone think alike	a conflict-management technique	a personality test score	A	Diversity means the variety of differences among people.	1	Respect turns difference into strength; prejudice and discrimination can turn it into division.	Diversity includes differences in background, experience, identity, and perspective.	Sameness is the opposite of diversity.	Conflict management is a separate topic.	MBTI describes preferences, not diversity as a whole.	Reducing diversity to only one demographic trait.	Think many kinds of difference within one team.	Different people, one mission.	medium	mosaic_team	optional_after_answer	ltl2_c6_diversity_definition_070	A mosaic made of different pieces forming one CAP team symbol.	Different people, one mission.	A mosaic made of different pieces forming one CAP team symbol.	Learn to Lead Volume 2, Chapter 6 — Diversity, Prejudice & Leadership	103–106	approved_source	draft	LTL2-C6-PI-Q071|LTL2-C6-PI-Q072|LTL2-C6-PI-Q073	40	6	high	moderate	true	1.0	existing_original_bank	pre_sample_bank_review
LTL2-C6-PI-Q071	Chapter 6 I	C6-O39	LTL2-C6-DIVERSITY_STRENGTH	LTL2-C6-F071	medium	understanding	multiple_choice	study_and_test	cap_direct	Why does the chapter call diversity a strength for the military and CAP?	Different backgrounds can expand talent, perspective, and capability.	Diversity eliminates all conflict.	A diverse team no longer needs standards.	Only demographic differences determine performance.	A	Diversity can widen a team’s talent and perspective.	1	An inclusive organization can draw on more of the population and solve problems with a broader range of experience.	A broader range of experiences and abilities can strengthen the mission.	Difference can also create misunderstanding if poorly led.	Common standards remain essential.	Performance depends on many factors, not demographics alone.	Treating diversity as either automatically perfect or automatically divisive.	Look for the mission benefit without unrealistic guarantees.	More perspectives, more tools.	medium	toolkit_people	optional_after_answer	ltl2_c6_diversity_strength_071	A diverse group contributing different tools to one mission.	More perspectives, more tools.	A diverse group contributing different tools to one mission.	Learn to Lead Volume 2, Chapter 6 — Diversity, Prejudice & Leadership	103–104	approved_source	draft	LTL2-C6-PI-Q070|LTL2-C6-PI-Q072|LTL2-C6-PI-Q073	45	6	low	basic	false	0	existing_original_bank	pre_sample_bank_review
LTL2-C6-PI-Q072	Chapter 6 I	C6-O42-43	LTL2-C6-INCREASING_DIVERSITY	LTL2-C6-F072	medium	analysis	multiple_choice	study_and_test	cap_direct	What is a likely leadership implication of America’s increasing diversity?	Leaders will need stronger skills in respect, inclusion, and understanding different perspectives.	Leaders should use one communication approach for everyone.	Core Values will become less important.	Teams should avoid discussing differences.	A	Growing diversity increases the need for inclusive leadership.	1	Leaders must build common purpose while understanding and respecting a wider range of people.	Changing demographics make inclusive people skills more important.	One-size-fits-all leadership becomes less effective.	Core Values provide a common foundation across differences.	Silence does not prevent prejudice or misunderstanding.	Thinking inclusion means lowering common standards.	Separate common mission from varied backgrounds.	Common values; varied voices.	medium	bridge_many	optional_after_answer	ltl2_c6_increasing_diversity_072	Many different people crossing one bridge labeled Core Values.	Common values; varied voices.	Many different people crossing one bridge labeled Core Values.	Learn to Lead Volume 2, Chapter 6 — Diversity, Prejudice & Leadership	104	approved_source	draft	LTL2-C6-PI-Q070|LTL2-C6-PI-Q071|LTL2-C6-PI-Q073	50	6	high	moderate	true	1.0	existing_original_bank	pre_sample_bank_review
LTL2-C6-PI-Q073	Chapter 6 I	C6-O44	LTL2-C6-PREJUDICE_DEFINITION	LTL2-C6-F073	medium	recall	multiple_choice	study_and_test	cap_direct	Prejudice is best defined as	pre-judging a person or group without sufficient knowledge	disagreeing with a teammate’s idea	enforcing a fair standard	mediating a conflict	A	Prejudice means judging before knowing.	1	It substitutes assumptions about a group for evidence about an individual.	Prejudice means forming a judgment in advance, often based on group identity.	Ideas may be judged on evidence without prejudice toward the person.	Fair standards are not prejudice when applied properly.	Mediation is a conflict-resolution process.	Calling every negative judgment prejudice.	Ask whether the judgment came before real knowledge.	Prejudice = pre-judge.	medium	stamp_before_file	optional_after_answer	ltl2_c6_prejudice_definition_073	A judgment stamp hitting a closed, unread personnel file.	Prejudice = pre-judge.	A judgment stamp hitting a closed, unread personnel file.	Learn to Lead Volume 2, Chapter 6 — Diversity, Prejudice & Leadership	105–106	approved_source	draft	LTL2-C6-PI-Q070|LTL2-C6-PI-Q071|LTL2-C6-PI-Q072	45	6	high	moderate	true	1.0	existing_original_bank	pre_sample_bank_review
LTL2-C6-PI-Q074	Chapter 6 I	C6-O45-46	LTL2-C6-HARASSMENT_RETALIATION	LTL2-C6-F074	hard	analysis	multiple_choice	study_and_test	cap_direct	Which pairing is correct?	Harassment—unwelcome conduct that creates a hostile environment; Retaliation—revenge against someone who reports or opposes discrimination	Harassment—any correction by a leader; Retaliation—constructive feedback	Harassment—private prejudice only; Retaliation—mediation	Harassment—disagreement; Retaliation—compromise	A	Harassment is hostile conduct; retaliation punishes someone for speaking up.	1	Leaders must prevent both the original mistreatment and revenge against those who object or report it.	This matches the chapter’s distinction.	Legitimate correction and feedback are not automatically harassment or retaliation.	Harassment involves conduct, and retaliation is revenge for protected opposition or reporting.	Ordinary disagreement and compromise are different concepts.	Thinking retaliation means any negative consequence after a complaint.	Look for revenge connected to opposing discrimination or harassment.	Harass harms; retaliate punishes the reporter.	high	shield_reporter	optional_after_answer	ltl2_c6_harassment_retaliation_074	A shield protecting a person who reports mistreatment.	Harass harms; retaliate punishes the reporter.	A shield protecting a person who reports mistreatment.	Learn to Lead Volume 2, Chapter 6 — Diversity, Prejudice & Leadership	105–106	approved_source	draft	LTL2-C6-PI-Q070|LTL2-C6-PI-Q071|LTL2-C6-PI-Q072	55	6	high	moderate	true	1.0	existing_original_bank	pre_sample_bank_review
LTL2-C6-PI-Q075	Chapter 6 I	C6-O47-48	LTL2-C6-LEADER_FIGHT_HATE	LTL2-C6-F075	hard	scenario	multiple_choice	study_and_test	application	A cadet leader hears repeated degrading jokes about a teammate’s background. What is the best response?	Stay silent unless the target complains.	Interrupt the behavior, reinforce standards, support the target, and involve appropriate leaders.	Join the joking to avoid conflict.	Privately decide the jokes are wrong but take no action.	B	Leaders must actively create an atmosphere of dignity and respect.	1	Fighting prejudice requires speaking up, supporting affected people, educating the team, and using proper reporting channels.	Leaders can be responsible for failing to act.	This combines immediate intervention, support, standards, and proper escalation.	Participation violates respect and worsens the harm.	Private disapproval without action does not protect the team.	Believing neutrality is enough when harm is occurring.	Ask what protects both the person and the team climate.	Silence gives hate space.	high	speak_up_shield	optional_after_answer	ltl2_c6_leader_fight_hate_075	A leader stepping between degrading words and a teammate, with a respect shield.	Silence gives hate space.	A leader stepping between degrading words and a teammate, with a respect shield.	Learn to Lead Volume 2, Chapter 6 — Diversity, Prejudice & Leadership	105–106	approved_source	draft	LTL2-C6-PI-Q070|LTL2-C6-PI-Q071|LTL2-C6-PI-Q072	55	6	low	basic	false	0	existing_original_bank	pre_sample_bank_review
LTL2-C6-Q076	C6-Expansion	C6-O02	LTL2-C6-NATURE_DEFINITION	LTL2-C6-NATURE_DEFINITION	medium	recall	multiple_choice	both	direct_definition	In the nature-versus-nurture discussion, nature refers mainly to	inborn qualities	family expectations	school experiences	leadership training	A	Nature refers to inherited or inborn influences on personality.	1	Nature refers to inherited or inborn influences on personality. B is incorrect because family expectations are environmental influences. C is incorrect because school experiences are part of nurture.	Correct. Nature refers to inherited or inborn influences on personality.	Family expectations are environmental influences.	School experiences are part of nurture.	Training is also an environmental influence.	Choosing a related term because it sounds plausible without matching the exact definition or situation.	Review the distinction behind this item: Nature refers to inherited or inborn influences on personality. Then compare each option to the exact wording of the chapter.	Nature = born with it.	medium	comparison_card	optional_after_answer	ltl2_c6_nature_definition_076	Create a simple, uncluttered study visual for the concept: Nature refers to inherited or inborn influences on personality. Emphasize the distinction tested by the answer choices.	Nature = born with it.	A study visual illustrating: Nature refers to inherited or inborn influences on personality.	Learn to Lead, Volume 2, Chapter 6	76	source_approved	draft	LTL2-C6-PA-Q002	35	6	high	moderate	true	1.0	original_textbook_grounded	Mitchell_sample_style_analysis
LTL2-C6-Q077	C6-Expansion	C6-O04	LTL2-C6-TABULA_RASA	LTL2-C6-TABULA_RASA	medium	recall	multiple_choice	both	direct_definition	Tabula rasa means	a blank slate	a fixed personality	an inherited talent	a hidden motive	A	The phrase describes the idea that a person begins without built-in knowledge.	1	The phrase describes the idea that a person begins without built-in knowledge. B is incorrect because a blank slate is the opposite of a fully fixed personality. C is incorrect because inherited talent belongs to nature, not the blank-slate idea.	Correct. The phrase describes the idea that a person begins without built-in knowledge.	A blank slate is the opposite of a fully fixed personality.	Inherited talent belongs to nature, not the blank-slate idea.	A hidden motive is unrelated.	Choosing a related term because it sounds plausible without matching the exact definition or situation.	Review the distinction behind this item: The phrase describes the idea that a person begins without built-in knowledge. Then compare each option to the exact wording of the chapter.	Tabula rasa = blank slate.	medium	comparison_card	optional_after_answer	ltl2_c6_tabula_rasa_077	Create a simple, uncluttered study visual for the concept: The phrase describes the idea that a person begins without built-in knowledge. Emphasize the distinction tested by the answer choices.	Tabula rasa = blank slate.	A study visual illustrating: The phrase describes the idea that a person begins without built-in knowledge.	Learn to Lead, Volume 2, Chapter 6	76	source_approved	draft	LTL2-C6-PA-Q004|LTL2-C6-PA-Q005	35	6	high	moderate	true	1.0	original_textbook_grounded	Mitchell_sample_style_analysis
LTL2-C6-Q078	C6-Expansion	C6-O05	LTL2-C6-BIRTH_ORDER_GROUPS	LTL2-C6-BIRTH_ORDER_GROUPS	medium	recall	multiple_choice	both	negative_stem	Birth-order theory commonly distinguishes all of the following EXCEPT	firstborn children	youngest children	only children	second children as a separate universal type	D	The theory typically discusses firstborn, middle, youngest, and only children.	1	The theory typically discusses firstborn, middle, youngest, and only children. A is incorrect because firstborn is a standard category. B is incorrect because youngest is a standard category.	Firstborn is a standard category.	Youngest is a standard category.	Only child is a standard category.	Correct. The theory typically discusses firstborn, middle, youngest, and only children.	Choosing a related term because it sounds plausible without matching the exact definition or situation.	Review the distinction behind this item: The theory typically discusses firstborn, middle, youngest, and only children. Then compare each option to the exact wording of the chapter.	Birth order groups: first, middle, youngest, only.	medium	comparison_card	optional_after_answer	ltl2_c6_birth_order_groups_078	Create a simple, uncluttered study visual for the concept: The theory typically discusses firstborn, middle, youngest, and only children. Emphasize the distinction tested by the answer choices.	Birth order groups: first, middle, youngest, only.	A study visual illustrating: The theory typically discusses firstborn, middle, youngest, and only children.	Learn to Lead, Volume 2, Chapter 6	78-79	source_approved	draft	LTL2-C6-PA-Q006|LTL2-C6-PA-Q007	35	6	high	close	true	1.0	original_textbook_grounded	Mitchell_sample_style_analysis
LTL2-C6-Q079	C6-Expansion	C6-O08	LTL2-C6-CHARISMA_DEFINITION	LTL2-C6-CHARISMA_DEFINITION	medium	recall	multiple_choice	both	direct_definition	Charisma is best described as	a formal rank that requires obedience	a magnetic personal quality that attracts followers	a personality test result	the ability to avoid conflict	B	Charisma is a compelling personal quality that can attract and influence others.	1	Charisma is a compelling personal quality that can attract and influence others. A is incorrect because rank is positional authority, not charisma. C is incorrect because a test may describe traits but does not create charisma.	Rank is positional authority, not charisma.	Correct. Charisma is a compelling personal quality that can attract and influence others.	A test may describe traits but does not create charisma.	Conflict avoidance is not the definition.	Choosing a related term because it sounds plausible without matching the exact definition or situation.	Review the distinction behind this item: Charisma is a compelling personal quality that can attract and influence others. Then compare each option to the exact wording of the chapter.	Charisma pulls people toward you.	medium	comparison_card	optional_after_answer	ltl2_c6_charisma_definition_079	Create a simple, uncluttered study visual for the concept: Charisma is a compelling personal quality that can attract and influence others. Emphasize the distinction tested by the answer choices.	Charisma pulls people toward you.	A study visual illustrating: Charisma is a compelling personal quality that can attract and influence others.	Learn to Lead, Volume 2, Chapter 6	80	source_approved	draft	LTL2-C6-PB-Q013|LTL2-C6-PB-Q014	35	6	high	moderate	true	1.0	original_textbook_grounded	Mitchell_sample_style_analysis
LTL2-C6-Q080	C6-Expansion	C6-O10	LTL2-C6-JOHARI_HIDDEN	LTL2-C6-JOHARI_HIDDEN	medium	recall	multiple_choice	both	close_distinction	In the Johari Window, information known to you but not known to others is in the	open area	blind area	hidden area	unknown area	C	The hidden area contains what a person knows but has not revealed to others.	1	The hidden area contains what a person knows but has not revealed to others. A is incorrect because the open area is known to self and others. B is incorrect because the blind area is known to others but not self.	The open area is known to self and others.	The blind area is known to others but not self.	Correct. The hidden area contains what a person knows but has not revealed to others.	The unknown area is known to neither.	Choosing a related term because it sounds plausible without matching the exact definition or situation.	Review the distinction behind this item: The hidden area contains what a person knows but has not revealed to others. Then compare each option to the exact wording of the chapter.	Hidden = I know; you do not.	high	comparison_card	optional_after_answer	ltl2_c6_johari_hidden_080	Create a simple, uncluttered study visual for the concept: The hidden area contains what a person knows but has not revealed to others. Emphasize the distinction tested by the answer choices.	Hidden = I know; you do not.	A study visual illustrating: The hidden area contains what a person knows but has not revealed to others.	Learn to Lead, Volume 2, Chapter 6	82-83	source_approved	draft	LTL2-C6-PB-Q017|LTL2-C6-PB-Q018	35	6	high	close	true	1.0	original_textbook_grounded	Mitchell_sample_style_analysis
LTL2-C6-Q081	C6-Expansion	C6-O10	LTL2-C6-SELF_DISCLOSURE	LTL2-C6-SELF_DISCLOSURE	medium	recall	multiple_choice	both	direct_definition	The process of telling others something about yourself that they did not know is called	feedback	self-disclosure	projection	team building	B	Self-disclosure moves information from the hidden area toward the open area.	1	Self-disclosure moves information from the hidden area toward the open area. A is incorrect because feedback tells a person what others observe about them. C is incorrect because projection falsely attributes one’s own feelings to another.	Feedback tells a person what others observe about them.	Correct. Self-disclosure moves information from the hidden area toward the open area.	Projection falsely attributes one’s own feelings to another.	Self-disclosure can support team building, but they are not identical.	Choosing a related term because it sounds plausible without matching the exact definition or situation.	Review the distinction behind this item: Self-disclosure moves information from the hidden area toward the open area. Then compare each option to the exact wording of the chapter.	Disclosure opens the hidden window.	medium	comparison_card	optional_after_answer	ltl2_c6_self_disclosure_081	Create a simple, uncluttered study visual for the concept: Self-disclosure moves information from the hidden area toward the open area. Emphasize the distinction tested by the answer choices.	Disclosure opens the hidden window.	A study visual illustrating: Self-disclosure moves information from the hidden area toward the open area.	Learn to Lead, Volume 2, Chapter 6	82	source_approved	draft	LTL2-C6-PB-Q017|LTL2-C6-PB-Q018	35	6	high	moderate	true	1.0	original_textbook_grounded	Mitchell_sample_style_analysis
LTL2-C6-Q082	C6-Expansion	C6-O12	LTL2-C6-MBTI_SENSING_INTUITION	LTL2-C6-MBTI_SENSING_INTUITION	medium	recall	multiple_choice	both	close_distinction	Which MBTI dimension contrasts attention to concrete facts with attention to patterns and possibilities?	Thinking–Feeling	Judging–Perceiving	Sensing–Intuition	Extroversion–Introversion	C	Sensing and intuition describe different ways of taking in information.	1	Sensing and intuition describe different ways of taking in information. A is incorrect because thinking–Feeling concerns decision preferences. B is incorrect because judging–Perceiving concerns lifestyle and structure preferences.	Thinking–Feeling concerns decision preferences.	Judging–Perceiving concerns lifestyle and structure preferences.	Correct. Sensing and intuition describe different ways of taking in information.	Extroversion–Introversion concerns where people direct and restore energy.	Choosing a related term because it sounds plausible without matching the exact definition or situation.	Review the distinction behind this item: Sensing and intuition describe different ways of taking in information. Then compare each option to the exact wording of the chapter.	Sensing sees facts; intuition sees patterns.	high	comparison_card	optional_after_answer	ltl2_c6_mbti_sensing_intuition_082	Create a simple, uncluttered study visual for the concept: Sensing and intuition describe different ways of taking in information. Emphasize the distinction tested by the answer choices.	Sensing sees facts; intuition sees patterns.	A study visual illustrating: Sensing and intuition describe different ways of taking in information.	Learn to Lead, Volume 2, Chapter 6	85	source_approved	draft	LTL2-C6-PC-Q022|LTL2-C6-PC-Q023	35	6	high	close	true	1.0	original_textbook_grounded	Mitchell_sample_style_analysis
LTL2-C6-Q083	C6-Expansion	C6-O12	LTL2-C6-MBTI_THINKING_FEELING	LTL2-C6-MBTI_THINKING_FEELING	medium	recall	multiple_choice	both	close_distinction	Which MBTI dimension contrasts decisions based mainly on logic with decisions based mainly on people and values?	Sensing–Intuition	Thinking–Feeling	Judging–Perceiving	Extroversion–Introversion	B	Thinking and feeling are contrasting decision-making preferences.	1	Thinking and feeling are contrasting decision-making preferences. A is incorrect because sensing–Intuition concerns information gathering. C is incorrect because judging–Perceiving concerns structure and flexibility.	Sensing–Intuition concerns information gathering.	Correct. Thinking and feeling are contrasting decision-making preferences.	Judging–Perceiving concerns structure and flexibility.	Extroversion–Introversion concerns energy orientation.	Choosing a related term because it sounds plausible without matching the exact definition or situation.	Review the distinction behind this item: Thinking and feeling are contrasting decision-making preferences. Then compare each option to the exact wording of the chapter.	Thinking weighs logic; feeling weighs people.	high	comparison_card	optional_after_answer	ltl2_c6_mbti_thinking_feeling_083	Create a simple, uncluttered study visual for the concept: Thinking and feeling are contrasting decision-making preferences. Emphasize the distinction tested by the answer choices.	Thinking weighs logic; feeling weighs people.	A study visual illustrating: Thinking and feeling are contrasting decision-making preferences.	Learn to Lead, Volume 2, Chapter 6	85-86	source_approved	draft	LTL2-C6-PC-Q022|LTL2-C6-PC-Q023	35	6	high	close	true	1.0	original_textbook_grounded	Mitchell_sample_style_analysis
LTL2-C6-Q084	C6-Expansion	C6-O12	LTL2-C6-MBTI_PURPOSE	LTL2-C6-MBTI_PURPOSE	medium	recall	multiple_choice	both	direct_definition	The MBTI is intended primarily to	measure intelligence	predict success	describe personality preferences	identify moral character	C	The MBTI describes different personality preferences rather than ability or character.	1	The MBTI describes different personality preferences rather than ability or character. A is incorrect because it is not an intelligence test. B is incorrect because it does not guarantee success.	It is not an intelligence test.	It does not guarantee success.	Correct. The MBTI describes different personality preferences rather than ability or character.	It does not measure morality.	Choosing a related term because it sounds plausible without matching the exact definition or situation.	Review the distinction behind this item: The MBTI describes different personality preferences rather than ability or character. Then compare each option to the exact wording of the chapter.	MBTI describes preferences, not worth.	medium	comparison_card	optional_after_answer	ltl2_c6_mbti_purpose_084	Create a simple, uncluttered study visual for the concept: The MBTI describes different personality preferences rather than ability or character. Emphasize the distinction tested by the answer choices.	MBTI describes preferences, not worth.	A study visual illustrating: The MBTI describes different personality preferences rather than ability or character.	Learn to Lead, Volume 2, Chapter 6	84	source_approved	draft	LTL2-C6-PC-Q022|LTL2-C6-PC-Q023	35	6	high	moderate	true	1.0	original_textbook_grounded	Mitchell_sample_style_analysis
LTL2-C6-Q085	C6-Expansion	C6-O14	LTL2-C6-MASLOW_SAFETY	LTL2-C6-MASLOW_SAFETY	medium	recall	multiple_choice	both	direct_definition	Maslow’s need for freedom from fear, danger, and uncertainty is the need for	belonging	safety	esteem	self-actualization	B	Safety needs include security and freedom from fear or danger.	1	Safety needs include security and freedom from fear or danger. A is incorrect because belonging concerns relationships and acceptance. C is incorrect because esteem concerns respect and achievement.	Belonging concerns relationships and acceptance.	Correct. Safety needs include security and freedom from fear or danger.	Esteem concerns respect and achievement.	Self-actualization concerns reaching potential.	Choosing a related term because it sounds plausible without matching the exact definition or situation.	Review the distinction behind this item: Safety needs include security and freedom from fear or danger. Then compare each option to the exact wording of the chapter.	Safety = secure from harm.	medium	comparison_card	optional_after_answer	ltl2_c6_maslow_safety_085	Create a simple, uncluttered study visual for the concept: Safety needs include security and freedom from fear or danger. Emphasize the distinction tested by the answer choices.	Safety = secure from harm.	A study visual illustrating: Safety needs include security and freedom from fear or danger.	Learn to Lead, Volume 2, Chapter 6	89	source_approved	draft	LTL2-C6-PD-Q032|LTL2-C6-PD-Q034	35	6	high	moderate	true	1.0	original_textbook_grounded	Mitchell_sample_style_analysis
LTL2-C6-Q086	C6-Expansion	C6-O14	LTL2-C6-MASLOW_SELF_ACTUALIZATION	LTL2-C6-MASLOW_SELF_ACTUALIZATION	medium	recall	multiple_choice	both	direct_definition	“What a person can be, that person must be” refers to	esteem	belonging	self-actualization	physiological needs	C	Self-actualization is the drive to fulfill one’s capabilities.	1	Self-actualization is the drive to fulfill one’s capabilities. A is incorrect because esteem concerns respect and competence. B is incorrect because belonging concerns social connection.	Esteem concerns respect and competence.	Belonging concerns social connection.	Correct. Self-actualization is the drive to fulfill one’s capabilities.	Physiological needs concern basic survival.	Choosing a related term because it sounds plausible without matching the exact definition or situation.	Review the distinction behind this item: Self-actualization is the drive to fulfill one’s capabilities. Then compare each option to the exact wording of the chapter.	Self-actualization = become your potential.	medium	comparison_card	optional_after_answer	ltl2_c6_maslow_self_actualization_086	Create a simple, uncluttered study visual for the concept: Self-actualization is the drive to fulfill one’s capabilities. Emphasize the distinction tested by the answer choices.	Self-actualization = become your potential.	A study visual illustrating: Self-actualization is the drive to fulfill one’s capabilities.	Learn to Lead, Volume 2, Chapter 6	90	source_approved	draft	LTL2-C6-PD-Q032|LTL2-C6-PD-Q034	35	6	high	moderate	true	1.0	original_textbook_grounded	Mitchell_sample_style_analysis
LTL2-C6-Q087	C6-Expansion	C6-O14-16	LTL2-C6-MASLOW_SEQUENCE	LTL2-C6-MASLOW_SEQUENCE	medium	recall	multiple_choice	both	list_or_sequence	Which sequence correctly orders Maslow’s needs from lowest to highest?	Physiological, safety, belonging, esteem, self-actualization	Safety, physiological, esteem, belonging, self-actualization	Physiological, belonging, safety, self-actualization, esteem	Belonging, physiological, safety, esteem, self-actualization	A	Maslow’s hierarchy rises from physiological needs through safety, belonging, esteem, and self-actualization.	1	Maslow’s hierarchy rises from physiological needs through safety, belonging, esteem, and self-actualization. B is incorrect because physiological needs come before safety, and belonging before esteem. C is incorrect because safety comes before belonging, and esteem before self-actualization.	Correct. Maslow’s hierarchy rises from physiological needs through safety, belonging, esteem, and self-actualization.	Physiological needs come before safety, and belonging before esteem.	Safety comes before belonging, and esteem before self-actualization.	Physiological needs begin the hierarchy.	Choosing a related term because it sounds plausible without matching the exact definition or situation.	Review the distinction behind this item: Maslow’s hierarchy rises from physiological needs through safety, belonging, esteem, and self-actualization. Then compare each option to the exact wording of the chapter.	Body, safety, belonging, esteem, becoming.	high	comparison_card	optional_after_answer	ltl2_c6_maslow_sequence_087	Create a simple, uncluttered study visual for the concept: Maslow’s hierarchy rises from physiological needs through safety, belonging, esteem, and self-actualization. Emphasize the distinction tested by the answer choices.	Body, safety, belonging, esteem, becoming.	A study visual illustrating: Maslow’s hierarchy rises from physiological needs through safety, belonging, esteem, and self-actualization.	Learn to Lead, Volume 2, Chapter 6	88-90	source_approved	draft	LTL2-C6-PD-Q035|LTL2-C6-PD-Q036	35	6	high	close	true	1.0	original_textbook_grounded	Mitchell_sample_style_analysis
LTL2-C6-Q088	C6-Expansion	C6-O23	LTL2-C6-NEGATIVE_REINFORCEMENT	LTL2-C6-NEGATIVE_REINFORCEMENT	medium	recall	multiple_choice	both	close_distinction	Removing an unpleasant condition to encourage a desired behavior is	punishment	positive reinforcement	negative reinforcement	extinction	C	Negative reinforcement strengthens behavior by removing something unpleasant.	1	Negative reinforcement strengthens behavior by removing something unpleasant. A is incorrect because punishment aims to decrease behavior. B is incorrect because positive reinforcement adds a desirable consequence.	Punishment aims to decrease behavior.	Positive reinforcement adds a desirable consequence.	Correct. Negative reinforcement strengthens behavior by removing something unpleasant.	Extinction removes reinforcement so behavior weakens.	Choosing a related term because it sounds plausible without matching the exact definition or situation.	Review the distinction behind this item: Negative reinforcement strengthens behavior by removing something unpleasant. Then compare each option to the exact wording of the chapter.	Negative removes; reinforcement increases.	high	comparison_card	optional_after_answer	ltl2_c6_negative_reinforcement_088	Create a simple, uncluttered study visual for the concept: Negative reinforcement strengthens behavior by removing something unpleasant. Emphasize the distinction tested by the answer choices.	Negative removes; reinforcement increases.	A study visual illustrating: Negative reinforcement strengthens behavior by removing something unpleasant.	Learn to Lead, Volume 2, Chapter 6	92	source_approved	draft	LTL2-C6-PE-Q045|LTL2-C6-PE-Q046	35	6	high	close	true	1.0	original_textbook_grounded	Mitchell_sample_style_analysis
LTL2-C6-Q089	C6-Expansion	C6-O23	LTL2-C6-POSITIVE_REINFORCEMENT	LTL2-C6-POSITIVE_REINFORCEMENT	medium	recall	multiple_choice	both	brief_application	Giving praise after good performance is an example of	positive reinforcement	negative reinforcement	punishment	suppression	A	Praise adds a desirable response to encourage repeated performance.	1	Praise adds a desirable response to encourage repeated performance. B is incorrect because negative reinforcement removes an unpleasant condition. C is incorrect because punishment discourages behavior.	Correct. Praise adds a desirable response to encourage repeated performance.	Negative reinforcement removes an unpleasant condition.	Punishment discourages behavior.	Suppression is a defense mechanism.	Choosing a related term because it sounds plausible without matching the exact definition or situation.	Review the distinction behind this item: Praise adds a desirable response to encourage repeated performance. Then compare each option to the exact wording of the chapter.	Positive adds something good.	medium	comparison_card	optional_after_answer	ltl2_c6_positive_reinforcement_089	Create a simple, uncluttered study visual for the concept: Praise adds a desirable response to encourage repeated performance. Emphasize the distinction tested by the answer choices.	Positive adds something good.	A study visual illustrating: Praise adds a desirable response to encourage repeated performance.	Learn to Lead, Volume 2, Chapter 6	92	source_approved	draft	LTL2-C6-PE-Q045|LTL2-C6-PE-Q046	35	6	high	moderate	true	1.0	original_textbook_grounded	Mitchell_sample_style_analysis
LTL2-C6-Q090	C6-Expansion	C6-O27	LTL2-C6-HAWTHORNE_ATTENTION	LTL2-C6-HAWTHORNE_ATTENTION	medium	recall	multiple_choice	both	direct_definition	The main lesson of the Hawthorne studies is that people often perform better when leaders	change the lighting	pay attention to them	increase punishment	reduce all supervision	B	The studies highlighted the motivational effect of leaders showing interest in people.	1	The studies highlighted the motivational effect of leaders showing interest in people. A is incorrect because lighting changes were part of the setting, not the enduring lesson. C is incorrect because punishment was not the key finding.	Lighting changes were part of the setting, not the enduring lesson.	Correct. The studies highlighted the motivational effect of leaders showing interest in people.	Punishment was not the key finding.	The lesson is attention, not abandonment.	Choosing a related term because it sounds plausible without matching the exact definition or situation.	Review the distinction behind this item: The studies highlighted the motivational effect of leaders showing interest in people. Then compare each option to the exact wording of the chapter.	Attention can improve effort.	medium	comparison_card	optional_after_answer	ltl2_c6_hawthorne_attention_090	Create a simple, uncluttered study visual for the concept: The studies highlighted the motivational effect of leaders showing interest in people. Emphasize the distinction tested by the answer choices.	Attention can improve effort.	A study visual illustrating: The studies highlighted the motivational effect of leaders showing interest in people.	Learn to Lead, Volume 2, Chapter 6	90	source_approved	draft	LTL2-C6-PF-Q052|LTL2-C6-PF-Q055	35	6	high	moderate	true	1.0	original_textbook_grounded	Mitchell_sample_style_analysis
LTL2-C6-Q091	C6-Expansion	C6-O28	LTL2-C6-MILGRAM_AUTHORITY	LTL2-C6-MILGRAM_AUTHORITY	medium	recall	multiple_choice	both	direct_definition	Milgram’s experiment showed that __________ can be a powerful motivator.	obedience to authority	peer friendship	financial reward	creative freedom	A	Participants’ obedience demonstrated the powerful influence of perceived authority.	1	Participants’ obedience demonstrated the powerful influence of perceived authority. B is incorrect because peer friendship was not the central variable. C is incorrect because financial reward was not the central lesson.	Correct. Participants’ obedience demonstrated the powerful influence of perceived authority.	Peer friendship was not the central variable.	Financial reward was not the central lesson.	Creative freedom does not explain the behavior.	Choosing a related term because it sounds plausible without matching the exact definition or situation.	Review the distinction behind this item: Participants’ obedience demonstrated the powerful influence of perceived authority. Then compare each option to the exact wording of the chapter.	Authority strongly influences behavior.	medium	comparison_card	optional_after_answer	ltl2_c6_milgram_authority_091	Create a simple, uncluttered study visual for the concept: Participants’ obedience demonstrated the powerful influence of perceived authority. Emphasize the distinction tested by the answer choices.	Authority strongly influences behavior.	A study visual illustrating: Participants’ obedience demonstrated the powerful influence of perceived authority.	Learn to Lead, Volume 2, Chapter 6	93-95	source_approved	draft	LTL2-C6-PF-Q053|LTL2-C6-PF-Q054	35	6	high	moderate	true	1.0	original_textbook_grounded	Mitchell_sample_style_analysis
LTL2-C6-Q092	C6-Expansion	C6-O28	LTL2-C6-LEADER_AUTHORITY_RESPONSIBILITY	LTL2-C6-LEADER_AUTHORITY_RESPONSIBILITY	medium	recall	multiple_choice	both	brief_application	Because authority can strongly influence followers, leaders	bear responsibility for how their authority affects others	cannot be blamed for a follower’s actions	should avoid issuing any orders	may ignore unethical obedience	A	Leaders must consider how their authority shapes followers’ choices.	1	Leaders must consider how their authority shapes followers’ choices. B is incorrect because the chapter emphasizes leaders’ responsibility, not immunity. C is incorrect because leadership still requires direction and lawful orders.	Correct. Leaders must consider how their authority shapes followers’ choices.	The chapter emphasizes leaders’ responsibility, not immunity.	Leadership still requires direction and lawful orders.	Ethical consequences cannot be ignored.	Choosing a related term because it sounds plausible without matching the exact definition or situation.	Review the distinction behind this item: Leaders must consider how their authority shapes followers’ choices. Then compare each option to the exact wording of the chapter.	Power over people brings responsibility.	medium	comparison_card	optional_after_answer	ltl2_c6_leader_authority_responsibility_092	Create a simple, uncluttered study visual for the concept: Leaders must consider how their authority shapes followers’ choices. Emphasize the distinction tested by the answer choices.	Power over people brings responsibility.	A study visual illustrating: Leaders must consider how their authority shapes followers’ choices.	Learn to Lead, Volume 2, Chapter 6	95	source_approved	draft	LTL2-C6-PF-Q053|LTL2-C6-PF-Q054	35	6	high	moderate	true	1.0	original_textbook_grounded	Mitchell_sample_style_analysis
LTL2-C6-Q093	C6-Expansion	C6-O31	LTL2-C6-DEFENSE_MECHANISMS	LTL2-C6-DEFENSE_MECHANISMS	medium	recall	multiple_choice	both	direct_definition	Behaviors used to deal with anxiety, stress, or pressure are called	defense mechanisms	reinforcements	personality dimensions	conflict styles	A	Defense mechanisms are psychological responses used to manage uncomfortable feelings.	1	Defense mechanisms are psychological responses used to manage uncomfortable feelings. B is incorrect because reinforcement changes behavior through consequences. C is incorrect because personality dimensions describe preferences.	Correct. Defense mechanisms are psychological responses used to manage uncomfortable feelings.	Reinforcement changes behavior through consequences.	Personality dimensions describe preferences.	Conflict styles describe approaches to disagreement.	Choosing a related term because it sounds plausible without matching the exact definition or situation.	Review the distinction behind this item: Defense mechanisms are psychological responses used to manage uncomfortable feelings. Then compare each option to the exact wording of the chapter.	Defense mechanisms protect the mind.	medium	comparison_card	optional_after_answer	ltl2_c6_defense_mechanisms_093	Create a simple, uncluttered study visual for the concept: Defense mechanisms are psychological responses used to manage uncomfortable feelings. Emphasize the distinction tested by the answer choices.	Defense mechanisms protect the mind.	A study visual illustrating: Defense mechanisms are psychological responses used to manage uncomfortable feelings.	Learn to Lead, Volume 2, Chapter 6	96	source_approved	draft	LTL2-C6-PG-Q059|LTL2-C6-PG-Q060	35	6	high	moderate	true	1.0	original_textbook_grounded	Mitchell_sample_style_analysis
LTL2-C6-Q094	C6-Expansion	C6-O31	LTL2-C6-PROJECTION	LTL2-C6-PROJECTION	medium	recall	multiple_choice	both	close_distinction	Falsely attributing your own unacceptable feelings to someone else is	rationalization	projection	suppression	withdrawal	B	Projection assigns one’s own thoughts or feelings to another person.	1	Projection assigns one’s own thoughts or feelings to another person. A is incorrect because rationalization invents a reasonable-sounding excuse. C is incorrect because suppression deliberately sets a thought aside.	Rationalization invents a reasonable-sounding excuse.	Correct. Projection assigns one’s own thoughts or feelings to another person.	Suppression deliberately sets a thought aside.	Withdrawal avoids the situation.	Choosing a related term because it sounds plausible without matching the exact definition or situation.	Review the distinction behind this item: Projection assigns one’s own thoughts or feelings to another person. Then compare each option to the exact wording of the chapter.	Projection puts my feeling on you.	high	comparison_card	optional_after_answer	ltl2_c6_projection_094	Create a simple, uncluttered study visual for the concept: Projection assigns one’s own thoughts or feelings to another person. Emphasize the distinction tested by the answer choices.	Projection puts my feeling on you.	A study visual illustrating: Projection assigns one’s own thoughts or feelings to another person.	Learn to Lead, Volume 2, Chapter 6	97	source_approved	draft	LTL2-C6-PG-Q059|LTL2-C6-PG-Q060	35	6	high	close	true	1.0	original_textbook_grounded	Mitchell_sample_style_analysis
LTL2-C6-Q095	C6-Expansion	C6-O31	LTL2-C6-SUPPRESSION	LTL2-C6-SUPPRESSION	medium	recall	multiple_choice	both	close_distinction	Knowing you have a problem but refusing to think about it is	denial	suppression	projection	intellectualization	B	Suppression consciously pushes a known issue out of attention.	1	Suppression consciously pushes a known issue out of attention. A is incorrect because denial refuses to accept that the problem exists. C is incorrect because projection assigns one’s feelings to someone else.	Denial refuses to accept that the problem exists.	Correct. Suppression consciously pushes a known issue out of attention.	Projection assigns one’s feelings to someone else.	Intellectualization focuses on abstract analysis to avoid emotion.	Choosing a related term because it sounds plausible without matching the exact definition or situation.	Review the distinction behind this item: Suppression consciously pushes a known issue out of attention. Then compare each option to the exact wording of the chapter.	Suppression: I know, but set it aside.	high	comparison_card	optional_after_answer	ltl2_c6_suppression_095	Create a simple, uncluttered study visual for the concept: Suppression consciously pushes a known issue out of attention. Emphasize the distinction tested by the answer choices.	Suppression: I know, but set it aside.	A study visual illustrating: Suppression consciously pushes a known issue out of attention.	Learn to Lead, Volume 2, Chapter 6	98	source_approved	draft	LTL2-C6-PG-Q059|LTL2-C6-PG-Q060	35	6	high	close	true	1.0	original_textbook_grounded	Mitchell_sample_style_analysis
LTL2-C6-Q096	C6-Expansion	C6-O31	LTL2-C6-RATIONALIZATION	LTL2-C6-RATIONALIZATION	medium	recall	multiple_choice	both	brief_application	A leader invents a respectable-sounding explanation for a selfish decision. This is	rationalization	mediation	self-disclosure	extinction	A	Rationalization disguises a less acceptable motive with a plausible explanation.	1	Rationalization disguises a less acceptable motive with a plausible explanation. B is incorrect because mediation helps parties resolve conflict. C is incorrect because self-disclosure reveals personal information.	Correct. Rationalization disguises a less acceptable motive with a plausible explanation.	Mediation helps parties resolve conflict.	Self-disclosure reveals personal information.	Extinction weakens behavior by removing reinforcement.	Choosing a related term because it sounds plausible without matching the exact definition or situation.	Review the distinction behind this item: Rationalization disguises a less acceptable motive with a plausible explanation. Then compare each option to the exact wording of the chapter.	Rationalization makes an excuse sound reasonable.	medium	comparison_card	optional_after_answer	ltl2_c6_rationalization_096	Create a simple, uncluttered study visual for the concept: Rationalization disguises a less acceptable motive with a plausible explanation. Emphasize the distinction tested by the answer choices.	Rationalization makes an excuse sound reasonable.	A study visual illustrating: Rationalization disguises a less acceptable motive with a plausible explanation.	Learn to Lead, Volume 2, Chapter 6	97	source_approved	draft	LTL2-C6-PG-Q059|LTL2-C6-PG-Q060	35	6	high	moderate	true	1.0	original_textbook_grounded	Mitchell_sample_style_analysis
LTL2-C6-Q097	C6-Expansion	C6-O36	LTL2-C6-CHANGE_BEHAVIOR	LTL2-C6-CHANGE_BEHAVIOR	medium	recall	multiple_choice	both	close_distinction	In conflict management, leaders should focus primarily on changing people’s	values	feelings	behavior	personalities	C	Leaders can require appropriate behavior even when feelings or values differ.	1	Leaders can require appropriate behavior even when feelings or values differ. A is incorrect because trying to change deeply held values is usually unrealistic and intrusive. B is incorrect because feelings may not change immediately.	Trying to change deeply held values is usually unrealistic and intrusive.	Feelings may not change immediately.	Correct. Leaders can require appropriate behavior even when feelings or values differ.	Personality is not the immediate target of conflict management.	Choosing a related term because it sounds plausible without matching the exact definition or situation.	Review the distinction behind this item: Leaders can require appropriate behavior even when feelings or values differ. Then compare each option to the exact wording of the chapter.	Manage behavior, not identity.	high	comparison_card	optional_after_answer	ltl2_c6_change_behavior_097	Create a simple, uncluttered study visual for the concept: Leaders can require appropriate behavior even when feelings or values differ. Emphasize the distinction tested by the answer choices.	Manage behavior, not identity.	A study visual illustrating: Leaders can require appropriate behavior even when feelings or values differ.	Learn to Lead, Volume 2, Chapter 6	101	source_approved	draft	LTL2-C6-PH-Q066|LTL2-C6-PH-Q067	35	6	high	close	true	1.0	original_textbook_grounded	Mitchell_sample_style_analysis
LTL2-C6-Q098	C6-Expansion	C6-O37	LTL2-C6-COMPROMISE	LTL2-C6-COMPROMISE	medium	recall	multiple_choice	both	direct_definition	When each side gives up something to reach an agreement, the method is	mediation	compromise	zero-sum competition	retaliation	B	Compromise reaches agreement through mutual concessions.	1	Compromise reaches agreement through mutual concessions. A is incorrect because mediation uses a neutral third party. C is incorrect because a zero-sum approach treats one side’s gain as the other’s loss.	Mediation uses a neutral third party.	Correct. Compromise reaches agreement through mutual concessions.	A zero-sum approach treats one side’s gain as the other’s loss.	Retaliation is revenge, not conflict resolution.	Choosing a related term because it sounds plausible without matching the exact definition or situation.	Review the distinction behind this item: Compromise reaches agreement through mutual concessions. Then compare each option to the exact wording of the chapter.	Compromise: both give some.	medium	comparison_card	optional_after_answer	ltl2_c6_compromise_098	Create a simple, uncluttered study visual for the concept: Compromise reaches agreement through mutual concessions. Emphasize the distinction tested by the answer choices.	Compromise: both give some.	A study visual illustrating: Compromise reaches agreement through mutual concessions.	Learn to Lead, Volume 2, Chapter 6	102	source_approved	draft	LTL2-C6-PH-Q068|LTL2-C6-PH-Q069	35	6	high	moderate	true	1.0	original_textbook_grounded	Mitchell_sample_style_analysis
LTL2-C6-Q099	C6-Expansion	C6-O37	LTL2-C6-MEDIATION	LTL2-C6-MEDIATION	medium	recall	multiple_choice	both	direct_definition	When a neutral third party helps two sides resolve a dispute, the process is	concession	mediation	withdrawal	groupthink	B	Mediation uses an impartial person to assist the parties in reaching resolution.	1	Mediation uses an impartial person to assist the parties in reaching resolution. A is incorrect because a concession is a benefit yielded by one party. C is incorrect because withdrawal avoids the conflict.	A concession is a benefit yielded by one party.	Correct. Mediation uses an impartial person to assist the parties in reaching resolution.	Withdrawal avoids the conflict.	Groupthink discourages independent judgment.	Choosing a related term because it sounds plausible without matching the exact definition or situation.	Review the distinction behind this item: Mediation uses an impartial person to assist the parties in reaching resolution. Then compare each option to the exact wording of the chapter.	Mediator = neutral helper.	medium	comparison_card	optional_after_answer	ltl2_c6_mediation_099	Create a simple, uncluttered study visual for the concept: Mediation uses an impartial person to assist the parties in reaching resolution. Emphasize the distinction tested by the answer choices.	Mediator = neutral helper.	A study visual illustrating: Mediation uses an impartial person to assist the parties in reaching resolution.	Learn to Lead, Volume 2, Chapter 6	102	source_approved	draft	LTL2-C6-PH-Q068|LTL2-C6-PH-Q069	35	6	high	moderate	true	1.0	original_textbook_grounded	Mitchell_sample_style_analysis
LTL2-C6-Q100	C6-Expansion	C6-O45-46	LTL2-C6-RETALIATION	LTL2-C6-RETALIATION	medium	recall	multiple_choice	both	direct_definition	Seeking revenge against someone who reports harassment or discrimination is	prejudice	retaliation	mediation	diversity	B	Retaliation punishes someone for objecting to or reporting improper treatment.	1	Retaliation punishes someone for objecting to or reporting improper treatment. A is incorrect because prejudice is prejudgment, not the revenge action itself. C is incorrect because mediation is a resolution process.	Prejudice is prejudgment, not the revenge action itself.	Correct. Retaliation punishes someone for objecting to or reporting improper treatment.	Mediation is a resolution process.	Diversity refers to differences within a group.	Choosing a related term because it sounds plausible without matching the exact definition or situation.	Review the distinction behind this item: Retaliation punishes someone for objecting to or reporting improper treatment. Then compare each option to the exact wording of the chapter.	Retaliation = revenge for speaking up.	medium	comparison_card	optional_after_answer	ltl2_c6_retaliation_100	Create a simple, uncluttered study visual for the concept: Retaliation punishes someone for objecting to or reporting improper treatment. Emphasize the distinction tested by the answer choices.	Retaliation = revenge for speaking up.	A study visual illustrating: Retaliation punishes someone for objecting to or reporting improper treatment.	Learn to Lead, Volume 2, Chapter 6	105	source_approved	draft	LTL2-C6-PI-Q074	35	6	high	moderate	true	1.0	original_textbook_grounded	Mitchell_sample_style_analysis
LTL2-C7-PA-Q001	Chapter 7 A: Emotional Intelligence Foundations	LTL2-C7-OBJ-1-5	LTL2-C7-EMOTIONAL_INTELLIGENCE	LTL2-C7-A-EMOTIONAL_INTELLIGENCE	medium	understanding	multiple_choice	both	cap_direct	Emotional intelligence refers primarily to how well a leader	uses logic without emotion	handles self and relationships	hides feelings from followers	persuades others through rank	B	Emotional intelligence is the intelligent handling of yourself, your emotions, and your relationships.	1	Emotional intelligence is the intelligent handling of yourself, your emotions, and your relationships. The other choices describe related ideas, but they do not match the exact definition or situation in the question.	Not quite. “uses logic without emotion” is plausible, but it does not match the exact concept tested here. Emotional intelligence is the intelligent handling of yourself, your emotions, and your relationships.	Correct. Emotional intelligence is the intelligent handling of yourself, your emotions, and your relationships.	Not quite. “hides feelings from followers” is plausible, but it does not match the exact concept tested here. Emotional intelligence is the intelligent handling of yourself, your emotions, and your relationships.	Not quite. “persuades others through rank” is plausible, but it does not match the exact concept tested here. Emotional intelligence is the intelligent handling of yourself, your emotions, and your relationships.	Confusing a related leadership concept with the exact term being tested.	Review the textbook definition of emotional intelligence, then compare it with the closest distractor and state the one key difference.	EI = me + we.	medium	concept_diagram	optional_after_answer	ltl2_c7_pa_q001	Simple instructional diagram contrasting emotional intelligence with a nearby but different leadership concept.	EI = me + we.	A simple diagram illustrating emotional intelligence and how it differs from a related idea.	Learn to Lead Volume 2, Chapter 7, objectives 1-5	110-113	approved_source	draft	LTL2-C7-PA-Q002,LTL2-C7-PA-Q003	40	7	low	basic	false	0	existing_original_bank	pre_sample_bank_review
LTL2-C7-PA-Q002	Chapter 7 A: Emotional Intelligence Foundations	LTL2-C7-OBJ-1-5	LTL2-C7-COMPONENTS_OF_EI	LTL2-C7-A-COMPONENTS_OF_EI	hard	recall	multiple_choice	both	cap_direct	Which list contains the five components of emotional intelligence?	Self-awareness, managing emotions, self-motivation, empathy, interpersonal skills	Integrity, service, excellence, respect, courage	Task behavior, relationship behavior, power, authority, control	Vision, strategy, planning, execution, evaluation	A	The five components are self-awareness, managing emotions, self-motivation, empathy, and interpersonal skills.	1	The five components are self-awareness, managing emotions, self-motivation, empathy, and interpersonal skills. The other choices describe related ideas, but they do not match the exact definition or situation in the question.	Correct. The five components are self-awareness, managing emotions, self-motivation, empathy, and interpersonal skills.	Not quite. “Integrity, service, excellence, respect, courage” is plausible, but it does not match the exact concept tested here. The five components are self-awareness, managing emotions, self-motivation, empathy, and interpersonal skills.	Not quite. “Task behavior, relationship behavior, power, authority, control” is plausible, but it does not match the exact concept tested here. The five components are self-awareness, managing emotions, self-motivation, empathy, and interpersonal skills.	Not quite. “Vision, strategy, planning, execution, evaluation” is plausible, but it does not match the exact concept tested here. The five components are self-awareness, managing emotions, self-motivation, empathy, and interpersonal skills.	Confusing a related leadership concept with the exact term being tested.	Review the textbook definition of components of EI, then compare it with the closest distractor and state the one key difference.	Know, manage, motivate, empathize, relate.	high	concept_diagram	optional_after_answer	ltl2_c7_pa_q002	Simple instructional diagram contrasting components of EI with a nearby but different leadership concept.	Know, manage, motivate, empathize, relate.	A simple diagram illustrating components of EI and how it differs from a related idea.	Learn to Lead Volume 2, Chapter 7, objectives 1-5	110-113	approved_source	draft	LTL2-C7-PA-Q003,LTL2-C7-PA-Q004	50	7	low	basic	false	0	existing_original_bank	pre_sample_bank_review
LTL2-C7-PA-Q003	Chapter 7 A: Emotional Intelligence Foundations	LTL2-C7-OBJ-1-5	LTL2-C7-SELF_AWARENESS	LTL2-C7-A-SELF_AWARENESS	medium	understanding	multiple_choice	both	cap_direct	Self-awareness means being aware of	your mood and your thoughts about that mood	only the emotions others display	the rewards available for performance	the formal authority of your position	A	Self-awareness includes recognizing your mood and thinking about what that mood means.	1	Self-awareness includes recognizing your mood and thinking about what that mood means. The other choices describe related ideas, but they do not match the exact definition or situation in the question.	Correct. Self-awareness includes recognizing your mood and thinking about what that mood means.	Not quite. “only the emotions others display” is plausible, but it does not match the exact concept tested here. Self-awareness includes recognizing your mood and thinking about what that mood means.	Not quite. “the rewards available for performance” is plausible, but it does not match the exact concept tested here. Self-awareness includes recognizing your mood and thinking about what that mood means.	Not quite. “the formal authority of your position” is plausible, but it does not match the exact concept tested here. Self-awareness includes recognizing your mood and thinking about what that mood means.	Confusing a related leadership concept with the exact term being tested.	Review the textbook definition of self-awareness, then compare it with the closest distractor and state the one key difference.	Notice the mood; name the mood.	medium	concept_diagram	optional_after_answer	ltl2_c7_pa_q003	Simple instructional diagram contrasting self-awareness with a nearby but different leadership concept.	Notice the mood; name the mood.	A simple diagram illustrating self-awareness and how it differs from a related idea.	Learn to Lead Volume 2, Chapter 7, objectives 1-5	110-113	approved_source	draft	LTL2-C7-PA-Q004,LTL2-C7-PA-Q005	40	7	high	moderate	true	1.0	existing_original_bank	pre_sample_bank_review
LTL2-C7-PA-Q004	Chapter 7 A: Emotional Intelligence Foundations	LTL2-C7-OBJ-1-5	LTL2-C7-APPRAISAL	LTL2-C7-A-APPRAISAL	hard	understanding	multiple_choice	both	cap_direct	An appraisal is best described as	a formal performance review by a supervisor	an impression or interpretation of yourself, others, or a situation	a method for suppressing an unwanted emotion	a reward offered only after a goal is met	B	An appraisal is the impression, interpretation, evaluation, or expectation you form about an event.	1	An appraisal is the impression, interpretation, evaluation, or expectation you form about an event. The other choices describe related ideas, but they do not match the exact definition or situation in the question.	Not quite. “a formal performance review by a supervisor” is plausible, but it does not match the exact concept tested here. An appraisal is the impression, interpretation, evaluation, or expectation you form about an event.	Correct. An appraisal is the impression, interpretation, evaluation, or expectation you form about an event.	Not quite. “a method for suppressing an unwanted emotion” is plausible, but it does not match the exact concept tested here. An appraisal is the impression, interpretation, evaluation, or expectation you form about an event.	Not quite. “a reward offered only after a goal is met” is plausible, but it does not match the exact concept tested here. An appraisal is the impression, interpretation, evaluation, or expectation you form about an event.	Confusing a related leadership concept with the exact term being tested.	Review the textbook definition of appraisal, then compare it with the closest distractor and state the one key difference.	Appraisal = the meaning you assign.	high	concept_diagram	optional_after_answer	ltl2_c7_pa_q004	Simple instructional diagram contrasting appraisal with a nearby but different leadership concept.	Appraisal = the meaning you assign.	A simple diagram illustrating appraisal and how it differs from a related idea.	Learn to Lead Volume 2, Chapter 7, objectives 1-5	110-113	approved_source	draft	LTL2-C7-PA-Q005,LTL2-C7-PA-Q006	50	7	high	moderate	true	1.0	existing_original_bank	pre_sample_bank_review
LTL2-C7-PA-Q005	Chapter 7 A: Emotional Intelligence Foundations	LTL2-C7-OBJ-1-5	LTL2-C7-SELF_FULFILLING_PROPHECY	LTL2-C7-A-SELF_FULFILLING_PROPHECY	hard	analysis	multiple_choice	both	cap_direct	A self-fulfilling prophecy occurs when	an expectation helps produce the result expected	a leader predicts a result using objective data	followers receive a contingent reward	a team replaces discussion with dialogue	A	A self-fulfilling prophecy happens when expectations influence behavior and help create the expected result.	1	A self-fulfilling prophecy happens when expectations influence behavior and help create the expected result. The other choices describe related ideas, but they do not match the exact definition or situation in the question.	Correct. A self-fulfilling prophecy happens when expectations influence behavior and help create the expected result.	Not quite. “a leader predicts a result using objective data” is plausible, but it does not match the exact concept tested here. A self-fulfilling prophecy happens when expectations influence behavior and help create the expected result.	Not quite. “followers receive a contingent reward” is plausible, but it does not match the exact concept tested here. A self-fulfilling prophecy happens when expectations influence behavior and help create the expected result.	Not quite. “a team replaces discussion with dialogue” is plausible, but it does not match the exact concept tested here. A self-fulfilling prophecy happens when expectations influence behavior and help create the expected result.	Confusing a related leadership concept with the exact term being tested.	Review the textbook definition of self-fulfilling prophecy, then compare it with the closest distractor and state the one key difference.	Expect it, act it, help create it.	high	concept_diagram	optional_after_answer	ltl2_c7_pa_q005	Simple instructional diagram contrasting self-fulfilling prophecy with a nearby but different leadership concept.	Expect it, act it, help create it.	A simple diagram illustrating self-fulfilling prophecy and how it differs from a related idea.	Learn to Lead Volume 2, Chapter 7, objectives 1-5	110-113	approved_source	draft	LTL2-C7-PA-Q006,LTL2-C7-PA-Q007	50	7	high	moderate	true	1.0	existing_original_bank	pre_sample_bank_review
LTL2-C7-PA-Q006	Chapter 7 A: Emotional Intelligence Foundations	LTL2-C7-OBJ-1-5	LTL2-C7-SELF_FULFILLING_PROPHECY	LTL2-C7-A-SELF_FULFILLING_PROPHECY	medium	scenario	multiple_choice	both	scenario	A cadet expects to fail a speech, avoids practicing, and then performs poorly. This best illustrates	intellectual stimulation	a self-fulfilling prophecy	referent power	personal mastery	B	The negative expectation changed the cadet’s behavior and helped produce the feared result.	1	The negative expectation changed the cadet’s behavior and helped produce the feared result. The other choices describe related ideas, but they do not match the exact definition or situation in the question.	Not quite. “intellectual stimulation” is plausible, but it does not match the exact concept tested here. The negative expectation changed the cadet’s behavior and helped produce the feared result.	Correct. The negative expectation changed the cadet’s behavior and helped produce the feared result.	Not quite. “referent power” is plausible, but it does not match the exact concept tested here. The negative expectation changed the cadet’s behavior and helped produce the feared result.	Not quite. “personal mastery” is plausible, but it does not match the exact concept tested here. The negative expectation changed the cadet’s behavior and helped produce the feared result.	Confusing a related leadership concept with the exact term being tested.	Review the textbook definition of self-fulfilling prophecy, then compare it with the closest distractor and state the one key difference.	Belief shaped behavior; behavior shaped result.	medium	concept_diagram	optional_after_answer	ltl2_c7_pa_q006	Simple instructional diagram contrasting self-fulfilling prophecy with a nearby but different leadership concept.	Belief shaped behavior; behavior shaped result.	A simple diagram illustrating self-fulfilling prophecy and how it differs from a related idea.	Learn to Lead Volume 2, Chapter 7, objectives 1-5	110-113	approved_source	draft	LTL2-C7-PA-Q007,LTL2-C7-PA-Q008	40	7	low	basic	false	0	existing_original_bank	pre_sample_bank_review
LTL2-C7-PA-Q007	Chapter 7 A: Emotional Intelligence Foundations	LTL2-C7-OBJ-1-5	LTL2-C7-EMOTIONAL_INTELLIGENCE	LTL2-C7-A-EMOTIONAL_INTELLIGENCE	hard	analysis	multiple_choice	both	cap_direct	Why is emotional intelligence important to transformational leadership?	It replaces technical knowledge	It helps leaders form emotional bonds, empathize, and motivate followers	It gives leaders legitimate power	It removes the need for standards	B	Emotional intelligence helps leaders understand followers, build consensus, and create motivating emotional bonds.	1	Emotional intelligence helps leaders understand followers, build consensus, and create motivating emotional bonds. The other choices describe related ideas, but they do not match the exact definition or situation in the question.	Not quite. “It replaces technical knowledge” is plausible, but it does not match the exact concept tested here. Emotional intelligence helps leaders understand followers, build consensus, and create motivating emotional bonds.	Correct. Emotional intelligence helps leaders understand followers, build consensus, and create motivating emotional bonds.	Not quite. “It gives leaders legitimate power” is plausible, but it does not match the exact concept tested here. Emotional intelligence helps leaders understand followers, build consensus, and create motivating emotional bonds.	Not quite. “It removes the need for standards” is plausible, but it does not match the exact concept tested here. Emotional intelligence helps leaders understand followers, build consensus, and create motivating emotional bonds.	Confusing a related leadership concept with the exact term being tested.	Review the textbook definition of emotional intelligence, then compare it with the closest distractor and state the one key difference.	Transforming people requires understanding people.	high	concept_diagram	optional_after_answer	ltl2_c7_pa_q007	Simple instructional diagram contrasting emotional intelligence with a nearby but different leadership concept.	Transforming people requires understanding people.	A simple diagram illustrating emotional intelligence and how it differs from a related idea.	Learn to Lead Volume 2, Chapter 7, objectives 1-5	110-113	approved_source	draft	LTL2-C7-PA-Q008,LTL2-C7-PA-Q009	50	7	low	basic	false	0	existing_original_bank	pre_sample_bank_review
LTL2-C7-PA-Q008	Chapter 7 A: Emotional Intelligence Foundations	LTL2-C7-OBJ-1-5	LTL2-C7-SELF_AWARENESS	LTL2-C7-A-SELF_AWARENESS	medium	understanding	multiple_choice	both	cap_direct	Which action would most directly improve self-awareness?	Avoiding feedback to preserve confidence	Reflecting honestly and seeking feedback	Using punishment to change a mood	Delegating every difficult conversation	B	Honest reflection, self-assessment, and feedback improve awareness of strengths, weaknesses, and emotions.	1	Honest reflection, self-assessment, and feedback improve awareness of strengths, weaknesses, and emotions. The other choices describe related ideas, but they do not match the exact definition or situation in the question.	Not quite. “Avoiding feedback to preserve confidence” is plausible, but it does not match the exact concept tested here. Honest reflection, self-assessment, and feedback improve awareness of strengths, weaknesses, and emotions.	Correct. Honest reflection, self-assessment, and feedback improve awareness of strengths, weaknesses, and emotions.	Not quite. “Using punishment to change a mood” is plausible, but it does not match the exact concept tested here. Honest reflection, self-assessment, and feedback improve awareness of strengths, weaknesses, and emotions.	Not quite. “Delegating every difficult conversation” is plausible, but it does not match the exact concept tested here. Honest reflection, self-assessment, and feedback improve awareness of strengths, weaknesses, and emotions.	Confusing a related leadership concept with the exact term being tested.	Review the textbook definition of self-awareness, then compare it with the closest distractor and state the one key difference.	Reflect, assess, ask.	medium	concept_diagram	optional_after_answer	ltl2_c7_pa_q008	Simple instructional diagram contrasting self-awareness with a nearby but different leadership concept.	Reflect, assess, ask.	A simple diagram illustrating self-awareness and how it differs from a related idea.	Learn to Lead Volume 2, Chapter 7, objectives 1-5	110-113	approved_source	draft	LTL2-C7-PA-Q009,LTL2-C7-PA-Q010	40	7	low	basic	false	0	existing_original_bank	pre_sample_bank_review
LTL2-C7-PA-Q009	Chapter 7 A: Emotional Intelligence Foundations	LTL2-C7-OBJ-1-5	LTL2-C7-APPRAISAL	LTL2-C7-A-APPRAISAL	hard	scenario	multiple_choice	both	scenario	Two cadets face the same difficult inspection. One sees a chance to improve; the other sees certain humiliation. Their different reactions begin with different	appraisals	position powers	mental models only	contingent rewards	A	Their interpretations of the same event are different appraisals.	1	Their interpretations of the same event are different appraisals. The other choices describe related ideas, but they do not match the exact definition or situation in the question.	Correct. Their interpretations of the same event are different appraisals.	Not quite. “position powers” is plausible, but it does not match the exact concept tested here. Their interpretations of the same event are different appraisals.	Not quite. “mental models only” is plausible, but it does not match the exact concept tested here. Their interpretations of the same event are different appraisals.	Not quite. “contingent rewards” is plausible, but it does not match the exact concept tested here. Their interpretations of the same event are different appraisals.	Confusing a related leadership concept with the exact term being tested.	Review the textbook definition of appraisal, then compare it with the closest distractor and state the one key difference.	Same event, different meaning.	high	concept_diagram	optional_after_answer	ltl2_c7_pa_q009	Simple instructional diagram contrasting appraisal with a nearby but different leadership concept.	Same event, different meaning.	A simple diagram illustrating appraisal and how it differs from a related idea.	Learn to Lead Volume 2, Chapter 7, objectives 1-5	110-113	approved_source	draft	LTL2-C7-PA-Q010,LTL2-C7-PA-Q001	50	7	low	basic	false	0	existing_original_bank	pre_sample_bank_review
LTL2-C7-PA-Q010	Chapter 7 A: Emotional Intelligence Foundations	LTL2-C7-OBJ-1-5	LTL2-C7-EMOTIONAL_INTELLIGENCE	LTL2-C7-A-EMOTIONAL_INTELLIGENCE	hard	misconception	multiple_choice	both	cap_direct	Which statement best distinguishes emotional intelligence from simply being emotional?	EI means showing every feeling openly	EI means using awareness of emotion to guide effective behavior	EI means avoiding strong emotion entirely	EI means choosing feelings over facts	B	Emotional intelligence is purposeful awareness and management of emotions, not uncontrolled expression.	1	Emotional intelligence is purposeful awareness and management of emotions, not uncontrolled expression. The other choices describe related ideas, but they do not match the exact definition or situation in the question.	Not quite. “EI means showing every feeling openly” is plausible, but it does not match the exact concept tested here. Emotional intelligence is purposeful awareness and management of emotions, not uncontrolled expression.	Correct. Emotional intelligence is purposeful awareness and management of emotions, not uncontrolled expression.	Not quite. “EI means avoiding strong emotion entirely” is plausible, but it does not match the exact concept tested here. Emotional intelligence is purposeful awareness and management of emotions, not uncontrolled expression.	Not quite. “EI means choosing feelings over facts” is plausible, but it does not match the exact concept tested here. Emotional intelligence is purposeful awareness and management of emotions, not uncontrolled expression.	Confusing a related leadership concept with the exact term being tested.	Review the textbook definition of emotional intelligence, then compare it with the closest distractor and state the one key difference.	Use emotion intelligently—not impulsively.	high	concept_diagram	optional_after_answer	ltl2_c7_pa_q010	Simple instructional diagram contrasting emotional intelligence with a nearby but different leadership concept.	Use emotion intelligently—not impulsively.	A simple diagram illustrating emotional intelligence and how it differs from a related idea.	Learn to Lead Volume 2, Chapter 7, objectives 1-5	110-113	approved_source	draft	LTL2-C7-PA-Q001,LTL2-C7-PA-Q002	50	7	low	basic	false	0	existing_original_bank	pre_sample_bank_review
LTL2-C7-PB-Q001	Chapter 7 B: Managing Emotions, Motivation & Relationships	LTL2-C7-OBJ-6-14	LTL2-C7-MANAGING_EMOTIONS	LTL2-C7-B-MANAGING_EMOTIONS	hard	understanding	multiple_choice	both	cap_direct	Managing emotions means	denying every unpleasant feeling	regulating emotions so they support effective behavior	letting moods determine decisions	replacing empathy with logic	B	Managing emotions means regulating moods constructively rather than denying or being controlled by them.	1	Managing emotions means regulating moods constructively rather than denying or being controlled by them. The other choices describe related ideas, but they do not match the exact definition or situation in the question.	Not quite. “denying every unpleasant feeling” is plausible, but it does not match the exact concept tested here. Managing emotions means regulating moods constructively rather than denying or being controlled by them.	Correct. Managing emotions means regulating moods constructively rather than denying or being controlled by them.	Not quite. “letting moods determine decisions” is plausible, but it does not match the exact concept tested here. Managing emotions means regulating moods constructively rather than denying or being controlled by them.	Not quite. “replacing empathy with logic” is plausible, but it does not match the exact concept tested here. Managing emotions means regulating moods constructively rather than denying or being controlled by them.	Confusing a related leadership concept with the exact term being tested.	Review the textbook definition of managing emotions, then compare it with the closest distractor and state the one key difference.	Manage, do not merely suppress.	high	concept_diagram	optional_after_answer	ltl2_c7_pb_q001	Simple instructional diagram contrasting managing emotions with a nearby but different leadership concept.	Manage, do not merely suppress.	A simple diagram illustrating managing emotions and how it differs from a related idea.	Learn to Lead Volume 2, Chapter 7, objectives 6-14	113-120	approved_source	draft	LTL2-C7-PB-Q002,LTL2-C7-PB-Q003	50	7	high	moderate	true	1.0	existing_original_bank	pre_sample_bank_review
LTL2-C7-PB-Q002	Chapter 7 B: Managing Emotions, Motivation & Relationships	LTL2-C7-OBJ-6-14	LTL2-C7-AUTOMATIC_THOUGHTS	LTL2-C7-B-AUTOMATIC_THOUGHTS	medium	understanding	multiple_choice	both	cap_direct	Automatic thoughts are	carefully planned arguments	thoughts that arise quickly without deliberate reasoning	shared visions created by a team	formal theories-in-use	B	Automatic thoughts arise rapidly and can influence emotion before deliberate analysis occurs.	1	Automatic thoughts arise rapidly and can influence emotion before deliberate analysis occurs. The other choices describe related ideas, but they do not match the exact definition or situation in the question.	Not quite. “carefully planned arguments” is plausible, but it does not match the exact concept tested here. Automatic thoughts arise rapidly and can influence emotion before deliberate analysis occurs.	Correct. Automatic thoughts arise rapidly and can influence emotion before deliberate analysis occurs.	Not quite. “shared visions created by a team” is plausible, but it does not match the exact concept tested here. Automatic thoughts arise rapidly and can influence emotion before deliberate analysis occurs.	Not quite. “formal theories-in-use” is plausible, but it does not match the exact concept tested here. Automatic thoughts arise rapidly and can influence emotion before deliberate analysis occurs.	Confusing a related leadership concept with the exact term being tested.	Review the textbook definition of automatic thoughts, then compare it with the closest distractor and state the one key difference.	Automatic = fast and uninvited.	medium	concept_diagram	optional_after_answer	ltl2_c7_pb_q002	Simple instructional diagram contrasting automatic thoughts with a nearby but different leadership concept.	Automatic = fast and uninvited.	A simple diagram illustrating automatic thoughts and how it differs from a related idea.	Learn to Lead Volume 2, Chapter 7, objectives 6-14	113-120	approved_source	draft	LTL2-C7-PB-Q003,LTL2-C7-PB-Q004	40	7	high	moderate	true	1.0	existing_original_bank	pre_sample_bank_review
LTL2-C7-PB-Q003	Chapter 7 B: Managing Emotions, Motivation & Relationships	LTL2-C7-OBJ-6-14	LTL2-C7-CONSTRUCTIVE_INNER_DIALOGUE	LTL2-C7-B-CONSTRUCTIVE_INNER_DIALOGUE	medium	understanding	multiple_choice	both	cap_direct	Constructive inner dialogue is best illustrated by	I always fail, so there is no point trying	This is difficult, but I can prepare and improve	My followers caused every problem	I should ignore all feedback	B	Constructive inner dialogue replaces harmful automatic thoughts with realistic and useful self-talk.	1	Constructive inner dialogue replaces harmful automatic thoughts with realistic and useful self-talk. The other choices describe related ideas, but they do not match the exact definition or situation in the question.	Not quite. “I always fail, so there is no point trying” is plausible, but it does not match the exact concept tested here. Constructive inner dialogue replaces harmful automatic thoughts with realistic and useful self-talk.	Correct. Constructive inner dialogue replaces harmful automatic thoughts with realistic and useful self-talk.	Not quite. “My followers caused every problem” is plausible, but it does not match the exact concept tested here. Constructive inner dialogue replaces harmful automatic thoughts with realistic and useful self-talk.	Not quite. “I should ignore all feedback” is plausible, but it does not match the exact concept tested here. Constructive inner dialogue replaces harmful automatic thoughts with realistic and useful self-talk.	Confusing a related leadership concept with the exact term being tested.	Review the textbook definition of constructive inner dialogue, then compare it with the closest distractor and state the one key difference.	Talk to yourself like a good coach.	medium	concept_diagram	optional_after_answer	ltl2_c7_pb_q003	Simple instructional diagram contrasting constructive inner dialogue with a nearby but different leadership concept.	Talk to yourself like a good coach.	A simple diagram illustrating constructive inner dialogue and how it differs from a related idea.	Learn to Lead Volume 2, Chapter 7, objectives 6-14	113-120	approved_source	draft	LTL2-C7-PB-Q004,LTL2-C7-PB-Q005	40	7	low	basic	false	0	existing_original_bank	pre_sample_bank_review
LTL2-C7-PB-Q004	Chapter 7 B: Managing Emotions, Motivation & Relationships	LTL2-C7-OBJ-6-14	LTL2-C7-SELF_MOTIVATION	LTL2-C7-B-SELF_MOTIVATION	medium	understanding	multiple_choice	both	cap_direct	Self-motivation is the ability to	remain positive and persist toward goals	gain compliance through punishment	avoid all setbacks	depend on external rewards	A	Self-motivation supports optimism, persistence, and effort even when challenges arise.	1	Self-motivation supports optimism, persistence, and effort even when challenges arise. The other choices describe related ideas, but they do not match the exact definition or situation in the question.	Correct. Self-motivation supports optimism, persistence, and effort even when challenges arise.	Not quite. “gain compliance through punishment” is plausible, but it does not match the exact concept tested here. Self-motivation supports optimism, persistence, and effort even when challenges arise.	Not quite. “avoid all setbacks” is plausible, but it does not match the exact concept tested here. Self-motivation supports optimism, persistence, and effort even when challenges arise.	Not quite. “depend on external rewards” is plausible, but it does not match the exact concept tested here. Self-motivation supports optimism, persistence, and effort even when challenges arise.	Confusing a related leadership concept with the exact term being tested.	Review the textbook definition of self-motivation, then compare it with the closest distractor and state the one key difference.	Motivation keeps you moving.	medium	concept_diagram	optional_after_answer	ltl2_c7_pb_q004	Simple instructional diagram contrasting self-motivation with a nearby but different leadership concept.	Motivation keeps you moving.	A simple diagram illustrating self-motivation and how it differs from a related idea.	Learn to Lead Volume 2, Chapter 7, objectives 6-14	113-120	approved_source	draft	LTL2-C7-PB-Q005,LTL2-C7-PB-Q006	40	7	high	moderate	true	1.0	existing_original_bank	pre_sample_bank_review
LTL2-C7-PB-Q005	Chapter 7 B: Managing Emotions, Motivation & Relationships	LTL2-C7-OBJ-6-14	LTL2-C7-MOTIVATIONAL_STATEMENT	LTL2-C7-B-MOTIVATIONAL_STATEMENT	hard	understanding	multiple_choice	both	cap_direct	Which is the strongest motivational self-statement?	I must be perfect or I am a failure	I have prepared, and I can handle this challenge one step at a time	Everyone must approve of me	The task will be easy because I want it to be	B	A useful motivational statement is positive, realistic, and focused on controllable effort.	1	A useful motivational statement is positive, realistic, and focused on controllable effort. The other choices describe related ideas, but they do not match the exact definition or situation in the question.	Not quite. “I must be perfect or I am a failure” is plausible, but it does not match the exact concept tested here. A useful motivational statement is positive, realistic, and focused on controllable effort.	Correct. A useful motivational statement is positive, realistic, and focused on controllable effort.	Not quite. “Everyone must approve of me” is plausible, but it does not match the exact concept tested here. A useful motivational statement is positive, realistic, and focused on controllable effort.	Not quite. “The task will be easy because I want it to be” is plausible, but it does not match the exact concept tested here. A useful motivational statement is positive, realistic, and focused on controllable effort.	Confusing a related leadership concept with the exact term being tested.	Review the textbook definition of motivational statement, then compare it with the closest distractor and state the one key difference.	Positive, realistic, actionable.	high	concept_diagram	optional_after_answer	ltl2_c7_pb_q005	Simple instructional diagram contrasting motivational statement with a nearby but different leadership concept.	Positive, realistic, actionable.	A simple diagram illustrating motivational statement and how it differs from a related idea.	Learn to Lead Volume 2, Chapter 7, objectives 6-14	113-120	approved_source	draft	LTL2-C7-PB-Q006,LTL2-C7-PB-Q007	50	7	high	moderate	true	1.0	existing_original_bank	pre_sample_bank_review
LTL2-C7-PB-Q006	Chapter 7 B: Managing Emotions, Motivation & Relationships	LTL2-C7-OBJ-6-14	LTL2-C7-MENTAL_IMAGERY	LTL2-C7-B-MENTAL_IMAGERY	medium	understanding	multiple_choice	both	cap_direct	Mental imagery helps performance by	replacing practice completely	rehearsing successful action in the mind	suppressing all emotion	guaranteeing the desired result	B	Mental imagery is a mental rehearsal that can prepare thoughts, emotions, and actions for performance.	1	Mental imagery is a mental rehearsal that can prepare thoughts, emotions, and actions for performance. The other choices describe related ideas, but they do not match the exact definition or situation in the question.	Not quite. “replacing practice completely” is plausible, but it does not match the exact concept tested here. Mental imagery is a mental rehearsal that can prepare thoughts, emotions, and actions for performance.	Correct. Mental imagery is a mental rehearsal that can prepare thoughts, emotions, and actions for performance.	Not quite. “suppressing all emotion” is plausible, but it does not match the exact concept tested here. Mental imagery is a mental rehearsal that can prepare thoughts, emotions, and actions for performance.	Not quite. “guaranteeing the desired result” is plausible, but it does not match the exact concept tested here. Mental imagery is a mental rehearsal that can prepare thoughts, emotions, and actions for performance.	Confusing a related leadership concept with the exact term being tested.	Review the textbook definition of mental imagery, then compare it with the closest distractor and state the one key difference.	See it before you do it.	medium	concept_diagram	optional_after_answer	ltl2_c7_pb_q006	Simple instructional diagram contrasting mental imagery with a nearby but different leadership concept.	See it before you do it.	A simple diagram illustrating mental imagery and how it differs from a related idea.	Learn to Lead Volume 2, Chapter 7, objectives 6-14	113-120	approved_source	draft	LTL2-C7-PB-Q007,LTL2-C7-PB-Q008	40	7	high	moderate	true	1.0	existing_original_bank	pre_sample_bank_review
LTL2-C7-PB-Q007	Chapter 7 B: Managing Emotions, Motivation & Relationships	LTL2-C7-OBJ-6-14	LTL2-C7-GOAL_SETTING	LTL2-C7-B-GOAL_SETTING	medium	understanding	multiple_choice	both	cap_direct	Which goal-setting error is shown by choosing a goal so easy that it requires almost no effort?	A goal that is too small	A goal that is too distant	A goal with excessive task behavior	A goal based on empathy	A	Goals that are too easy fail to challenge and motivate; goals that are impossibly hard can also reduce motivation.	1	Goals that are too easy fail to challenge and motivate; goals that are impossibly hard can also reduce motivation. The other choices describe related ideas, but they do not match the exact definition or situation in the question.	Correct. Goals that are too easy fail to challenge and motivate; goals that are impossibly hard can also reduce motivation.	Not quite. “A goal that is too distant” is plausible, but it does not match the exact concept tested here. Goals that are too easy fail to challenge and motivate; goals that are impossibly hard can also reduce motivation.	Not quite. “A goal with excessive task behavior” is plausible, but it does not match the exact concept tested here. Goals that are too easy fail to challenge and motivate; goals that are impossibly hard can also reduce motivation.	Not quite. “A goal based on empathy” is plausible, but it does not match the exact concept tested here. Goals that are too easy fail to challenge and motivate; goals that are impossibly hard can also reduce motivation.	Confusing a related leadership concept with the exact term being tested.	Review the textbook definition of goal setting, then compare it with the closest distractor and state the one key difference.	Not tiny, not impossible—right-sized.	medium	concept_diagram	optional_after_answer	ltl2_c7_pb_q007	Simple instructional diagram contrasting goal setting with a nearby but different leadership concept.	Not tiny, not impossible—right-sized.	A simple diagram illustrating goal setting and how it differs from a related idea.	Learn to Lead Volume 2, Chapter 7, objectives 6-14	113-120	approved_source	draft	LTL2-C7-PB-Q008,LTL2-C7-PB-Q009	40	7	low	basic	false	0	existing_original_bank	pre_sample_bank_review
LTL2-C7-PB-Q008	Chapter 7 B: Managing Emotions, Motivation & Relationships	LTL2-C7-OBJ-6-14	LTL2-C7-EMPATHY	LTL2-C7-B-EMPATHY	medium	understanding	multiple_choice	both	cap_direct	Empathy means	agreeing with every opinion	understanding and being sensitive to another person’s feelings and experiences	solving another person’s problem for them	using referent power	B	Empathy is understanding another person’s perspective and emotional experience.	1	Empathy is understanding another person’s perspective and emotional experience. The other choices describe related ideas, but they do not match the exact definition or situation in the question.	Not quite. “agreeing with every opinion” is plausible, but it does not match the exact concept tested here. Empathy is understanding another person’s perspective and emotional experience.	Correct. Empathy is understanding another person’s perspective and emotional experience.	Not quite. “solving another person’s problem for them” is plausible, but it does not match the exact concept tested here. Empathy is understanding another person’s perspective and emotional experience.	Not quite. “using referent power” is plausible, but it does not match the exact concept tested here. Empathy is understanding another person’s perspective and emotional experience.	Confusing a related leadership concept with the exact term being tested.	Review the textbook definition of empathy, then compare it with the closest distractor and state the one key difference.	Walk in their shoes.	medium	concept_diagram	optional_after_answer	ltl2_c7_pb_q008	Simple instructional diagram contrasting empathy with a nearby but different leadership concept.	Walk in their shoes.	A simple diagram illustrating empathy and how it differs from a related idea.	Learn to Lead Volume 2, Chapter 7, objectives 6-14	113-120	approved_source	draft	LTL2-C7-PB-Q009,LTL2-C7-PB-Q010	40	7	high	moderate	true	1.0	existing_original_bank	pre_sample_bank_review
LTL2-C7-PB-Q009	Chapter 7 B: Managing Emotions, Motivation & Relationships	LTL2-C7-OBJ-6-14	LTL2-C7-EMPATHY	LTL2-C7-B-EMPATHY	medium	scenario	multiple_choice	both	scenario	A cadet leader notices a usually energetic cadet has become quiet and asks privately whether something is wrong. This most directly demonstrates	coercive power	empathy	management by exception	task behavior	B	The leader notices emotional cues and tries to understand the cadet’s experience.	1	The leader notices emotional cues and tries to understand the cadet’s experience. The other choices describe related ideas, but they do not match the exact definition or situation in the question.	Not quite. “coercive power” is plausible, but it does not match the exact concept tested here. The leader notices emotional cues and tries to understand the cadet’s experience.	Correct. The leader notices emotional cues and tries to understand the cadet’s experience.	Not quite. “management by exception” is plausible, but it does not match the exact concept tested here. The leader notices emotional cues and tries to understand the cadet’s experience.	Not quite. “task behavior” is plausible, but it does not match the exact concept tested here. The leader notices emotional cues and tries to understand the cadet’s experience.	Confusing a related leadership concept with the exact term being tested.	Review the textbook definition of empathy, then compare it with the closest distractor and state the one key difference.	Notice, ask, understand.	medium	concept_diagram	optional_after_answer	ltl2_c7_pb_q009	Simple instructional diagram contrasting empathy with a nearby but different leadership concept.	Notice, ask, understand.	A simple diagram illustrating empathy and how it differs from a related idea.	Learn to Lead Volume 2, Chapter 7, objectives 6-14	113-120	approved_source	draft	LTL2-C7-PB-Q010,LTL2-C7-PB-Q001	40	7	low	basic	false	0	existing_original_bank	pre_sample_bank_review
LTL2-C7-PB-Q010	Chapter 7 B: Managing Emotions, Motivation & Relationships	LTL2-C7-OBJ-6-14	LTL2-C7-INTERPERSONAL_SKILLS	LTL2-C7-B-INTERPERSONAL_SKILLS	medium	understanding	multiple_choice	both	cap_direct	Interpersonal skill involves	building and maintaining positive relationships	issuing detailed task instructions	using only formal authority	avoiding networks to remain independent	A	Interpersonal skills help leaders communicate, network, and sustain positive relationships.	1	Interpersonal skills help leaders communicate, network, and sustain positive relationships. The other choices describe related ideas, but they do not match the exact definition or situation in the question.	Correct. Interpersonal skills help leaders communicate, network, and sustain positive relationships.	Not quite. “issuing detailed task instructions” is plausible, but it does not match the exact concept tested here. Interpersonal skills help leaders communicate, network, and sustain positive relationships.	Not quite. “using only formal authority” is plausible, but it does not match the exact concept tested here. Interpersonal skills help leaders communicate, network, and sustain positive relationships.	Not quite. “avoiding networks to remain independent” is plausible, but it does not match the exact concept tested here. Interpersonal skills help leaders communicate, network, and sustain positive relationships.	Confusing a related leadership concept with the exact term being tested.	Review the textbook definition of interpersonal skills, then compare it with the closest distractor and state the one key difference.	Relationships are a leadership skill.	medium	concept_diagram	optional_after_answer	ltl2_c7_pb_q010	Simple instructional diagram contrasting interpersonal skills with a nearby but different leadership concept.	Relationships are a leadership skill.	A simple diagram illustrating interpersonal skills and how it differs from a related idea.	Learn to Lead Volume 2, Chapter 7, objectives 6-14	113-120	approved_source	draft	LTL2-C7-PB-Q001,LTL2-C7-PB-Q002	40	7	high	moderate	true	1.0	existing_original_bank	pre_sample_bank_review
LTL2-C7-PC-Q001	Chapter 7 C: Transformational & Transactional Leadership	LTL2-C7-OBJ-15-24	LTL2-C7-TRANSFORMATIONAL_LEADERSHIP	LTL2-C7-C-TRANSFORMATIONAL_LEADERSHIP	hard	understanding	multiple_choice	both	cap_direct	Transformational leadership seeks to	exchange rewards for specific performance	heighten followers’ motivation and morality	avoid influencing followers’ values	correct only after standards are missed	B	Transformational leadership raises motivation and morality and helps followers reach their potential.	1	Transformational leadership raises motivation and morality and helps followers reach their potential. The other choices describe related ideas, but they do not match the exact definition or situation in the question.	Not quite. “exchange rewards for specific performance” is plausible, but it does not match the exact concept tested here. Transformational leadership raises motivation and morality and helps followers reach their potential.	Correct. Transformational leadership raises motivation and morality and helps followers reach their potential.	Not quite. “avoid influencing followers’ values” is plausible, but it does not match the exact concept tested here. Transformational leadership raises motivation and morality and helps followers reach their potential.	Not quite. “correct only after standards are missed” is plausible, but it does not match the exact concept tested here. Transformational leadership raises motivation and morality and helps followers reach their potential.	Confusing a related leadership concept with the exact term being tested.	Review the textbook definition of transformational leadership, then compare it with the closest distractor and state the one key difference.	Transform = raise values and potential.	high	concept_diagram	optional_after_answer	ltl2_c7_pc_q001	Simple instructional diagram contrasting transformational leadership with a nearby but different leadership concept.	Transform = raise values and potential.	A simple diagram illustrating transformational leadership and how it differs from a related idea.	Learn to Lead Volume 2, Chapter 7, objectives 15-24	121-128	approved_source	draft	LTL2-C7-PC-Q002,LTL2-C7-PC-Q003	50	7	high	moderate	true	1.0	existing_original_bank	pre_sample_bank_review
LTL2-C7-PC-Q002	Chapter 7 C: Transformational & Transactional Leadership	LTL2-C7-OBJ-15-24	LTL2-C7-TRANSACTIONAL_LEADERSHIP	LTL2-C7-C-TRANSACTIONAL_LEADERSHIP	medium	understanding	multiple_choice	both	cap_direct	Transactional leadership is best described as	give-and-take leadership based on exchanges	leadership through a shared vision only	leadership without feedback or decisions	leadership based solely on expertise	A	Transactional leadership exchanges guidance, rewards, or corrective action for follower performance.	1	Transactional leadership exchanges guidance, rewards, or corrective action for follower performance. The other choices describe related ideas, but they do not match the exact definition or situation in the question.	Correct. Transactional leadership exchanges guidance, rewards, or corrective action for follower performance.	Not quite. “leadership through a shared vision only” is plausible, but it does not match the exact concept tested here. Transactional leadership exchanges guidance, rewards, or corrective action for follower performance.	Not quite. “leadership without feedback or decisions” is plausible, but it does not match the exact concept tested here. Transactional leadership exchanges guidance, rewards, or corrective action for follower performance.	Not quite. “leadership based solely on expertise” is plausible, but it does not match the exact concept tested here. Transactional leadership exchanges guidance, rewards, or corrective action for follower performance.	Confusing a related leadership concept with the exact term being tested.	Review the textbook definition of transactional leadership, then compare it with the closest distractor and state the one key difference.	Transaction = exchange.	medium	concept_diagram	optional_after_answer	ltl2_c7_pc_q002	Simple instructional diagram contrasting transactional leadership with a nearby but different leadership concept.	Transaction = exchange.	A simple diagram illustrating transactional leadership and how it differs from a related idea.	Learn to Lead Volume 2, Chapter 7, objectives 15-24	121-128	approved_source	draft	LTL2-C7-PC-Q003,LTL2-C7-PC-Q004	40	7	high	moderate	true	1.0	existing_original_bank	pre_sample_bank_review
LTL2-C7-PC-Q003	Chapter 7 C: Transformational & Transactional Leadership	LTL2-C7-OBJ-15-24	LTL2-C7-TRANSFORMATIONAL_VS_TRANSACTIONAL	LTL2-C7-C-TRANSFORMATIONAL_VS_TRANSACTIONAL	hard	analysis	multiple_choice	both	cap_direct	Which comparison is most accurate?	Transformational changes values; transactional exchanges rewards or responses for performance	Transformational uses punishment; transactional uses empathy	Transformational is hands-off; transactional is democratic	Transformational relies on position; transactional relies only on personality	A	Transformational leadership elevates values and potential, while transactional leadership centers on exchange.	1	Transformational leadership elevates values and potential, while transactional leadership centers on exchange. The other choices describe related ideas, but they do not match the exact definition or situation in the question.	Correct. Transformational leadership elevates values and potential, while transactional leadership centers on exchange.	Not quite. “Transformational uses punishment; transactional uses empathy” is plausible, but it does not match the exact concept tested here. Transformational leadership elevates values and potential, while transactional leadership centers on exchange.	Not quite. “Transformational is hands-off; transactional is democratic” is plausible, but it does not match the exact concept tested here. Transformational leadership elevates values and potential, while transactional leadership centers on exchange.	Not quite. “Transformational relies on position; transactional relies only on personality” is plausible, but it does not match the exact concept tested here. Transformational leadership elevates values and potential, while transactional leadership centers on exchange.	Confusing a related leadership concept with the exact term being tested.	Review the textbook definition of transformational vs transactional, then compare it with the closest distractor and state the one key difference.	Transform values; transact exchanges.	high	concept_diagram	optional_after_answer	ltl2_c7_pc_q003	Simple instructional diagram contrasting transformational vs transactional with a nearby but different leadership concept.	Transform values; transact exchanges.	A simple diagram illustrating transformational vs transactional and how it differs from a related idea.	Learn to Lead Volume 2, Chapter 7, objectives 15-24	121-128	approved_source	draft	LTL2-C7-PC-Q004,LTL2-C7-PC-Q005	50	7	high	moderate	true	1.0	existing_original_bank	pre_sample_bank_review
LTL2-C7-PC-Q004	Chapter 7 C: Transformational & Transactional Leadership	LTL2-C7-OBJ-15-24	LTL2-C7-IDEALIZED_INFLUENCE	LTL2-C7-C-IDEALIZED_INFLUENCE	medium	understanding	multiple_choice	both	cap_direct	Idealized influence occurs when followers	trust and emulate a leader because of the leader’s principles and example	obey because they fear punishment	receive rewards after meeting a quota	are left entirely alone	A	Idealized influence comes from ethical example, trusted principles, and role-model behavior.	1	Idealized influence comes from ethical example, trusted principles, and role-model behavior. The other choices describe related ideas, but they do not match the exact definition or situation in the question.	Correct. Idealized influence comes from ethical example, trusted principles, and role-model behavior.	Not quite. “obey because they fear punishment” is plausible, but it does not match the exact concept tested here. Idealized influence comes from ethical example, trusted principles, and role-model behavior.	Not quite. “receive rewards after meeting a quota” is plausible, but it does not match the exact concept tested here. Idealized influence comes from ethical example, trusted principles, and role-model behavior.	Not quite. “are left entirely alone” is plausible, but it does not match the exact concept tested here. Idealized influence comes from ethical example, trusted principles, and role-model behavior.	Confusing a related leadership concept with the exact term being tested.	Review the textbook definition of idealized influence, then compare it with the closest distractor and state the one key difference.	Live the ideals you teach.	medium	concept_diagram	optional_after_answer	ltl2_c7_pc_q004	Simple instructional diagram contrasting idealized influence with a nearby but different leadership concept.	Live the ideals you teach.	A simple diagram illustrating idealized influence and how it differs from a related idea.	Learn to Lead Volume 2, Chapter 7, objectives 15-24	121-128	approved_source	draft	LTL2-C7-PC-Q005,LTL2-C7-PC-Q006	40	7	high	moderate	true	1.0	existing_original_bank	pre_sample_bank_review
LTL2-C7-PC-Q005	Chapter 7 C: Transformational & Transactional Leadership	LTL2-C7-OBJ-15-24	LTL2-C7-IDEALIZED_INFLUENCE	LTL2-C7-C-IDEALIZED_INFLUENCE	medium	scenario	multiple_choice	both	scenario	A flight commander works beside cadets on a difficult task instead of merely ordering them. This most directly demonstrates	passive management by exception	idealized influence	coercive power	laissez-faire	B	Working alongside followers models the standard and attracts trust through example.	1	Working alongside followers models the standard and attracts trust through example. The other choices describe related ideas, but they do not match the exact definition or situation in the question.	Not quite. “passive management by exception” is plausible, but it does not match the exact concept tested here. Working alongside followers models the standard and attracts trust through example.	Correct. Working alongside followers models the standard and attracts trust through example.	Not quite. “coercive power” is plausible, but it does not match the exact concept tested here. Working alongside followers models the standard and attracts trust through example.	Not quite. “laissez-faire” is plausible, but it does not match the exact concept tested here. Working alongside followers models the standard and attracts trust through example.	Confusing a related leadership concept with the exact term being tested.	Review the textbook definition of idealized influence, then compare it with the closest distractor and state the one key difference.	Example attracts followers.	medium	concept_diagram	optional_after_answer	ltl2_c7_pc_q005	Simple instructional diagram contrasting idealized influence with a nearby but different leadership concept.	Example attracts followers.	A simple diagram illustrating idealized influence and how it differs from a related idea.	Learn to Lead Volume 2, Chapter 7, objectives 15-24	121-128	approved_source	draft	LTL2-C7-PC-Q006,LTL2-C7-PC-Q007	40	7	low	basic	false	0	existing_original_bank	pre_sample_bank_review
LTL2-C7-PC-Q006	Chapter 7 C: Transformational & Transactional Leadership	LTL2-C7-OBJ-15-24	LTL2-C7-INSPIRATIONAL_MOTIVATION	LTL2-C7-C-INSPIRATIONAL_MOTIVATION	medium	understanding	multiple_choice	both	cap_direct	Inspirational motivation emphasizes	high expectations and commitment to a shared vision	technical expertise without emotion	punishment for missed standards	independent work without team spirit	A	Inspirational motivation communicates high expectations and unites followers around a shared vision.	1	Inspirational motivation communicates high expectations and unites followers around a shared vision. The other choices describe related ideas, but they do not match the exact definition or situation in the question.	Correct. Inspirational motivation communicates high expectations and unites followers around a shared vision.	Not quite. “technical expertise without emotion” is plausible, but it does not match the exact concept tested here. Inspirational motivation communicates high expectations and unites followers around a shared vision.	Not quite. “punishment for missed standards” is plausible, but it does not match the exact concept tested here. Inspirational motivation communicates high expectations and unites followers around a shared vision.	Not quite. “independent work without team spirit” is plausible, but it does not match the exact concept tested here. Inspirational motivation communicates high expectations and unites followers around a shared vision.	Confusing a related leadership concept with the exact term being tested.	Review the textbook definition of inspirational motivation, then compare it with the closest distractor and state the one key difference.	Inspire around the vision.	medium	concept_diagram	optional_after_answer	ltl2_c7_pc_q006	Simple instructional diagram contrasting inspirational motivation with a nearby but different leadership concept.	Inspire around the vision.	A simple diagram illustrating inspirational motivation and how it differs from a related idea.	Learn to Lead Volume 2, Chapter 7, objectives 15-24	121-128	approved_source	draft	LTL2-C7-PC-Q007,LTL2-C7-PC-Q008	40	7	high	moderate	true	1.0	existing_original_bank	pre_sample_bank_review
LTL2-C7-PC-Q007	Chapter 7 C: Transformational & Transactional Leadership	LTL2-C7-OBJ-15-24	LTL2-C7-INTELLECTUAL_STIMULATION	LTL2-C7-C-INTELLECTUAL_STIMULATION	hard	understanding	multiple_choice	both	cap_direct	A leader who values intellectual stimulation will	reward followers for agreeing quickly	encourage followers to question assumptions and solve problems	solve every problem for the team	discourage disagreement	B	Intellectual stimulation makes the team think, learn, question, and innovate.	1	Intellectual stimulation makes the team think, learn, question, and innovate. The other choices describe related ideas, but they do not match the exact definition or situation in the question.	Not quite. “reward followers for agreeing quickly” is plausible, but it does not match the exact concept tested here. Intellectual stimulation makes the team think, learn, question, and innovate.	Correct. Intellectual stimulation makes the team think, learn, question, and innovate.	Not quite. “solve every problem for the team” is plausible, but it does not match the exact concept tested here. Intellectual stimulation makes the team think, learn, question, and innovate.	Not quite. “discourage disagreement” is plausible, but it does not match the exact concept tested here. Intellectual stimulation makes the team think, learn, question, and innovate.	Confusing a related leadership concept with the exact term being tested.	Review the textbook definition of intellectual stimulation, then compare it with the closest distractor and state the one key difference.	Teach them to think, not just comply.	high	concept_diagram	optional_after_answer	ltl2_c7_pc_q007	Simple instructional diagram contrasting intellectual stimulation with a nearby but different leadership concept.	Teach them to think, not just comply.	A simple diagram illustrating intellectual stimulation and how it differs from a related idea.	Learn to Lead Volume 2, Chapter 7, objectives 15-24	121-128	approved_source	draft	LTL2-C7-PC-Q008,LTL2-C7-PC-Q009	50	7	low	basic	false	0	existing_original_bank	pre_sample_bank_review
LTL2-C7-PC-Q008	Chapter 7 C: Transformational & Transactional Leadership	LTL2-C7-OBJ-15-24	LTL2-C7-INDIVIDUALIZED_CONSIDERATION	LTL2-C7-C-INDIVIDUALIZED_CONSIDERATION	medium	understanding	multiple_choice	both	cap_direct	Individualized consideration means	giving every follower identical support	recognizing individual needs and helping each follower grow	correcting only group-level errors	using a single leadership style in every situation	B	Individualized consideration treats followers as individuals with different needs and potential.	1	Individualized consideration treats followers as individuals with different needs and potential. The other choices describe related ideas, but they do not match the exact definition or situation in the question.	Not quite. “giving every follower identical support” is plausible, but it does not match the exact concept tested here. Individualized consideration treats followers as individuals with different needs and potential.	Correct. Individualized consideration treats followers as individuals with different needs and potential.	Not quite. “correcting only group-level errors” is plausible, but it does not match the exact concept tested here. Individualized consideration treats followers as individuals with different needs and potential.	Not quite. “using a single leadership style in every situation” is plausible, but it does not match the exact concept tested here. Individualized consideration treats followers as individuals with different needs and potential.	Confusing a related leadership concept with the exact term being tested.	Review the textbook definition of individualized consideration, then compare it with the closest distractor and state the one key difference.	One team, individual people.	medium	concept_diagram	optional_after_answer	ltl2_c7_pc_q008	Simple instructional diagram contrasting individualized consideration with a nearby but different leadership concept.	One team, individual people.	A simple diagram illustrating individualized consideration and how it differs from a related idea.	Learn to Lead Volume 2, Chapter 7, objectives 15-24	121-128	approved_source	draft	LTL2-C7-PC-Q009,LTL2-C7-PC-Q010	40	7	high	moderate	true	1.0	existing_original_bank	pre_sample_bank_review
LTL2-C7-PC-Q009	Chapter 7 C: Transformational & Transactional Leadership	LTL2-C7-OBJ-15-24	LTL2-C7-CONTINGENT_REWARD	LTL2-C7-C-CONTINGENT_REWARD	medium	understanding	multiple_choice	both	cap_direct	Contingent reward occurs when	a reward depends on meeting a stated condition	a leader waits for mistakes before acting	followers admire the leader’s character	a leader provides no feedback	A	A contingent reward is provided only when agreed performance conditions are met.	1	A contingent reward is provided only when agreed performance conditions are met. The other choices describe related ideas, but they do not match the exact definition or situation in the question.	Correct. A contingent reward is provided only when agreed performance conditions are met.	Not quite. “a leader waits for mistakes before acting” is plausible, but it does not match the exact concept tested here. A contingent reward is provided only when agreed performance conditions are met.	Not quite. “followers admire the leader’s character” is plausible, but it does not match the exact concept tested here. A contingent reward is provided only when agreed performance conditions are met.	Not quite. “a leader provides no feedback” is plausible, but it does not match the exact concept tested here. A contingent reward is provided only when agreed performance conditions are met.	Confusing a related leadership concept with the exact term being tested.	Review the textbook definition of contingent reward, then compare it with the closest distractor and state the one key difference.	If condition, then reward.	medium	concept_diagram	optional_after_answer	ltl2_c7_pc_q009	Simple instructional diagram contrasting contingent reward with a nearby but different leadership concept.	If condition, then reward.	A simple diagram illustrating contingent reward and how it differs from a related idea.	Learn to Lead Volume 2, Chapter 7, objectives 15-24	121-128	approved_source	draft	LTL2-C7-PC-Q010,LTL2-C7-PC-Q011	40	7	high	moderate	true	1.0	existing_original_bank	pre_sample_bank_review
LTL2-C7-PC-Q010	Chapter 7 C: Transformational & Transactional Leadership	LTL2-C7-OBJ-15-24	LTL2-C7-MANAGEMENT_BY_EXCEPTION	LTL2-C7-C-MANAGEMENT_BY_EXCEPTION	medium	understanding	multiple_choice	both	cap_direct	Management by exception focuses on	watching for departures from standards and responding to them	raising followers’ moral values	creating a shared vision	developing personal mastery	A	Management by exception reacts to mistakes, violations, or failure to meet standards.	1	Management by exception reacts to mistakes, violations, or failure to meet standards. The other choices describe related ideas, but they do not match the exact definition or situation in the question.	Correct. Management by exception reacts to mistakes, violations, or failure to meet standards.	Not quite. “raising followers’ moral values” is plausible, but it does not match the exact concept tested here. Management by exception reacts to mistakes, violations, or failure to meet standards.	Not quite. “creating a shared vision” is plausible, but it does not match the exact concept tested here. Management by exception reacts to mistakes, violations, or failure to meet standards.	Not quite. “developing personal mastery” is plausible, but it does not match the exact concept tested here. Management by exception reacts to mistakes, violations, or failure to meet standards.	Confusing a related leadership concept with the exact term being tested.	Review the textbook definition of management by exception, then compare it with the closest distractor and state the one key difference.	Exception triggers response.	medium	concept_diagram	optional_after_answer	ltl2_c7_pc_q010	Simple instructional diagram contrasting management by exception with a nearby but different leadership concept.	Exception triggers response.	A simple diagram illustrating management by exception and how it differs from a related idea.	Learn to Lead Volume 2, Chapter 7, objectives 15-24	121-128	approved_source	draft	LTL2-C7-PC-Q011,LTL2-C7-PC-Q012	40	7	high	moderate	true	1.0	existing_original_bank	pre_sample_bank_review
LTL2-C7-PC-Q011	Chapter 7 C: Transformational & Transactional Leadership	LTL2-C7-OBJ-15-24	LTL2-C7-ACTIVE_MBE	LTL2-C7-C-ACTIVE_MBE	hard	understanding	multiple_choice	both	cap_direct	Active management by exception differs from passive MBE because the active leader	monitors performance and corrects problems quickly	waits until problems become serious	offers rewards before work begins	avoids standards	A	Active MBE searches for errors and corrects them promptly; passive MBE waits.	1	Active MBE searches for errors and corrects them promptly; passive MBE waits. The other choices describe related ideas, but they do not match the exact definition or situation in the question.	Correct. Active MBE searches for errors and corrects them promptly; passive MBE waits.	Not quite. “waits until problems become serious” is plausible, but it does not match the exact concept tested here. Active MBE searches for errors and corrects them promptly; passive MBE waits.	Not quite. “offers rewards before work begins” is plausible, but it does not match the exact concept tested here. Active MBE searches for errors and corrects them promptly; passive MBE waits.	Not quite. “avoids standards” is plausible, but it does not match the exact concept tested here. Active MBE searches for errors and corrects them promptly; passive MBE waits.	Confusing a related leadership concept with the exact term being tested.	Review the textbook definition of active MBE, then compare it with the closest distractor and state the one key difference.	Active watches; passive waits.	high	concept_diagram	optional_after_answer	ltl2_c7_pc_q011	Simple instructional diagram contrasting active MBE with a nearby but different leadership concept.	Active watches; passive waits.	A simple diagram illustrating active MBE and how it differs from a related idea.	Learn to Lead Volume 2, Chapter 7, objectives 15-24	121-128	approved_source	draft	LTL2-C7-PC-Q012,LTL2-C7-PC-Q013	50	7	low	basic	false	0	existing_original_bank	pre_sample_bank_review
LTL2-C7-PC-Q012	Chapter 7 C: Transformational & Transactional Leadership	LTL2-C7-OBJ-15-24	LTL2-C7-PASSIVE_MBE	LTL2-C7-C-PASSIVE_MBE	medium	scenario	multiple_choice	both	scenario	A commander says nothing during training, then weeks later gives a list of mistakes. This is	idealized influence	passive management by exception	intellectual stimulation	supportive leadership	B	Passive MBE delays action until problems have already occurred or become serious.	1	Passive MBE delays action until problems have already occurred or become serious. The other choices describe related ideas, but they do not match the exact definition or situation in the question.	Not quite. “idealized influence” is plausible, but it does not match the exact concept tested here. Passive MBE delays action until problems have already occurred or become serious.	Correct. Passive MBE delays action until problems have already occurred or become serious.	Not quite. “intellectual stimulation” is plausible, but it does not match the exact concept tested here. Passive MBE delays action until problems have already occurred or become serious.	Not quite. “supportive leadership” is plausible, but it does not match the exact concept tested here. Passive MBE delays action until problems have already occurred or become serious.	Confusing a related leadership concept with the exact term being tested.	Review the textbook definition of passive MBE, then compare it with the closest distractor and state the one key difference.	Late correction is passive MBE.	medium	concept_diagram	optional_after_answer	ltl2_c7_pc_q012	Simple instructional diagram contrasting passive MBE with a nearby but different leadership concept.	Late correction is passive MBE.	A simple diagram illustrating passive MBE and how it differs from a related idea.	Learn to Lead Volume 2, Chapter 7, objectives 15-24	121-128	approved_source	draft	LTL2-C7-PC-Q013,LTL2-C7-PC-Q014	40	7	low	basic	false	0	existing_original_bank	pre_sample_bank_review
LTL2-C7-PC-Q013	Chapter 7 C: Transformational & Transactional Leadership	LTL2-C7-OBJ-15-24	LTL2-C7-LAISSEZ_FAIRE_NONLEADERSHIP	LTL2-C7-C-LAISSEZ_FAIRE_NONLEADERSHIP	hard	understanding	multiple_choice	both	cap_direct	In the transformational leadership continuum, laissez-faire describes	a hands-off absence of timely decisions and feedback	a democratic style for capable teams	an exchange of rewards for results	a strong concern for both people and results	A	In this framework, laissez-faire is non-leadership marked by delay, little feedback, and unmet follower needs.	1	In this framework, laissez-faire is non-leadership marked by delay, little feedback, and unmet follower needs. The other choices describe related ideas, but they do not match the exact definition or situation in the question.	Correct. In this framework, laissez-faire is non-leadership marked by delay, little feedback, and unmet follower needs.	Not quite. “a democratic style for capable teams” is plausible, but it does not match the exact concept tested here. In this framework, laissez-faire is non-leadership marked by delay, little feedback, and unmet follower needs.	Not quite. “an exchange of rewards for results” is plausible, but it does not match the exact concept tested here. In this framework, laissez-faire is non-leadership marked by delay, little feedback, and unmet follower needs.	Not quite. “a strong concern for both people and results” is plausible, but it does not match the exact concept tested here. In this framework, laissez-faire is non-leadership marked by delay, little feedback, and unmet follower needs.	Confusing laissez-faire non-leadership here with the more positive situational use of a hands-off style.	Review the textbook definition of laissez-faire nonleadership, then compare it with the closest distractor and state the one key difference.	No decision, no feedback, no leadership.	high	concept_diagram	optional_after_answer	ltl2_c7_pc_q013	Simple instructional diagram contrasting laissez-faire nonleadership with a nearby but different leadership concept.	No decision, no feedback, no leadership.	A simple diagram illustrating laissez-faire nonleadership and how it differs from a related idea.	Learn to Lead Volume 2, Chapter 7, objectives 15-24	121-128	approved_source	draft	LTL2-C7-PC-Q014,LTL2-C7-PC-Q001	50	7	low	basic	false	0	existing_original_bank	pre_sample_bank_review
LTL2-C7-PC-Q014	Chapter 7 C: Transformational & Transactional Leadership	LTL2-C7-OBJ-15-24	LTL2-C7-LEADERSHIP_FACTORS	LTL2-C7-C-LEADERSHIP_FACTORS	hard	recognition	multiple_choice	both	cap_direct	Which factor belongs to transformational leadership rather than transactional leadership?	Contingent reward	Management by exception	Individualized consideration	Coercive power	C	Individualized consideration is one of the four transformational factors; contingent reward and MBE are transactional.	1	Individualized consideration is one of the four transformational factors; contingent reward and MBE are transactional. The other choices describe related ideas, but they do not match the exact definition or situation in the question.	Not quite. “Contingent reward” is plausible, but it does not match the exact concept tested here. Individualized consideration is one of the four transformational factors; contingent reward and MBE are transactional.	Not quite. “Management by exception” is plausible, but it does not match the exact concept tested here. Individualized consideration is one of the four transformational factors; contingent reward and MBE are transactional.	Correct. Individualized consideration is one of the four transformational factors; contingent reward and MBE are transactional.	Not quite. “Coercive power” is plausible, but it does not match the exact concept tested here. Individualized consideration is one of the four transformational factors; contingent reward and MBE are transactional.	Confusing a related leadership concept with the exact term being tested.	Review the textbook definition of leadership factors, then compare it with the closest distractor and state the one key difference.	Transformational develops the person.	high	concept_diagram	optional_after_answer	ltl2_c7_pc_q014	Simple instructional diagram contrasting leadership factors with a nearby but different leadership concept.	Transformational develops the person.	A simple diagram illustrating leadership factors and how it differs from a related idea.	Learn to Lead Volume 2, Chapter 7, objectives 15-24	121-128	approved_source	draft	LTL2-C7-PC-Q001,LTL2-C7-PC-Q002	50	7	low	basic	false	0	existing_original_bank	pre_sample_bank_review
LTL2-C7-PD-Q001	Chapter 7 D: Power	LTL2-C7-OBJ-25-27	LTL2-C7-POWER	LTL2-C7-D-POWER	medium	understanding	multiple_choice	both	cap_direct	Power is the ability of one person to	influence another	hold the highest rank	issue punishment	control every outcome	A	Power is the ability to influence another person.	1	Power is the ability to influence another person. The other choices describe related ideas, but they do not match the exact definition or situation in the question.	Correct. Power is the ability to influence another person.	Not quite. “hold the highest rank” is plausible, but it does not match the exact concept tested here. Power is the ability to influence another person.	Not quite. “issue punishment” is plausible, but it does not match the exact concept tested here. Power is the ability to influence another person.	Not quite. “control every outcome” is plausible, but it does not match the exact concept tested here. Power is the ability to influence another person.	Confusing a related leadership concept with the exact term being tested.	Review the textbook definition of power, then compare it with the closest distractor and state the one key difference.	Power = influence.	medium	concept_diagram	optional_after_answer	ltl2_c7_pd_q001	Simple instructional diagram contrasting power with a nearby but different leadership concept.	Power = influence.	A simple diagram illustrating power and how it differs from a related idea.	Learn to Lead Volume 2, Chapter 7, objectives 25-27	129-130	approved_source	draft	LTL2-C7-PD-Q002,LTL2-C7-PD-Q003	40	7	low	basic	false	0	existing_original_bank	pre_sample_bank_review
LTL2-C7-PD-Q002	Chapter 7 D: Power	LTL2-C7-OBJ-25-27	LTL2-C7-LEGITIMATE_POWER	LTL2-C7-D-LEGITIMATE_POWER	medium	understanding	multiple_choice	both	cap_direct	Followers obey because they accept the authority of the leader’s position. This is	expert power	legitimate power	referent power	reward power	B	Legitimate power comes from the recognized authority of a position.	1	Legitimate power comes from the recognized authority of a position. The other choices describe related ideas, but they do not match the exact definition or situation in the question.	Not quite. “expert power” is plausible, but it does not match the exact concept tested here. Legitimate power comes from the recognized authority of a position.	Correct. Legitimate power comes from the recognized authority of a position.	Not quite. “referent power” is plausible, but it does not match the exact concept tested here. Legitimate power comes from the recognized authority of a position.	Not quite. “reward power” is plausible, but it does not match the exact concept tested here. Legitimate power comes from the recognized authority of a position.	Confusing a related leadership concept with the exact term being tested.	Review the textbook definition of legitimate power, then compare it with the closest distractor and state the one key difference.	Legitimate = position.	medium	concept_diagram	optional_after_answer	ltl2_c7_pd_q002	Simple instructional diagram contrasting legitimate power with a nearby but different leadership concept.	Legitimate = position.	A simple diagram illustrating legitimate power and how it differs from a related idea.	Learn to Lead Volume 2, Chapter 7, objectives 25-27	129-130	approved_source	draft	LTL2-C7-PD-Q003,LTL2-C7-PD-Q004	40	7	low	basic	false	0	existing_original_bank	pre_sample_bank_review
LTL2-C7-PD-Q003	Chapter 7 D: Power	LTL2-C7-OBJ-25-27	LTL2-C7-REWARD_POWER	LTL2-C7-D-REWARD_POWER	medium	understanding	multiple_choice	both	cap_direct	A leader’s ability to provide a desired benefit creates	coercive power	reward power	expert power	referent power	B	Reward power comes from the ability to provide valued rewards.	1	Reward power comes from the ability to provide valued rewards. The other choices describe related ideas, but they do not match the exact definition or situation in the question.	Not quite. “coercive power” is plausible, but it does not match the exact concept tested here. Reward power comes from the ability to provide valued rewards.	Correct. Reward power comes from the ability to provide valued rewards.	Not quite. “expert power” is plausible, but it does not match the exact concept tested here. Reward power comes from the ability to provide valued rewards.	Not quite. “referent power” is plausible, but it does not match the exact concept tested here. Reward power comes from the ability to provide valued rewards.	Confusing a related leadership concept with the exact term being tested.	Review the textbook definition of reward power, then compare it with the closest distractor and state the one key difference.	Reward power offers benefits.	medium	concept_diagram	optional_after_answer	ltl2_c7_pd_q003	Simple instructional diagram contrasting reward power with a nearby but different leadership concept.	Reward power offers benefits.	A simple diagram illustrating reward power and how it differs from a related idea.	Learn to Lead Volume 2, Chapter 7, objectives 25-27	129-130	approved_source	draft	LTL2-C7-PD-Q004,LTL2-C7-PD-Q005	40	7	low	basic	false	0	existing_original_bank	pre_sample_bank_review
LTL2-C7-PD-Q004	Chapter 7 D: Power	LTL2-C7-OBJ-25-27	LTL2-C7-COERCIVE_POWER	LTL2-C7-D-COERCIVE_POWER	medium	understanding	multiple_choice	both	cap_direct	Followers comply because they fear punishment. This is	coercive power	legitimate power	expert power	referent power	A	Coercive power rests on the ability to punish or create fear of punishment.	1	Coercive power rests on the ability to punish or create fear of punishment. The other choices describe related ideas, but they do not match the exact definition or situation in the question.	Correct. Coercive power rests on the ability to punish or create fear of punishment.	Not quite. “legitimate power” is plausible, but it does not match the exact concept tested here. Coercive power rests on the ability to punish or create fear of punishment.	Not quite. “expert power” is plausible, but it does not match the exact concept tested here. Coercive power rests on the ability to punish or create fear of punishment.	Not quite. “referent power” is plausible, but it does not match the exact concept tested here. Coercive power rests on the ability to punish or create fear of punishment.	Confusing a related leadership concept with the exact term being tested.	Review the textbook definition of coercive power, then compare it with the closest distractor and state the one key difference.	Coercive = consequences feared.	medium	concept_diagram	optional_after_answer	ltl2_c7_pd_q004	Simple instructional diagram contrasting coercive power with a nearby but different leadership concept.	Coercive = consequences feared.	A simple diagram illustrating coercive power and how it differs from a related idea.	Learn to Lead Volume 2, Chapter 7, objectives 25-27	129-130	approved_source	draft	LTL2-C7-PD-Q005,LTL2-C7-PD-Q006	40	7	low	basic	false	0	existing_original_bank	pre_sample_bank_review
LTL2-C7-PD-Q005	Chapter 7 D: Power	LTL2-C7-OBJ-25-27	LTL2-C7-EXPERT_POWER	LTL2-C7-D-EXPERT_POWER	medium	understanding	multiple_choice	both	cap_direct	A cadet follows an NCO’s advice because the NCO has exceptional technical knowledge. This is	legitimate power	expert power	reward power	coercive power	B	Expert power comes from valued knowledge and competence.	1	Expert power comes from valued knowledge and competence. The other choices describe related ideas, but they do not match the exact definition or situation in the question.	Not quite. “legitimate power” is plausible, but it does not match the exact concept tested here. Expert power comes from valued knowledge and competence.	Correct. Expert power comes from valued knowledge and competence.	Not quite. “reward power” is plausible, but it does not match the exact concept tested here. Expert power comes from valued knowledge and competence.	Not quite. “coercive power” is plausible, but it does not match the exact concept tested here. Expert power comes from valued knowledge and competence.	Confusing a related leadership concept with the exact term being tested.	Review the textbook definition of expert power, then compare it with the closest distractor and state the one key difference.	Expert power knows.	medium	concept_diagram	optional_after_answer	ltl2_c7_pd_q005	Simple instructional diagram contrasting expert power with a nearby but different leadership concept.	Expert power knows.	A simple diagram illustrating expert power and how it differs from a related idea.	Learn to Lead Volume 2, Chapter 7, objectives 25-27	129-130	approved_source	draft	LTL2-C7-PD-Q006,LTL2-C7-PD-Q007	40	7	low	basic	false	0	existing_original_bank	pre_sample_bank_review
LTL2-C7-PD-Q006	Chapter 7 D: Power	LTL2-C7-OBJ-25-27	LTL2-C7-REFERENT_POWER	LTL2-C7-D-REFERENT_POWER	medium	understanding	multiple_choice	both	cap_direct	Referent power is strongest when followers	like, admire, and respect the leader	fear disciplinary action	want a material reward	recognize only the leader’s title	A	Referent power comes from personal respect, admiration, and identification.	1	Referent power comes from personal respect, admiration, and identification. The other choices describe related ideas, but they do not match the exact definition or situation in the question.	Correct. Referent power comes from personal respect, admiration, and identification.	Not quite. “fear disciplinary action” is plausible, but it does not match the exact concept tested here. Referent power comes from personal respect, admiration, and identification.	Not quite. “want a material reward” is plausible, but it does not match the exact concept tested here. Referent power comes from personal respect, admiration, and identification.	Not quite. “recognize only the leader’s title” is plausible, but it does not match the exact concept tested here. Referent power comes from personal respect, admiration, and identification.	Confusing a related leadership concept with the exact term being tested.	Review the textbook definition of referent power, then compare it with the closest distractor and state the one key difference.	Referent = respect for the person.	medium	concept_diagram	optional_after_answer	ltl2_c7_pd_q006	Simple instructional diagram contrasting referent power with a nearby but different leadership concept.	Referent = respect for the person.	A simple diagram illustrating referent power and how it differs from a related idea.	Learn to Lead Volume 2, Chapter 7, objectives 25-27	129-130	approved_source	draft	LTL2-C7-PD-Q007,LTL2-C7-PD-Q008	40	7	high	moderate	true	1.0	existing_original_bank	pre_sample_bank_review
LTL2-C7-PD-Q007	Chapter 7 D: Power	LTL2-C7-OBJ-25-27	LTL2-C7-POSITION_VS_PERSONAL_POWER	LTL2-C7-D-POSITION_VS_PERSONAL_POWER	hard	analysis	multiple_choice	both	cap_direct	Which pair consists entirely of personal powers?	Legitimate and reward	Reward and coercive	Expert and referent	Legitimate and expert	C	Expert and referent power belong to the person; legitimate, reward, and coercive are position powers.	1	Expert and referent power belong to the person; legitimate, reward, and coercive are position powers. The other choices describe related ideas, but they do not match the exact definition or situation in the question.	Not quite. “Legitimate and reward” is plausible, but it does not match the exact concept tested here. Expert and referent power belong to the person; legitimate, reward, and coercive are position powers.	Not quite. “Reward and coercive” is plausible, but it does not match the exact concept tested here. Expert and referent power belong to the person; legitimate, reward, and coercive are position powers.	Correct. Expert and referent power belong to the person; legitimate, reward, and coercive are position powers.	Not quite. “Legitimate and expert” is plausible, but it does not match the exact concept tested here. Expert and referent power belong to the person; legitimate, reward, and coercive are position powers.	Confusing a related leadership concept with the exact term being tested.	Review the textbook definition of position vs personal power, then compare it with the closest distractor and state the one key difference.	Personal power: know and be respected.	high	concept_diagram	optional_after_answer	ltl2_c7_pd_q007	Simple instructional diagram contrasting position vs personal power with a nearby but different leadership concept.	Personal power: know and be respected.	A simple diagram illustrating position vs personal power and how it differs from a related idea.	Learn to Lead Volume 2, Chapter 7, objectives 25-27	129-130	approved_source	draft	LTL2-C7-PD-Q008,LTL2-C7-PD-Q001	50	7	low	basic	false	0	existing_original_bank	pre_sample_bank_review
LTL2-C7-PD-Q008	Chapter 7 D: Power	LTL2-C7-OBJ-25-27	LTL2-C7-STAGES_OF_PERSONAL_POWER	LTL2-C7-D-STAGES_OF_PERSONAL_POWER	hard	understanding	multiple_choice	both	cap_direct	Which stage emphasizes integrity, honest work, and trust in the whole team’s performance?	Stage Two: Deal-making	Stage Three: Charisma	Stage Four: Integrity and Trust	Stage Five: Empowerment	C	Stage Four leads through integrity and trust rather than deals, force, or self-serving charisma.	1	Stage Four leads through integrity and trust rather than deals, force, or self-serving charisma. The other choices describe related ideas, but they do not match the exact definition or situation in the question.	Not quite. “Stage Two: Deal-making” is plausible, but it does not match the exact concept tested here. Stage Four leads through integrity and trust rather than deals, force, or self-serving charisma.	Not quite. “Stage Three: Charisma” is plausible, but it does not match the exact concept tested here. Stage Four leads through integrity and trust rather than deals, force, or self-serving charisma.	Correct. Stage Four leads through integrity and trust rather than deals, force, or self-serving charisma.	Not quite. “Stage Five: Empowerment” is plausible, but it does not match the exact concept tested here. Stage Four leads through integrity and trust rather than deals, force, or self-serving charisma.	Confusing a related leadership concept with the exact term being tested.	Review the textbook definition of stages of personal power, then compare it with the closest distractor and state the one key difference.	Stage Four: right, honest, trusted.	high	concept_diagram	optional_after_answer	ltl2_c7_pd_q008	Simple instructional diagram contrasting stages of personal power with a nearby but different leadership concept.	Stage Four: right, honest, trusted.	A simple diagram illustrating stages of personal power and how it differs from a related idea.	Learn to Lead Volume 2, Chapter 7, objectives 25-27	129-130	approved_source	draft	LTL2-C7-PD-Q001,LTL2-C7-PD-Q002	50	7	low	basic	false	0	existing_original_bank	pre_sample_bank_review
LTL2-C7-PE-Q001	Chapter 7 E: Learning Organizations & Systems	LTL2-C7-OBJ-28-34	LTL2-C7-LEARNING_ORGANIZATION	LTL2-C7-E-LEARNING_ORGANIZATION	medium	understanding	multiple_choice	both	cap_direct	A learning organization is one in which	people continually expand their ability and learn together	only leaders attend formal training	rules prevent experimentation	individual learning stays separate from team work	A	In a learning organization, people continually learn, improve, and build capability together.	1	In a learning organization, people continually learn, improve, and build capability together. The other choices describe related ideas, but they do not match the exact definition or situation in the question.	Correct. In a learning organization, people continually learn, improve, and build capability together.	Not quite. “only leaders attend formal training” is plausible, but it does not match the exact concept tested here. In a learning organization, people continually learn, improve, and build capability together.	Not quite. “rules prevent experimentation” is plausible, but it does not match the exact concept tested here. In a learning organization, people continually learn, improve, and build capability together.	Not quite. “individual learning stays separate from team work” is plausible, but it does not match the exact concept tested here. In a learning organization, people continually learn, improve, and build capability together.	Confusing a related leadership concept with the exact term being tested.	Review the textbook definition of learning organization, then compare it with the closest distractor and state the one key difference.	Learning together, improving together.	medium	concept_diagram	optional_after_answer	ltl2_c7_pe_q001	Simple instructional diagram contrasting learning organization with a nearby but different leadership concept.	Learning together, improving together.	A simple diagram illustrating learning organization and how it differs from a related idea.	Learn to Lead Volume 2, Chapter 7, objectives 28-34	131-137	approved_source	draft	LTL2-C7-PE-Q002,LTL2-C7-PE-Q003	40	7	low	basic	false	0	existing_original_bank	pre_sample_bank_review
LTL2-C7-PE-Q002	Chapter 7 E: Learning Organizations & Systems	LTL2-C7-OBJ-28-34	LTL2-C7-FIVE_DISCIPLINES	LTL2-C7-E-FIVE_DISCIPLINES	hard	recall	multiple_choice	both	cap_direct	Which set names the five disciplines of a learning organization?	Systems thinking, personal mastery, shared vision, team learning, mental models	Planning, organizing, staffing, directing, controlling	Integrity, service, excellence, respect, courage	Directive, supportive, participative, achievement-oriented, laissez-faire	A	The five disciplines are systems thinking, personal mastery, shared vision, team learning, and mental models.	1	The five disciplines are systems thinking, personal mastery, shared vision, team learning, and mental models. The other choices describe related ideas, but they do not match the exact definition or situation in the question.	Correct. The five disciplines are systems thinking, personal mastery, shared vision, team learning, and mental models.	Not quite. “Planning, organizing, staffing, directing, controlling” is plausible, but it does not match the exact concept tested here. The five disciplines are systems thinking, personal mastery, shared vision, team learning, and mental models.	Not quite. “Integrity, service, excellence, respect, courage” is plausible, but it does not match the exact concept tested here. The five disciplines are systems thinking, personal mastery, shared vision, team learning, and mental models.	Not quite. “Directive, supportive, participative, achievement-oriented, laissez-faire” is plausible, but it does not match the exact concept tested here. The five disciplines are systems thinking, personal mastery, shared vision, team learning, and mental models.	Confusing a related leadership concept with the exact term being tested.	Review the textbook definition of five disciplines, then compare it with the closest distractor and state the one key difference.	System, self, shared, team, models.	high	concept_diagram	optional_after_answer	ltl2_c7_pe_q002	Simple instructional diagram contrasting five disciplines with a nearby but different leadership concept.	System, self, shared, team, models.	A simple diagram illustrating five disciplines and how it differs from a related idea.	Learn to Lead Volume 2, Chapter 7, objectives 28-34	131-137	approved_source	draft	LTL2-C7-PE-Q003,LTL2-C7-PE-Q004	50	7	low	basic	false	0	existing_original_bank	pre_sample_bank_review
LTL2-C7-PE-Q003	Chapter 7 E: Learning Organizations & Systems	LTL2-C7-OBJ-28-34	LTL2-C7-SYSTEM	LTL2-C7-E-SYSTEM	medium	understanding	multiple_choice	both	cap_direct	A system is best understood as	a collection of independent parts	a set of interdependent parts forming a whole	a formal chain of command	a list of written standards	B	A system is a whole whose parts interact and depend on one another.	1	A system is a whole whose parts interact and depend on one another. The other choices describe related ideas, but they do not match the exact definition or situation in the question.	Not quite. “a collection of independent parts” is plausible, but it does not match the exact concept tested here. A system is a whole whose parts interact and depend on one another.	Correct. A system is a whole whose parts interact and depend on one another.	Not quite. “a formal chain of command” is plausible, but it does not match the exact concept tested here. A system is a whole whose parts interact and depend on one another.	Not quite. “a list of written standards” is plausible, but it does not match the exact concept tested here. A system is a whole whose parts interact and depend on one another.	Confusing a related leadership concept with the exact term being tested.	Review the textbook definition of system, then compare it with the closest distractor and state the one key difference.	Parts interact; the whole reacts.	medium	concept_diagram	optional_after_answer	ltl2_c7_pe_q003	Simple instructional diagram contrasting system with a nearby but different leadership concept.	Parts interact; the whole reacts.	A simple diagram illustrating system and how it differs from a related idea.	Learn to Lead Volume 2, Chapter 7, objectives 28-34	131-137	approved_source	draft	LTL2-C7-PE-Q004,LTL2-C7-PE-Q005	40	7	high	moderate	true	1.0	existing_original_bank	pre_sample_bank_review
LTL2-C7-PE-Q004	Chapter 7 E: Learning Organizations & Systems	LTL2-C7-OBJ-28-34	LTL2-C7-SYSTEMS_THINKING	LTL2-C7-E-SYSTEMS_THINKING	hard	understanding	multiple_choice	both	cap_direct	Systems thinking requires leaders to	focus only on the immediate problem	consider how actions affect interconnected parts over time	treat every event as isolated	avoid feedback loops	B	Systems thinking examines relationships, patterns, and consequences across the whole system.	1	Systems thinking examines relationships, patterns, and consequences across the whole system. The other choices describe related ideas, but they do not match the exact definition or situation in the question.	Not quite. “focus only on the immediate problem” is plausible, but it does not match the exact concept tested here. Systems thinking examines relationships, patterns, and consequences across the whole system.	Correct. Systems thinking examines relationships, patterns, and consequences across the whole system.	Not quite. “treat every event as isolated” is plausible, but it does not match the exact concept tested here. Systems thinking examines relationships, patterns, and consequences across the whole system.	Not quite. “avoid feedback loops” is plausible, but it does not match the exact concept tested here. Systems thinking examines relationships, patterns, and consequences across the whole system.	Confusing a related leadership concept with the exact term being tested.	Review the textbook definition of systems thinking, then compare it with the closest distractor and state the one key difference.	See connections, not isolated events.	high	concept_diagram	optional_after_answer	ltl2_c7_pe_q004	Simple instructional diagram contrasting systems thinking with a nearby but different leadership concept.	See connections, not isolated events.	A simple diagram illustrating systems thinking and how it differs from a related idea.	Learn to Lead Volume 2, Chapter 7, objectives 28-34	131-137	approved_source	draft	LTL2-C7-PE-Q005,LTL2-C7-PE-Q006	50	7	high	moderate	true	1.0	existing_original_bank	pre_sample_bank_review
LTL2-C7-PE-Q005	Chapter 7 E: Learning Organizations & Systems	LTL2-C7-OBJ-28-34	LTL2-C7-SYSTEMS_IGNORANCE	LTL2-C7-E-SYSTEMS_IGNORANCE	hard	scenario	multiple_choice	both	scenario	A squadron solves a scheduling problem by canceling training, then later finds retention and readiness have declined. This illustrates	systems ignorance	referent power	individualized consideration	contingent reward	A	The quick fix ignored how one change would affect other parts of the squadron.	1	The quick fix ignored how one change would affect other parts of the squadron. The other choices describe related ideas, but they do not match the exact definition or situation in the question.	Correct. The quick fix ignored how one change would affect other parts of the squadron.	Not quite. “referent power” is plausible, but it does not match the exact concept tested here. The quick fix ignored how one change would affect other parts of the squadron.	Not quite. “individualized consideration” is plausible, but it does not match the exact concept tested here. The quick fix ignored how one change would affect other parts of the squadron.	Not quite. “contingent reward” is plausible, but it does not match the exact concept tested here. The quick fix ignored how one change would affect other parts of the squadron.	Confusing a related leadership concept with the exact term being tested.	Review the textbook definition of systems ignorance, then compare it with the closest distractor and state the one key difference.	A fix in one part can hurt another.	high	concept_diagram	optional_after_answer	ltl2_c7_pe_q005	Simple instructional diagram contrasting systems ignorance with a nearby but different leadership concept.	A fix in one part can hurt another.	A simple diagram illustrating systems ignorance and how it differs from a related idea.	Learn to Lead Volume 2, Chapter 7, objectives 28-34	131-137	approved_source	draft	LTL2-C7-PE-Q006,LTL2-C7-PE-Q007	50	7	low	basic	false	0	existing_original_bank	pre_sample_bank_review
LTL2-C7-PE-Q006	Chapter 7 E: Learning Organizations & Systems	LTL2-C7-OBJ-28-34	LTL2-C7-PERSONAL_MASTERY	LTL2-C7-E-PERSONAL_MASTERY	medium	understanding	multiple_choice	both	cap_direct	Personal mastery is	continuous learning and disciplined growth toward what matters	achieving flawless performance	gaining legitimate authority	persuading followers through charisma	A	Personal mastery is an ongoing discipline of learning, growth, and pursuing meaningful vision.	1	Personal mastery is an ongoing discipline of learning, growth, and pursuing meaningful vision. The other choices describe related ideas, but they do not match the exact definition or situation in the question.	Correct. Personal mastery is an ongoing discipline of learning, growth, and pursuing meaningful vision.	Not quite. “achieving flawless performance” is plausible, but it does not match the exact concept tested here. Personal mastery is an ongoing discipline of learning, growth, and pursuing meaningful vision.	Not quite. “gaining legitimate authority” is plausible, but it does not match the exact concept tested here. Personal mastery is an ongoing discipline of learning, growth, and pursuing meaningful vision.	Not quite. “persuading followers through charisma” is plausible, but it does not match the exact concept tested here. Personal mastery is an ongoing discipline of learning, growth, and pursuing meaningful vision.	Confusing a related leadership concept with the exact term being tested.	Review the textbook definition of personal mastery, then compare it with the closest distractor and state the one key difference.	Mastery is a journey, not perfection.	medium	concept_diagram	optional_after_answer	ltl2_c7_pe_q006	Simple instructional diagram contrasting personal mastery with a nearby but different leadership concept.	Mastery is a journey, not perfection.	A simple diagram illustrating personal mastery and how it differs from a related idea.	Learn to Lead Volume 2, Chapter 7, objectives 28-34	131-137	approved_source	draft	LTL2-C7-PE-Q007,LTL2-C7-PE-Q008	40	7	high	moderate	true	1.0	existing_original_bank	pre_sample_bank_review
LTL2-C7-PE-Q007	Chapter 7 E: Learning Organizations & Systems	LTL2-C7-OBJ-28-34	LTL2-C7-PERSONAL_VISION	LTL2-C7-E-PERSONAL_VISION	medium	understanding	multiple_choice	both	cap_direct	A personal vision is	a clear picture of the future an individual wants to create	a team’s unwritten rules	a leader’s formal authority	a reward attached to a condition	A	Personal vision describes a desired future that guides learning and effort.	1	Personal vision describes a desired future that guides learning and effort. The other choices describe related ideas, but they do not match the exact definition or situation in the question.	Correct. Personal vision describes a desired future that guides learning and effort.	Not quite. “a team’s unwritten rules” is plausible, but it does not match the exact concept tested here. Personal vision describes a desired future that guides learning and effort.	Not quite. “a leader’s formal authority” is plausible, but it does not match the exact concept tested here. Personal vision describes a desired future that guides learning and effort.	Not quite. “a reward attached to a condition” is plausible, but it does not match the exact concept tested here. Personal vision describes a desired future that guides learning and effort.	Confusing a related leadership concept with the exact term being tested.	Review the textbook definition of personal vision, then compare it with the closest distractor and state the one key difference.	Vision pictures the future.	medium	concept_diagram	optional_after_answer	ltl2_c7_pe_q007	Simple instructional diagram contrasting personal vision with a nearby but different leadership concept.	Vision pictures the future.	A simple diagram illustrating personal vision and how it differs from a related idea.	Learn to Lead Volume 2, Chapter 7, objectives 28-34	131-137	approved_source	draft	LTL2-C7-PE-Q008,LTL2-C7-PE-Q009	40	7	high	moderate	true	1.0	existing_original_bank	pre_sample_bank_review
LTL2-C7-PE-Q008	Chapter 7 E: Learning Organizations & Systems	LTL2-C7-OBJ-28-34	LTL2-C7-CREATIVE_TENSION	LTL2-C7-E-CREATIVE_TENSION	hard	understanding	multiple_choice	both	cap_direct	The gap between a personal vision and present reality can create	creative tension that motivates growth	coercive power	passive management by exception	groupthink	A	Creative tension arises from the gap between current reality and a desired future and can energize improvement.	1	Creative tension arises from the gap between current reality and a desired future and can energize improvement. The other choices describe related ideas, but they do not match the exact definition or situation in the question.	Correct. Creative tension arises from the gap between current reality and a desired future and can energize improvement.	Not quite. “coercive power” is plausible, but it does not match the exact concept tested here. Creative tension arises from the gap between current reality and a desired future and can energize improvement.	Not quite. “passive management by exception” is plausible, but it does not match the exact concept tested here. Creative tension arises from the gap between current reality and a desired future and can energize improvement.	Not quite. “groupthink” is plausible, but it does not match the exact concept tested here. Creative tension arises from the gap between current reality and a desired future and can energize improvement.	Confusing a related leadership concept with the exact term being tested.	Review the textbook definition of creative tension, then compare it with the closest distractor and state the one key difference.	Vision minus reality creates tension to grow.	high	concept_diagram	optional_after_answer	ltl2_c7_pe_q008	Simple instructional diagram contrasting creative tension with a nearby but different leadership concept.	Vision minus reality creates tension to grow.	A simple diagram illustrating creative tension and how it differs from a related idea.	Learn to Lead Volume 2, Chapter 7, objectives 28-34	131-137	approved_source	draft	LTL2-C7-PE-Q009,LTL2-C7-PE-Q010	50	7	low	basic	false	0	existing_original_bank	pre_sample_bank_review
LTL2-C7-PE-Q009	Chapter 7 E: Learning Organizations & Systems	LTL2-C7-OBJ-28-34	LTL2-C7-SHARED_VISION	LTL2-C7-E-SHARED_VISION	medium	understanding	multiple_choice	both	cap_direct	A shared vision is strongest when	followers merely comply with the commander’s private goal	members genuinely share and commit to a common future	the goal is kept vague	rewards replace commitment	B	A shared vision is a common picture of the future that people genuinely own together.	1	A shared vision is a common picture of the future that people genuinely own together. The other choices describe related ideas, but they do not match the exact definition or situation in the question.	Not quite. “followers merely comply with the commander’s private goal” is plausible, but it does not match the exact concept tested here. A shared vision is a common picture of the future that people genuinely own together.	Correct. A shared vision is a common picture of the future that people genuinely own together.	Not quite. “the goal is kept vague” is plausible, but it does not match the exact concept tested here. A shared vision is a common picture of the future that people genuinely own together.	Not quite. “rewards replace commitment” is plausible, but it does not match the exact concept tested here. A shared vision is a common picture of the future that people genuinely own together.	Confusing a related leadership concept with the exact term being tested.	Review the textbook definition of shared vision, then compare it with the closest distractor and state the one key difference.	Shared vision is ours, not merely yours.	medium	concept_diagram	optional_after_answer	ltl2_c7_pe_q009	Simple instructional diagram contrasting shared vision with a nearby but different leadership concept.	Shared vision is ours, not merely yours.	A simple diagram illustrating shared vision and how it differs from a related idea.	Learn to Lead Volume 2, Chapter 7, objectives 28-34	131-137	approved_source	draft	LTL2-C7-PE-Q010,LTL2-C7-PE-Q001	40	7	high	moderate	true	1.0	existing_original_bank	pre_sample_bank_review
LTL2-C7-PE-Q010	Chapter 7 E: Learning Organizations & Systems	LTL2-C7-OBJ-28-34	LTL2-C7-SHARED_VISION	LTL2-C7-E-SHARED_VISION	hard	analysis	multiple_choice	both	cap_direct	Why can shared vision encourage risk-taking?	It guarantees success	It creates commitment to a larger purpose despite uncertainty	It removes standards	It replaces planning with enthusiasm	B	A compelling shared purpose can make people willing to experiment even without guarantees.	1	A compelling shared purpose can make people willing to experiment even without guarantees. The other choices describe related ideas, but they do not match the exact definition or situation in the question.	Not quite. “It guarantees success” is plausible, but it does not match the exact concept tested here. A compelling shared purpose can make people willing to experiment even without guarantees.	Correct. A compelling shared purpose can make people willing to experiment even without guarantees.	Not quite. “It removes standards” is plausible, but it does not match the exact concept tested here. A compelling shared purpose can make people willing to experiment even without guarantees.	Not quite. “It replaces planning with enthusiasm” is plausible, but it does not match the exact concept tested here. A compelling shared purpose can make people willing to experiment even without guarantees.	Confusing a related leadership concept with the exact term being tested.	Review the textbook definition of shared vision, then compare it with the closest distractor and state the one key difference.	Purpose can outweigh fear of uncertainty.	high	concept_diagram	optional_after_answer	ltl2_c7_pe_q010	Simple instructional diagram contrasting shared vision with a nearby but different leadership concept.	Purpose can outweigh fear of uncertainty.	A simple diagram illustrating shared vision and how it differs from a related idea.	Learn to Lead Volume 2, Chapter 7, objectives 28-34	131-137	approved_source	draft	LTL2-C7-PE-Q001,LTL2-C7-PE-Q002	50	7	low	basic	false	0	existing_original_bank	pre_sample_bank_review
LTL2-C7-PF-Q001	Chapter 7 F: Team Learning & Mental Models	LTL2-C7-OBJ-35-41	LTL2-C7-TEAM_LEARNING	LTL2-C7-F-TEAM_LEARNING	medium	understanding	multiple_choice	both	cap_direct	Team learning occurs when	members combine insight and improve their ability to think and act together	every member studies alone	the leader supplies every answer	discussion is avoided	A	Team learning develops the group’s capacity to think, learn, and act together.	1	Team learning develops the group’s capacity to think, learn, and act together. The other choices describe related ideas, but they do not match the exact definition or situation in the question.	Correct. Team learning develops the group’s capacity to think, learn, and act together.	Not quite. “every member studies alone” is plausible, but it does not match the exact concept tested here. Team learning develops the group’s capacity to think, learn, and act together.	Not quite. “the leader supplies every answer” is plausible, but it does not match the exact concept tested here. Team learning develops the group’s capacity to think, learn, and act together.	Not quite. “discussion is avoided” is plausible, but it does not match the exact concept tested here. Team learning develops the group’s capacity to think, learn, and act together.	Confusing a related leadership concept with the exact term being tested.	Review the textbook definition of team learning, then compare it with the closest distractor and state the one key difference.	Learn together; act together.	medium	concept_diagram	optional_after_answer	ltl2_c7_pf_q001	Simple instructional diagram contrasting team learning with a nearby but different leadership concept.	Learn together; act together.	A simple diagram illustrating team learning and how it differs from a related idea.	Learn to Lead Volume 2, Chapter 7, objectives 35-41	138-143	approved_source	draft	LTL2-C7-PF-Q002,LTL2-C7-PF-Q003	40	7	high	moderate	true	1.0	existing_original_bank	pre_sample_bank_review
LTL2-C7-PF-Q002	Chapter 7 F: Team Learning & Mental Models	LTL2-C7-OBJ-35-41	LTL2-C7-SYNERGY	LTL2-C7-F-SYNERGY	medium	understanding	multiple_choice	both	cap_direct	Synergy means	the whole can produce more than the separate efforts of its parts	all members must think identically	the leader’s power replaces teamwork	individual effort becomes unnecessary	A	Synergy is the added value created when coordinated teamwork exceeds isolated effort.	1	Synergy is the added value created when coordinated teamwork exceeds isolated effort. The other choices describe related ideas, but they do not match the exact definition or situation in the question.	Correct. Synergy is the added value created when coordinated teamwork exceeds isolated effort.	Not quite. “all members must think identically” is plausible, but it does not match the exact concept tested here. Synergy is the added value created when coordinated teamwork exceeds isolated effort.	Not quite. “the leader’s power replaces teamwork” is plausible, but it does not match the exact concept tested here. Synergy is the added value created when coordinated teamwork exceeds isolated effort.	Not quite. “individual effort becomes unnecessary” is plausible, but it does not match the exact concept tested here. Synergy is the added value created when coordinated teamwork exceeds isolated effort.	Confusing a related leadership concept with the exact term being tested.	Review the textbook definition of synergy, then compare it with the closest distractor and state the one key difference.	Together can equal more than the sum.	medium	concept_diagram	optional_after_answer	ltl2_c7_pf_q002	Simple instructional diagram contrasting synergy with a nearby but different leadership concept.	Together can equal more than the sum.	A simple diagram illustrating synergy and how it differs from a related idea.	Learn to Lead Volume 2, Chapter 7, objectives 35-41	138-143	approved_source	draft	LTL2-C7-PF-Q003,LTL2-C7-PF-Q004	40	7	high	moderate	true	1.0	existing_original_bank	pre_sample_bank_review
LTL2-C7-PF-Q003	Chapter 7 F: Team Learning & Mental Models	LTL2-C7-OBJ-35-41	LTL2-C7-DIALOGUE_VS_DISCUSSION	LTL2-C7-F-DIALOGUE_VS_DISCUSSION	hard	understanding	multiple_choice	both	cap_direct	Which distinction is most accurate?	Dialogue explores ideas together; discussion often argues and selects among views	Dialogue requires agreement; discussion forbids conclusions	Dialogue is task behavior; discussion is relationship behavior	Dialogue is private; discussion is always public	A	Dialogue opens inquiry and shared understanding, while discussion often presents and tests positions to reach a decision.	1	Dialogue opens inquiry and shared understanding, while discussion often presents and tests positions to reach a decision. The other choices describe related ideas, but they do not match the exact definition or situation in the question.	Correct. Dialogue opens inquiry and shared understanding, while discussion often presents and tests positions to reach a decision.	Not quite. “Dialogue requires agreement; discussion forbids conclusions” is plausible, but it does not match the exact concept tested here. Dialogue opens inquiry and shared understanding, while discussion often presents and tests positions to reach a decision.	Not quite. “Dialogue is task behavior; discussion is relationship behavior” is plausible, but it does not match the exact concept tested here. Dialogue opens inquiry and shared understanding, while discussion often presents and tests positions to reach a decision.	Not quite. “Dialogue is private; discussion is always public” is plausible, but it does not match the exact concept tested here. Dialogue opens inquiry and shared understanding, while discussion often presents and tests positions to reach a decision.	Confusing a related leadership concept with the exact term being tested.	Review the textbook definition of dialogue vs discussion, then compare it with the closest distractor and state the one key difference.	Dialogue explores; discussion decides.	high	concept_diagram	optional_after_answer	ltl2_c7_pf_q003	Simple instructional diagram contrasting dialogue vs discussion with a nearby but different leadership concept.	Dialogue explores; discussion decides.	A simple diagram illustrating dialogue vs discussion and how it differs from a related idea.	Learn to Lead Volume 2, Chapter 7, objectives 35-41	138-143	approved_source	draft	LTL2-C7-PF-Q004,LTL2-C7-PF-Q005	50	7	high	moderate	true	1.0	existing_original_bank	pre_sample_bank_review
LTL2-C7-PF-Q004	Chapter 7 F: Team Learning & Mental Models	LTL2-C7-OBJ-35-41	LTL2-C7-MENTAL_MODELS	LTL2-C7-F-MENTAL_MODELS	medium	understanding	multiple_choice	both	cap_direct	Mental models are	deep assumptions and internal pictures that shape how people interpret the world	formal written regulations	rewards offered for performance	objective measurements only	A	Mental models are often-unspoken assumptions and images that influence perception and action.	1	Mental models are often-unspoken assumptions and images that influence perception and action. The other choices describe related ideas, but they do not match the exact definition or situation in the question.	Correct. Mental models are often-unspoken assumptions and images that influence perception and action.	Not quite. “formal written regulations” is plausible, but it does not match the exact concept tested here. Mental models are often-unspoken assumptions and images that influence perception and action.	Not quite. “rewards offered for performance” is plausible, but it does not match the exact concept tested here. Mental models are often-unspoken assumptions and images that influence perception and action.	Not quite. “objective measurements only” is plausible, but it does not match the exact concept tested here. Mental models are often-unspoken assumptions and images that influence perception and action.	Confusing a related leadership concept with the exact term being tested.	Review the textbook definition of mental models, then compare it with the closest distractor and state the one key difference.	Mental models are the lenses you use.	medium	concept_diagram	optional_after_answer	ltl2_c7_pf_q004	Simple instructional diagram contrasting mental models with a nearby but different leadership concept.	Mental models are the lenses you use.	A simple diagram illustrating mental models and how it differs from a related idea.	Learn to Lead Volume 2, Chapter 7, objectives 35-41	138-143	approved_source	draft	LTL2-C7-PF-Q005,LTL2-C7-PF-Q006	40	7	high	moderate	true	1.0	existing_original_bank	pre_sample_bank_review
LTL2-C7-PF-Q005	Chapter 7 F: Team Learning & Mental Models	LTL2-C7-OBJ-35-41	LTL2-C7-ESPOUSED_THEORY_VS_THEORY_IN_USE	LTL2-C7-F-ESPOUSED_THEORY_VS_THEORY_IN_USE	hard	understanding	multiple_choice	both	cap_direct	An espoused theory is what a person says they believe, while a theory-in-use is	the belief shown by actual behavior	a belief officially approved by the organization	a temporary automatic thought	a shared vision	A	Theory-in-use is revealed by what a person actually does, which may differ from stated beliefs.	1	Theory-in-use is revealed by what a person actually does, which may differ from stated beliefs. The other choices describe related ideas, but they do not match the exact definition or situation in the question.	Correct. Theory-in-use is revealed by what a person actually does, which may differ from stated beliefs.	Not quite. “a belief officially approved by the organization” is plausible, but it does not match the exact concept tested here. Theory-in-use is revealed by what a person actually does, which may differ from stated beliefs.	Not quite. “a temporary automatic thought” is plausible, but it does not match the exact concept tested here. Theory-in-use is revealed by what a person actually does, which may differ from stated beliefs.	Not quite. “a shared vision” is plausible, but it does not match the exact concept tested here. Theory-in-use is revealed by what a person actually does, which may differ from stated beliefs.	Confusing a related leadership concept with the exact term being tested.	Review the textbook definition of espoused theory vs theory in use, then compare it with the closest distractor and state the one key difference.	Said belief versus lived belief.	high	concept_diagram	optional_after_answer	ltl2_c7_pf_q005	Simple instructional diagram contrasting espoused theory vs theory in use with a nearby but different leadership concept.	Said belief versus lived belief.	A simple diagram illustrating espoused theory vs theory in use and how it differs from a related idea.	Learn to Lead Volume 2, Chapter 7, objectives 35-41	138-143	approved_source	draft	LTL2-C7-PF-Q006,LTL2-C7-PF-Q007	50	7	low	basic	false	0	existing_original_bank	pre_sample_bank_review
LTL2-C7-PF-Q006	Chapter 7 F: Team Learning & Mental Models	LTL2-C7-OBJ-35-41	LTL2-C7-LEAP_OF_ABSTRACTION	LTL2-C7-F-LEAP_OF_ABSTRACTION	hard	understanding	multiple_choice	both	cap_direct	A leap of abstraction occurs when a leader	turns limited observations into a broad conclusion without checking assumptions	asks questions before deciding	compares several sources of evidence	clarifies a shared vision	A	A leap of abstraction jumps from limited facts to an untested general conclusion.	1	A leap of abstraction jumps from limited facts to an untested general conclusion. The other choices describe related ideas, but they do not match the exact definition or situation in the question.	Correct. A leap of abstraction jumps from limited facts to an untested general conclusion.	Not quite. “asks questions before deciding” is plausible, but it does not match the exact concept tested here. A leap of abstraction jumps from limited facts to an untested general conclusion.	Not quite. “compares several sources of evidence” is plausible, but it does not match the exact concept tested here. A leap of abstraction jumps from limited facts to an untested general conclusion.	Not quite. “clarifies a shared vision” is plausible, but it does not match the exact concept tested here. A leap of abstraction jumps from limited facts to an untested general conclusion.	Confusing a related leadership concept with the exact term being tested.	Review the textbook definition of leap of abstraction, then compare it with the closest distractor and state the one key difference.	Few facts, big conclusion.	high	concept_diagram	optional_after_answer	ltl2_c7_pf_q006	Simple instructional diagram contrasting leap of abstraction with a nearby but different leadership concept.	Few facts, big conclusion.	A simple diagram illustrating leap of abstraction and how it differs from a related idea.	Learn to Lead Volume 2, Chapter 7, objectives 35-41	138-143	approved_source	draft	LTL2-C7-PF-Q007,LTL2-C7-PF-Q008	50	7	low	basic	false	0	existing_original_bank	pre_sample_bank_review
LTL2-C7-PF-Q007	Chapter 7 F: Team Learning & Mental Models	LTL2-C7-OBJ-35-41	LTL2-C7-INQUIRY_AND_ADVOCACY	LTL2-C7-F-INQUIRY_AND_ADVOCACY	medium	understanding	multiple_choice	both	cap_direct	Inquiry means	asking questions to understand	arguing for a course of action	rewarding compliance	using formal authority	A	Inquiry seeks information and understanding; advocacy argues for a position.	1	Inquiry seeks information and understanding; advocacy argues for a position. The other choices describe related ideas, but they do not match the exact definition or situation in the question.	Correct. Inquiry seeks information and understanding; advocacy argues for a position.	Not quite. “arguing for a course of action” is plausible, but it does not match the exact concept tested here. Inquiry seeks information and understanding; advocacy argues for a position.	Not quite. “rewarding compliance” is plausible, but it does not match the exact concept tested here. Inquiry seeks information and understanding; advocacy argues for a position.	Not quite. “using formal authority” is plausible, but it does not match the exact concept tested here. Inquiry seeks information and understanding; advocacy argues for a position.	Confusing a related leadership concept with the exact term being tested.	Review the textbook definition of inquiry and advocacy, then compare it with the closest distractor and state the one key difference.	Inquiry asks; advocacy argues.	medium	concept_diagram	optional_after_answer	ltl2_c7_pf_q007	Simple instructional diagram contrasting inquiry and advocacy with a nearby but different leadership concept.	Inquiry asks; advocacy argues.	A simple diagram illustrating inquiry and advocacy and how it differs from a related idea.	Learn to Lead Volume 2, Chapter 7, objectives 35-41	138-143	approved_source	draft	LTL2-C7-PF-Q008,LTL2-C7-PF-Q001	40	7	high	moderate	true	1.0	existing_original_bank	pre_sample_bank_review
LTL2-C7-PF-Q008	Chapter 7 F: Team Learning & Mental Models	LTL2-C7-OBJ-35-41	LTL2-C7-BALANCING_INQUIRY_AND_ADVOCACY	LTL2-C7-F-BALANCING_INQUIRY_AND_ADVOCACY	hard	analysis	multiple_choice	both	cap_direct	Why should leaders balance inquiry with advocacy?	To understand other views while also explaining and testing their own position	To avoid making any recommendation	To ensure followers always agree	To replace evidence with compromise	A	Balancing inquiry and advocacy promotes learning, candor, and better-tested decisions.	1	Balancing inquiry and advocacy promotes learning, candor, and better-tested decisions. The other choices describe related ideas, but they do not match the exact definition or situation in the question.	Correct. Balancing inquiry and advocacy promotes learning, candor, and better-tested decisions.	Not quite. “To avoid making any recommendation” is plausible, but it does not match the exact concept tested here. Balancing inquiry and advocacy promotes learning, candor, and better-tested decisions.	Not quite. “To ensure followers always agree” is plausible, but it does not match the exact concept tested here. Balancing inquiry and advocacy promotes learning, candor, and better-tested decisions.	Not quite. “To replace evidence with compromise” is plausible, but it does not match the exact concept tested here. Balancing inquiry and advocacy promotes learning, candor, and better-tested decisions.	Confusing a related leadership concept with the exact term being tested.	Review the textbook definition of balancing inquiry and advocacy, then compare it with the closest distractor and state the one key difference.	Ask honestly; argue openly.	high	concept_diagram	optional_after_answer	ltl2_c7_pf_q008	Simple instructional diagram contrasting balancing inquiry and advocacy with a nearby but different leadership concept.	Ask honestly; argue openly.	A simple diagram illustrating balancing inquiry and advocacy and how it differs from a related idea.	Learn to Lead Volume 2, Chapter 7, objectives 35-41	138-143	approved_source	draft	LTL2-C7-PF-Q001,LTL2-C7-PF-Q002	50	7	low	basic	false	0	existing_original_bank	pre_sample_bank_review
LTL2-C7-PG-Q001	Chapter 7 G: Situational Leadership	LTL2-C7-OBJ-42-47	LTL2-C7-TASK_BEHAVIOR	LTL2-C7-G-TASK_BEHAVIOR	medium	understanding	multiple_choice	both	cap_direct	Task behavior concerns	organizing work, schedules, responsibilities, and methods	building morale and trust	developing referent power	forming a shared vision only	A	Task behavior focuses directly on how the job gets organized and completed.	1	Task behavior focuses directly on how the job gets organized and completed. The other choices describe related ideas, but they do not match the exact definition or situation in the question.	Correct. Task behavior focuses directly on how the job gets organized and completed.	Not quite. “building morale and trust” is plausible, but it does not match the exact concept tested here. Task behavior focuses directly on how the job gets organized and completed.	Not quite. “developing referent power” is plausible, but it does not match the exact concept tested here. Task behavior focuses directly on how the job gets organized and completed.	Not quite. “forming a shared vision only” is plausible, but it does not match the exact concept tested here. Task behavior focuses directly on how the job gets organized and completed.	Confusing a related leadership concept with the exact term being tested.	Review the textbook definition of task behavior, then compare it with the closest distractor and state the one key difference.	Task = how work gets done.	medium	concept_diagram	optional_after_answer	ltl2_c7_pg_q001	Simple instructional diagram contrasting task behavior with a nearby but different leadership concept.	Task = how work gets done.	A simple diagram illustrating task behavior and how it differs from a related idea.	Learn to Lead Volume 2, Chapter 7, objectives 42-47	143-146	approved_source	draft	LTL2-C7-PG-Q002,LTL2-C7-PG-Q003	40	7	high	moderate	true	1.0	existing_original_bank	pre_sample_bank_review
LTL2-C7-PG-Q002	Chapter 7 G: Situational Leadership	LTL2-C7-OBJ-42-47	LTL2-C7-RELATIONSHIP_BEHAVIOR	LTL2-C7-G-RELATIONSHIP_BEHAVIOR	medium	understanding	multiple_choice	both	cap_direct	Relationship behavior includes	building morale, trust, respect, and fellowship	setting deadlines and assigning tasks	correcting every exception	offering contingent rewards only	A	Relationship behavior focuses on the human connection between leader and followers.	1	Relationship behavior focuses on the human connection between leader and followers. The other choices describe related ideas, but they do not match the exact definition or situation in the question.	Correct. Relationship behavior focuses on the human connection between leader and followers.	Not quite. “setting deadlines and assigning tasks” is plausible, but it does not match the exact concept tested here. Relationship behavior focuses on the human connection between leader and followers.	Not quite. “correcting every exception” is plausible, but it does not match the exact concept tested here. Relationship behavior focuses on the human connection between leader and followers.	Not quite. “offering contingent rewards only” is plausible, but it does not match the exact concept tested here. Relationship behavior focuses on the human connection between leader and followers.	Confusing a related leadership concept with the exact term being tested.	Review the textbook definition of relationship behavior, then compare it with the closest distractor and state the one key difference.	Relationship = trust and morale.	medium	concept_diagram	optional_after_answer	ltl2_c7_pg_q002	Simple instructional diagram contrasting relationship behavior with a nearby but different leadership concept.	Relationship = trust and morale.	A simple diagram illustrating relationship behavior and how it differs from a related idea.	Learn to Lead Volume 2, Chapter 7, objectives 42-47	143-146	approved_source	draft	LTL2-C7-PG-Q003,LTL2-C7-PG-Q004	40	7	high	moderate	true	1.0	existing_original_bank	pre_sample_bank_review
LTL2-C7-PG-Q003	Chapter 7 G: Situational Leadership	LTL2-C7-OBJ-42-47	LTL2-C7-SITUATIONAL_LEADERSHIP	LTL2-C7-G-SITUATIONAL_LEADERSHIP	medium	understanding	multiple_choice	both	cap_direct	The main idea of situational leadership is to	match leadership style to the situation	use democratic leadership in every case	lead according to personality alone	avoid changing behavior	A	Situational leadership says different challenges and followers may require different styles.	1	Situational leadership says different challenges and followers may require different styles. The other choices describe related ideas, but they do not match the exact definition or situation in the question.	Correct. Situational leadership says different challenges and followers may require different styles.	Not quite. “use democratic leadership in every case” is plausible, but it does not match the exact concept tested here. Situational leadership says different challenges and followers may require different styles.	Not quite. “lead according to personality alone” is plausible, but it does not match the exact concept tested here. Situational leadership says different challenges and followers may require different styles.	Not quite. “avoid changing behavior” is plausible, but it does not match the exact concept tested here. Situational leadership says different challenges and followers may require different styles.	Confusing a related leadership concept with the exact term being tested.	Review the textbook definition of situational leadership, then compare it with the closest distractor and state the one key difference.	Match the tool to the situation.	medium	concept_diagram	optional_after_answer	ltl2_c7_pg_q003	Simple instructional diagram contrasting situational leadership with a nearby but different leadership concept.	Match the tool to the situation.	A simple diagram illustrating situational leadership and how it differs from a related idea.	Learn to Lead Volume 2, Chapter 7, objectives 42-47	143-146	approved_source	draft	LTL2-C7-PG-Q004,LTL2-C7-PG-Q005	40	7	low	basic	false	0	existing_original_bank	pre_sample_bank_review
LTL2-C7-PG-Q004	Chapter 7 G: Situational Leadership	LTL2-C7-OBJ-42-47	LTL2-C7-AUTHORITARIAN_STYLE	LTL2-C7-G-AUTHORITARIAN_STYLE	medium	understanding	multiple_choice	both	cap_direct	The authoritarian style is most appropriate when	a critical emergency requires immediate direct action	an expert team is working smoothly	the group needs broad participation in long-term goals	the leader wants no involvement	A	Authoritarian leadership can be appropriate when time is limited, danger is immediate, or direct orders are necessary.	1	Authoritarian leadership can be appropriate when time is limited, danger is immediate, or direct orders are necessary. The other choices describe related ideas, but they do not match the exact definition or situation in the question.	Correct. Authoritarian leadership can be appropriate when time is limited, danger is immediate, or direct orders are necessary.	Not quite. “an expert team is working smoothly” is plausible, but it does not match the exact concept tested here. Authoritarian leadership can be appropriate when time is limited, danger is immediate, or direct orders are necessary.	Not quite. “the group needs broad participation in long-term goals” is plausible, but it does not match the exact concept tested here. Authoritarian leadership can be appropriate when time is limited, danger is immediate, or direct orders are necessary.	Not quite. “the leader wants no involvement” is plausible, but it does not match the exact concept tested here. Authoritarian leadership can be appropriate when time is limited, danger is immediate, or direct orders are necessary.	Confusing a related leadership concept with the exact term being tested.	Review the textbook definition of authoritarian style, then compare it with the closest distractor and state the one key difference.	Emergency: be direct.	medium	concept_diagram	optional_after_answer	ltl2_c7_pg_q004	Simple instructional diagram contrasting authoritarian style with a nearby but different leadership concept.	Emergency: be direct.	A simple diagram illustrating authoritarian style and how it differs from a related idea.	Learn to Lead Volume 2, Chapter 7, objectives 42-47	143-146	approved_source	draft	LTL2-C7-PG-Q005,LTL2-C7-PG-Q006	40	7	low	basic	false	0	existing_original_bank	pre_sample_bank_review
LTL2-C7-PG-Q005	Chapter 7 G: Situational Leadership	LTL2-C7-OBJ-42-47	LTL2-C7-DEMOCRATIC_STYLE	LTL2-C7-G-DEMOCRATIC_STYLE	medium	understanding	multiple_choice	both	cap_direct	A democratic leadership style is most appropriate when	followers should help shape goals and share responsibility	seconds matter in a life-threatening emergency	a highly capable expert needs no guidance	the leader wants to avoid decisions	A	Democratic leadership uses listening, discussion, and follower participation in decisions.	1	Democratic leadership uses listening, discussion, and follower participation in decisions. The other choices describe related ideas, but they do not match the exact definition or situation in the question.	Correct. Democratic leadership uses listening, discussion, and follower participation in decisions.	Not quite. “seconds matter in a life-threatening emergency” is plausible, but it does not match the exact concept tested here. Democratic leadership uses listening, discussion, and follower participation in decisions.	Not quite. “a highly capable expert needs no guidance” is plausible, but it does not match the exact concept tested here. Democratic leadership uses listening, discussion, and follower participation in decisions.	Not quite. “the leader wants to avoid decisions” is plausible, but it does not match the exact concept tested here. Democratic leadership uses listening, discussion, and follower participation in decisions.	Confusing a related leadership concept with the exact term being tested.	Review the textbook definition of democratic style, then compare it with the closest distractor and state the one key difference.	Democratic = participate and discuss.	medium	concept_diagram	optional_after_answer	ltl2_c7_pg_q005	Simple instructional diagram contrasting democratic style with a nearby but different leadership concept.	Democratic = participate and discuss.	A simple diagram illustrating democratic style and how it differs from a related idea.	Learn to Lead Volume 2, Chapter 7, objectives 42-47	143-146	approved_source	draft	LTL2-C7-PG-Q006,LTL2-C7-PG-Q001	40	7	low	basic	false	0	existing_original_bank	pre_sample_bank_review
LTL2-C7-PG-Q006	Chapter 7 G: Situational Leadership	LTL2-C7-OBJ-42-47	LTL2-C7-LAISSEZ_FAIRE_SITUATIONAL	LTL2-C7-G-LAISSEZ_FAIRE_SITUATIONAL	hard	understanding	multiple_choice	both	cap_direct	In situational leadership, laissez-faire can be appropriate when	a capable, well-trained team can work independently	followers are confused and untrained	a safety emergency requires commands	the leader wishes to avoid responsibility	A	A hands-off style can fit a capable, coordinated team, even though laissez-faire elsewhere can describe non-leadership.	1	A hands-off style can fit a capable, coordinated team, even though laissez-faire elsewhere can describe non-leadership. The other choices describe related ideas, but they do not match the exact definition or situation in the question.	Correct. A hands-off style can fit a capable, coordinated team, even though laissez-faire elsewhere can describe non-leadership.	Not quite. “followers are confused and untrained” is plausible, but it does not match the exact concept tested here. A hands-off style can fit a capable, coordinated team, even though laissez-faire elsewhere can describe non-leadership.	Not quite. “a safety emergency requires commands” is plausible, but it does not match the exact concept tested here. A hands-off style can fit a capable, coordinated team, even though laissez-faire elsewhere can describe non-leadership.	Not quite. “the leader wishes to avoid responsibility” is plausible, but it does not match the exact concept tested here. A hands-off style can fit a capable, coordinated team, even though laissez-faire elsewhere can describe non-leadership.	Confusing positive situational laissez-faire with laissez-faire non-leadership in the transformational continuum.	Review the textbook definition of laissez-faire situational, then compare it with the closest distractor and state the one key difference.	Hands off only when the team can handle it.	high	concept_diagram	optional_after_answer	ltl2_c7_pg_q006	Simple instructional diagram contrasting laissez-faire situational with a nearby but different leadership concept.	Hands off only when the team can handle it.	A simple diagram illustrating laissez-faire situational and how it differs from a related idea.	Learn to Lead Volume 2, Chapter 7, objectives 42-47	143-146	approved_source	draft	LTL2-C7-PG-Q001,LTL2-C7-PG-Q002	50	7	low	basic	false	0	existing_original_bank	pre_sample_bank_review
LTL2-C7-PH-Q001	Chapter 7 H: Path-Goal Model	LTL2-C7-OBJ-48-49	LTL2-C7-PATH_GOAL_MODEL	LTL2-C7-H-PATH_GOAL_MODEL	medium	understanding	multiple_choice	both	cap_direct	The path-goal model says leaders should	clarify paths, remove obstacles, and support followers toward goals	transform followers’ moral values only	use one fixed leadership style	focus only on task structure	A	Path-goal leadership motivates followers by clarifying the route, removing barriers, and providing needed support.	1	Path-goal leadership motivates followers by clarifying the route, removing barriers, and providing needed support. The other choices describe related ideas, but they do not match the exact definition or situation in the question.	Correct. Path-goal leadership motivates followers by clarifying the route, removing barriers, and providing needed support.	Not quite. “transform followers’ moral values only” is plausible, but it does not match the exact concept tested here. Path-goal leadership motivates followers by clarifying the route, removing barriers, and providing needed support.	Not quite. “use one fixed leadership style” is plausible, but it does not match the exact concept tested here. Path-goal leadership motivates followers by clarifying the route, removing barriers, and providing needed support.	Not quite. “focus only on task structure” is plausible, but it does not match the exact concept tested here. Path-goal leadership motivates followers by clarifying the route, removing barriers, and providing needed support.	Confusing a related leadership concept with the exact term being tested.	Review the textbook definition of path-goal model, then compare it with the closest distractor and state the one key difference.	Show path, clear blocks, support progress.	medium	concept_diagram	optional_after_answer	ltl2_c7_ph_q001	Simple instructional diagram contrasting path-goal model with a nearby but different leadership concept.	Show path, clear blocks, support progress.	A simple diagram illustrating path-goal model and how it differs from a related idea.	Learn to Lead Volume 2, Chapter 7, objectives 48-49	146-148	approved_source	draft	LTL2-C7-PH-Q002,LTL2-C7-PH-Q003	40	7	low	basic	false	0	existing_original_bank	pre_sample_bank_review
LTL2-C7-PH-Q002	Chapter 7 H: Path-Goal Model	LTL2-C7-OBJ-48-49	LTL2-C7-DIRECTIVE_LEADERSHIP	LTL2-C7-H-DIRECTIVE_LEADERSHIP	medium	understanding	multiple_choice	both	cap_direct	In the path-goal model, directive leadership provides	specific expectations, methods, standards, and deadlines	friendliness without task guidance	shared decision-making only	confidence in difficult goals without instructions	A	Directive leadership tells followers what is expected and how, when, and by what standard to do it.	1	Directive leadership tells followers what is expected and how, when, and by what standard to do it. The other choices describe related ideas, but they do not match the exact definition or situation in the question.	Correct. Directive leadership tells followers what is expected and how, when, and by what standard to do it.	Not quite. “friendliness without task guidance” is plausible, but it does not match the exact concept tested here. Directive leadership tells followers what is expected and how, when, and by what standard to do it.	Not quite. “shared decision-making only” is plausible, but it does not match the exact concept tested here. Directive leadership tells followers what is expected and how, when, and by what standard to do it.	Not quite. “confidence in difficult goals without instructions” is plausible, but it does not match the exact concept tested here. Directive leadership tells followers what is expected and how, when, and by what standard to do it.	Confusing a related leadership concept with the exact term being tested.	Review the textbook definition of directive leadership, then compare it with the closest distractor and state the one key difference.	Directive gives the map.	medium	concept_diagram	optional_after_answer	ltl2_c7_ph_q002	Simple instructional diagram contrasting directive leadership with a nearby but different leadership concept.	Directive gives the map.	A simple diagram illustrating directive leadership and how it differs from a related idea.	Learn to Lead Volume 2, Chapter 7, objectives 48-49	146-148	approved_source	draft	LTL2-C7-PH-Q003,LTL2-C7-PH-Q004	40	7	low	basic	false	0	existing_original_bank	pre_sample_bank_review
LTL2-C7-PH-Q003	Chapter 7 H: Path-Goal Model	LTL2-C7-OBJ-48-49	LTL2-C7-SUPPORTIVE_LEADERSHIP	LTL2-C7-H-SUPPORTIVE_LEADERSHIP	medium	understanding	multiple_choice	both	cap_direct	Supportive leadership emphasizes	follower well-being and an approachable, considerate climate	detailed methods and deadlines	shared decision authority	high challenges and confidence only	A	Supportive leadership addresses human needs and makes work more pleasant and encouraging.	1	Supportive leadership addresses human needs and makes work more pleasant and encouraging. The other choices describe related ideas, but they do not match the exact definition or situation in the question.	Correct. Supportive leadership addresses human needs and makes work more pleasant and encouraging.	Not quite. “detailed methods and deadlines” is plausible, but it does not match the exact concept tested here. Supportive leadership addresses human needs and makes work more pleasant and encouraging.	Not quite. “shared decision authority” is plausible, but it does not match the exact concept tested here. Supportive leadership addresses human needs and makes work more pleasant and encouraging.	Not quite. “high challenges and confidence only” is plausible, but it does not match the exact concept tested here. Supportive leadership addresses human needs and makes work more pleasant and encouraging.	Confusing a related leadership concept with the exact term being tested.	Review the textbook definition of supportive leadership, then compare it with the closest distractor and state the one key difference.	Supportive cares for the traveler.	medium	concept_diagram	optional_after_answer	ltl2_c7_ph_q003	Simple instructional diagram contrasting supportive leadership with a nearby but different leadership concept.	Supportive cares for the traveler.	A simple diagram illustrating supportive leadership and how it differs from a related idea.	Learn to Lead Volume 2, Chapter 7, objectives 48-49	146-148	approved_source	draft	LTL2-C7-PH-Q004,LTL2-C7-PH-Q005	40	7	high	moderate	true	1.0	existing_original_bank	pre_sample_bank_review
LTL2-C7-PH-Q004	Chapter 7 H: Path-Goal Model	LTL2-C7-OBJ-48-49	LTL2-C7-PARTICIPATIVE_LEADERSHIP	LTL2-C7-H-PARTICIPATIVE_LEADERSHIP	medium	understanding	multiple_choice	both	cap_direct	Participative path-goal leadership involves	consulting followers and using their ideas in decisions	removing all leader responsibility	setting only difficult goals	correcting exceptions after failure	A	Participative leaders gather follower input and incorporate it into decisions.	1	Participative leaders gather follower input and incorporate it into decisions. The other choices describe related ideas, but they do not match the exact definition or situation in the question.	Correct. Participative leaders gather follower input and incorporate it into decisions.	Not quite. “removing all leader responsibility” is plausible, but it does not match the exact concept tested here. Participative leaders gather follower input and incorporate it into decisions.	Not quite. “setting only difficult goals” is plausible, but it does not match the exact concept tested here. Participative leaders gather follower input and incorporate it into decisions.	Not quite. “correcting exceptions after failure” is plausible, but it does not match the exact concept tested here. Participative leaders gather follower input and incorporate it into decisions.	Confusing a related leadership concept with the exact term being tested.	Review the textbook definition of participative leadership, then compare it with the closest distractor and state the one key difference.	Participative asks and includes.	medium	concept_diagram	optional_after_answer	ltl2_c7_ph_q004	Simple instructional diagram contrasting participative leadership with a nearby but different leadership concept.	Participative asks and includes.	A simple diagram illustrating participative leadership and how it differs from a related idea.	Learn to Lead Volume 2, Chapter 7, objectives 48-49	146-148	approved_source	draft	LTL2-C7-PH-Q005,LTL2-C7-PH-Q001	40	7	high	moderate	true	1.0	existing_original_bank	pre_sample_bank_review
LTL2-C7-PH-Q005	Chapter 7 H: Path-Goal Model	LTL2-C7-OBJ-48-49	LTL2-C7-ACHIEVEMENT_ORIENTED_LEADERSHIP	LTL2-C7-H-ACHIEVEMENT_ORIENTED_LEADERSHIP	hard	understanding	multiple_choice	both	cap_direct	Achievement-oriented leadership is shown when a leader	sets challenging goals and expresses confidence followers can excel	provides step-by-step instructions for a new task	focuses only on comfort	waits for errors before responding	A	Achievement-oriented leaders challenge followers and communicate confidence in their ability.	1	Achievement-oriented leaders challenge followers and communicate confidence in their ability. The other choices describe related ideas, but they do not match the exact definition or situation in the question.	Correct. Achievement-oriented leaders challenge followers and communicate confidence in their ability.	Not quite. “provides step-by-step instructions for a new task” is plausible, but it does not match the exact concept tested here. Achievement-oriented leaders challenge followers and communicate confidence in their ability.	Not quite. “focuses only on comfort” is plausible, but it does not match the exact concept tested here. Achievement-oriented leaders challenge followers and communicate confidence in their ability.	Not quite. “waits for errors before responding” is plausible, but it does not match the exact concept tested here. Achievement-oriented leaders challenge followers and communicate confidence in their ability.	Confusing a related leadership concept with the exact term being tested.	Review the textbook definition of achievement-oriented leadership, then compare it with the closest distractor and state the one key difference.	Challenge them—and believe in them.	high	concept_diagram	optional_after_answer	ltl2_c7_ph_q005	Simple instructional diagram contrasting achievement-oriented leadership with a nearby but different leadership concept.	Challenge them—and believe in them.	A simple diagram illustrating achievement-oriented leadership and how it differs from a related idea.	Learn to Lead Volume 2, Chapter 7, objectives 48-49	146-148	approved_source	draft	LTL2-C7-PH-Q001,LTL2-C7-PH-Q002	50	7	low	basic	false	0	existing_original_bank	pre_sample_bank_review
LTL2-C7-PI-Q001	Chapter 7 I: Leadership Grid	LTL2-C7-OBJ-50-51	LTL2-C7-LEADERSHIP_GRID	LTL2-C7-I-LEADERSHIP_GRID	medium	understanding	multiple_choice	both	cap_direct	The leadership grid examines a leader’s concern for	people and results	power and rank	rewards and punishment	vision and mental models	A	The grid plots concern for people against concern for results.	1	The grid plots concern for people against concern for results. The other choices describe related ideas, but they do not match the exact definition or situation in the question.	Correct. The grid plots concern for people against concern for results.	Not quite. “power and rank” is plausible, but it does not match the exact concept tested here. The grid plots concern for people against concern for results.	Not quite. “rewards and punishment” is plausible, but it does not match the exact concept tested here. The grid plots concern for people against concern for results.	Not quite. “vision and mental models” is plausible, but it does not match the exact concept tested here. The grid plots concern for people against concern for results.	Confusing a related leadership concept with the exact term being tested.	Review the textbook definition of leadership grid, then compare it with the closest distractor and state the one key difference.	Grid = people × results.	medium	concept_diagram	optional_after_answer	ltl2_c7_pi_q001	Simple instructional diagram contrasting leadership grid with a nearby but different leadership concept.	Grid = people × results.	A simple diagram illustrating leadership grid and how it differs from a related idea.	Learn to Lead Volume 2, Chapter 7, objectives 50-51	148-151	approved_source	draft	LTL2-C7-PI-Q002,LTL2-C7-PI-Q003	40	7	low	basic	false	0	existing_original_bank	pre_sample_bank_review
LTL2-C7-PI-Q002	Chapter 7 I: Leadership Grid	LTL2-C7-OBJ-50-51	LTL2-C7-GRID_9,1	LTL2-C7-I-GRID_9,1	medium	understanding	multiple_choice	both	cap_direct	A 9,1 grid leader shows	high concern for results and low concern for people	low concern for results and high concern for people	high concern for both	moderate concern for both	A	The 9,1 style stresses production and task results while giving little attention to people.	1	The 9,1 style stresses production and task results while giving little attention to people. The other choices describe related ideas, but they do not match the exact definition or situation in the question.	Correct. The 9,1 style stresses production and task results while giving little attention to people.	Not quite. “low concern for results and high concern for people” is plausible, but it does not match the exact concept tested here. The 9,1 style stresses production and task results while giving little attention to people.	Not quite. “high concern for both” is plausible, but it does not match the exact concept tested here. The 9,1 style stresses production and task results while giving little attention to people.	Not quite. “moderate concern for both” is plausible, but it does not match the exact concept tested here. The 9,1 style stresses production and task results while giving little attention to people.	Confusing a related leadership concept with the exact term being tested.	Review the textbook definition of grid 9,1, then compare it with the closest distractor and state the one key difference.	9,1: task high, people low.	medium	concept_diagram	optional_after_answer	ltl2_c7_pi_q002	Simple instructional diagram contrasting grid 9,1 with a nearby but different leadership concept.	9,1: task high, people low.	A simple diagram illustrating grid 9,1 and how it differs from a related idea.	Learn to Lead Volume 2, Chapter 7, objectives 50-51	148-151	approved_source	draft	LTL2-C7-PI-Q003,LTL2-C7-PI-Q004	40	7	high	moderate	true	1.0	existing_original_bank	pre_sample_bank_review
LTL2-C7-PI-Q003	Chapter 7 I: Leadership Grid	LTL2-C7-OBJ-50-51	LTL2-C7-GRID_1,9	LTL2-C7-I-GRID_1,9	medium	understanding	multiple_choice	both	cap_direct	A 1,9 grid leader shows	high concern for people and low concern for results	low concern for both	high concern for both	moderate concern for both	A	The 1,9 style emphasizes people and relationships more than task results.	1	The 1,9 style emphasizes people and relationships more than task results. The other choices describe related ideas, but they do not match the exact definition or situation in the question.	Correct. The 1,9 style emphasizes people and relationships more than task results.	Not quite. “low concern for both” is plausible, but it does not match the exact concept tested here. The 1,9 style emphasizes people and relationships more than task results.	Not quite. “high concern for both” is plausible, but it does not match the exact concept tested here. The 1,9 style emphasizes people and relationships more than task results.	Not quite. “moderate concern for both” is plausible, but it does not match the exact concept tested here. The 1,9 style emphasizes people and relationships more than task results.	Confusing a related leadership concept with the exact term being tested.	Review the textbook definition of grid 1,9, then compare it with the closest distractor and state the one key difference.	1,9: people high, task low.	medium	concept_diagram	optional_after_answer	ltl2_c7_pi_q003	Simple instructional diagram contrasting grid 1,9 with a nearby but different leadership concept.	1,9: people high, task low.	A simple diagram illustrating grid 1,9 and how it differs from a related idea.	Learn to Lead Volume 2, Chapter 7, objectives 50-51	148-151	approved_source	draft	LTL2-C7-PI-Q004,LTL2-C7-PI-Q001	40	7	high	moderate	true	1.0	existing_original_bank	pre_sample_bank_review
LTL2-C7-PI-Q004	Chapter 7 I: Leadership Grid	LTL2-C7-OBJ-50-51	LTL2-C7-GRID_9,9	LTL2-C7-I-GRID_9,9	hard	understanding	multiple_choice	both	cap_direct	Which grid position most closely represents high concern for both people and results?	1,1	1,9	9,1	9,9	D	The 9,9 style integrates strong concern for people with strong concern for results.	1	The 9,9 style integrates strong concern for people with strong concern for results. The other choices describe related ideas, but they do not match the exact definition or situation in the question.	Not quite. “1,1” is plausible, but it does not match the exact concept tested here. The 9,9 style integrates strong concern for people with strong concern for results.	Not quite. “1,9” is plausible, but it does not match the exact concept tested here. The 9,9 style integrates strong concern for people with strong concern for results.	Not quite. “9,1” is plausible, but it does not match the exact concept tested here. The 9,9 style integrates strong concern for people with strong concern for results.	Correct. The 9,9 style integrates strong concern for people with strong concern for results.	Confusing a related leadership concept with the exact term being tested.	Review the textbook definition of grid 9,9, then compare it with the closest distractor and state the one key difference.	9,9: both matter.	high	concept_diagram	optional_after_answer	ltl2_c7_pi_q004	Simple instructional diagram contrasting grid 9,9 with a nearby but different leadership concept.	9,9: both matter.	A simple diagram illustrating grid 9,9 and how it differs from a related idea.	Learn to Lead Volume 2, Chapter 7, objectives 50-51	148-151	approved_source	draft	LTL2-C7-PI-Q001,LTL2-C7-PI-Q002	50	7	low	basic	false	0	existing_original_bank	pre_sample_bank_review
LTL2-C7-Q076	C7-Expansion	LTL2-C7-OBJ-1-5	LTL2-C7-EMOTIONAL_INTELLIGENCE_DEFINITION	LTL2-C7-EMOTIONAL_INTELLIGENCE_DEFINITION	medium	recall	multiple_choice	both	direct_definition	Emotional intelligence is primarily the ability to	memorize facts quickly	understand and manage emotions in yourself and others	persuade others through rank	avoid emotional situations	B	Emotional intelligence concerns recognizing and managing emotions effectively.	1	Emotional intelligence concerns recognizing and managing emotions effectively. A is incorrect because memory is a cognitive skill, not emotional intelligence. C is incorrect because rank is a source of authority, not emotional intelligence.	Memory is a cognitive skill, not emotional intelligence.	Correct. Emotional intelligence concerns recognizing and managing emotions effectively.	Rank is a source of authority, not emotional intelligence.	Emotional intelligence helps manage situations rather than avoid them.	Choosing a related term because it sounds plausible without matching the exact definition or situation.	Review the distinction behind this item: Emotional intelligence concerns recognizing and managing emotions effectively. Then compare each option to the exact wording of the chapter.	EQ = understand and manage emotion.	medium	comparison_card	optional_after_answer	ltl2_c7_emotional_intelligence_definition_076	Create a simple, uncluttered study visual for the concept: Emotional intelligence concerns recognizing and managing emotions effectively. Emphasize the distinction tested by the answer choices.	EQ = understand and manage emotion.	A study visual illustrating: Emotional intelligence concerns recognizing and managing emotions effectively.	Learn to Lead, Volume 2, Chapter 7	110	source_approved	draft	LTL2-C7-PA-Q001|LTL2-C7-PA-Q002	35	7	high	moderate	true	1.0	original_textbook_grounded	Mitchell_sample_style_analysis
LTL2-C7-Q077	C7-Expansion	LTL2-C7-OBJ-1-5	LTL2-C7-EQ_FIVE_COMPONENTS	LTL2-C7-EQ_FIVE_COMPONENTS	medium	recall	multiple_choice	both	list_or_sequence	Which list contains the five major aspects of emotional intelligence?	Self-awareness, empathy, self-motivation, interpersonal skills, emotional control	Self-respect, sympathy, external motivation, technical skill, emotional release	Self-awareness, intuition, charisma, authority, emotional control	Empathy, intelligence, optimism, rank, communication	A	The chapter identifies self-awareness, empathy, self-motivation, interpersonal skills, and emotional control.	1	The chapter identifies self-awareness, empathy, self-motivation, interpersonal skills, and emotional control. B is incorrect because several terms are altered and external motivation is not one of the five. C is incorrect because intuition, charisma, and authority are not the listed components.	Correct. The chapter identifies self-awareness, empathy, self-motivation, interpersonal skills, and emotional control.	Several terms are altered and external motivation is not one of the five.	Intuition, charisma, and authority are not the listed components.	Rank and general intelligence are not among the five components.	Choosing a related term because it sounds plausible without matching the exact definition or situation.	Review the distinction behind this item: The chapter identifies self-awareness, empathy, self-motivation, interpersonal skills, and emotional control. Then compare each option to the exact wording of the chapter.	Know self, know others, motivate, relate, control.	high	comparison_card	optional_after_answer	ltl2_c7_eq_five_components_077	Create a simple, uncluttered study visual for the concept: The chapter identifies self-awareness, empathy, self-motivation, interpersonal skills, and emotional control. Emphasize the distinction tested by the answer choices.	Know self, know others, motivate, relate, control.	A study visual illustrating: The chapter identifies self-awareness, empathy, self-motivation, interpersonal skills, and emotional control.	Learn to Lead, Volume 2, Chapter 7	111-113	source_approved	draft	LTL2-C7-PA-Q001|LTL2-C7-PA-Q002	35	7	high	close	true	1.0	original_textbook_grounded	Mitchell_sample_style_analysis
LTL2-C7-Q078	C7-Expansion	LTL2-C7-OBJ-6-14	LTL2-C7-AUTOMATIC_THOUGHT	LTL2-C7-AUTOMATIC_THOUGHT	medium	recall	multiple_choice	both	direct_definition	The first unplanned thought that flashes through your mind after an event is an	automatic thought	self-fulfilling prophecy	espoused theory	mental model	A	An automatic thought occurs immediately, before deliberate reflection.	1	An automatic thought occurs immediately, before deliberate reflection. B is incorrect because a self-fulfilling prophecy is an expectation that helps produce its own result. C is incorrect because espoused theory is what a person says they believe.	Correct. An automatic thought occurs immediately, before deliberate reflection.	A self-fulfilling prophecy is an expectation that helps produce its own result.	Espoused theory is what a person says they believe.	A mental model is a broader internal assumption about how things work.	Choosing a related term because it sounds plausible without matching the exact definition or situation.	Review the distinction behind this item: An automatic thought occurs immediately, before deliberate reflection. Then compare each option to the exact wording of the chapter.	Automatic = first flash.	medium	comparison_card	optional_after_answer	ltl2_c7_automatic_thought_078	Create a simple, uncluttered study visual for the concept: An automatic thought occurs immediately, before deliberate reflection. Emphasize the distinction tested by the answer choices.	Automatic = first flash.	A study visual illustrating: An automatic thought occurs immediately, before deliberate reflection.	Learn to Lead, Volume 2, Chapter 7	114	source_approved	draft	LTL2-C7-PB-Q001|LTL2-C7-PB-Q002	35	7	high	moderate	true	1.0	original_textbook_grounded	Mitchell_sample_style_analysis
LTL2-C7-Q079	C7-Expansion	LTL2-C7-OBJ-6-14	LTL2-C7-SELF_STATEMENT	LTL2-C7-SELF_STATEMENT	medium	recall	multiple_choice	both	close_distinction	A deliberate statement you tell yourself to guide your response is a	self-statement	automatic thought	projection	contingent reward	A	A self-statement is intentional inner dialogue used to shape emotion or behavior.	1	A self-statement is intentional inner dialogue used to shape emotion or behavior. B is incorrect because automatic thoughts arise without deliberate choice. C is incorrect because projection is a defense mechanism.	Correct. A self-statement is intentional inner dialogue used to shape emotion or behavior.	Automatic thoughts arise without deliberate choice.	Projection is a defense mechanism.	Contingent reward exchanges performance for a benefit.	Choosing a related term because it sounds plausible without matching the exact definition or situation.	Review the distinction behind this item: A self-statement is intentional inner dialogue used to shape emotion or behavior. Then compare each option to the exact wording of the chapter.	Self-statement = chosen inner message.	high	comparison_card	optional_after_answer	ltl2_c7_self_statement_079	Create a simple, uncluttered study visual for the concept: A self-statement is intentional inner dialogue used to shape emotion or behavior. Emphasize the distinction tested by the answer choices.	Self-statement = chosen inner message.	A study visual illustrating: A self-statement is intentional inner dialogue used to shape emotion or behavior.	Learn to Lead, Volume 2, Chapter 7	115	source_approved	draft	LTL2-C7-PB-Q001|LTL2-C7-PB-Q002	35	7	high	close	true	1.0	original_textbook_grounded	Mitchell_sample_style_analysis
LTL2-C7-Q080	C7-Expansion	LTL2-C7-OBJ-6-14	LTL2-C7-SELF_FULFILLING_PROPHECY	LTL2-C7-SELF_FULFILLING_PROPHECY	medium	recall	multiple_choice	both	brief_application	Fear of failing causes a cadet to become so anxious that the cadet performs poorly and fails. This is a	self-fulfilling prophecy	mental model	constructive self-statement	shared vision	A	A self-fulfilling prophecy occurs when belief-driven behavior contributes to the expected outcome.	1	A self-fulfilling prophecy occurs when belief-driven behavior contributes to the expected outcome. B is incorrect because a mental model is a general assumption, not necessarily an outcome-producing expectation. C is incorrect because constructive self-talk would help interrupt the pattern.	Correct. A self-fulfilling prophecy occurs when belief-driven behavior contributes to the expected outcome.	A mental model is a general assumption, not necessarily an outcome-producing expectation.	Constructive self-talk would help interrupt the pattern.	Shared vision is a team concept.	Choosing a related term because it sounds plausible without matching the exact definition or situation.	Review the distinction behind this item: A self-fulfilling prophecy occurs when belief-driven behavior contributes to the expected outcome. Then compare each option to the exact wording of the chapter.	Expectation can help create the result.	medium	comparison_card	optional_after_answer	ltl2_c7_self_fulfilling_prophecy_080	Create a simple, uncluttered study visual for the concept: A self-fulfilling prophecy occurs when belief-driven behavior contributes to the expected outcome. Emphasize the distinction tested by the answer choices.	Expectation can help create the result.	A study visual illustrating: A self-fulfilling prophecy occurs when belief-driven behavior contributes to the expected outcome.	Learn to Lead, Volume 2, Chapter 7	116	source_approved	draft	LTL2-C7-PB-Q001|LTL2-C7-PB-Q002	35	7	high	moderate	true	1.0	original_textbook_grounded	Mitchell_sample_style_analysis
LTL2-C7-Q081	C7-Expansion	LTL2-C7-OBJ-15-24	LTL2-C7-INSPIRATIONAL_MOTIVATION	LTL2-C7-INSPIRATIONAL_MOTIVATION	medium	recall	multiple_choice	both	close_distinction	A leader who communicates high expectations and inspires team spirit is practicing	idealized influence	inspirational motivation	individualized consideration	intellectual stimulation	B	Inspirational motivation energizes followers through optimism, purpose, and team spirit.	1	Inspirational motivation energizes followers through optimism, purpose, and team spirit. A is incorrect because idealized influence centers on example and admired character. C is incorrect because individualized consideration attends to each follower’s needs.	Idealized influence centers on example and admired character.	Correct. Inspirational motivation energizes followers through optimism, purpose, and team spirit.	Individualized consideration attends to each follower’s needs.	Intellectual stimulation encourages creativity and questioning.	Choosing a related term because it sounds plausible without matching the exact definition or situation.	Review the distinction behind this item: Inspirational motivation energizes followers through optimism, purpose, and team spirit. Then compare each option to the exact wording of the chapter.	Inspire with vision and high expectations.	high	comparison_card	optional_after_answer	ltl2_c7_inspirational_motivation_081	Create a simple, uncluttered study visual for the concept: Inspirational motivation energizes followers through optimism, purpose, and team spirit. Emphasize the distinction tested by the answer choices.	Inspire with vision and high expectations.	A study visual illustrating: Inspirational motivation energizes followers through optimism, purpose, and team spirit.	Learn to Lead, Volume 2, Chapter 7	123	source_approved	draft	LTL2-C7-PC-Q001|LTL2-C7-PC-Q002	35	7	high	close	true	1.0	original_textbook_grounded	Mitchell_sample_style_analysis
LTL2-C7-Q082	C7-Expansion	LTL2-C7-OBJ-15-24	LTL2-C7-INTELLECTUAL_STIMULATION	LTL2-C7-INTELLECTUAL_STIMULATION	medium	recall	multiple_choice	both	close_distinction	Encouraging followers to question assumptions and develop creative solutions is	intellectual stimulation	inspirational motivation	contingent reward	idealized influence	A	Intellectual stimulation challenges followers to think creatively and independently.	1	Intellectual stimulation challenges followers to think creatively and independently. B is incorrect because inspirational motivation energizes through vision and enthusiasm. C is incorrect because contingent reward is a transactional exchange.	Correct. Intellectual stimulation challenges followers to think creatively and independently.	Inspirational motivation energizes through vision and enthusiasm.	Contingent reward is a transactional exchange.	Idealized influence relies on example and trust.	Choosing a related term because it sounds plausible without matching the exact definition or situation.	Review the distinction behind this item: Intellectual stimulation challenges followers to think creatively and independently. Then compare each option to the exact wording of the chapter.	Stimulate the mind.	high	comparison_card	optional_after_answer	ltl2_c7_intellectual_stimulation_082	Create a simple, uncluttered study visual for the concept: Intellectual stimulation challenges followers to think creatively and independently. Emphasize the distinction tested by the answer choices.	Stimulate the mind.	A study visual illustrating: Intellectual stimulation challenges followers to think creatively and independently.	Learn to Lead, Volume 2, Chapter 7	124	source_approved	draft	LTL2-C7-PC-Q001|LTL2-C7-PC-Q002	35	7	high	close	true	1.0	original_textbook_grounded	Mitchell_sample_style_analysis
LTL2-C7-Q083	C7-Expansion	LTL2-C7-OBJ-15-24	LTL2-C7-INDIVIDUALIZED_CONSIDERATION	LTL2-C7-INDIVIDUALIZED_CONSIDERATION	medium	recall	multiple_choice	both	close_distinction	A leader who listens closely to each follower’s unique needs demonstrates	individualized consideration	management by exception	inspirational motivation	coercive power	A	Individualized consideration provides personal attention, support, and development.	1	Individualized consideration provides personal attention, support, and development. B is incorrect because management by exception focuses on errors or deviations. C is incorrect because inspirational motivation addresses collective purpose and enthusiasm.	Correct. Individualized consideration provides personal attention, support, and development.	Management by exception focuses on errors or deviations.	Inspirational motivation addresses collective purpose and enthusiasm.	Coercive power relies on fear of punishment.	Choosing a related term because it sounds plausible without matching the exact definition or situation.	Review the distinction behind this item: Individualized consideration provides personal attention, support, and development. Then compare each option to the exact wording of the chapter.	Consider each individual.	high	comparison_card	optional_after_answer	ltl2_c7_individualized_consideration_083	Create a simple, uncluttered study visual for the concept: Individualized consideration provides personal attention, support, and development. Emphasize the distinction tested by the answer choices.	Consider each individual.	A study visual illustrating: Individualized consideration provides personal attention, support, and development.	Learn to Lead, Volume 2, Chapter 7	125	source_approved	draft	LTL2-C7-PC-Q001|LTL2-C7-PC-Q002	35	7	high	close	true	1.0	original_textbook_grounded	Mitchell_sample_style_analysis
LTL2-C7-Q084	C7-Expansion	LTL2-C7-OBJ-15-24	LTL2-C7-IDEALIZED_INFLUENCE	LTL2-C7-IDEALIZED_INFLUENCE	medium	recall	multiple_choice	both	close_distinction	A leader admired as a moral example is demonstrating	idealized influence	intellectual stimulation	passive management by exception	reward power	A	Idealized influence grows from character, trust, and role-model behavior.	1	Idealized influence grows from character, trust, and role-model behavior. B is incorrect because intellectual stimulation challenges thinking. C is incorrect because passive management by exception waits for problems.	Correct. Idealized influence grows from character, trust, and role-model behavior.	Intellectual stimulation challenges thinking.	Passive management by exception waits for problems.	Reward power depends on the ability to provide benefits.	Choosing a related term because it sounds plausible without matching the exact definition or situation.	Review the distinction behind this item: Idealized influence grows from character, trust, and role-model behavior. Then compare each option to the exact wording of the chapter.	Idealized influence = respected example.	high	comparison_card	optional_after_answer	ltl2_c7_idealized_influence_084	Create a simple, uncluttered study visual for the concept: Idealized influence grows from character, trust, and role-model behavior. Emphasize the distinction tested by the answer choices.	Idealized influence = respected example.	A study visual illustrating: Idealized influence grows from character, trust, and role-model behavior.	Learn to Lead, Volume 2, Chapter 7	122	source_approved	draft	LTL2-C7-PC-Q001|LTL2-C7-PC-Q002	35	7	high	close	true	1.0	original_textbook_grounded	Mitchell_sample_style_analysis
LTL2-C7-Q085	C7-Expansion	LTL2-C7-OBJ-15-24	LTL2-C7-CONTINGENT_REWARD	LTL2-C7-CONTINGENT_REWARD	medium	recall	multiple_choice	both	brief_application	A transactional leader promises recognition when a cadet meets a clearly stated goal. This is	contingent reward	individualized consideration	laissez-faire leadership	idealized influence	A	Contingent reward exchanges successful performance for a promised benefit.	1	Contingent reward exchanges successful performance for a promised benefit. B is incorrect because individualized consideration focuses on personal development. C is incorrect because laissez-faire avoids active leadership.	Correct. Contingent reward exchanges successful performance for a promised benefit.	Individualized consideration focuses on personal development.	Laissez-faire avoids active leadership.	Idealized influence is based on admired example rather than exchange.	Choosing a related term because it sounds plausible without matching the exact definition or situation.	Review the distinction behind this item: Contingent reward exchanges successful performance for a promised benefit. Then compare each option to the exact wording of the chapter.	Do this, receive that.	medium	comparison_card	optional_after_answer	ltl2_c7_contingent_reward_085	Create a simple, uncluttered study visual for the concept: Contingent reward exchanges successful performance for a promised benefit. Emphasize the distinction tested by the answer choices.	Do this, receive that.	A study visual illustrating: Contingent reward exchanges successful performance for a promised benefit.	Learn to Lead, Volume 2, Chapter 7	126	source_approved	draft	LTL2-C7-PC-Q001|LTL2-C7-PC-Q002	35	7	high	moderate	true	1.0	original_textbook_grounded	Mitchell_sample_style_analysis
LTL2-C7-Q086	C7-Expansion	LTL2-C7-OBJ-15-24	LTL2-C7-ACTIVE_MBE	LTL2-C7-ACTIVE_MBE	medium	recall	multiple_choice	both	close_distinction	A leader watches closely for mistakes and corrects them immediately. This is	active management by exception	passive management by exception	intellectual stimulation	individualized consideration	A	Active management by exception monitors performance and intervenes quickly when standards are violated.	1	Active management by exception monitors performance and intervenes quickly when standards are violated. B is incorrect because passive management by exception waits until problems become serious or visible. C is incorrect because intellectual stimulation encourages new thinking.	Correct. Active management by exception monitors performance and intervenes quickly when standards are violated.	Passive management by exception waits until problems become serious or visible.	Intellectual stimulation encourages new thinking.	Individualized consideration develops each follower.	Choosing a related term because it sounds plausible without matching the exact definition or situation.	Review the distinction behind this item: Active management by exception monitors performance and intervenes quickly when standards are violated. Then compare each option to the exact wording of the chapter.	Active MBE searches for errors.	high	comparison_card	optional_after_answer	ltl2_c7_active_mbe_086	Create a simple, uncluttered study visual for the concept: Active management by exception monitors performance and intervenes quickly when standards are violated. Emphasize the distinction tested by the answer choices.	Active MBE searches for errors.	A study visual illustrating: Active management by exception monitors performance and intervenes quickly when standards are violated.	Learn to Lead, Volume 2, Chapter 7	127	source_approved	draft	LTL2-C7-PC-Q001|LTL2-C7-PC-Q002	35	7	high	close	true	1.0	original_textbook_grounded	Mitchell_sample_style_analysis
LTL2-C7-Q087	C7-Expansion	LTL2-C7-OBJ-15-24	LTL2-C7-PASSIVE_MBE	LTL2-C7-PASSIVE_MBE	medium	recall	multiple_choice	both	close_distinction	A leader intervenes only after a problem becomes serious. This is	passive management by exception	active management by exception	contingent reward	transformational leadership	A	Passive management by exception reacts after standards have already been missed.	1	Passive management by exception reacts after standards have already been missed. B is incorrect because active management by exception monitors and corrects early. C is incorrect because contingent reward exchanges performance for reward.	Correct. Passive management by exception reacts after standards have already been missed.	Active management by exception monitors and corrects early.	Contingent reward exchanges performance for reward.	Transformational leadership aims to elevate followers.	Choosing a related term because it sounds plausible without matching the exact definition or situation.	Review the distinction behind this item: Passive management by exception reacts after standards have already been missed. Then compare each option to the exact wording of the chapter.	Passive MBE waits for failure.	high	comparison_card	optional_after_answer	ltl2_c7_passive_mbe_087	Create a simple, uncluttered study visual for the concept: Passive management by exception reacts after standards have already been missed. Emphasize the distinction tested by the answer choices.	Passive MBE waits for failure.	A study visual illustrating: Passive management by exception reacts after standards have already been missed.	Learn to Lead, Volume 2, Chapter 7	127	source_approved	draft	LTL2-C7-PC-Q001|LTL2-C7-PC-Q002	35	7	high	close	true	1.0	original_textbook_grounded	Mitchell_sample_style_analysis
LTL2-C7-Q088	C7-Expansion	LTL2-C7-OBJ-25-27	LTL2-C7-COERCIVE_POWER	LTL2-C7-COERCIVE_POWER	medium	recall	multiple_choice	both	close_distinction	When followers obey because they fear punishment, the leader is using	legitimate power	coercive power	expert power	referent power	B	Coercive power rests on the ability to punish or create fear.	1	Coercive power rests on the ability to punish or create fear. A is incorrect because legitimate power comes from position. C is incorrect because expert power comes from knowledge or skill.	Legitimate power comes from position.	Correct. Coercive power rests on the ability to punish or create fear.	Expert power comes from knowledge or skill.	Referent power comes from admiration or identification.	Choosing a related term because it sounds plausible without matching the exact definition or situation.	Review the distinction behind this item: Coercive power rests on the ability to punish or create fear. Then compare each option to the exact wording of the chapter.	Coercive = consequences.	high	comparison_card	optional_after_answer	ltl2_c7_coercive_power_088	Create a simple, uncluttered study visual for the concept: Coercive power rests on the ability to punish or create fear. Emphasize the distinction tested by the answer choices.	Coercive = consequences.	A study visual illustrating: Coercive power rests on the ability to punish or create fear.	Learn to Lead, Volume 2, Chapter 7	129	source_approved	draft	LTL2-C7-PD-Q001|LTL2-C7-PD-Q002	35	7	high	close	true	1.0	original_textbook_grounded	Mitchell_sample_style_analysis
LTL2-C7-Q089	C7-Expansion	LTL2-C7-OBJ-25-27	LTL2-C7-LEGITIMATE_POWER	LTL2-C7-LEGITIMATE_POWER	medium	recall	multiple_choice	both	close_distinction	Power based on the leader’s official position is	legitimate power	expert power	reward power	referent power	A	Legitimate power comes from recognized authority attached to a role.	1	Legitimate power comes from recognized authority attached to a role. B is incorrect because expert power comes from competence. C is incorrect because reward power comes from control over benefits.	Correct. Legitimate power comes from recognized authority attached to a role.	Expert power comes from competence.	Reward power comes from control over benefits.	Referent power comes from personal attraction or respect.	Choosing a related term because it sounds plausible without matching the exact definition or situation.	Review the distinction behind this item: Legitimate power comes from recognized authority attached to a role. Then compare each option to the exact wording of the chapter.	Legitimate = position.	high	comparison_card	optional_after_answer	ltl2_c7_legitimate_power_089	Create a simple, uncluttered study visual for the concept: Legitimate power comes from recognized authority attached to a role. Emphasize the distinction tested by the answer choices.	Legitimate = position.	A study visual illustrating: Legitimate power comes from recognized authority attached to a role.	Learn to Lead, Volume 2, Chapter 7	129	source_approved	draft	LTL2-C7-PD-Q001|LTL2-C7-PD-Q002	35	7	high	close	true	1.0	original_textbook_grounded	Mitchell_sample_style_analysis
LTL2-C7-Q090	C7-Expansion	LTL2-C7-OBJ-25-27	LTL2-C7-POWER_DEFINITION	LTL2-C7-POWER_DEFINITION	medium	recall	multiple_choice	both	direct_definition	The ability of one person to influence another is the definition of	power	rank	authority	strength	A	Power is the capacity to affect another person’s behavior or choices.	1	Power is the capacity to affect another person’s behavior or choices. B is incorrect because rank may provide power but is not the broad definition. C is incorrect because authority is legitimate right to direct, a narrower concept.	Correct. Power is the capacity to affect another person’s behavior or choices.	Rank may provide power but is not the broad definition.	Authority is legitimate right to direct, a narrower concept.	Strength may be physical or personal but does not define influence.	Choosing a related term because it sounds plausible without matching the exact definition or situation.	Review the distinction behind this item: Power is the capacity to affect another person’s behavior or choices. Then compare each option to the exact wording of the chapter.	Power = ability to influence.	medium	comparison_card	optional_after_answer	ltl2_c7_power_definition_090	Create a simple, uncluttered study visual for the concept: Power is the capacity to affect another person’s behavior or choices. Emphasize the distinction tested by the answer choices.	Power = ability to influence.	A study visual illustrating: Power is the capacity to affect another person’s behavior or choices.	Learn to Lead, Volume 2, Chapter 7	129	source_approved	draft	LTL2-C7-PD-Q001|LTL2-C7-PD-Q002	35	7	high	moderate	true	1.0	original_textbook_grounded	Mitchell_sample_style_analysis
LTL2-C7-Q091	C7-Expansion	LTL2-C7-OBJ-28-34	LTL2-C7-LEARNING_ORGANIZATION	LTL2-C7-LEARNING_ORGANIZATION	medium	recall	multiple_choice	both	direct_definition	A learning organization is one that	discourages change to protect standards	encourages continual learning so the organization can grow	depends on one expert to solve every problem	focuses only on formal classroom training	B	A learning organization continually develops knowledge and adapts through shared learning.	1	A learning organization continually develops knowledge and adapts through shared learning. A is incorrect because learning organizations adapt rather than resist all change. C is incorrect because they spread learning throughout the organization.	Learning organizations adapt rather than resist all change.	Correct. A learning organization continually develops knowledge and adapts through shared learning.	They spread learning throughout the organization.	Learning occurs in many forms, not only classrooms.	Choosing a related term because it sounds plausible without matching the exact definition or situation.	Review the distinction behind this item: A learning organization continually develops knowledge and adapts through shared learning. Then compare each option to the exact wording of the chapter.	Learning people build a learning team.	medium	comparison_card	optional_after_answer	ltl2_c7_learning_organization_091	Create a simple, uncluttered study visual for the concept: A learning organization continually develops knowledge and adapts through shared learning. Emphasize the distinction tested by the answer choices.	Learning people build a learning team.	A study visual illustrating: A learning organization continually develops knowledge and adapts through shared learning.	Learn to Lead, Volume 2, Chapter 7	131	source_approved	draft	LTL2-C7-PE-Q001|LTL2-C7-PE-Q002	35	7	high	moderate	true	1.0	original_textbook_grounded	Mitchell_sample_style_analysis
LTL2-C7-Q092	C7-Expansion	LTL2-C7-OBJ-28-34	LTL2-C7-PERSONAL_MASTERY_CONTINUOUS	LTL2-C7-PERSONAL_MASTERY_CONTINUOUS	medium	recall	multiple_choice	both	close_distinction	Personal mastery includes the understanding that people	eventually arrive and no longer need practice	continue learning and practicing throughout life	should lower goals after setbacks	focus only on what they already do well	B	Personal mastery is a lifelong process of learning, clarifying vision, and facing reality.	1	Personal mastery is a lifelong process of learning, clarifying vision, and facing reality. A is incorrect because the chapter stresses that mastery is never finally completed. C is incorrect because setbacks call for learning, not automatically lowering worthy goals.	The chapter stresses that mastery is never finally completed.	Correct. Personal mastery is a lifelong process of learning, clarifying vision, and facing reality.	Setbacks call for learning, not automatically lowering worthy goals.	Growth requires addressing weaknesses as well as strengths.	Choosing a related term because it sounds plausible without matching the exact definition or situation.	Review the distinction behind this item: Personal mastery is a lifelong process of learning, clarifying vision, and facing reality. Then compare each option to the exact wording of the chapter.	Mastery has no finish line.	high	comparison_card	optional_after_answer	ltl2_c7_personal_mastery_continuous_092	Create a simple, uncluttered study visual for the concept: Personal mastery is a lifelong process of learning, clarifying vision, and facing reality. Emphasize the distinction tested by the answer choices.	Mastery has no finish line.	A study visual illustrating: Personal mastery is a lifelong process of learning, clarifying vision, and facing reality.	Learn to Lead, Volume 2, Chapter 7	134-136	source_approved	draft	LTL2-C7-PE-Q001|LTL2-C7-PE-Q002	35	7	high	close	true	1.0	original_textbook_grounded	Mitchell_sample_style_analysis
LTL2-C7-Q093	C7-Expansion	LTL2-C7-OBJ-28-34	LTL2-C7-SHARED_VISION	LTL2-C7-SHARED_VISION	medium	recall	multiple_choice	both	direct_definition	A shared vision primarily gives a team	a common picture of the future worth pursuing	a detailed punishment system	identical personalities	a guarantee of success	A	A shared vision aligns people around a meaningful picture of what they want to create.	1	A shared vision aligns people around a meaningful picture of what they want to create. B is incorrect because a vision is not a discipline system. C is incorrect because team members can differ while sharing purpose.	Correct. A shared vision aligns people around a meaningful picture of what they want to create.	A vision is not a discipline system.	Team members can differ while sharing purpose.	Vision inspires commitment but cannot guarantee results.	Choosing a related term because it sounds plausible without matching the exact definition or situation.	Review the distinction behind this item: A shared vision aligns people around a meaningful picture of what they want to create. Then compare each option to the exact wording of the chapter.	Shared vision = future we choose together.	medium	comparison_card	optional_after_answer	ltl2_c7_shared_vision_093	Create a simple, uncluttered study visual for the concept: A shared vision aligns people around a meaningful picture of what they want to create. Emphasize the distinction tested by the answer choices.	Shared vision = future we choose together.	A study visual illustrating: A shared vision aligns people around a meaningful picture of what they want to create.	Learn to Lead, Volume 2, Chapter 7	136-137	source_approved	draft	LTL2-C7-PE-Q001|LTL2-C7-PE-Q002	35	7	high	moderate	true	1.0	original_textbook_grounded	Mitchell_sample_style_analysis
LTL2-C7-Q094	C7-Expansion	LTL2-C7-OBJ-28-34	LTL2-C7-SYSTEMS_THINKING	LTL2-C7-SYSTEMS_THINKING	medium	recall	multiple_choice	both	close_distinction	Systems thinking emphasizes that	each part of an organization can succeed independently	all parts of a system affect and depend on one another	the leader should focus only on the weakest component	complex problems always have one cause	B	Systems thinking examines relationships and interdependence among parts.	1	Systems thinking examines relationships and interdependence among parts. A is incorrect because the theory stresses interdependence, not independence. C is incorrect because focusing on only one component can miss system effects.	The theory stresses interdependence, not independence.	Correct. Systems thinking examines relationships and interdependence among parts.	Focusing on only one component can miss system effects.	Complex systems often involve multiple interacting causes.	Choosing a related term because it sounds plausible without matching the exact definition or situation.	Review the distinction behind this item: Systems thinking examines relationships and interdependence among parts. Then compare each option to the exact wording of the chapter.	Change one part; the system feels it.	high	comparison_card	optional_after_answer	ltl2_c7_systems_thinking_094	Create a simple, uncluttered study visual for the concept: Systems thinking examines relationships and interdependence among parts. Emphasize the distinction tested by the answer choices.	Change one part; the system feels it.	A study visual illustrating: Systems thinking examines relationships and interdependence among parts.	Learn to Lead, Volume 2, Chapter 7	131-133	source_approved	draft	LTL2-C7-PE-Q001|LTL2-C7-PE-Q002	35	7	high	close	true	1.0	original_textbook_grounded	Mitchell_sample_style_analysis
LTL2-C7-Q095	C7-Expansion	LTL2-C7-OBJ-35-41	LTL2-C7-GRID_CONTROLLING	LTL2-C7-GRID_CONTROLLING	medium	recall	multiple_choice	both	close_distinction	Which Leadership Grid style reflects high concern for results but low concern for people?	1,9 Accommodating	9,1 Controlling	5,5 Status Quo	9,9 Sound	B	The 9,1 style emphasizes production while giving little attention to people.	1	The 9,1 style emphasizes production while giving little attention to people. A is incorrect because 1,9 emphasizes people over results. C is incorrect because 5,5 balances both at moderate levels.	1,9 emphasizes people over results.	Correct. The 9,1 style emphasizes production while giving little attention to people.	5,5 balances both at moderate levels.	9,9 gives high concern to both.	Choosing a related term because it sounds plausible without matching the exact definition or situation.	Review the distinction behind this item: The 9,1 style emphasizes production while giving little attention to people. Then compare each option to the exact wording of the chapter.	9 results, 1 people = controlling.	high	comparison_card	optional_after_answer	ltl2_c7_grid_controlling_095	Create a simple, uncluttered study visual for the concept: The 9,1 style emphasizes production while giving little attention to people. Emphasize the distinction tested by the answer choices.	9 results, 1 people = controlling.	A study visual illustrating: The 9,1 style emphasizes production while giving little attention to people.	Learn to Lead, Volume 2, Chapter 7	139-142	source_approved	draft	LTL2-C7-PF-Q001|LTL2-C7-PF-Q002	35	7	high	close	true	1.0	original_textbook_grounded	Mitchell_sample_style_analysis
LTL2-C7-Q096	C7-Expansion	LTL2-C7-OBJ-35-41	LTL2-C7-GRID_INDIFFERENT	LTL2-C7-GRID_INDIFFERENT	medium	recall	multiple_choice	both	direct_definition	Which Leadership Grid style shows low concern for both people and results?	1,1 Indifferent	1,9 Accommodating	9,1 Controlling	9,9 Sound	A	The indifferent style invests minimal effort in both relationships and production.	1	The indifferent style invests minimal effort in both relationships and production. B is incorrect because accommodating has high concern for people. C is incorrect because controlling has high concern for results.	Correct. The indifferent style invests minimal effort in both relationships and production.	Accommodating has high concern for people.	Controlling has high concern for results.	Sound leadership has high concern for both.	Choosing a related term because it sounds plausible without matching the exact definition or situation.	Review the distinction behind this item: The indifferent style invests minimal effort in both relationships and production. Then compare each option to the exact wording of the chapter.	1 and 1 = little of either.	medium	comparison_card	optional_after_answer	ltl2_c7_grid_indifferent_096	Create a simple, uncluttered study visual for the concept: The indifferent style invests minimal effort in both relationships and production. Emphasize the distinction tested by the answer choices.	1 and 1 = little of either.	A study visual illustrating: The indifferent style invests minimal effort in both relationships and production.	Learn to Lead, Volume 2, Chapter 7	139	source_approved	draft	LTL2-C7-PF-Q001|LTL2-C7-PF-Q002	35	7	high	moderate	true	1.0	original_textbook_grounded	Mitchell_sample_style_analysis
LTL2-C7-Q097	C7-Expansion	LTL2-C7-OBJ-42-47	LTL2-C7-DEMOCRATIC_STYLE	LTL2-C7-DEMOCRATIC_STYLE	medium	recall	multiple_choice	both	close_distinction	Which situational style offers the greatest opportunity for in-depth communication and participation?	Authoritarian	Democratic	Laissez-faire	Directive	B	Democratic leadership invites participation and fuller two-way communication.	1	Democratic leadership invites participation and fuller two-way communication. A is incorrect because authoritarian leadership concentrates decisions in the leader. C is incorrect because laissez-faire provides little direction rather than structured discussion.	Authoritarian leadership concentrates decisions in the leader.	Correct. Democratic leadership invites participation and fuller two-way communication.	Laissez-faire provides little direction rather than structured discussion.	Directive is a Path-Goal behavior, not the named situational style here.	Choosing a related term because it sounds plausible without matching the exact definition or situation.	Review the distinction behind this item: Democratic leadership invites participation and fuller two-way communication. Then compare each option to the exact wording of the chapter.	Democratic = discuss and participate.	high	comparison_card	optional_after_answer	ltl2_c7_democratic_style_097	Create a simple, uncluttered study visual for the concept: Democratic leadership invites participation and fuller two-way communication. Emphasize the distinction tested by the answer choices.	Democratic = discuss and participate.	A study visual illustrating: Democratic leadership invites participation and fuller two-way communication.	Learn to Lead, Volume 2, Chapter 7	144-146	source_approved	draft	LTL2-C7-PG-Q001|LTL2-C7-PG-Q002	35	7	high	close	true	1.0	original_textbook_grounded	Mitchell_sample_style_analysis
LTL2-C7-Q098	C7-Expansion	LTL2-C7-OBJ-42-47	LTL2-C7-AUTHORITARIAN_EMERGENCY	LTL2-C7-AUTHORITARIAN_EMERGENCY	medium	recall	multiple_choice	both	brief_application	During an immediate emergency, which situational leadership style is usually most appropriate?	Democratic	Authoritarian	Laissez-faire	Accommodating	B	Authoritarian leadership can provide rapid, decisive direction when time is critical.	1	Authoritarian leadership can provide rapid, decisive direction when time is critical. A is incorrect because democratic discussion may be too slow in an emergency. C is incorrect because laissez-faire offers too little direction.	Democratic discussion may be too slow in an emergency.	Correct. Authoritarian leadership can provide rapid, decisive direction when time is critical.	Laissez-faire offers too little direction.	Accommodating is a Leadership Grid label, not the situational choice.	Choosing a related term because it sounds plausible without matching the exact definition or situation.	Review the distinction behind this item: Authoritarian leadership can provide rapid, decisive direction when time is critical. Then compare each option to the exact wording of the chapter.	Emergency: clear command now.	medium	comparison_card	optional_after_answer	ltl2_c7_authoritarian_emergency_098	Create a simple, uncluttered study visual for the concept: Authoritarian leadership can provide rapid, decisive direction when time is critical. Emphasize the distinction tested by the answer choices.	Emergency: clear command now.	A study visual illustrating: Authoritarian leadership can provide rapid, decisive direction when time is critical.	Learn to Lead, Volume 2, Chapter 7	145	source_approved	draft	LTL2-C7-PG-Q001|LTL2-C7-PG-Q002	35	7	high	moderate	true	1.0	original_textbook_grounded	Mitchell_sample_style_analysis
LTL2-C7-Q099	C7-Expansion	LTL2-C7-OBJ-48-49	LTL2-C7-PATH_GOAL_DIRECTIVE	LTL2-C7-PATH_GOAL_DIRECTIVE	medium	recall	multiple_choice	both	close_distinction	Under Path-Goal theory, a follower facing a new and highly challenging task generally needs a	directive style	participative style	supportive style	achievement-oriented style	A	Directive leadership clarifies expectations, steps, and responsibilities when the task is unfamiliar.	1	Directive leadership clarifies expectations, steps, and responsibilities when the task is unfamiliar. B is incorrect because participative leadership invites input when followers can contribute to decisions. C is incorrect because supportive leadership emphasizes welfare and encouragement.	Correct. Directive leadership clarifies expectations, steps, and responsibilities when the task is unfamiliar.	Participative leadership invites input when followers can contribute to decisions.	Supportive leadership emphasizes welfare and encouragement.	Achievement-oriented leadership sets challenging goals for capable followers.	Choosing a related term because it sounds plausible without matching the exact definition or situation.	Review the distinction behind this item: Directive leadership clarifies expectations, steps, and responsibilities when the task is unfamiliar. Then compare each option to the exact wording of the chapter.	New task needs a clear path.	high	comparison_card	optional_after_answer	ltl2_c7_path_goal_directive_099	Create a simple, uncluttered study visual for the concept: Directive leadership clarifies expectations, steps, and responsibilities when the task is unfamiliar. Emphasize the distinction tested by the answer choices.	New task needs a clear path.	A study visual illustrating: Directive leadership clarifies expectations, steps, and responsibilities when the task is unfamiliar.	Learn to Lead, Volume 2, Chapter 7	146-148	source_approved	draft	LTL2-C7-PH-Q001|LTL2-C7-PH-Q002	35	7	high	close	true	1.0	original_textbook_grounded	Mitchell_sample_style_analysis
LTL2-C7-Q100	C7-Expansion	LTL2-C7-OBJ-48-49	LTL2-C7-PATH_GOAL_ACHIEVEMENT	LTL2-C7-PATH_GOAL_ACHIEVEMENT	medium	recall	multiple_choice	both	close_distinction	A leader who sets demanding goals and expresses confidence that capable followers can achieve them is using	supportive leadership	directive leadership	achievement-oriented leadership	participative leadership	C	Achievement-oriented leadership challenges followers and communicates confidence in their ability.	1	Achievement-oriented leadership challenges followers and communicates confidence in their ability. A is incorrect because supportive leadership focuses on well-being. B is incorrect because directive leadership clarifies tasks and procedures.	Supportive leadership focuses on well-being.	Directive leadership clarifies tasks and procedures.	Correct. Achievement-oriented leadership challenges followers and communicates confidence in their ability.	Participative leadership includes followers in decision-making.	Choosing a related term because it sounds plausible without matching the exact definition or situation.	Review the distinction behind this item: Achievement-oriented leadership challenges followers and communicates confidence in their ability. Then compare each option to the exact wording of the chapter.	Achievement style raises the bar.	high	comparison_card	optional_after_answer	ltl2_c7_path_goal_achievement_100	Create a simple, uncluttered study visual for the concept: Achievement-oriented leadership challenges followers and communicates confidence in their ability. Emphasize the distinction tested by the answer choices.	Achievement style raises the bar.	A study visual illustrating: Achievement-oriented leadership challenges followers and communicates confidence in their ability.	Learn to Lead, Volume 2, Chapter 7	147-148	source_approved	draft	LTL2-C7-PH-Q001|LTL2-C7-PH-Q002	35	7	high	close	true	1.0	original_textbook_grounded	Mitchell_sample_style_analysis
LTL2-C8-PA-Q001	Chapter 8 A: Purpose, Audience & Organization	LTL2-C8-OBJ-1-4	LTL2-C8-COMMUNICATION_PURPOSES	LTL2-C8-A-COMMUNICATION_PURPOSES	easy	recall	multiple_choice	both	cap_direct	What are the three main purposes of communication?	To describe, debate, or command	To entertain, inform, or persuade	To outline, support, or conclude	To teach, test, or evaluate	B	Communication commonly aims to entertain, inform, or persuade.	1	Communication commonly aims to entertain, inform, or persuade. The closest distractors describe related communication ideas but not the precise answer.	Not quite. “To describe, debate, or command” is plausible, but it does not match the exact concept. Communication commonly aims to entertain, inform, or persuade.	Correct. Communication commonly aims to entertain, inform, or persuade.	Not quite. “To outline, support, or conclude” is plausible, but it does not match the exact concept. Communication commonly aims to entertain, inform, or persuade.	Not quite. “To teach, test, or evaluate” is plausible, but it does not match the exact concept. Communication commonly aims to entertain, inform, or persuade.	Choosing a related communication term that serves a different purpose.	Review communication purposes and compare it with the closest wrong choice. State the key difference in one sentence.	E-I-P: entertain, inform, persuade.	medium	comparison_diagram	optional_after_answer	ltl2_c8_pa_q001	Simple instructional comparison showing communication purposes and a nearby but different concept.	E-I-P: entertain, inform, persuade.	A simple diagram explaining communication purposes.	Learn to Lead Volume 2, Chapter 8, objectives 1-4	153-155	approved_source	draft	LTL2-C8-PA-Q002,LTL2-C8-PA-Q003	40	8	low	basic	false	0	existing_original_bank	pre_sample_bank_review
LTL2-C8-PA-Q002	Chapter 8 A: Purpose, Audience & Organization	LTL2-C8-OBJ-1-4	LTL2-C8-SPECIFIC_PURPOSE	LTL2-C8-A-SPECIFIC_PURPOSE	medium	understanding	multiple_choice	both	cap_direct	A specific purpose states	what you want the audience to understand, do, or believe	the order of every paragraph	the evidence supporting each claim	the speaker’s credentials	A	A specific purpose precisely identifies the intended audience outcome.	1	A specific purpose precisely identifies the intended audience outcome. The closest distractors describe related communication ideas but not the precise answer.	Correct. A specific purpose precisely identifies the intended audience outcome.	Not quite. “the order of every paragraph” is plausible, but it does not match the exact concept. A specific purpose precisely identifies the intended audience outcome.	Not quite. “the evidence supporting each claim” is plausible, but it does not match the exact concept. A specific purpose precisely identifies the intended audience outcome.	Not quite. “the speaker’s credentials” is plausible, but it does not match the exact concept. A specific purpose precisely identifies the intended audience outcome.	Choosing a related communication term that serves a different purpose.	Review specific purpose and compare it with the closest wrong choice. State the key difference in one sentence.	Understand, do, or believe.	medium	comparison_diagram	optional_after_answer	ltl2_c8_pa_q002	Simple instructional comparison showing specific purpose and a nearby but different concept.	Understand, do, or believe.	A simple diagram explaining specific purpose.	Learn to Lead Volume 2, Chapter 8, objectives 1-4	153-155	approved_source	draft	LTL2-C8-PA-Q003,LTL2-C8-PA-Q004	40	8	high	moderate	true	1.0	existing_original_bank	pre_sample_bank_review
LTL2-C8-PA-Q003	Chapter 8 A: Purpose, Audience & Organization	LTL2-C8-OBJ-1-4	LTL2-C8-PURPOSE	LTL2-C8-A-PURPOSE	medium	scenario	multiple_choice	both	scenario	A cadet explains how to perform an about face. The primary purpose is to	entertain	persuade	criticize	inform	D	Teaching a skill is primarily informative communication.	1	Teaching a skill is primarily informative communication. The closest distractors describe related communication ideas but not the precise answer.	Not quite. “entertain” is plausible, but it does not match the exact concept. Teaching a skill is primarily informative communication.	Not quite. “persuade” is plausible, but it does not match the exact concept. Teaching a skill is primarily informative communication.	Not quite. “criticize” is plausible, but it does not match the exact concept. Teaching a skill is primarily informative communication.	Correct. Teaching a skill is primarily informative communication.	Choosing a related communication term that serves a different purpose.	Review purpose and compare it with the closest wrong choice. State the key difference in one sentence.	Teaching mainly informs.	medium	comparison_diagram	optional_after_answer	ltl2_c8_pa_q003	Simple instructional comparison showing purpose and a nearby but different concept.	Teaching mainly informs.	A simple diagram explaining purpose.	Learn to Lead Volume 2, Chapter 8, objectives 1-4	153-155	approved_source	draft	LTL2-C8-PA-Q004,LTL2-C8-PA-Q005	40	8	low	basic	false	0	existing_original_bank	pre_sample_bank_review
LTL2-C8-PA-Q004	Chapter 8 A: Purpose, Audience & Organization	LTL2-C8-OBJ-1-4	LTL2-C8-AUDIENCE	LTL2-C8-A-AUDIENCE	easy	recall	multiple_choice	both	cap_direct	An audience is	only people attending a live speech	the group that approves an outline	the people to whom you speak or write	the evidence used in an argument	C	The audience is the group receiving spoken or written communication.	1	The audience is the group receiving spoken or written communication. The closest distractors describe related communication ideas but not the precise answer.	Not quite. “only people attending a live speech” is plausible, but it does not match the exact concept. The audience is the group receiving spoken or written communication.	Not quite. “the group that approves an outline” is plausible, but it does not match the exact concept. The audience is the group receiving spoken or written communication.	Correct. The audience is the group receiving spoken or written communication.	Not quite. “the evidence used in an argument” is plausible, but it does not match the exact concept. The audience is the group receiving spoken or written communication.	Choosing a related communication term that serves a different purpose.	Review audience and compare it with the closest wrong choice. State the key difference in one sentence.	Audience = receivers.	medium	comparison_diagram	optional_after_answer	ltl2_c8_pa_q004	Simple instructional comparison showing audience and a nearby but different concept.	Audience = receivers.	A simple diagram explaining audience.	Learn to Lead Volume 2, Chapter 8, objectives 1-4	153-155	approved_source	draft	LTL2-C8-PA-Q005,LTL2-C8-PA-Q006	40	8	high	moderate	true	1.0	existing_original_bank	pre_sample_bank_review
LTL2-C8-PA-Q005	Chapter 8 A: Purpose, Audience & Organization	LTL2-C8-OBJ-1-4	LTL2-C8-AUDIENCE_ANALYSIS	LTL2-C8-A-AUDIENCE_ANALYSIS	medium	understanding	multiple_choice	both	cap_direct	Why must a communicator analyze the audience?	To avoid stating a clear purpose	To match content and level to the audience’s needs and knowledge	To guarantee agreement	To replace organization with personality	B	Audience analysis helps make the message appropriate and useful.	1	Audience analysis helps make the message appropriate and useful. The closest distractors describe related communication ideas but not the precise answer.	Not quite. “To avoid stating a clear purpose” is plausible, but it does not match the exact concept. Audience analysis helps make the message appropriate and useful.	Correct. Audience analysis helps make the message appropriate and useful.	Not quite. “To guarantee agreement” is plausible, but it does not match the exact concept. Audience analysis helps make the message appropriate and useful.	Not quite. “To replace organization with personality” is plausible, but it does not match the exact concept. Audience analysis helps make the message appropriate and useful.	Choosing a related communication term that serves a different purpose.	Review audience analysis and compare it with the closest wrong choice. State the key difference in one sentence.	Know who, then know how.	medium	comparison_diagram	optional_after_answer	ltl2_c8_pa_q005	Simple instructional comparison showing audience analysis and a nearby but different concept.	Know who, then know how.	A simple diagram explaining audience analysis.	Learn to Lead Volume 2, Chapter 8, objectives 1-4	153-155	approved_source	draft	LTL2-C8-PA-Q006,LTL2-C8-PA-Q007	40	8	high	moderate	true	1.0	existing_original_bank	pre_sample_bank_review
LTL2-C8-PA-Q006	Chapter 8 A: Purpose, Audience & Organization	LTL2-C8-OBJ-1-4	LTL2-C8-AUDIENCE_ANALYSIS	LTL2-C8-A-AUDIENCE_ANALYSIS	medium	scenario	multiple_choice	both	scenario	An advanced rocketry club becomes bored by a presentation on basic rockets. The speaker most likely failed to	analyze the audience	use active voice	write a conclusion	anticipate objections	A	The content was not matched to the audience’s existing knowledge.	1	The content was not matched to the audience’s existing knowledge. The closest distractors describe related communication ideas but not the precise answer.	Correct. The content was not matched to the audience’s existing knowledge.	Not quite. “use active voice” is plausible, but it does not match the exact concept. The content was not matched to the audience’s existing knowledge.	Not quite. “write a conclusion” is plausible, but it does not match the exact concept. The content was not matched to the audience’s existing knowledge.	Not quite. “anticipate objections” is plausible, but it does not match the exact concept. The content was not matched to the audience’s existing knowledge.	Choosing a related communication term that serves a different purpose.	Review audience analysis and compare it with the closest wrong choice. State the key difference in one sentence.	Great content can miss the wrong audience.	medium	comparison_diagram	optional_after_answer	ltl2_c8_pa_q006	Simple instructional comparison showing audience analysis and a nearby but different concept.	Great content can miss the wrong audience.	A simple diagram explaining audience analysis.	Learn to Lead Volume 2, Chapter 8, objectives 1-4	153-155	approved_source	draft	LTL2-C8-PA-Q007,LTL2-C8-PA-Q008	40	8	low	basic	false	0	existing_original_bank	pre_sample_bank_review
LTL2-C8-PA-Q007	Chapter 8 A: Purpose, Audience & Organization	LTL2-C8-OBJ-1-4	LTL2-C8-OUTLINE	LTL2-C8-A-OUTLINE	medium	understanding	multiple_choice	both	cap_direct	An outline is best defined as	a complete first draft	a list of sources only	a short statement of the main idea	a diagram showing how communication will be organized	D	An outline maps the organization of an essay or speech.	1	An outline maps the organization of an essay or speech. The closest distractors describe related communication ideas but not the precise answer.	Not quite. “a complete first draft” is plausible, but it does not match the exact concept. An outline maps the organization of an essay or speech.	Not quite. “a list of sources only” is plausible, but it does not match the exact concept. An outline maps the organization of an essay or speech.	Not quite. “a short statement of the main idea” is plausible, but it does not match the exact concept. An outline maps the organization of an essay or speech.	Correct. An outline maps the organization of an essay or speech.	Choosing a related communication term that serves a different purpose.	Review outline and compare it with the closest wrong choice. State the key difference in one sentence.	Outline = communication map.	medium	comparison_diagram	optional_after_answer	ltl2_c8_pa_q007	Simple instructional comparison showing outline and a nearby but different concept.	Outline = communication map.	A simple diagram explaining outline.	Learn to Lead Volume 2, Chapter 8, objectives 1-4	153-155	approved_source	draft	LTL2-C8-PA-Q008,LTL2-C8-PA-Q009	40	8	high	moderate	true	1.0	existing_original_bank	pre_sample_bank_review
LTL2-C8-PA-Q008	Chapter 8 A: Purpose, Audience & Organization	LTL2-C8-OBJ-1-4	LTL2-C8-OUTLINE	LTL2-C8-A-OUTLINE	medium	application	multiple_choice	both	cap_direct	Which is a major benefit of outlining?	It eliminates the need to edit	It guarantees persuasive success	It helps organize ideas and prevents important points from being omitted	It replaces audience analysis	C	An outline organizes the message and acts as a checklist.	1	An outline organizes the message and acts as a checklist. The closest distractors describe related communication ideas but not the precise answer.	Not quite. “It eliminates the need to edit” is plausible, but it does not match the exact concept. An outline organizes the message and acts as a checklist.	Not quite. “It guarantees persuasive success” is plausible, but it does not match the exact concept. An outline organizes the message and acts as a checklist.	Correct. An outline organizes the message and acts as a checklist.	Not quite. “It replaces audience analysis” is plausible, but it does not match the exact concept. An outline organizes the message and acts as a checklist.	Choosing a related communication term that serves a different purpose.	Review outline and compare it with the closest wrong choice. State the key difference in one sentence.	Map it, then check it.	medium	comparison_diagram	optional_after_answer	ltl2_c8_pa_q008	Simple instructional comparison showing outline and a nearby but different concept.	Map it, then check it.	A simple diagram explaining outline.	Learn to Lead Volume 2, Chapter 8, objectives 1-4	153-155	approved_source	draft	LTL2-C8-PA-Q009,LTL2-C8-PA-Q010	40	8	low	basic	false	0	existing_original_bank	pre_sample_bank_review
LTL2-C8-PA-Q009	Chapter 8 A: Purpose, Audience & Organization	LTL2-C8-OBJ-1-4	LTL2-C8-FOCUS_PRINCIPLES	LTL2-C8-A-FOCUS_PRINCIPLES	hard	recall	multiple_choice	both	cap_direct	In the chapter’s FOCUS principles, the letter U stands for	Useful	Understanding	Unified	Unbiased	B	FOCUS means Focused, Organized, Clear, Understanding, and Supported.	1	FOCUS means Focused, Organized, Clear, Understanding, and Supported. The closest distractors describe related communication ideas but not the precise answer.	Not quite. “Useful” is plausible, but it does not match the exact concept. FOCUS means Focused, Organized, Clear, Understanding, and Supported.	Correct. FOCUS means Focused, Organized, Clear, Understanding, and Supported.	Not quite. “Unified” is plausible, but it does not match the exact concept. FOCUS means Focused, Organized, Clear, Understanding, and Supported.	Not quite. “Unbiased” is plausible, but it does not match the exact concept. FOCUS means Focused, Organized, Clear, Understanding, and Supported.	Choosing a related communication term that serves a different purpose.	Review FOCUS principles and compare it with the closest wrong choice. State the key difference in one sentence.	FOCUS: Focused, Organized, Clear, Understanding, Supported.	high	comparison_diagram	optional_after_answer	ltl2_c8_pa_q009	Simple instructional comparison showing FOCUS principles and a nearby but different concept.	FOCUS: Focused, Organized, Clear, Understanding, Supported.	A simple diagram explaining FOCUS principles.	Learn to Lead Volume 2, Chapter 8, objectives 1-4	153-155	approved_source	draft	LTL2-C8-PA-Q010,LTL2-C8-PA-Q001	50	8	low	basic	false	0	existing_original_bank	pre_sample_bank_review
LTL2-C8-PA-Q010	Chapter 8 A: Purpose, Audience & Organization	LTL2-C8-OBJ-1-4	LTL2-C8-COMMUNICATION_FOUNDATIONS	LTL2-C8-A-COMMUNICATION_FOUNDATIONS	hard	analysis	multiple_choice	both	cap_direct	Which sequence best reflects the chapter’s communication foundations?	Know the purpose, know the audience, organize the ideas	Choose visuals, draft, then identify the audience	Write the conclusion, add evidence, then select a topic	Choose large words, remove examples, then outline	A	Effective communication begins with purpose, audience, and organization.	1	Effective communication begins with purpose, audience, and organization. The closest distractors describe related communication ideas but not the precise answer.	Correct. Effective communication begins with purpose, audience, and organization.	Not quite. “Choose visuals, draft, then identify the audience” is plausible, but it does not match the exact concept. Effective communication begins with purpose, audience, and organization.	Not quite. “Write the conclusion, add evidence, then select a topic” is plausible, but it does not match the exact concept. Effective communication begins with purpose, audience, and organization.	Not quite. “Choose large words, remove examples, then outline” is plausible, but it does not match the exact concept. Effective communication begins with purpose, audience, and organization.	Choosing a related communication term that serves a different purpose.	Review communication foundations and compare it with the closest wrong choice. State the key difference in one sentence.	Why, who, then order.	high	comparison_diagram	optional_after_answer	ltl2_c8_pa_q010	Simple instructional comparison showing communication foundations and a nearby but different concept.	Why, who, then order.	A simple diagram explaining communication foundations.	Learn to Lead Volume 2, Chapter 8, objectives 1-4	153-155	approved_source	draft	LTL2-C8-PA-Q001,LTL2-C8-PA-Q002	50	8	low	basic	false	0	existing_original_bank	pre_sample_bank_review
LTL2-C8-PB-Q001	Chapter 8 B: Communication Principles	LTL2-C8-OBJ-5	LTL2-C8-CLARITY	LTL2-C8-B-CLARITY	hard	application	multiple_choice	both	cap_direct	Which revision is most consistent with the principle “Be Clear”?	CAP cadets learn aviation through orientation flights in Cessnas and gliders.	CAP exposes cadets to aviation.	CAP is associated with many aviation opportunities.	Aviation exposure occurs through CAP.	A	Clear language uses specific, concrete words and details.	1	Clear language uses specific, concrete words and details. The closest distractors describe related communication ideas but not the precise answer.	Correct. Clear language uses specific, concrete words and details.	Not quite. “CAP exposes cadets to aviation.” is plausible, but it does not match the exact concept. Clear language uses specific, concrete words and details.	Not quite. “CAP is associated with many aviation opportunities.” is plausible, but it does not match the exact concept. Clear language uses specific, concrete words and details.	Not quite. “Aviation exposure occurs through CAP.” is plausible, but it does not match the exact concept. Clear language uses specific, concrete words and details.	Choosing a related communication term that serves a different purpose.	Review clarity and compare it with the closest wrong choice. State the key difference in one sentence.	Specific beats vague.	high	comparison_diagram	optional_after_answer	ltl2_c8_pb_q001	Simple instructional comparison showing clarity and a nearby but different concept.	Specific beats vague.	A simple diagram explaining clarity.	Learn to Lead Volume 2, Chapter 8, objectives 5	156-157	approved_source	draft	LTL2-C8-PB-Q002,LTL2-C8-PB-Q003	50	8	low	basic	false	0	existing_original_bank	pre_sample_bank_review
LTL2-C8-PB-Q002	Chapter 8 B: Communication Principles	LTL2-C8-OBJ-5	LTL2-C8-FAMILIAR_WORDS	LTL2-C8-B-FAMILIAR_WORDS	medium	understanding	multiple_choice	both	cap_direct	Why should communicators usually choose familiar words?	To make every sentence shorter than ten words	To avoid all technical terms	To sound informal in every situation	To make the message easier to understand	D	Familiar words communicate meaning more directly.	1	Familiar words communicate meaning more directly. The closest distractors describe related communication ideas but not the precise answer.	Not quite. “To make every sentence shorter than ten words” is plausible, but it does not match the exact concept. Familiar words communicate meaning more directly.	Not quite. “To avoid all technical terms” is plausible, but it does not match the exact concept. Familiar words communicate meaning more directly.	Not quite. “To sound informal in every situation” is plausible, but it does not match the exact concept. Familiar words communicate meaning more directly.	Correct. Familiar words communicate meaning more directly.	Choosing a related communication term that serves a different purpose.	Review familiar words and compare it with the closest wrong choice. State the key difference in one sentence.	Communicate, do not decorate.	medium	comparison_diagram	optional_after_answer	ltl2_c8_pb_q002	Simple instructional comparison showing familiar words and a nearby but different concept.	Communicate, do not decorate.	A simple diagram explaining familiar words.	Learn to Lead Volume 2, Chapter 8, objectives 5	156-157	approved_source	draft	LTL2-C8-PB-Q003,LTL2-C8-PB-Q004	40	8	low	basic	false	0	existing_original_bank	pre_sample_bank_review
LTL2-C8-PB-Q003	Chapter 8 B: Communication Principles	LTL2-C8-OBJ-5	LTL2-C8-ELIMINATE_CLUTTER	LTL2-C8-B-ELIMINATE_CLUTTER	medium	understanding	multiple_choice	both	cap_direct	Eliminating clutter means	deleting all supporting examples	using only simple sentences	removing needless words and sentences	avoiding transitions	C	Clutter is unnecessary wording that weakens clarity.	1	Clutter is unnecessary wording that weakens clarity. The closest distractors describe related communication ideas but not the precise answer.	Not quite. “deleting all supporting examples” is plausible, but it does not match the exact concept. Clutter is unnecessary wording that weakens clarity.	Not quite. “using only simple sentences” is plausible, but it does not match the exact concept. Clutter is unnecessary wording that weakens clarity.	Correct. Clutter is unnecessary wording that weakens clarity.	Not quite. “avoiding transitions” is plausible, but it does not match the exact concept. Clutter is unnecessary wording that weakens clarity.	Choosing a related communication term that serves a different purpose.	Review eliminate clutter and compare it with the closest wrong choice. State the key difference in one sentence.	Cut what adds no meaning.	medium	comparison_diagram	optional_after_answer	ltl2_c8_pb_q003	Simple instructional comparison showing eliminate clutter and a nearby but different concept.	Cut what adds no meaning.	A simple diagram explaining eliminate clutter.	Learn to Lead Volume 2, Chapter 8, objectives 5	156-157	approved_source	draft	LTL2-C8-PB-Q004,LTL2-C8-PB-Q005	40	8	high	moderate	true	1.0	existing_original_bank	pre_sample_bank_review
LTL2-C8-PB-Q004	Chapter 8 B: Communication Principles	LTL2-C8-OBJ-5	LTL2-C8-ACTIVE_VOICE	LTL2-C8-B-ACTIVE_VOICE	medium	recognition	multiple_choice	both	cap_direct	Which sentence uses active voice?	The flight was inspected by the cadet commander.	The cadet commander inspected the flight.	The inspection of the flight was completed.	The flight had been inspected.	B	In active voice, the subject directly performs the action.	1	In active voice, the subject directly performs the action. The closest distractors describe related communication ideas but not the precise answer.	Not quite. “The flight was inspected by the cadet commander.” is plausible, but it does not match the exact concept. In active voice, the subject directly performs the action.	Correct. In active voice, the subject directly performs the action.	Not quite. “The inspection of the flight was completed.” is plausible, but it does not match the exact concept. In active voice, the subject directly performs the action.	Not quite. “The flight had been inspected.” is plausible, but it does not match the exact concept. In active voice, the subject directly performs the action.	Choosing a related communication term that serves a different purpose.	Review active voice and compare it with the closest wrong choice. State the key difference in one sentence.	Actor first, action strong.	medium	comparison_diagram	optional_after_answer	ltl2_c8_pb_q004	Simple instructional comparison showing active voice and a nearby but different concept.	Actor first, action strong.	A simple diagram explaining active voice.	Learn to Lead Volume 2, Chapter 8, objectives 5	156-157	approved_source	draft	LTL2-C8-PB-Q005,LTL2-C8-PB-Q006	40	8	high	moderate	true	1.0	existing_original_bank	pre_sample_bank_review
LTL2-C8-PB-Q005	Chapter 8 B: Communication Principles	LTL2-C8-OBJ-5	LTL2-C8-POSITIVE_FORM	LTL2-C8-B-POSITIVE_FORM	medium	recognition	multiple_choice	both	cap_direct	Which sentence is written in positive form?	Cadets must remember their canteens.	Cadets are not to forget their canteens.	Canteens should not be left behind by cadets.	Forgetting canteens is not permitted.	A	Positive form tells people what to do.	1	Positive form tells people what to do. The closest distractors describe related communication ideas but not the precise answer.	Correct. Positive form tells people what to do.	Not quite. “Cadets are not to forget their canteens.” is plausible, but it does not match the exact concept. Positive form tells people what to do.	Not quite. “Canteens should not be left behind by cadets.” is plausible, but it does not match the exact concept. Positive form tells people what to do.	Not quite. “Forgetting canteens is not permitted.” is plausible, but it does not match the exact concept. Positive form tells people what to do.	Choosing a related communication term that serves a different purpose.	Review positive form and compare it with the closest wrong choice. State the key difference in one sentence.	Say the desired action.	medium	comparison_diagram	optional_after_answer	ltl2_c8_pb_q005	Simple instructional comparison showing positive form and a nearby but different concept.	Say the desired action.	A simple diagram explaining positive form.	Learn to Lead Volume 2, Chapter 8, objectives 5	156-157	approved_source	draft	LTL2-C8-PB-Q006,LTL2-C8-PB-Q007	40	8	low	basic	false	0	existing_original_bank	pre_sample_bank_review
LTL2-C8-PB-Q006	Chapter 8 B: Communication Principles	LTL2-C8-OBJ-5	LTL2-C8-PARALLEL_STRUCTURE	LTL2-C8-B-PARALLEL_STRUCTURE	hard	recognition	multiple_choice	both	cap_direct	Which sentence uses parallel structure?	Cadets practiced marching, how to salute, and inspections.	Cadets practiced to march, saluting, and inspection.	Cadets practiced marching, to salute, and inspections.	Cadets practiced marching, saluting, and inspecting.	D	Parallel structure uses the same grammatical form in a series.	1	Parallel structure uses the same grammatical form in a series. The closest distractors describe related communication ideas but not the precise answer.	Not quite. “Cadets practiced marching, how to salute, and inspections.” is plausible, but it does not match the exact concept. Parallel structure uses the same grammatical form in a series.	Not quite. “Cadets practiced to march, saluting, and inspection.” is plausible, but it does not match the exact concept. Parallel structure uses the same grammatical form in a series.	Not quite. “Cadets practiced marching, to salute, and inspections.” is plausible, but it does not match the exact concept. Parallel structure uses the same grammatical form in a series.	Correct. Parallel structure uses the same grammatical form in a series.	Choosing a related communication term that serves a different purpose.	Review parallel structure and compare it with the closest wrong choice. State the key difference in one sentence.	Same job, same form.	high	comparison_diagram	optional_after_answer	ltl2_c8_pb_q006	Simple instructional comparison showing parallel structure and a nearby but different concept.	Same job, same form.	A simple diagram explaining parallel structure.	Learn to Lead Volume 2, Chapter 8, objectives 5	156-157	approved_source	draft	LTL2-C8-PB-Q007,LTL2-C8-PB-Q008	50	8	high	moderate	true	1.0	existing_original_bank	pre_sample_bank_review
LTL2-C8-PB-Q007	Chapter 8 B: Communication Principles	LTL2-C8-OBJ-5	LTL2-C8-COMMUNICATION_PRINCIPLES	LTL2-C8-B-COMMUNICATION_PRINCIPLES	hard	analysis	multiple_choice	both	cap_direct	A sentence is vague, wordy, and passive. Which principles should be applied?	Audience, thesis, and signposts	Brainstorming, objections, and references	Clarity, eliminating clutter, and active voice	Purpose, reward, and persuasion	C	Clear, concise, active writing addresses all three problems.	1	Clear, concise, active writing addresses all three problems. The closest distractors describe related communication ideas but not the precise answer.	Not quite. “Audience, thesis, and signposts” is plausible, but it does not match the exact concept. Clear, concise, active writing addresses all three problems.	Not quite. “Brainstorming, objections, and references” is plausible, but it does not match the exact concept. Clear, concise, active writing addresses all three problems.	Correct. Clear, concise, active writing addresses all three problems.	Not quite. “Purpose, reward, and persuasion” is plausible, but it does not match the exact concept. Clear, concise, active writing addresses all three problems.	Choosing a related communication term that serves a different purpose.	Review communication principles and compare it with the closest wrong choice. State the key difference in one sentence.	Clear, lean, active.	high	comparison_diagram	optional_after_answer	ltl2_c8_pb_q007	Simple instructional comparison showing communication principles and a nearby but different concept.	Clear, lean, active.	A simple diagram explaining communication principles.	Learn to Lead Volume 2, Chapter 8, objectives 5	156-157	approved_source	draft	LTL2-C8-PB-Q008,LTL2-C8-PB-Q001	50	8	low	basic	false	0	existing_original_bank	pre_sample_bank_review
LTL2-C8-PB-Q008	Chapter 8 B: Communication Principles	LTL2-C8-OBJ-5	LTL2-C8-JARGON	LTL2-C8-B-JARGON	hard	application	multiple_choice	both	cap_direct	When is specialized jargon most appropriate?	Whenever the writer wants to sound expert	When the audience understands it or it is clearly defined	Only in a conclusion	Whenever familiar words are available	B	Jargon is useful only when shared or defined precisely.	1	Jargon is useful only when shared or defined precisely. The closest distractors describe related communication ideas but not the precise answer.	Not quite. “Whenever the writer wants to sound expert” is plausible, but it does not match the exact concept. Jargon is useful only when shared or defined precisely.	Correct. Jargon is useful only when shared or defined precisely.	Not quite. “Only in a conclusion” is plausible, but it does not match the exact concept. Jargon is useful only when shared or defined precisely.	Not quite. “Whenever familiar words are available” is plausible, but it does not match the exact concept. Jargon is useful only when shared or defined precisely.	Choosing a related communication term that serves a different purpose.	Review jargon and compare it with the closest wrong choice. State the key difference in one sentence.	Jargon needs shared meaning.	high	comparison_diagram	optional_after_answer	ltl2_c8_pb_q008	Simple instructional comparison showing jargon and a nearby but different concept.	Jargon needs shared meaning.	A simple diagram explaining jargon.	Learn to Lead Volume 2, Chapter 8, objectives 5	156-157	approved_source	draft	LTL2-C8-PB-Q001,LTL2-C8-PB-Q002	50	8	high	moderate	true	1.0	existing_original_bank	pre_sample_bank_review
LTL2-C8-PC-Q001	Chapter 8 C: Essay Structure & Argument	LTL2-C8-OBJ-6-14	LTL2-C8-GOAL_OF_WRITING	LTL2-C8-C-GOAL_OF_WRITING	easy	recall	multiple_choice	both	cap_direct	The main goal of written communication is to	display vocabulary	share meaning	avoid disagreement	produce the longest explanation	B	The main goal is to share meaning clearly.	1	The main goal is to share meaning clearly. The closest distractors describe related communication ideas but not the precise answer.	Not quite. “display vocabulary” is plausible, but it does not match the exact concept. The main goal is to share meaning clearly.	Correct. The main goal is to share meaning clearly.	Not quite. “avoid disagreement” is plausible, but it does not match the exact concept. The main goal is to share meaning clearly.	Not quite. “produce the longest explanation” is plausible, but it does not match the exact concept. The main goal is to share meaning clearly.	Choosing a related communication term that serves a different purpose.	Review goal of writing and compare it with the closest wrong choice. State the key difference in one sentence.	Writing shares meaning.	medium	comparison_diagram	optional_after_answer	ltl2_c8_pc_q001	Simple instructional comparison showing goal of writing and a nearby but different concept.	Writing shares meaning.	A simple diagram explaining goal of writing.	Learn to Lead Volume 2, Chapter 8, objectives 6-14	158-167	approved_source	draft	LTL2-C8-PC-Q002,LTL2-C8-PC-Q003	40	8	low	basic	false	0	existing_original_bank	pre_sample_bank_review
LTL2-C8-PC-Q002	Chapter 8 C: Essay Structure & Argument	LTL2-C8-OBJ-6-14	LTL2-C8-SUPPORTING_CLAIMS	LTL2-C8-C-SUPPORTING_CLAIMS	medium	understanding	multiple_choice	both	cap_direct	A strong essay supports claims with	data and examples	confidence alone	long quotations only	the writer’s rank	A	Claims become persuasive when supported by evidence.	1	Claims become persuasive when supported by evidence. The closest distractors describe related communication ideas but not the precise answer.	Correct. Claims become persuasive when supported by evidence.	Not quite. “confidence alone” is plausible, but it does not match the exact concept. Claims become persuasive when supported by evidence.	Not quite. “long quotations only” is plausible, but it does not match the exact concept. Claims become persuasive when supported by evidence.	Not quite. “the writer’s rank” is plausible, but it does not match the exact concept. Claims become persuasive when supported by evidence.	Choosing a related communication term that serves a different purpose.	Review supporting claims and compare it with the closest wrong choice. State the key difference in one sentence.	Claim + support.	medium	comparison_diagram	optional_after_answer	ltl2_c8_pc_q002	Simple instructional comparison showing supporting claims and a nearby but different concept.	Claim + support.	A simple diagram explaining supporting claims.	Learn to Lead Volume 2, Chapter 8, objectives 6-14	158-167	approved_source	draft	LTL2-C8-PC-Q003,LTL2-C8-PC-Q004	40	8	high	moderate	true	1.0	existing_original_bank	pre_sample_bank_review
LTL2-C8-PC-Q003	Chapter 8 C: Essay Structure & Argument	LTL2-C8-OBJ-6-14	LTL2-C8-BRAINSTORMING	LTL2-C8-C-BRAINSTORMING	medium	understanding	multiple_choice	both	cap_direct	Brainstorming is used primarily to	correct grammar after drafting	select résumé references	memorize a speech	gather ideas before drafting	D	Brainstorming generates ideas and fights writer’s block.	1	Brainstorming generates ideas and fights writer’s block. The closest distractors describe related communication ideas but not the precise answer.	Not quite. “correct grammar after drafting” is plausible, but it does not match the exact concept. Brainstorming generates ideas and fights writer’s block.	Not quite. “select résumé references” is plausible, but it does not match the exact concept. Brainstorming generates ideas and fights writer’s block.	Not quite. “memorize a speech” is plausible, but it does not match the exact concept. Brainstorming generates ideas and fights writer’s block.	Correct. Brainstorming generates ideas and fights writer’s block.	Choosing a related communication term that serves a different purpose.	Review brainstorming and compare it with the closest wrong choice. State the key difference in one sentence.	Ideas first; judge later.	medium	comparison_diagram	optional_after_answer	ltl2_c8_pc_q003	Simple instructional comparison showing brainstorming and a nearby but different concept.	Ideas first; judge later.	A simple diagram explaining brainstorming.	Learn to Lead Volume 2, Chapter 8, objectives 6-14	158-167	approved_source	draft	LTL2-C8-PC-Q004,LTL2-C8-PC-Q005	40	8	high	moderate	true	1.0	existing_original_bank	pre_sample_bank_review
LTL2-C8-PC-Q004	Chapter 8 C: Essay Structure & Argument	LTL2-C8-OBJ-6-14	LTL2-C8-ARGUMENT	LTL2-C8-C-ARGUMENT	medium	recall	multiple_choice	both	cap_direct	In an essay, an argument is	a personal quarrel	a dramatic opening	reasons offered in proof or rebuttal	a list of transitions	C	An argument is a reason supporting or rebutting a viewpoint.	1	An argument is a reason supporting or rebutting a viewpoint. The closest distractors describe related communication ideas but not the precise answer.	Not quite. “a personal quarrel” is plausible, but it does not match the exact concept. An argument is a reason supporting or rebutting a viewpoint.	Not quite. “a dramatic opening” is plausible, but it does not match the exact concept. An argument is a reason supporting or rebutting a viewpoint.	Correct. An argument is a reason supporting or rebutting a viewpoint.	Not quite. “a list of transitions” is plausible, but it does not match the exact concept. An argument is a reason supporting or rebutting a viewpoint.	Choosing a related communication term that serves a different purpose.	Review argument and compare it with the closest wrong choice. State the key difference in one sentence.	Argument = reasons, not fighting.	medium	comparison_diagram	optional_after_answer	ltl2_c8_pc_q004	Simple instructional comparison showing argument and a nearby but different concept.	Argument = reasons, not fighting.	A simple diagram explaining argument.	Learn to Lead Volume 2, Chapter 8, objectives 6-14	158-167	approved_source	draft	LTL2-C8-PC-Q005,LTL2-C8-PC-Q006	40	8	high	moderate	true	1.0	existing_original_bank	pre_sample_bank_review
LTL2-C8-PC-Q005	Chapter 8 C: Essay Structure & Argument	LTL2-C8-OBJ-6-14	LTL2-C8-TOPIC_SENTENCE	LTL2-C8-C-TOPIC_SENTENCE	medium	understanding	multiple_choice	both	cap_direct	A topic sentence	summarizes the entire essay	introduces the main idea of a paragraph	lists every source	states the opposing view only	B	A topic sentence gives the paragraph’s central idea.	1	A topic sentence gives the paragraph’s central idea. The closest distractors describe related communication ideas but not the precise answer.	Not quite. “summarizes the entire essay” is plausible, but it does not match the exact concept. A topic sentence gives the paragraph’s central idea.	Correct. A topic sentence gives the paragraph’s central idea.	Not quite. “lists every source” is plausible, but it does not match the exact concept. A topic sentence gives the paragraph’s central idea.	Not quite. “states the opposing view only” is plausible, but it does not match the exact concept. A topic sentence gives the paragraph’s central idea.	Choosing a related communication term that serves a different purpose.	Review topic sentence and compare it with the closest wrong choice. State the key difference in one sentence.	One paragraph, one guiding sentence.	medium	comparison_diagram	optional_after_answer	ltl2_c8_pc_q005	Simple instructional comparison showing topic sentence and a nearby but different concept.	One paragraph, one guiding sentence.	A simple diagram explaining topic sentence.	Learn to Lead Volume 2, Chapter 8, objectives 6-14	158-167	approved_source	draft	LTL2-C8-PC-Q006,LTL2-C8-PC-Q007	40	8	high	moderate	true	1.0	existing_original_bank	pre_sample_bank_review
LTL2-C8-PC-Q006	Chapter 8 C: Essay Structure & Argument	LTL2-C8-OBJ-6-14	LTL2-C8-SUPPORTING_SENTENCES	LTL2-C8-C-SUPPORTING_SENTENCES	medium	application	multiple_choice	both	cap_direct	After a topic sentence, the paragraph should primarily	support and develop that paragraph’s main idea	introduce unrelated topics	repeat the thesis word-for-word	present the conclusion	A	Supporting sentences explain or prove the topic sentence.	1	Supporting sentences explain or prove the topic sentence. The closest distractors describe related communication ideas but not the precise answer.	Correct. Supporting sentences explain or prove the topic sentence.	Not quite. “introduce unrelated topics” is plausible, but it does not match the exact concept. Supporting sentences explain or prove the topic sentence.	Not quite. “repeat the thesis word-for-word” is plausible, but it does not match the exact concept. Supporting sentences explain or prove the topic sentence.	Not quite. “present the conclusion” is plausible, but it does not match the exact concept. Supporting sentences explain or prove the topic sentence.	Choosing a related communication term that serves a different purpose.	Review supporting sentences and compare it with the closest wrong choice. State the key difference in one sentence.	Topic first; support follows.	medium	comparison_diagram	optional_after_answer	ltl2_c8_pc_q006	Simple instructional comparison showing supporting sentences and a nearby but different concept.	Topic first; support follows.	A simple diagram explaining supporting sentences.	Learn to Lead Volume 2, Chapter 8, objectives 6-14	158-167	approved_source	draft	LTL2-C8-PC-Q007,LTL2-C8-PC-Q008	40	8	low	basic	false	0	existing_original_bank	pre_sample_bank_review
LTL2-C8-PC-Q007	Chapter 8 C: Essay Structure & Argument	LTL2-C8-OBJ-6-14	LTL2-C8-STRONG_OPENING	LTL2-C8-C-STRONG_OPENING	medium	understanding	multiple_choice	both	cap_direct	Why should an essay or speech begin strongly?	The opening replaces the thesis	The opening states every detail	The opening guarantees agreement	The opening must capture attention before the audience gives up	D	A strong opening captures attention and shows importance.	1	A strong opening captures attention and shows importance. The closest distractors describe related communication ideas but not the precise answer.	Not quite. “The opening replaces the thesis” is plausible, but it does not match the exact concept. A strong opening captures attention and shows importance.	Not quite. “The opening states every detail” is plausible, but it does not match the exact concept. A strong opening captures attention and shows importance.	Not quite. “The opening guarantees agreement” is plausible, but it does not match the exact concept. A strong opening captures attention and shows importance.	Correct. A strong opening captures attention and shows importance.	Choosing a related communication term that serves a different purpose.	Review strong opening and compare it with the closest wrong choice. State the key difference in one sentence.	Hook attention early.	medium	comparison_diagram	optional_after_answer	ltl2_c8_pc_q007	Simple instructional comparison showing strong opening and a nearby but different concept.	Hook attention early.	A simple diagram explaining strong opening.	Learn to Lead Volume 2, Chapter 8, objectives 6-14	158-167	approved_source	draft	LTL2-C8-PC-Q008,LTL2-C8-PC-Q009	40	8	low	basic	false	0	existing_original_bank	pre_sample_bank_review
LTL2-C8-PC-Q008	Chapter 8 C: Essay Structure & Argument	LTL2-C8-OBJ-6-14	LTL2-C8-THESIS_STATEMENT	LTL2-C8-C-THESIS_STATEMENT	medium	recall	multiple_choice	both	cap_direct	A thesis statement is	the first sentence of every body paragraph	a list of sources	the central message or main idea of an essay	a rebuttal to an objection	C	The thesis states the essay’s central message.	1	The thesis states the essay’s central message. The closest distractors describe related communication ideas but not the precise answer.	Not quite. “the first sentence of every body paragraph” is plausible, but it does not match the exact concept. The thesis states the essay’s central message.	Not quite. “a list of sources” is plausible, but it does not match the exact concept. The thesis states the essay’s central message.	Correct. The thesis states the essay’s central message.	Not quite. “a rebuttal to an objection” is plausible, but it does not match the exact concept. The thesis states the essay’s central message.	Choosing a related communication term that serves a different purpose.	Review thesis statement and compare it with the closest wrong choice. State the key difference in one sentence.	Thesis = whole essay’s point.	medium	comparison_diagram	optional_after_answer	ltl2_c8_pc_q008	Simple instructional comparison showing thesis statement and a nearby but different concept.	Thesis = whole essay’s point.	A simple diagram explaining thesis statement.	Learn to Lead Volume 2, Chapter 8, objectives 6-14	158-167	approved_source	draft	LTL2-C8-PC-Q009,LTL2-C8-PC-Q010	40	8	high	moderate	true	1.0	existing_original_bank	pre_sample_bank_review
LTL2-C8-PC-Q009	Chapter 8 C: Essay Structure & Argument	LTL2-C8-OBJ-6-14	LTL2-C8-THESIS_BLUEPRINT	LTL2-C8-C-THESIS_BLUEPRINT	hard	understanding	multiple_choice	both	cap_direct	A thesis blueprint	contains every supporting fact	lists the major ideas that will become topic sentences	repeats the conclusion	identifies the audience by name	B	A blueprint previews the major body ideas.	1	A blueprint previews the major body ideas. The closest distractors describe related communication ideas but not the precise answer.	Not quite. “contains every supporting fact” is plausible, but it does not match the exact concept. A blueprint previews the major body ideas.	Correct. A blueprint previews the major body ideas.	Not quite. “repeats the conclusion” is plausible, but it does not match the exact concept. A blueprint previews the major body ideas.	Not quite. “identifies the audience by name” is plausible, but it does not match the exact concept. A blueprint previews the major body ideas.	Choosing a related communication term that serves a different purpose.	Review thesis blueprint and compare it with the closest wrong choice. State the key difference in one sentence.	Blueprint previews the body.	high	comparison_diagram	optional_after_answer	ltl2_c8_pc_q009	Simple instructional comparison showing thesis blueprint and a nearby but different concept.	Blueprint previews the body.	A simple diagram explaining thesis blueprint.	Learn to Lead Volume 2, Chapter 8, objectives 6-14	158-167	approved_source	draft	LTL2-C8-PC-Q010,LTL2-C8-PC-Q011	50	8	high	moderate	true	1.0	existing_original_bank	pre_sample_bank_review
LTL2-C8-PC-Q010	Chapter 8 C: Essay Structure & Argument	LTL2-C8-OBJ-6-14	LTL2-C8-TOPIC_VS_THESIS	LTL2-C8-C-TOPIC_VS_THESIS	hard	analysis	multiple_choice	both	cap_direct	Which distinction is most accurate?	A topic identifies the subject; a thesis states the central claim about it	A thesis identifies the subject; a topic proves it	A topic belongs only in speeches	A thesis is broader than the topic	A	The topic names the subject; the thesis states the message.	1	The topic names the subject; the thesis states the message. The closest distractors describe related communication ideas but not the precise answer.	Correct. The topic names the subject; the thesis states the message.	Not quite. “A thesis identifies the subject; a topic proves it” is plausible, but it does not match the exact concept. The topic names the subject; the thesis states the message.	Not quite. “A topic belongs only in speeches” is plausible, but it does not match the exact concept. The topic names the subject; the thesis states the message.	Not quite. “A thesis is broader than the topic” is plausible, but it does not match the exact concept. The topic names the subject; the thesis states the message.	Choosing a related communication term that serves a different purpose.	Review topic vs thesis and compare it with the closest wrong choice. State the key difference in one sentence.	Topic = subject; thesis = message.	high	comparison_diagram	optional_after_answer	ltl2_c8_pc_q010	Simple instructional comparison showing topic vs thesis and a nearby but different concept.	Topic = subject; thesis = message.	A simple diagram explaining topic vs thesis.	Learn to Lead Volume 2, Chapter 8, objectives 6-14	158-167	approved_source	draft	LTL2-C8-PC-Q011,LTL2-C8-PC-Q012	50	8	high	moderate	true	1.0	existing_original_bank	pre_sample_bank_review
LTL2-C8-PC-Q011	Chapter 8 C: Essay Structure & Argument	LTL2-C8-OBJ-6-14	LTL2-C8-TRANSITIONS	LTL2-C8-C-TRANSITIONS	medium	recall	multiple_choice	both	cap_direct	Transitions are words or phrases that	state the essay’s central claim	replace topic sentences	identify facts and assumptions	signal movement from one idea to another	D	Transitions connect thoughts and show logical movement.	1	Transitions connect thoughts and show logical movement. The closest distractors describe related communication ideas but not the precise answer.	Not quite. “state the essay’s central claim” is plausible, but it does not match the exact concept. Transitions connect thoughts and show logical movement.	Not quite. “replace topic sentences” is plausible, but it does not match the exact concept. Transitions connect thoughts and show logical movement.	Not quite. “identify facts and assumptions” is plausible, but it does not match the exact concept. Transitions connect thoughts and show logical movement.	Correct. Transitions connect thoughts and show logical movement.	Choosing a related communication term that serves a different purpose.	Review transitions and compare it with the closest wrong choice. State the key difference in one sentence.	Transitions are bridges.	medium	comparison_diagram	optional_after_answer	ltl2_c8_pc_q011	Simple instructional comparison showing transitions and a nearby but different concept.	Transitions are bridges.	A simple diagram explaining transitions.	Learn to Lead Volume 2, Chapter 8, objectives 6-14	158-167	approved_source	draft	LTL2-C8-PC-Q012,LTL2-C8-PC-Q013	40	8	high	moderate	true	1.0	existing_original_bank	pre_sample_bank_review
LTL2-C8-PC-Q012	Chapter 8 C: Essay Structure & Argument	LTL2-C8-OBJ-6-14	LTL2-C8-TRANSITION_LOGIC	LTL2-C8-C-TRANSITION_LOGIC	medium	recognition	multiple_choice	both	cap_direct	Which transition most clearly signals a conclusion from earlier points?	However	For example	Therefore	Meanwhile	C	“Therefore” signals that a conclusion follows.	1	“Therefore” signals that a conclusion follows. The closest distractors describe related communication ideas but not the precise answer.	Not quite. “However” is plausible, but it does not match the exact concept. “Therefore” signals that a conclusion follows.	Not quite. “For example” is plausible, but it does not match the exact concept. “Therefore” signals that a conclusion follows.	Correct. “Therefore” signals that a conclusion follows.	Not quite. “Meanwhile” is plausible, but it does not match the exact concept. “Therefore” signals that a conclusion follows.	Choosing a related communication term that serves a different purpose.	Review transition logic and compare it with the closest wrong choice. State the key difference in one sentence.	Therefore = conclusion follows.	medium	comparison_diagram	optional_after_answer	ltl2_c8_pc_q012	Simple instructional comparison showing transition logic and a nearby but different concept.	Therefore = conclusion follows.	A simple diagram explaining transition logic.	Learn to Lead Volume 2, Chapter 8, objectives 6-14	158-167	approved_source	draft	LTL2-C8-PC-Q013,LTL2-C8-PC-Q014	40	8	low	basic	false	0	existing_original_bank	pre_sample_bank_review
LTL2-C8-PC-Q013	Chapter 8 C: Essay Structure & Argument	LTL2-C8-OBJ-6-14	LTL2-C8-OBJECTION	LTL2-C8-C-OBJECTION	medium	recall	multiple_choice	both	cap_direct	An objection is	a grammar error	a reason or argument presented in opposition	the final staff-study solution	a speech signpost	B	An objection gives a reason against a position.	1	An objection gives a reason against a position. The closest distractors describe related communication ideas but not the precise answer.	Not quite. “a grammar error” is plausible, but it does not match the exact concept. An objection gives a reason against a position.	Correct. An objection gives a reason against a position.	Not quite. “the final staff-study solution” is plausible, but it does not match the exact concept. An objection gives a reason against a position.	Not quite. “a speech signpost” is plausible, but it does not match the exact concept. An objection gives a reason against a position.	Choosing a related communication term that serves a different purpose.	Review objection and compare it with the closest wrong choice. State the key difference in one sentence.	Objection = opposing reason.	medium	comparison_diagram	optional_after_answer	ltl2_c8_pc_q013	Simple instructional comparison showing objection and a nearby but different concept.	Objection = opposing reason.	A simple diagram explaining objection.	Learn to Lead Volume 2, Chapter 8, objectives 6-14	158-167	approved_source	draft	LTL2-C8-PC-Q014,LTL2-C8-PC-Q015	40	8	high	moderate	true	1.0	existing_original_bank	pre_sample_bank_review
LTL2-C8-PC-Q014	Chapter 8 C: Essay Structure & Argument	LTL2-C8-OBJ-6-14	LTL2-C8-REFUTING_OBJECTIONS	LTL2-C8-C-REFUTING_OBJECTIONS	hard	analysis	multiple_choice	both	cap_direct	Why should a persuasive writer anticipate objections?	To strengthen the thesis by answering likely disagreement	To prove the thesis is flawless	To avoid supporting the claim	To replace the conclusion	A	Addressing objections shows maturity and command of the issue.	1	Addressing objections shows maturity and command of the issue. The closest distractors describe related communication ideas but not the precise answer.	Correct. Addressing objections shows maturity and command of the issue.	Not quite. “To prove the thesis is flawless” is plausible, but it does not match the exact concept. Addressing objections shows maturity and command of the issue.	Not quite. “To avoid supporting the claim” is plausible, but it does not match the exact concept. Addressing objections shows maturity and command of the issue.	Not quite. “To replace the conclusion” is plausible, but it does not match the exact concept. Addressing objections shows maturity and command of the issue.	Choosing a related communication term that serves a different purpose.	Review refuting objections and compare it with the closest wrong choice. State the key difference in one sentence.	Respect the objection; answer it.	high	comparison_diagram	optional_after_answer	ltl2_c8_pc_q014	Simple instructional comparison showing refuting objections and a nearby but different concept.	Respect the objection; answer it.	A simple diagram explaining refuting objections.	Learn to Lead Volume 2, Chapter 8, objectives 6-14	158-167	approved_source	draft	LTL2-C8-PC-Q015,LTL2-C8-PC-Q016	50	8	low	basic	false	0	existing_original_bank	pre_sample_bank_review
LTL2-C8-PC-Q015	Chapter 8 C: Essay Structure & Argument	LTL2-C8-OBJ-6-14	LTL2-C8-COUNTERARGUMENT	LTL2-C8-C-COUNTERARGUMENT	medium	application	multiple_choice	both	cap_direct	A counterargument should	ignore the opposing view	repeat the objection more strongly	introduce an unrelated topic	respond to an objection with reasons and evidence	D	A counterargument explains why an objection does not defeat the thesis.	1	A counterargument explains why an objection does not defeat the thesis. The closest distractors describe related communication ideas but not the precise answer.	Not quite. “ignore the opposing view” is plausible, but it does not match the exact concept. A counterargument explains why an objection does not defeat the thesis.	Not quite. “repeat the objection more strongly” is plausible, but it does not match the exact concept. A counterargument explains why an objection does not defeat the thesis.	Not quite. “introduce an unrelated topic” is plausible, but it does not match the exact concept. A counterargument explains why an objection does not defeat the thesis.	Correct. A counterargument explains why an objection does not defeat the thesis.	Choosing a related communication term that serves a different purpose.	Review counterargument and compare it with the closest wrong choice. State the key difference in one sentence.	Answer opposition with support.	medium	comparison_diagram	optional_after_answer	ltl2_c8_pc_q015	Simple instructional comparison showing counterargument and a nearby but different concept.	Answer opposition with support.	A simple diagram explaining counterargument.	Learn to Lead Volume 2, Chapter 8, objectives 6-14	158-167	approved_source	draft	LTL2-C8-PC-Q016,LTL2-C8-PC-Q017	40	8	high	moderate	true	1.0	existing_original_bank	pre_sample_bank_review
LTL2-C8-PC-Q016	Chapter 8 C: Essay Structure & Argument	LTL2-C8-OBJ-6-14	LTL2-C8-ESSAY_CONCLUSION	LTL2-C8-C-ESSAY_CONCLUSION	hard	understanding	multiple_choice	both	cap_direct	A conclusion should	introduce several new main points	repeat the opening word-for-word	restate the thesis in new words, summarize main points, and end memorably	list only sources	C	The conclusion reinforces the thesis and main points.	1	The conclusion reinforces the thesis and main points. The closest distractors describe related communication ideas but not the precise answer.	Not quite. “introduce several new main points” is plausible, but it does not match the exact concept. The conclusion reinforces the thesis and main points.	Not quite. “repeat the opening word-for-word” is plausible, but it does not match the exact concept. The conclusion reinforces the thesis and main points.	Correct. The conclusion reinforces the thesis and main points.	Not quite. “list only sources” is plausible, but it does not match the exact concept. The conclusion reinforces the thesis and main points.	Choosing a related communication term that serves a different purpose.	Review essay conclusion and compare it with the closest wrong choice. State the key difference in one sentence.	Restate, summarize, finish strong.	high	comparison_diagram	optional_after_answer	ltl2_c8_pc_q016	Simple instructional comparison showing essay conclusion and a nearby but different concept.	Restate, summarize, finish strong.	A simple diagram explaining essay conclusion.	Learn to Lead Volume 2, Chapter 8, objectives 6-14	158-167	approved_source	draft	LTL2-C8-PC-Q017,LTL2-C8-PC-Q018	50	8	high	moderate	true	1.0	existing_original_bank	pre_sample_bank_review
LTL2-C8-PC-Q017	Chapter 8 C: Essay Structure & Argument	LTL2-C8-OBJ-6-14	LTL2-C8-ESSAY_ORGANIZATION	LTL2-C8-C-ESSAY_ORGANIZATION	hard	analysis	multiple_choice	both	cap_direct	Which is the most logical essay order?	Conclusion, thesis, body, opening	Opening and thesis, body, objection and rebuttal when useful, conclusion	Topic sentences, title, brainstorming, conclusion	Objection, conclusion, thesis, outline	B	A logical essay moves from opening and thesis through support to conclusion.	1	A logical essay moves from opening and thesis through support to conclusion. The closest distractors describe related communication ideas but not the precise answer.	Not quite. “Conclusion, thesis, body, opening” is plausible, but it does not match the exact concept. A logical essay moves from opening and thesis through support to conclusion.	Correct. A logical essay moves from opening and thesis through support to conclusion.	Not quite. “Topic sentences, title, brainstorming, conclusion” is plausible, but it does not match the exact concept. A logical essay moves from opening and thesis through support to conclusion.	Not quite. “Objection, conclusion, thesis, outline” is plausible, but it does not match the exact concept. A logical essay moves from opening and thesis through support to conclusion.	Choosing a related communication term that serves a different purpose.	Review essay organization and compare it with the closest wrong choice. State the key difference in one sentence.	Open, support, close.	high	comparison_diagram	optional_after_answer	ltl2_c8_pc_q017	Simple instructional comparison showing essay organization and a nearby but different concept.	Open, support, close.	A simple diagram explaining essay organization.	Learn to Lead Volume 2, Chapter 8, objectives 6-14	158-167	approved_source	draft	LTL2-C8-PC-Q018,LTL2-C8-PC-Q001	50	8	low	basic	false	0	existing_original_bank	pre_sample_bank_review
LTL2-C8-PC-Q018	Chapter 8 C: Essay Structure & Argument	LTL2-C8-OBJ-6-14	LTL2-C8-GRAMMAR_CREDIBILITY	LTL2-C8-C-GRAMMAR_CREDIBILITY	medium	understanding	multiple_choice	both	cap_direct	Why do grammar and spelling matter?	Errors distract the audience and weaken credibility	They determine whether an argument is ethical	They replace evidence	They matter only in résumés	A	Language errors distract from meaning and damage credibility.	1	Language errors distract from meaning and damage credibility. The closest distractors describe related communication ideas but not the precise answer.	Correct. Language errors distract from meaning and damage credibility.	Not quite. “They determine whether an argument is ethical” is plausible, but it does not match the exact concept. Language errors distract from meaning and damage credibility.	Not quite. “They replace evidence” is plausible, but it does not match the exact concept. Language errors distract from meaning and damage credibility.	Not quite. “They matter only in résumés” is plausible, but it does not match the exact concept. Language errors distract from meaning and damage credibility.	Choosing a related communication term that serves a different purpose.	Review grammar credibility and compare it with the closest wrong choice. State the key difference in one sentence.	Errors steal attention from ideas.	medium	comparison_diagram	optional_after_answer	ltl2_c8_pc_q018	Simple instructional comparison showing grammar credibility and a nearby but different concept.	Errors steal attention from ideas.	A simple diagram explaining grammar credibility.	Learn to Lead Volume 2, Chapter 8, objectives 6-14	158-167	approved_source	draft	LTL2-C8-PC-Q001,LTL2-C8-PC-Q002	40	8	high	moderate	true	1.0	existing_original_bank	pre_sample_bank_review
LTL2-C8-PD-Q001	Chapter 8 D: Staff Study	LTL2-C8-OBJ-15-16	LTL2-C8-STAFF_STUDY_PURPOSE	LTL2-C8-D-STAFF_STUDY_PURPOSE	medium	understanding	multiple_choice	both	cap_direct	The purpose of a staff study is to	present a problem and a logical, professional solution	record meeting minutes	send an emotional complaint	summarize a speech	A	A staff study professionally analyzes a problem and recommends action.	1	A staff study professionally analyzes a problem and recommends action. The closest distractors describe related communication ideas but not the precise answer.	Correct. A staff study professionally analyzes a problem and recommends action.	Not quite. “record meeting minutes” is plausible, but it does not match the exact concept. A staff study professionally analyzes a problem and recommends action.	Not quite. “send an emotional complaint” is plausible, but it does not match the exact concept. A staff study professionally analyzes a problem and recommends action.	Not quite. “summarize a speech” is plausible, but it does not match the exact concept. A staff study professionally analyzes a problem and recommends action.	Choosing a related communication term that serves a different purpose.	Review staff study purpose and compare it with the closest wrong choice. State the key difference in one sentence.	Problem + analysis + solution.	medium	comparison_diagram	optional_after_answer	ltl2_c8_pd_q001	Simple instructional comparison showing staff study purpose and a nearby but different concept.	Problem + analysis + solution.	A simple diagram explaining staff study purpose.	Learn to Lead Volume 2, Chapter 8, objectives 15-16	168-170	approved_source	draft	LTL2-C8-PD-Q002,LTL2-C8-PD-Q003	40	8	low	basic	false	0	existing_original_bank	pre_sample_bank_review
LTL2-C8-PD-Q002	Chapter 8 D: Staff Study	LTL2-C8-OBJ-15-16	LTL2-C8-PROBLEM_STATEMENT	LTL2-C8-D-PROBLEM_STATEMENT	medium	application	multiple_choice	both	cap_direct	A staff-study problem statement should be	broad enough to include every concern	written as a personal complaint	delayed until the conclusion	clear, precise, and concise	D	The problem should be stated precisely.	1	The problem should be stated precisely. The closest distractors describe related communication ideas but not the precise answer.	Not quite. “broad enough to include every concern” is plausible, but it does not match the exact concept. The problem should be stated precisely.	Not quite. “written as a personal complaint” is plausible, but it does not match the exact concept. The problem should be stated precisely.	Not quite. “delayed until the conclusion” is plausible, but it does not match the exact concept. The problem should be stated precisely.	Correct. The problem should be stated precisely.	Choosing a related communication term that serves a different purpose.	Review problem statement and compare it with the closest wrong choice. State the key difference in one sentence.	State the problem sharply.	medium	comparison_diagram	optional_after_answer	ltl2_c8_pd_q002	Simple instructional comparison showing problem statement and a nearby but different concept.	State the problem sharply.	A simple diagram explaining problem statement.	Learn to Lead Volume 2, Chapter 8, objectives 15-16	168-170	approved_source	draft	LTL2-C8-PD-Q003,LTL2-C8-PD-Q004	40	8	high	moderate	true	1.0	existing_original_bank	pre_sample_bank_review
LTL2-C8-PD-Q003	Chapter 8 D: Staff Study	LTL2-C8-OBJ-15-16	LTL2-C8-FACTS	LTL2-C8-D-FACTS	medium	recall	multiple_choice	both	cap_direct	In a staff study, facts are	opinions most people accept	standards used to judge solutions	provable information	technical words needing definition	C	Facts are verifiable, not opinions.	1	Facts are verifiable, not opinions. The closest distractors describe related communication ideas but not the precise answer.	Not quite. “opinions most people accept” is plausible, but it does not match the exact concept. Facts are verifiable, not opinions.	Not quite. “standards used to judge solutions” is plausible, but it does not match the exact concept. Facts are verifiable, not opinions.	Correct. Facts are verifiable, not opinions.	Not quite. “technical words needing definition” is plausible, but it does not match the exact concept. Facts are verifiable, not opinions.	Choosing a related communication term that serves a different purpose.	Review facts and compare it with the closest wrong choice. State the key difference in one sentence.	Facts can be proved.	medium	comparison_diagram	optional_after_answer	ltl2_c8_pd_q003	Simple instructional comparison showing facts and a nearby but different concept.	Facts can be proved.	A simple diagram explaining facts.	Learn to Lead Volume 2, Chapter 8, objectives 15-16	168-170	approved_source	draft	LTL2-C8-PD-Q004,LTL2-C8-PD-Q005	40	8	high	moderate	true	1.0	existing_original_bank	pre_sample_bank_review
LTL2-C8-PD-Q004	Chapter 8 D: Staff Study	LTL2-C8-OBJ-15-16	LTL2-C8-ASSUMPTIONS	LTL2-C8-D-ASSUMPTIONS	hard	understanding	multiple_choice	both	cap_direct	An assumption is	a verified measurement	something accepted as true although it cannot be firmly proven	the final recommended action	a formal regulation	B	Assumptions are accepted as likely true but remain unproven.	1	Assumptions are accepted as likely true but remain unproven. The closest distractors describe related communication ideas but not the precise answer.	Not quite. “a verified measurement” is plausible, but it does not match the exact concept. Assumptions are accepted as likely true but remain unproven.	Correct. Assumptions are accepted as likely true but remain unproven.	Not quite. “the final recommended action” is plausible, but it does not match the exact concept. Assumptions are accepted as likely true but remain unproven.	Not quite. “a formal regulation” is plausible, but it does not match the exact concept. Assumptions are accepted as likely true but remain unproven.	Choosing a related communication term that serves a different purpose.	Review assumptions and compare it with the closest wrong choice. State the key difference in one sentence.	Assumption = accepted, not proved.	high	comparison_diagram	optional_after_answer	ltl2_c8_pd_q004	Simple instructional comparison showing assumptions and a nearby but different concept.	Assumption = accepted, not proved.	A simple diagram explaining assumptions.	Learn to Lead Volume 2, Chapter 8, objectives 15-16	168-170	approved_source	draft	LTL2-C8-PD-Q005,LTL2-C8-PD-Q006	50	8	high	moderate	true	1.0	existing_original_bank	pre_sample_bank_review
LTL2-C8-PD-Q005	Chapter 8 D: Staff Study	LTL2-C8-OBJ-15-16	LTL2-C8-CRITERIA	LTL2-C8-D-CRITERIA	hard	application	multiple_choice	both	cap_direct	Criteria are used to	test possible solutions against standards, needs, or limits	define every technical term	describe only the preferred solution	list the author’s credentials	A	Criteria provide standards for evaluating options.	1	Criteria provide standards for evaluating options. The closest distractors describe related communication ideas but not the precise answer.	Correct. Criteria provide standards for evaluating options.	Not quite. “define every technical term” is plausible, but it does not match the exact concept. Criteria provide standards for evaluating options.	Not quite. “describe only the preferred solution” is plausible, but it does not match the exact concept. Criteria provide standards for evaluating options.	Not quite. “list the author’s credentials” is plausible, but it does not match the exact concept. Criteria provide standards for evaluating options.	Choosing a related communication term that serves a different purpose.	Review criteria and compare it with the closest wrong choice. State the key difference in one sentence.	Criteria judge choices.	high	comparison_diagram	optional_after_answer	ltl2_c8_pd_q005	Simple instructional comparison showing criteria and a nearby but different concept.	Criteria judge choices.	A simple diagram explaining criteria.	Learn to Lead Volume 2, Chapter 8, objectives 15-16	168-170	approved_source	draft	LTL2-C8-PD-Q006,LTL2-C8-PD-Q007	50	8	high	moderate	true	1.0	existing_original_bank	pre_sample_bank_review
LTL2-C8-PD-Q006	Chapter 8 D: Staff Study	LTL2-C8-OBJ-15-16	LTL2-C8-DEFINITIONS	LTL2-C8-D-DEFINITIONS	medium	understanding	multiple_choice	both	cap_direct	Why include definitions in a staff study?	To prove every fact	To replace the discussion	To state the final action	To explain technical terms that may confuse the audience	D	Definitions ensure specialized terms are understood.	1	Definitions ensure specialized terms are understood. The closest distractors describe related communication ideas but not the precise answer.	Not quite. “To prove every fact” is plausible, but it does not match the exact concept. Definitions ensure specialized terms are understood.	Not quite. “To replace the discussion” is plausible, but it does not match the exact concept. Definitions ensure specialized terms are understood.	Not quite. “To state the final action” is plausible, but it does not match the exact concept. Definitions ensure specialized terms are understood.	Correct. Definitions ensure specialized terms are understood.	Choosing a related communication term that serves a different purpose.	Review definitions and compare it with the closest wrong choice. State the key difference in one sentence.	Define what may confuse.	medium	comparison_diagram	optional_after_answer	ltl2_c8_pd_q006	Simple instructional comparison showing definitions and a nearby but different concept.	Define what may confuse.	A simple diagram explaining definitions.	Learn to Lead Volume 2, Chapter 8, objectives 15-16	168-170	approved_source	draft	LTL2-C8-PD-Q007,LTL2-C8-PD-Q008	40	8	low	basic	false	0	existing_original_bank	pre_sample_bank_review
LTL2-C8-PD-Q007	Chapter 8 D: Staff Study	LTL2-C8-OBJ-15-16	LTL2-C8-DISCUSSION_SECTION	LTL2-C8-D-DISCUSSION_SECTION	hard	understanding	multiple_choice	both	cap_direct	The discussion section is primarily where the writer	states only the problem	provides the signature block	analyzes the problem and compares possible solutions	lists references	C	The discussion contains the main reasoning and alternatives.	1	The discussion contains the main reasoning and alternatives. The closest distractors describe related communication ideas but not the precise answer.	Not quite. “states only the problem” is plausible, but it does not match the exact concept. The discussion contains the main reasoning and alternatives.	Not quite. “provides the signature block” is plausible, but it does not match the exact concept. The discussion contains the main reasoning and alternatives.	Correct. The discussion contains the main reasoning and alternatives.	Not quite. “lists references” is plausible, but it does not match the exact concept. The discussion contains the main reasoning and alternatives.	Choosing a related communication term that serves a different purpose.	Review discussion section and compare it with the closest wrong choice. State the key difference in one sentence.	Discussion is the reasoning engine.	high	comparison_diagram	optional_after_answer	ltl2_c8_pd_q007	Simple instructional comparison showing discussion section and a nearby but different concept.	Discussion is the reasoning engine.	A simple diagram explaining discussion section.	Learn to Lead Volume 2, Chapter 8, objectives 15-16	168-170	approved_source	draft	LTL2-C8-PD-Q008,LTL2-C8-PD-Q009	50	8	low	basic	false	0	existing_original_bank	pre_sample_bank_review
LTL2-C8-PD-Q008	Chapter 8 D: Staff Study	LTL2-C8-OBJ-15-16	LTL2-C8-CONCLUSION_SECTION	LTL2-C8-D-CONCLUSION_SECTION	medium	understanding	multiple_choice	both	cap_direct	The staff-study conclusion should	repeat all raw data	state a workable, complete solution	introduce an unrelated problem	identify only assumptions	B	The conclusion states the final solution.	1	The conclusion states the final solution. The closest distractors describe related communication ideas but not the precise answer.	Not quite. “repeat all raw data” is plausible, but it does not match the exact concept. The conclusion states the final solution.	Correct. The conclusion states the final solution.	Not quite. “introduce an unrelated problem” is plausible, but it does not match the exact concept. The conclusion states the final solution.	Not quite. “identify only assumptions” is plausible, but it does not match the exact concept. The conclusion states the final solution.	Choosing a related communication term that serves a different purpose.	Review conclusion section and compare it with the closest wrong choice. State the key difference in one sentence.	Conclusion names the solution.	medium	comparison_diagram	optional_after_answer	ltl2_c8_pd_q008	Simple instructional comparison showing conclusion section and a nearby but different concept.	Conclusion names the solution.	A simple diagram explaining conclusion section.	Learn to Lead Volume 2, Chapter 8, objectives 15-16	168-170	approved_source	draft	LTL2-C8-PD-Q009,LTL2-C8-PD-Q010	40	8	high	moderate	true	1.0	existing_original_bank	pre_sample_bank_review
LTL2-C8-PD-Q009	Chapter 8 D: Staff Study	LTL2-C8-OBJ-15-16	LTL2-C8-ACTION_RECOMMENDED	LTL2-C8-D-ACTION_RECOMMENDED	hard	application	multiple_choice	both	cap_direct	The action-recommended section should	identify who should do what to implement the solution	summarize feelings	list every rejected option	define the audience	A	Action recommended turns the solution into implementation steps.	1	Action recommended turns the solution into implementation steps. The closest distractors describe related communication ideas but not the precise answer.	Correct. Action recommended turns the solution into implementation steps.	Not quite. “summarize feelings” is plausible, but it does not match the exact concept. Action recommended turns the solution into implementation steps.	Not quite. “list every rejected option” is plausible, but it does not match the exact concept. Action recommended turns the solution into implementation steps.	Not quite. “define the audience” is plausible, but it does not match the exact concept. Action recommended turns the solution into implementation steps.	Choosing a related communication term that serves a different purpose.	Review action recommended and compare it with the closest wrong choice. State the key difference in one sentence.	Who does what next?	high	comparison_diagram	optional_after_answer	ltl2_c8_pd_q009	Simple instructional comparison showing action recommended and a nearby but different concept.	Who does what next?	A simple diagram explaining action recommended.	Learn to Lead Volume 2, Chapter 8, objectives 15-16	168-170	approved_source	draft	LTL2-C8-PD-Q010,LTL2-C8-PD-Q001	50	8	high	moderate	true	1.0	existing_original_bank	pre_sample_bank_review
LTL2-C8-PD-Q010	Chapter 8 D: Staff Study	LTL2-C8-OBJ-15-16	LTL2-C8-PROBLEM_SOLVING_SEQUENCE	LTL2-C8-D-PROBLEM_SOLVING_SEQUENCE	hard	recall	multiple_choice	both	cap_direct	Which sequence follows the chapter’s problem-solving steps?	Act, gather data, recognize, test, select, list	List solutions, act, define, conclude, recognize, gather	Recognize, select, act, then gather data	Recognize, gather data, list solutions, test, select, act	D	The process moves from problem recognition through action.	1	The process moves from problem recognition through action. The closest distractors describe related communication ideas but not the precise answer.	Not quite. “Act, gather data, recognize, test, select, list” is plausible, but it does not match the exact concept. The process moves from problem recognition through action.	Not quite. “List solutions, act, define, conclude, recognize, gather” is plausible, but it does not match the exact concept. The process moves from problem recognition through action.	Not quite. “Recognize, select, act, then gather data” is plausible, but it does not match the exact concept. The process moves from problem recognition through action.	Correct. The process moves from problem recognition through action.	Choosing a related communication term that serves a different purpose.	Review problem solving sequence and compare it with the closest wrong choice. State the key difference in one sentence.	Recognize, research, options, test, choose, act.	high	comparison_diagram	optional_after_answer	ltl2_c8_pd_q010	Simple instructional comparison showing problem solving sequence and a nearby but different concept.	Recognize, research, options, test, choose, act.	A simple diagram explaining problem solving sequence.	Learn to Lead Volume 2, Chapter 8, objectives 15-16	168-170	approved_source	draft	LTL2-C8-PD-Q001,LTL2-C8-PD-Q002	50	8	low	basic	false	0	existing_original_bank	pre_sample_bank_review
LTL2-C8-PE-Q001	Chapter 8 E: Email & Professionalism	LTL2-C8-OBJ-17-18	LTL2-C8-EMAIL_BENEFITS	LTL2-C8-E-EMAIL_BENEFITS	medium	recognition	multiple_choice	both	cap_direct	Which is a genuine benefit of email?	It guarantees immediate reading	It is best for every disagreement	It prevents forwarding	It is easy to file, share, and review later	D	Email is searchable, shareable, and useful as a record.	1	Email is searchable, shareable, and useful as a record. The closest distractors describe related communication ideas but not the precise answer.	Not quite. “It guarantees immediate reading” is plausible, but it does not match the exact concept. Email is searchable, shareable, and useful as a record.	Not quite. “It is best for every disagreement” is plausible, but it does not match the exact concept. Email is searchable, shareable, and useful as a record.	Not quite. “It prevents forwarding” is plausible, but it does not match the exact concept. Email is searchable, shareable, and useful as a record.	Correct. Email is searchable, shareable, and useful as a record.	Choosing a related communication term that serves a different purpose.	Review email benefits and compare it with the closest wrong choice. State the key difference in one sentence.	Email leaves a useful record.	medium	comparison_diagram	optional_after_answer	ltl2_c8_pe_q001	Simple instructional comparison showing email benefits and a nearby but different concept.	Email leaves a useful record.	A simple diagram explaining email benefits.	Learn to Lead Volume 2, Chapter 8, objectives 17-18	171-172	approved_source	draft	LTL2-C8-PE-Q002,LTL2-C8-PE-Q003	40	8	low	basic	false	0	existing_original_bank	pre_sample_bank_review
LTL2-C8-PE-Q002	Chapter 8 E: Email & Professionalism	LTL2-C8-OBJ-17-18	LTL2-C8-EMAIL_PITFALLS	LTL2-C8-E-EMAIL_PITFALLS	medium	understanding	multiple_choice	both	cap_direct	Why is email risky for emotional issues?	It cannot include several recipients	It automatically deletes messages	Its speed makes it easy to send words before thinking carefully	It requires formal business attire	C	Quick sending can make an emotional reaction permanent.	1	Quick sending can make an emotional reaction permanent. The closest distractors describe related communication ideas but not the precise answer.	Not quite. “It cannot include several recipients” is plausible, but it does not match the exact concept. Quick sending can make an emotional reaction permanent.	Not quite. “It automatically deletes messages” is plausible, but it does not match the exact concept. Quick sending can make an emotional reaction permanent.	Correct. Quick sending can make an emotional reaction permanent.	Not quite. “It requires formal business attire” is plausible, but it does not match the exact concept. Quick sending can make an emotional reaction permanent.	Choosing a related communication term that serves a different purpose.	Review email pitfalls and compare it with the closest wrong choice. State the key difference in one sentence.	Pause before Send.	medium	comparison_diagram	optional_after_answer	ltl2_c8_pe_q002	Simple instructional comparison showing email pitfalls and a nearby but different concept.	Pause before Send.	A simple diagram explaining email pitfalls.	Learn to Lead Volume 2, Chapter 8, objectives 17-18	171-172	approved_source	draft	LTL2-C8-PE-Q003,LTL2-C8-PE-Q004	40	8	low	basic	false	0	existing_original_bank	pre_sample_bank_review
LTL2-C8-PE-Q003	Chapter 8 E: Email & Professionalism	LTL2-C8-OBJ-17-18	LTL2-C8-TIME_CRITICAL_COMMUNICATION	LTL2-C8-E-TIME_CRITICAL_COMMUNICATION	medium	application	multiple_choice	both	cap_direct	For a time-critical issue involving people in different places, the chapter generally favors	email	telephone	social media	a staff study	B	The telephone is more reliable for urgent issues.	1	The telephone is more reliable for urgent issues. The closest distractors describe related communication ideas but not the precise answer.	Not quite. “email” is plausible, but it does not match the exact concept. The telephone is more reliable for urgent issues.	Correct. The telephone is more reliable for urgent issues.	Not quite. “social media” is plausible, but it does not match the exact concept. The telephone is more reliable for urgent issues.	Not quite. “a staff study” is plausible, but it does not match the exact concept. The telephone is more reliable for urgent issues.	Choosing a related communication term that serves a different purpose.	Review time-critical communication and compare it with the closest wrong choice. State the key difference in one sentence.	Urgent? Call.	medium	comparison_diagram	optional_after_answer	ltl2_c8_pe_q003	Simple instructional comparison showing time-critical communication and a nearby but different concept.	Urgent? Call.	A simple diagram explaining time-critical communication.	Learn to Lead Volume 2, Chapter 8, objectives 17-18	171-172	approved_source	draft	LTL2-C8-PE-Q004,LTL2-C8-PE-Q005	40	8	low	basic	false	0	existing_original_bank	pre_sample_bank_review
LTL2-C8-PE-Q004	Chapter 8 E: Email & Professionalism	LTL2-C8-OBJ-17-18	LTL2-C8-PROFESSIONAL_EMAIL	LTL2-C8-E-PROFESSIONAL_EMAIL	medium	recognition	multiple_choice	both	cap_direct	Which practice best reflects professional email?	Use proper grammar, a respectful tone, and a signature block	Use unusual fonts	Reply all whenever possible	Use emoticons instead of clear words	A	Professional email is concise, respectful, and correct.	1	Professional email is concise, respectful, and correct. The closest distractors describe related communication ideas but not the precise answer.	Correct. Professional email is concise, respectful, and correct.	Not quite. “Use unusual fonts” is plausible, but it does not match the exact concept. Professional email is concise, respectful, and correct.	Not quite. “Reply all whenever possible” is plausible, but it does not match the exact concept. Professional email is concise, respectful, and correct.	Not quite. “Use emoticons instead of clear words” is plausible, but it does not match the exact concept. Professional email is concise, respectful, and correct.	Choosing a related communication term that serves a different purpose.	Review professional email and compare it with the closest wrong choice. State the key difference in one sentence.	Brief, correct, respectful.	medium	comparison_diagram	optional_after_answer	ltl2_c8_pe_q004	Simple instructional comparison showing professional email and a nearby but different concept.	Brief, correct, respectful.	A simple diagram explaining professional email.	Learn to Lead Volume 2, Chapter 8, objectives 17-18	171-172	approved_source	draft	LTL2-C8-PE-Q005,LTL2-C8-PE-Q006	40	8	high	moderate	true	1.0	existing_original_bank	pre_sample_bank_review
LTL2-C8-PE-Q005	Chapter 8 E: Email & Professionalism	LTL2-C8-OBJ-17-18	LTL2-C8-REPLY_ALL	LTL2-C8-E-REPLY_ALL	medium	application	multiple_choice	both	cap_direct	When should “reply all” generally be avoided?	When the message includes a date	When replying within 48 hours	When the sender is a superior	When only a few recipients need the response	D	Copy only people who genuinely need the information.	1	Copy only people who genuinely need the information. The closest distractors describe related communication ideas but not the precise answer.	Not quite. “When the message includes a date” is plausible, but it does not match the exact concept. Copy only people who genuinely need the information.	Not quite. “When replying within 48 hours” is plausible, but it does not match the exact concept. Copy only people who genuinely need the information.	Not quite. “When the sender is a superior” is plausible, but it does not match the exact concept. Copy only people who genuinely need the information.	Correct. Copy only people who genuinely need the information.	Choosing a related communication term that serves a different purpose.	Review reply all and compare it with the closest wrong choice. State the key difference in one sentence.	Send to those who need it.	medium	comparison_diagram	optional_after_answer	ltl2_c8_pe_q005	Simple instructional comparison showing reply all and a nearby but different concept.	Send to those who need it.	A simple diagram explaining reply all.	Learn to Lead Volume 2, Chapter 8, objectives 17-18	171-172	approved_source	draft	LTL2-C8-PE-Q006,LTL2-C8-PE-Q007	40	8	low	basic	false	0	existing_original_bank	pre_sample_bank_review
LTL2-C8-PE-Q006	Chapter 8 E: Email & Professionalism	LTL2-C8-OBJ-17-18	LTL2-C8-EMAIL_CONFLICT	LTL2-C8-E-EMAIL_CONFLICT	hard	scenario	multiple_choice	both	scenario	A cadet receives an insulting email and drafts an angry reply. The best next step is to	send it immediately	copy the entire squadron	pause and address the issue calmly, preferably face-to-face	forward it to friends	C	Sensitive conflict is usually better handled after reflection and in person.	1	Sensitive conflict is usually better handled after reflection and in person. The closest distractors describe related communication ideas but not the precise answer.	Not quite. “send it immediately” is plausible, but it does not match the exact concept. Sensitive conflict is usually better handled after reflection and in person.	Not quite. “copy the entire squadron” is plausible, but it does not match the exact concept. Sensitive conflict is usually better handled after reflection and in person.	Correct. Sensitive conflict is usually better handled after reflection and in person.	Not quite. “forward it to friends” is plausible, but it does not match the exact concept. Sensitive conflict is usually better handled after reflection and in person.	Choosing a related communication term that serves a different purpose.	Review email conflict and compare it with the closest wrong choice. State the key difference in one sentence.	Strong emotion: stop, then talk.	high	comparison_diagram	optional_after_answer	ltl2_c8_pe_q006	Simple instructional comparison showing email conflict and a nearby but different concept.	Strong emotion: stop, then talk.	A simple diagram explaining email conflict.	Learn to Lead Volume 2, Chapter 8, objectives 17-18	171-172	approved_source	draft	LTL2-C8-PE-Q007,LTL2-C8-PE-Q001	50	8	low	basic	false	0	existing_original_bank	pre_sample_bank_review
LTL2-C8-PE-Q007	Chapter 8 E: Email & Professionalism	LTL2-C8-OBJ-17-18	LTL2-C8-EMAIL_PERMANENCE	LTL2-C8-E-EMAIL_PERMANENCE	medium	understanding	multiple_choice	both	cap_direct	Why should a sender think carefully before pressing Send?	Email cannot be edited first	The message may be forwarded and cannot be fully controlled afterward	Professional messages disappear quickly	Recipients cannot save email	B	Sent email can be stored, copied, or forwarded.	1	Sent email can be stored, copied, or forwarded. The closest distractors describe related communication ideas but not the precise answer.	Not quite. “Email cannot be edited first” is plausible, but it does not match the exact concept. Sent email can be stored, copied, or forwarded.	Correct. Sent email can be stored, copied, or forwarded.	Not quite. “Professional messages disappear quickly” is plausible, but it does not match the exact concept. Sent email can be stored, copied, or forwarded.	Not quite. “Recipients cannot save email” is plausible, but it does not match the exact concept. Sent email can be stored, copied, or forwarded.	Choosing a related communication term that serves a different purpose.	Review email permanence and compare it with the closest wrong choice. State the key difference in one sentence.	Sent means shareable.	medium	comparison_diagram	optional_after_answer	ltl2_c8_pe_q007	Simple instructional comparison showing email permanence and a nearby but different concept.	Sent means shareable.	A simple diagram explaining email permanence.	Learn to Lead Volume 2, Chapter 8, objectives 17-18	171-172	approved_source	draft	LTL2-C8-PE-Q001,LTL2-C8-PE-Q002	40	8	low	basic	false	0	existing_original_bank	pre_sample_bank_review
LTL2-C8-PF-Q001	Chapter 8 F: Public Speaking	LTL2-C8-OBJ-19-23	LTL2-C8-STAGE_FRIGHT	LTL2-C8-F-STAGE_FRIGHT	easy	recall	multiple_choice	both	cap_direct	Stage fright is	a failure to organize an essay	anxiety about speaking before people	a memorized speech	a hostile audience	B	Stage fright is anxiety associated with public speaking.	1	Stage fright is anxiety associated with public speaking. The closest distractors describe related communication ideas but not the precise answer.	Not quite. “a failure to organize an essay” is plausible, but it does not match the exact concept. Stage fright is anxiety associated with public speaking.	Correct. Stage fright is anxiety associated with public speaking.	Not quite. “a memorized speech” is plausible, but it does not match the exact concept. Stage fright is anxiety associated with public speaking.	Not quite. “a hostile audience” is plausible, but it does not match the exact concept. Stage fright is anxiety associated with public speaking.	Choosing a related communication term that serves a different purpose.	Review stage fright and compare it with the closest wrong choice. State the key difference in one sentence.	Stage fright = speaking anxiety.	medium	comparison_diagram	optional_after_answer	ltl2_c8_pf_q001	Simple instructional comparison showing stage fright and a nearby but different concept.	Stage fright = speaking anxiety.	A simple diagram explaining stage fright.	Learn to Lead Volume 2, Chapter 8, objectives 19-23	172-175	approved_source	draft	LTL2-C8-PF-Q002,LTL2-C8-PF-Q003	40	8	high	moderate	true	1.0	existing_original_bank	pre_sample_bank_review
LTL2-C8-PF-Q002	Chapter 8 F: Public Speaking	LTL2-C8-OBJ-19-23	LTL2-C8-STAGE_FRIGHT_PREPARATION	LTL2-C8-F-STAGE_FRIGHT_PREPARATION	medium	understanding	multiple_choice	both	cap_direct	What is the chapter’s strongest general remedy for stage fright?	Adequate preparation and practice	Avoiding eye contact	Reading every speech from a manuscript	Speaking faster	A	Preparation greatly reduces uncertainty and stage fright.	1	Preparation greatly reduces uncertainty and stage fright. The closest distractors describe related communication ideas but not the precise answer.	Correct. Preparation greatly reduces uncertainty and stage fright.	Not quite. “Avoiding eye contact” is plausible, but it does not match the exact concept. Preparation greatly reduces uncertainty and stage fright.	Not quite. “Reading every speech from a manuscript” is plausible, but it does not match the exact concept. Preparation greatly reduces uncertainty and stage fright.	Not quite. “Speaking faster” is plausible, but it does not match the exact concept. Preparation greatly reduces uncertainty and stage fright.	Choosing a related communication term that serves a different purpose.	Review stage fright preparation and compare it with the closest wrong choice. State the key difference in one sentence.	Preparation builds confidence.	medium	comparison_diagram	optional_after_answer	ltl2_c8_pf_q002	Simple instructional comparison showing stage fright preparation and a nearby but different concept.	Preparation builds confidence.	A simple diagram explaining stage fright preparation.	Learn to Lead Volume 2, Chapter 8, objectives 19-23	172-175	approved_source	draft	LTL2-C8-PF-Q003,LTL2-C8-PF-Q004	40	8	low	basic	false	0	existing_original_bank	pre_sample_bank_review
LTL2-C8-PF-Q003	Chapter 8 F: Public Speaking	LTL2-C8-OBJ-19-23	LTL2-C8-MANUSCRIPT_SPEECH	LTL2-C8-F-MANUSCRIPT_SPEECH	hard	application	multiple_choice	both	cap_direct	A manuscript speech is most appropriate when	there is no preparation time	maximum spontaneity is wanted	the audience is small	exact wording is essential because errors could cause serious misunderstanding	D	Manuscript delivery preserves exact wording.	1	Manuscript delivery preserves exact wording. The closest distractors describe related communication ideas but not the precise answer.	Not quite. “there is no preparation time” is plausible, but it does not match the exact concept. Manuscript delivery preserves exact wording.	Not quite. “maximum spontaneity is wanted” is plausible, but it does not match the exact concept. Manuscript delivery preserves exact wording.	Not quite. “the audience is small” is plausible, but it does not match the exact concept. Manuscript delivery preserves exact wording.	Correct. Manuscript delivery preserves exact wording.	Choosing a related communication term that serves a different purpose.	Review manuscript speech and compare it with the closest wrong choice. State the key difference in one sentence.	Exact words? Use manuscript.	high	comparison_diagram	optional_after_answer	ltl2_c8_pf_q003	Simple instructional comparison showing manuscript speech and a nearby but different concept.	Exact words? Use manuscript.	A simple diagram explaining manuscript speech.	Learn to Lead Volume 2, Chapter 8, objectives 19-23	172-175	approved_source	draft	LTL2-C8-PF-Q004,LTL2-C8-PF-Q005	50	8	low	basic	false	0	existing_original_bank	pre_sample_bank_review
LTL2-C8-PF-Q004	Chapter 8 F: Public Speaking	LTL2-C8-OBJ-19-23	LTL2-C8-MEMORIZED_SPEECH	LTL2-C8-F-MEMORIZED_SPEECH	medium	understanding	multiple_choice	both	cap_direct	A common weakness of memorized delivery is that it	provides no preparation	cannot be practiced	can sound flat and reduce spontaneity	always runs too long	C	Exact recall can make delivery monotone and inflexible.	1	Exact recall can make delivery monotone and inflexible. The closest distractors describe related communication ideas but not the precise answer.	Not quite. “provides no preparation” is plausible, but it does not match the exact concept. Exact recall can make delivery monotone and inflexible.	Not quite. “cannot be practiced” is plausible, but it does not match the exact concept. Exact recall can make delivery monotone and inflexible.	Correct. Exact recall can make delivery monotone and inflexible.	Not quite. “always runs too long” is plausible, but it does not match the exact concept. Exact recall can make delivery monotone and inflexible.	Choosing a related communication term that serves a different purpose.	Review memorized speech and compare it with the closest wrong choice. State the key difference in one sentence.	Memory may flatten delivery.	medium	comparison_diagram	optional_after_answer	ltl2_c8_pf_q004	Simple instructional comparison showing memorized speech and a nearby but different concept.	Memory may flatten delivery.	A simple diagram explaining memorized speech.	Learn to Lead Volume 2, Chapter 8, objectives 19-23	172-175	approved_source	draft	LTL2-C8-PF-Q005,LTL2-C8-PF-Q006	40	8	low	basic	false	0	existing_original_bank	pre_sample_bank_review
LTL2-C8-PF-Q005	Chapter 8 F: Public Speaking	LTL2-C8-OBJ-19-23	LTL2-C8-IMPROMPTU_SPEECH	LTL2-C8-F-IMPROMPTU_SPEECH	medium	recall	multiple_choice	both	cap_direct	An impromptu speech is delivered	from a manuscript	with little or no specific preparation	after memorizing every line	from a detailed outline prepared weeks earlier	B	Impromptu speaking requires thinking on one’s feet.	1	Impromptu speaking requires thinking on one’s feet. The closest distractors describe related communication ideas but not the precise answer.	Not quite. “from a manuscript” is plausible, but it does not match the exact concept. Impromptu speaking requires thinking on one’s feet.	Correct. Impromptu speaking requires thinking on one’s feet.	Not quite. “after memorizing every line” is plausible, but it does not match the exact concept. Impromptu speaking requires thinking on one’s feet.	Not quite. “from a detailed outline prepared weeks earlier” is plausible, but it does not match the exact concept. Impromptu speaking requires thinking on one’s feet.	Choosing a related communication term that serves a different purpose.	Review impromptu speech and compare it with the closest wrong choice. State the key difference in one sentence.	Impromptu = think fast.	medium	comparison_diagram	optional_after_answer	ltl2_c8_pf_q005	Simple instructional comparison showing impromptu speech and a nearby but different concept.	Impromptu = think fast.	A simple diagram explaining impromptu speech.	Learn to Lead Volume 2, Chapter 8, objectives 19-23	172-175	approved_source	draft	LTL2-C8-PF-Q006,LTL2-C8-PF-Q007	40	8	high	moderate	true	1.0	existing_original_bank	pre_sample_bank_review
LTL2-C8-PF-Q006	Chapter 8 F: Public Speaking	LTL2-C8-OBJ-19-23	LTL2-C8-EXTEMPORANEOUS_SPEECH	LTL2-C8-F-EXTEMPORANEOUS_SPEECH	hard	understanding	multiple_choice	both	cap_direct	Extemporaneous speaking involves	careful preparation and outlining without memorizing every word	no preparation	reading every word	memorizing a manuscript exactly	A	Extemporaneous speakers prepare deeply but remain flexible.	1	Extemporaneous speakers prepare deeply but remain flexible. The closest distractors describe related communication ideas but not the precise answer.	Correct. Extemporaneous speakers prepare deeply but remain flexible.	Not quite. “no preparation” is plausible, but it does not match the exact concept. Extemporaneous speakers prepare deeply but remain flexible.	Not quite. “reading every word” is plausible, but it does not match the exact concept. Extemporaneous speakers prepare deeply but remain flexible.	Not quite. “memorizing a manuscript exactly” is plausible, but it does not match the exact concept. Extemporaneous speakers prepare deeply but remain flexible.	Choosing a related communication term that serves a different purpose.	Review extemporaneous speech and compare it with the closest wrong choice. State the key difference in one sentence.	Prepare ideas, not every word.	high	comparison_diagram	optional_after_answer	ltl2_c8_pf_q006	Simple instructional comparison showing extemporaneous speech and a nearby but different concept.	Prepare ideas, not every word.	A simple diagram explaining extemporaneous speech.	Learn to Lead Volume 2, Chapter 8, objectives 19-23	172-175	approved_source	draft	LTL2-C8-PF-Q007,LTL2-C8-PF-Q008	50	8	high	moderate	true	1.0	existing_original_bank	pre_sample_bank_review
LTL2-C8-PF-Q007	Chapter 8 F: Public Speaking	LTL2-C8-OBJ-19-23	LTL2-C8-SPEECH_CENTRAL_IDEA	LTL2-C8-F-SPEECH_CENTRAL_IDEA	medium	analysis	multiple_choice	both	cap_direct	The central idea of a speech is most like	a résumé objective	a staff-study criterion	an email subject line	an essay’s thesis statement	D	The central idea compactly expresses the speech’s main message.	1	The central idea compactly expresses the speech’s main message. The closest distractors describe related communication ideas but not the precise answer.	Not quite. “a résumé objective” is plausible, but it does not match the exact concept. The central idea compactly expresses the speech’s main message.	Not quite. “a staff-study criterion” is plausible, but it does not match the exact concept. The central idea compactly expresses the speech’s main message.	Not quite. “an email subject line” is plausible, but it does not match the exact concept. The central idea compactly expresses the speech’s main message.	Correct. The central idea compactly expresses the speech’s main message.	Choosing a related communication term that serves a different purpose.	Review speech central idea and compare it with the closest wrong choice. State the key difference in one sentence.	Speech central idea = essay thesis.	medium	comparison_diagram	optional_after_answer	ltl2_c8_pf_q007	Simple instructional comparison showing speech central idea and a nearby but different concept.	Speech central idea = essay thesis.	A simple diagram explaining speech central idea.	Learn to Lead Volume 2, Chapter 8, objectives 19-23	172-175	approved_source	draft	LTL2-C8-PF-Q008,LTL2-C8-PF-Q009	40	8	low	basic	false	0	existing_original_bank	pre_sample_bank_review
LTL2-C8-PF-Q008	Chapter 8 F: Public Speaking	LTL2-C8-OBJ-19-23	LTL2-C8-SPEECH_INTRODUCTION	LTL2-C8-F-SPEECH_INTRODUCTION	hard	analysis	multiple_choice	both	cap_direct	Why should a speech introduction include an overview?	The overview replaces the body	It allows omission of purpose	Listeners cannot skim ahead, so they need a map of the main points	It prevents questions	C	An overview helps listeners follow a message they cannot reread.	1	An overview helps listeners follow a message they cannot reread. The closest distractors describe related communication ideas but not the precise answer.	Not quite. “The overview replaces the body” is plausible, but it does not match the exact concept. An overview helps listeners follow a message they cannot reread.	Not quite. “It allows omission of purpose” is plausible, but it does not match the exact concept. An overview helps listeners follow a message they cannot reread.	Correct. An overview helps listeners follow a message they cannot reread.	Not quite. “It prevents questions” is plausible, but it does not match the exact concept. An overview helps listeners follow a message they cannot reread.	Choosing a related communication term that serves a different purpose.	Review speech introduction and compare it with the closest wrong choice. State the key difference in one sentence.	Tell listeners where you are going.	high	comparison_diagram	optional_after_answer	ltl2_c8_pf_q008	Simple instructional comparison showing speech introduction and a nearby but different concept.	Tell listeners where you are going.	A simple diagram explaining speech introduction.	Learn to Lead Volume 2, Chapter 8, objectives 19-23	172-175	approved_source	draft	LTL2-C8-PF-Q009,LTL2-C8-PF-Q010	50	8	low	basic	false	0	existing_original_bank	pre_sample_bank_review
LTL2-C8-PF-Q009	Chapter 8 F: Public Speaking	LTL2-C8-OBJ-19-23	LTL2-C8-SIGNPOSTS	LTL2-C8-F-SIGNPOSTS	medium	recall	multiple_choice	both	cap_direct	Signposts are	written citations	brief verbal cues showing progress through a speech	interview questions	résumé headings	B	Signposts help listeners track the outline.	1	Signposts help listeners track the outline. The closest distractors describe related communication ideas but not the precise answer.	Not quite. “written citations” is plausible, but it does not match the exact concept. Signposts help listeners track the outline.	Correct. Signposts help listeners track the outline.	Not quite. “interview questions” is plausible, but it does not match the exact concept. Signposts help listeners track the outline.	Not quite. “résumé headings” is plausible, but it does not match the exact concept. Signposts help listeners track the outline.	Choosing a related communication term that serves a different purpose.	Review signposts and compare it with the closest wrong choice. State the key difference in one sentence.	Signposts guide listeners.	medium	comparison_diagram	optional_after_answer	ltl2_c8_pf_q009	Simple instructional comparison showing signposts and a nearby but different concept.	Signposts guide listeners.	A simple diagram explaining signposts.	Learn to Lead Volume 2, Chapter 8, objectives 19-23	172-175	approved_source	draft	LTL2-C8-PF-Q010,LTL2-C8-PF-Q001	40	8	high	moderate	true	1.0	existing_original_bank	pre_sample_bank_review
LTL2-C8-PF-Q010	Chapter 8 F: Public Speaking	LTL2-C8-OBJ-19-23	LTL2-C8-SPEECH_CONCLUSION	LTL2-C8-F-SPEECH_CONCLUSION	hard	understanding	multiple_choice	both	cap_direct	A strong speech conclusion should	summarize main points and leave the audience with something to believe or do	introduce several new arguments	apologize for the length	repeat the entire introduction	A	The conclusion reinforces the message and points forward.	1	The conclusion reinforces the message and points forward. The closest distractors describe related communication ideas but not the precise answer.	Correct. The conclusion reinforces the message and points forward.	Not quite. “introduce several new arguments” is plausible, but it does not match the exact concept. The conclusion reinforces the message and points forward.	Not quite. “apologize for the length” is plausible, but it does not match the exact concept. The conclusion reinforces the message and points forward.	Not quite. “repeat the entire introduction” is plausible, but it does not match the exact concept. The conclusion reinforces the message and points forward.	Choosing a related communication term that serves a different purpose.	Review speech conclusion and compare it with the closest wrong choice. State the key difference in one sentence.	Summarize, then point forward.	high	comparison_diagram	optional_after_answer	ltl2_c8_pf_q010	Simple instructional comparison showing speech conclusion and a nearby but different concept.	Summarize, then point forward.	A simple diagram explaining speech conclusion.	Learn to Lead Volume 2, Chapter 8, objectives 19-23	172-175	approved_source	draft	LTL2-C8-PF-Q001,LTL2-C8-PF-Q002	50	8	high	moderate	true	1.0	existing_original_bank	pre_sample_bank_review
LTL2-C8-PG-Q001	Chapter 8 G: Résumé, Interviews & Social Media	LTL2-C8-OBJ-24-29	LTL2-C8-RESUME_PURPOSE	LTL2-C8-G-RESUME_PURPOSE	medium	understanding	multiple_choice	both	cap_direct	A résumé is designed primarily to	show why an applicant is qualified for a job	provide a complete autobiography	replace the interview	list every activity	A	A résumé briefly presents relevant qualifications.	1	A résumé briefly presents relevant qualifications. The closest distractors describe related communication ideas but not the precise answer.	Correct. A résumé briefly presents relevant qualifications.	Not quite. “provide a complete autobiography” is plausible, but it does not match the exact concept. A résumé briefly presents relevant qualifications.	Not quite. “replace the interview” is plausible, but it does not match the exact concept. A résumé briefly presents relevant qualifications.	Not quite. “list every activity” is plausible, but it does not match the exact concept. A résumé briefly presents relevant qualifications.	Choosing a related communication term that serves a different purpose.	Review resume purpose and compare it with the closest wrong choice. State the key difference in one sentence.	Résumé = relevant qualifications.	medium	comparison_diagram	optional_after_answer	ltl2_c8_pg_q001	Simple instructional comparison showing resume purpose and a nearby but different concept.	Résumé = relevant qualifications.	A simple diagram explaining resume purpose.	Learn to Lead Volume 2, Chapter 8, objectives 24-29	176-180	approved_source	draft	LTL2-C8-PG-Q002,LTL2-C8-PG-Q003	40	8	high	moderate	true	1.0	existing_original_bank	pre_sample_bank_review
LTL2-C8-PG-Q002	Chapter 8 G: Résumé, Interviews & Social Media	LTL2-C8-OBJ-24-29	LTL2-C8-RESUME_PERSONAL_INFORMATION	LTL2-C8-G-RESUME_PERSONAL_INFORMATION	medium	recognition	multiple_choice	both	cap_direct	Which information is normally appropriate at the top of a résumé?	Age, height, weight, and marital status	Social Security number and family details	Political and religious beliefs	Name, address, phone number, and email	D	Basic contact information belongs at the top.	1	Basic contact information belongs at the top. The closest distractors describe related communication ideas but not the precise answer.	Not quite. “Age, height, weight, and marital status” is plausible, but it does not match the exact concept. Basic contact information belongs at the top.	Not quite. “Social Security number and family details” is plausible, but it does not match the exact concept. Basic contact information belongs at the top.	Not quite. “Political and religious beliefs” is plausible, but it does not match the exact concept. Basic contact information belongs at the top.	Correct. Basic contact information belongs at the top.	Choosing a related communication term that serves a different purpose.	Review resume personal information and compare it with the closest wrong choice. State the key difference in one sentence.	Contact facts, not private biography.	medium	comparison_diagram	optional_after_answer	ltl2_c8_pg_q002	Simple instructional comparison showing resume personal information and a nearby but different concept.	Contact facts, not private biography.	A simple diagram explaining resume personal information.	Learn to Lead Volume 2, Chapter 8, objectives 24-29	176-180	approved_source	draft	LTL2-C8-PG-Q003,LTL2-C8-PG-Q004	40	8	low	basic	false	0	existing_original_bank	pre_sample_bank_review
LTL2-C8-PG-Q003	Chapter 8 G: Résumé, Interviews & Social Media	LTL2-C8-OBJ-24-29	LTL2-C8-RESUME_EDUCATION	LTL2-C8-G-RESUME_EDUCATION	medium	application	multiple_choice	both	cap_direct	For a student with limited work experience, which detail may strengthen education?	Favorite teacher	Daily class schedule	GPA and class rank	Reasons for disliking a course	C	Students may use strong academic indicators to offset limited work history.	1	Students may use strong academic indicators to offset limited work history. The closest distractors describe related communication ideas but not the precise answer.	Not quite. “Favorite teacher” is plausible, but it does not match the exact concept. Students may use strong academic indicators to offset limited work history.	Not quite. “Daily class schedule” is plausible, but it does not match the exact concept. Students may use strong academic indicators to offset limited work history.	Correct. Students may use strong academic indicators to offset limited work history.	Not quite. “Reasons for disliking a course” is plausible, but it does not match the exact concept. Students may use strong academic indicators to offset limited work history.	Choosing a related communication term that serves a different purpose.	Review resume education and compare it with the closest wrong choice. State the key difference in one sentence.	Limited experience? Show achievement.	medium	comparison_diagram	optional_after_answer	ltl2_c8_pg_q003	Simple instructional comparison showing resume education and a nearby but different concept.	Limited experience? Show achievement.	A simple diagram explaining resume education.	Learn to Lead Volume 2, Chapter 8, objectives 24-29	176-180	approved_source	draft	LTL2-C8-PG-Q004,LTL2-C8-PG-Q005	40	8	low	basic	false	0	existing_original_bank	pre_sample_bank_review
LTL2-C8-PG-Q004	Chapter 8 G: Résumé, Interviews & Social Media	LTL2-C8-OBJ-24-29	LTL2-C8-RESUME_CHRONOLOGY	LTL2-C8-G-RESUME_CHRONOLOGY	medium	recall	multiple_choice	both	cap_direct	The career chronology method organizes experience by	skills only without positions	positions held and accomplishments in each	references by importance	education before contact information	B	Career chronology lists roles and accomplishments.	1	Career chronology lists roles and accomplishments. The closest distractors describe related communication ideas but not the precise answer.	Not quite. “skills only without positions” is plausible, but it does not match the exact concept. Career chronology lists roles and accomplishments.	Correct. Career chronology lists roles and accomplishments.	Not quite. “references by importance” is plausible, but it does not match the exact concept. Career chronology lists roles and accomplishments.	Not quite. “education before contact information” is plausible, but it does not match the exact concept. Career chronology lists roles and accomplishments.	Choosing a related communication term that serves a different purpose.	Review resume chronology and compare it with the closest wrong choice. State the key difference in one sentence.	Chronology follows positions.	medium	comparison_diagram	optional_after_answer	ltl2_c8_pg_q004	Simple instructional comparison showing resume chronology and a nearby but different concept.	Chronology follows positions.	A simple diagram explaining resume chronology.	Learn to Lead Volume 2, Chapter 8, objectives 24-29	176-180	approved_source	draft	LTL2-C8-PG-Q005,LTL2-C8-PG-Q006	40	8	low	basic	false	0	existing_original_bank	pre_sample_bank_review
LTL2-C8-PG-Q005	Chapter 8 G: Résumé, Interviews & Social Media	LTL2-C8-OBJ-24-29	LTL2-C8-SKILLS_INVENTORY	LTL2-C8-G-SKILLS_INVENTORY	medium	understanding	multiple_choice	both	cap_direct	A skills-inventory résumé focuses on	work-related skills and abilities	dates of every job only	personal information	salary requirements	A	A skills inventory emphasizes abilities.	1	A skills inventory emphasizes abilities. The closest distractors describe related communication ideas but not the precise answer.	Correct. A skills inventory emphasizes abilities.	Not quite. “dates of every job only” is plausible, but it does not match the exact concept. A skills inventory emphasizes abilities.	Not quite. “personal information” is plausible, but it does not match the exact concept. A skills inventory emphasizes abilities.	Not quite. “salary requirements” is plausible, but it does not match the exact concept. A skills inventory emphasizes abilities.	Choosing a related communication term that serves a different purpose.	Review skills inventory and compare it with the closest wrong choice. State the key difference in one sentence.	Skills inventory spotlights abilities.	medium	comparison_diagram	optional_after_answer	ltl2_c8_pg_q005	Simple instructional comparison showing skills inventory and a nearby but different concept.	Skills inventory spotlights abilities.	A simple diagram explaining skills inventory.	Learn to Lead Volume 2, Chapter 8, objectives 24-29	176-180	approved_source	draft	LTL2-C8-PG-Q006,LTL2-C8-PG-Q007	40	8	high	moderate	true	1.0	existing_original_bank	pre_sample_bank_review
LTL2-C8-PG-Q006	Chapter 8 G: Résumé, Interviews & Social Media	LTL2-C8-OBJ-24-29	LTL2-C8-RESUME_RELEVANCE	LTL2-C8-G-RESUME_RELEVANCE	medium	application	multiple_choice	both	cap_direct	A student applying for an airport job should emphasize	every hobby equally	private family information	only elementary-school awards	relevant CAP and aviation experience	D	Résumé content should be relevant to the position.	1	Résumé content should be relevant to the position. The closest distractors describe related communication ideas but not the precise answer.	Not quite. “every hobby equally” is plausible, but it does not match the exact concept. Résumé content should be relevant to the position.	Not quite. “private family information” is plausible, but it does not match the exact concept. Résumé content should be relevant to the position.	Not quite. “only elementary-school awards” is plausible, but it does not match the exact concept. Résumé content should be relevant to the position.	Correct. Résumé content should be relevant to the position.	Choosing a related communication term that serves a different purpose.	Review resume relevance and compare it with the closest wrong choice. State the key difference in one sentence.	Relevant beats complete.	medium	comparison_diagram	optional_after_answer	ltl2_c8_pg_q006	Simple instructional comparison showing resume relevance and a nearby but different concept.	Relevant beats complete.	A simple diagram explaining resume relevance.	Learn to Lead Volume 2, Chapter 8, objectives 24-29	176-180	approved_source	draft	LTL2-C8-PG-Q007,LTL2-C8-PG-Q008	40	8	low	basic	false	0	existing_original_bank	pre_sample_bank_review
LTL2-C8-PG-Q007	Chapter 8 G: Résumé, Interviews & Social Media	LTL2-C8-OBJ-24-29	LTL2-C8-REFERENCES	LTL2-C8-G-REFERENCES	medium	application	multiple_choice	both	cap_direct	Before listing someone as a reference, an applicant should	assume any teacher will agree	list the person without contact information	ask permission and confirm the person will recommend them	choose only relatives	C	References should agree beforehand and speak positively.	1	References should agree beforehand and speak positively. The closest distractors describe related communication ideas but not the precise answer.	Not quite. “assume any teacher will agree” is plausible, but it does not match the exact concept. References should agree beforehand and speak positively.	Not quite. “list the person without contact information” is plausible, but it does not match the exact concept. References should agree beforehand and speak positively.	Correct. References should agree beforehand and speak positively.	Not quite. “choose only relatives” is plausible, but it does not match the exact concept. References should agree beforehand and speak positively.	Choosing a related communication term that serves a different purpose.	Review references and compare it with the closest wrong choice. State the key difference in one sentence.	Ask before you list.	medium	comparison_diagram	optional_after_answer	ltl2_c8_pg_q007	Simple instructional comparison showing references and a nearby but different concept.	Ask before you list.	A simple diagram explaining references.	Learn to Lead Volume 2, Chapter 8, objectives 24-29	176-180	approved_source	draft	LTL2-C8-PG-Q008,LTL2-C8-PG-Q009	40	8	low	basic	false	0	existing_original_bank	pre_sample_bank_review
LTL2-C8-PG-Q008	Chapter 8 G: Résumé, Interviews & Social Media	LTL2-C8-OBJ-24-29	LTL2-C8-INTERVIEW_PURPOSE	LTL2-C8-G-INTERVIEW_PURPOSE	medium	understanding	multiple_choice	both	cap_direct	A job interview allows the employer to	verify only the address	evaluate the applicant beyond the résumé and assess fit	negotiate salary first	replace all reference checks	B	The interview assesses communication, confidence, qualifications, and fit.	1	The interview assesses communication, confidence, qualifications, and fit. The closest distractors describe related communication ideas but not the precise answer.	Not quite. “verify only the address” is plausible, but it does not match the exact concept. The interview assesses communication, confidence, qualifications, and fit.	Correct. The interview assesses communication, confidence, qualifications, and fit.	Not quite. “negotiate salary first” is plausible, but it does not match the exact concept. The interview assesses communication, confidence, qualifications, and fit.	Not quite. “replace all reference checks” is plausible, but it does not match the exact concept. The interview assesses communication, confidence, qualifications, and fit.	Choosing a related communication term that serves a different purpose.	Review interview purpose and compare it with the closest wrong choice. State the key difference in one sentence.	Paper introduces; interview reveals.	medium	comparison_diagram	optional_after_answer	ltl2_c8_pg_q008	Simple instructional comparison showing interview purpose and a nearby but different concept.	Paper introduces; interview reveals.	A simple diagram explaining interview purpose.	Learn to Lead Volume 2, Chapter 8, objectives 24-29	176-180	approved_source	draft	LTL2-C8-PG-Q009,LTL2-C8-PG-Q010	40	8	low	basic	false	0	existing_original_bank	pre_sample_bank_review
LTL2-C8-PG-Q009	Chapter 8 G: Résumé, Interviews & Social Media	LTL2-C8-OBJ-24-29	LTL2-C8-INTERVIEW_PREPARATION	LTL2-C8-G-INTERVIEW_PREPARATION	hard	application	multiple_choice	both	cap_direct	Which preparation is most appropriate?	Research the organization, practice common questions, and bring résumé copies	Memorize one answer for every question	Bring food to appear relaxed	Wait until the interview to research	A	Good preparation includes research, practice, questions, and materials.	1	Good preparation includes research, practice, questions, and materials. The closest distractors describe related communication ideas but not the precise answer.	Correct. Good preparation includes research, practice, questions, and materials.	Not quite. “Memorize one answer for every question” is plausible, but it does not match the exact concept. Good preparation includes research, practice, questions, and materials.	Not quite. “Bring food to appear relaxed” is plausible, but it does not match the exact concept. Good preparation includes research, practice, questions, and materials.	Not quite. “Wait until the interview to research” is plausible, but it does not match the exact concept. Good preparation includes research, practice, questions, and materials.	Choosing a related communication term that serves a different purpose.	Review interview preparation and compare it with the closest wrong choice. State the key difference in one sentence.	Research, rehearse, bring copies.	high	comparison_diagram	optional_after_answer	ltl2_c8_pg_q009	Simple instructional comparison showing interview preparation and a nearby but different concept.	Research, rehearse, bring copies.	A simple diagram explaining interview preparation.	Learn to Lead Volume 2, Chapter 8, objectives 24-29	176-180	approved_source	draft	LTL2-C8-PG-Q010,LTL2-C8-PG-Q011	50	8	high	moderate	true	1.0	existing_original_bank	pre_sample_bank_review
LTL2-C8-PG-Q010	Chapter 8 G: Résumé, Interviews & Social Media	LTL2-C8-OBJ-24-29	LTL2-C8-INTERVIEW_ETIQUETTE	LTL2-C8-G-INTERVIEW_ETIQUETTE	medium	recognition	multiple_choice	both	cap_direct	Which behavior follows the chapter’s interview etiquette?	Bring a parent to negotiate	Complain about a former boss	Discuss pay before qualifications	Arrive early, silence the phone, and give full attention	D	Professional etiquette includes punctuality, attention, and maturity.	1	Professional etiquette includes punctuality, attention, and maturity. The closest distractors describe related communication ideas but not the precise answer.	Not quite. “Bring a parent to negotiate” is plausible, but it does not match the exact concept. Professional etiquette includes punctuality, attention, and maturity.	Not quite. “Complain about a former boss” is plausible, but it does not match the exact concept. Professional etiquette includes punctuality, attention, and maturity.	Not quite. “Discuss pay before qualifications” is plausible, but it does not match the exact concept. Professional etiquette includes punctuality, attention, and maturity.	Correct. Professional etiquette includes punctuality, attention, and maturity.	Choosing a related communication term that serves a different purpose.	Review interview etiquette and compare it with the closest wrong choice. State the key difference in one sentence.	Early, attentive, professional.	medium	comparison_diagram	optional_after_answer	ltl2_c8_pg_q010	Simple instructional comparison showing interview etiquette and a nearby but different concept.	Early, attentive, professional.	A simple diagram explaining interview etiquette.	Learn to Lead Volume 2, Chapter 8, objectives 24-29	176-180	approved_source	draft	LTL2-C8-PG-Q011,LTL2-C8-PG-Q012	40	8	low	basic	false	0	existing_original_bank	pre_sample_bank_review
LTL2-C8-PG-Q011	Chapter 8 G: Résumé, Interviews & Social Media	LTL2-C8-OBJ-24-29	LTL2-C8-TWO_WAY_INTERVIEW	LTL2-C8-G-TWO_WAY_INTERVIEW	hard	analysis	multiple_choice	both	cap_direct	Why should applicants prepare questions for the interviewer?	Questions allow avoiding answers	It proves the résumé is unnecessary	The applicant is also evaluating whether the job is a good fit	Applicants should control the interview	C	Both sides use the interview to assess fit.	1	Both sides use the interview to assess fit. The closest distractors describe related communication ideas but not the precise answer.	Not quite. “Questions allow avoiding answers” is plausible, but it does not match the exact concept. Both sides use the interview to assess fit.	Not quite. “It proves the résumé is unnecessary” is plausible, but it does not match the exact concept. Both sides use the interview to assess fit.	Correct. Both sides use the interview to assess fit.	Not quite. “Applicants should control the interview” is plausible, but it does not match the exact concept. Both sides use the interview to assess fit.	Choosing a related communication term that serves a different purpose.	Review two-way interview and compare it with the closest wrong choice. State the key difference in one sentence.	They assess you; you assess them.	high	comparison_diagram	optional_after_answer	ltl2_c8_pg_q011	Simple instructional comparison showing two-way interview and a nearby but different concept.	They assess you; you assess them.	A simple diagram explaining two-way interview.	Learn to Lead Volume 2, Chapter 8, objectives 24-29	176-180	approved_source	draft	LTL2-C8-PG-Q012,LTL2-C8-PG-Q001	50	8	low	basic	false	0	existing_original_bank	pre_sample_bank_review
LTL2-C8-PG-Q012	Chapter 8 G: Résumé, Interviews & Social Media	LTL2-C8-OBJ-24-29	LTL2-C8-SOCIAL_MEDIA	LTL2-C8-G-SOCIAL_MEDIA	hard	analysis	multiple_choice	both	cap_direct	Which statement best balances social media’s benefits and drawbacks?	It is private if a post is deleted	It enables rapid connection and sharing, but can expose lasting personal information and encourage uncivil behavior	It helps only extroverts and businesses	It has no effect on employment	B	Social media expands connection but creates privacy, permanence, and civility risks.	1	Social media expands connection but creates privacy, permanence, and civility risks. The closest distractors describe related communication ideas but not the precise answer.	Not quite. “It is private if a post is deleted” is plausible, but it does not match the exact concept. Social media expands connection but creates privacy, permanence, and civility risks.	Correct. Social media expands connection but creates privacy, permanence, and civility risks.	Not quite. “It helps only extroverts and businesses” is plausible, but it does not match the exact concept. Social media expands connection but creates privacy, permanence, and civility risks.	Not quite. “It has no effect on employment” is plausible, but it does not match the exact concept. Social media expands connection but creates privacy, permanence, and civility risks.	Choosing a related communication term that serves a different purpose.	Review social media and compare it with the closest wrong choice. State the key difference in one sentence.	Post widely; permanence follows.	high	comparison_diagram	optional_after_answer	ltl2_c8_pg_q012	Simple instructional comparison showing social media and a nearby but different concept.	Post widely; permanence follows.	A simple diagram explaining social media.	Learn to Lead Volume 2, Chapter 8, objectives 24-29	176-180	approved_source	draft	LTL2-C8-PG-Q001,LTL2-C8-PG-Q002	50	8	low	basic	false	0	existing_original_bank	pre_sample_bank_review
LTL2-C8-Q076	C8-Expansion	LTL2-C8-OBJ-1-4	LTL2-C8-COMMUNICATION_MEANING	LTL2-C8-COMMUNICATION_MEANING	medium	recall	multiple_choice	both	direct_definition	The primary goal of communication is to share	words	meaning	arguments	opinions	B	The goal is not merely sending words but helping the audience understand the intended meaning.	1	The goal is not merely sending words but helping the audience understand the intended meaning. A is incorrect because words are the vehicle, not the final goal. C is incorrect because arguments are only one type of communication.	Words are the vehicle, not the final goal.	Correct. The goal is not merely sending words but helping the audience understand the intended meaning.	Arguments are only one type of communication.	Opinions may be communicated, but meaning is the broader goal.	Choosing a related term because it sounds plausible without matching the exact definition or situation.	Review the distinction behind this item: The goal is not merely sending words but helping the audience understand the intended meaning. Then compare each option to the exact wording of the chapter.	Communication succeeds when meaning transfers.	medium	comparison_card	optional_after_answer	ltl2_c8_communication_meaning_076	Create a simple, uncluttered study visual for the concept: The goal is not merely sending words but helping the audience understand the intended meaning. Emphasize the distinction tested by the answer choices.	Communication succeeds when meaning transfers.	A study visual illustrating: The goal is not merely sending words but helping the audience understand the intended meaning.	Learn to Lead, Volume 2, Chapter 8	153	source_approved	draft	LTL2-C8-PA-Q001|LTL2-C8-PA-Q002	35	8	high	moderate	true	1.0	original_textbook_grounded	Mitchell_sample_style_analysis
LTL2-C8-Q077	C8-Expansion	LTL2-C8-OBJ-1-4	LTL2-C8-CAP_COMMUNICATION_TEACH	LTL2-C8-CAP_COMMUNICATION_TEACH	medium	recall	multiple_choice	both	direct_definition	Most CAP communication is intended primarily to	entertain	teach	argue	advertise	B	CAP leaders commonly communicate to explain procedures, knowledge, and expectations.	1	CAP leaders commonly communicate to explain procedures, knowledge, and expectations. A is incorrect because entertainment may occur but is not the usual primary purpose. C is incorrect because argument is narrower and often inappropriate as the main purpose.	Entertainment may occur but is not the usual primary purpose.	Correct. CAP leaders commonly communicate to explain procedures, knowledge, and expectations.	Argument is narrower and often inappropriate as the main purpose.	Advertising is not the chapter’s general emphasis.	Choosing a related term because it sounds plausible without matching the exact definition or situation.	Review the distinction behind this item: CAP leaders commonly communicate to explain procedures, knowledge, and expectations. Then compare each option to the exact wording of the chapter.	CAP often communicates to teach.	medium	comparison_card	optional_after_answer	ltl2_c8_cap_communication_teach_077	Create a simple, uncluttered study visual for the concept: CAP leaders commonly communicate to explain procedures, knowledge, and expectations. Emphasize the distinction tested by the answer choices.	CAP often communicates to teach.	A study visual illustrating: CAP leaders commonly communicate to explain procedures, knowledge, and expectations.	Learn to Lead, Volume 2, Chapter 8	154	source_approved	draft	LTL2-C8-PA-Q001|LTL2-C8-PA-Q002	35	8	high	moderate	true	1.0	original_textbook_grounded	Mitchell_sample_style_analysis
LTL2-C8-Q078	C8-Expansion	LTL2-C8-OBJ-1-4	LTL2-C8-SPECIFIC_PURPOSE	LTL2-C8-SPECIFIC_PURPOSE	medium	recall	multiple_choice	both	phrase_completion	A specific purpose states exactly what the audience should	understand, do, or believe	write, memorize, or repeat	approve, reject, or ignore	hear, see, or touch	A	A specific purpose defines the intended audience outcome.	1	A specific purpose defines the intended audience outcome. B is incorrect because these may be activities but do not state the full purpose framework. C is incorrect because this list is too narrow and negative.	Correct. A specific purpose defines the intended audience outcome.	These may be activities but do not state the full purpose framework.	This list is too narrow and negative.	These are sensory actions, not communication outcomes.	Choosing a related term because it sounds plausible without matching the exact definition or situation.	Review the distinction behind this item: A specific purpose defines the intended audience outcome. Then compare each option to the exact wording of the chapter.	Purpose: understand, do, or believe.	high	comparison_card	optional_after_answer	ltl2_c8_specific_purpose_078	Create a simple, uncluttered study visual for the concept: A specific purpose defines the intended audience outcome. Emphasize the distinction tested by the answer choices.	Purpose: understand, do, or believe.	A study visual illustrating: A specific purpose defines the intended audience outcome.	Learn to Lead, Volume 2, Chapter 8	154-155	source_approved	draft	LTL2-C8-PA-Q001|LTL2-C8-PA-Q002	35	8	high	moderate	true	1.0	original_textbook_grounded	Mitchell_sample_style_analysis
LTL2-C8-Q079	C8-Expansion	LTL2-C8-OBJ-5	LTL2-C8-CLEAR_WRITING	LTL2-C8-CLEAR_WRITING	medium	recall	multiple_choice	both	close_distinction	Which sentence is the clearest?	Cadets should utilize appropriate mechanisms for hydration.	Cadets should drink water regularly.	Cadets should engage in the consumption of fluids at intervals.	Hydration-related procedures should be implemented by cadets.	B	The direct sentence communicates the idea without inflated wording.	1	The direct sentence communicates the idea without inflated wording. A is incorrect because “Utilize appropriate mechanisms” adds needless complexity. C is incorrect because the sentence is wordy and indirect.	“Utilize appropriate mechanisms” adds needless complexity.	Correct. The direct sentence communicates the idea without inflated wording.	The sentence is wordy and indirect.	Passive, abstract wording hides the action.	Choosing a related term because it sounds plausible without matching the exact definition or situation.	Review the distinction behind this item: The direct sentence communicates the idea without inflated wording. Then compare each option to the exact wording of the chapter.	Clear writing uses simple, direct words.	high	comparison_card	optional_after_answer	ltl2_c8_clear_writing_079	Create a simple, uncluttered study visual for the concept: The direct sentence communicates the idea without inflated wording. Emphasize the distinction tested by the answer choices.	Clear writing uses simple, direct words.	A study visual illustrating: The direct sentence communicates the idea without inflated wording.	Learn to Lead, Volume 2, Chapter 8	156	source_approved	draft	LTL2-C8-PB-Q001|LTL2-C8-PB-Q002	35	8	high	close	true	1.0	original_textbook_grounded	Mitchell_sample_style_analysis
LTL2-C8-Q080	C8-Expansion	LTL2-C8-OBJ-5	LTL2-C8-ELIMINATE_CLUTTER	LTL2-C8-ELIMINATE_CLUTTER	medium	recall	multiple_choice	both	direct_definition	To eliminate clutter, a writer should look for ways to	lengthen each sentence	shorten each sentence without losing meaning	replace common words with technical terms	add introductory phrases	B	Concise writing removes needless words while preserving the message.	1	Concise writing removes needless words while preserving the message. A is incorrect because length alone does not improve clarity. C is incorrect because technical terms may make writing harder to understand.	Length alone does not improve clarity.	Correct. Concise writing removes needless words while preserving the message.	Technical terms may make writing harder to understand.	Extra phrases often create more clutter.	Choosing a related term because it sounds plausible without matching the exact definition or situation.	Review the distinction behind this item: Concise writing removes needless words while preserving the message. Then compare each option to the exact wording of the chapter.	Cut words, keep meaning.	medium	comparison_card	optional_after_answer	ltl2_c8_eliminate_clutter_080	Create a simple, uncluttered study visual for the concept: Concise writing removes needless words while preserving the message. Emphasize the distinction tested by the answer choices.	Cut words, keep meaning.	A study visual illustrating: Concise writing removes needless words while preserving the message.	Learn to Lead, Volume 2, Chapter 8	157	source_approved	draft	LTL2-C8-PB-Q001|LTL2-C8-PB-Q002	35	8	high	moderate	true	1.0	original_textbook_grounded	Mitchell_sample_style_analysis
LTL2-C8-Q081	C8-Expansion	LTL2-C8-OBJ-6-14	LTL2-C8-WRITING_BRAINSTORMING	LTL2-C8-WRITING_BRAINSTORMING	medium	recall	multiple_choice	both	direct_definition	Before organizing an essay, writing everything that comes to mind about the topic is called	brainstorming	outlining	narration	editing	A	Brainstorming generates raw ideas before selection and arrangement.	1	Brainstorming generates raw ideas before selection and arrangement. B is incorrect because outlining organizes ideas after they are generated. C is incorrect because narration tells a story.	Correct. Brainstorming generates raw ideas before selection and arrangement.	Outlining organizes ideas after they are generated.	Narration tells a story.	Editing improves a draft.	Choosing a related term because it sounds plausible without matching the exact definition or situation.	Review the distinction behind this item: Brainstorming generates raw ideas before selection and arrangement. Then compare each option to the exact wording of the chapter.	Brainstorm before you organize.	medium	comparison_card	optional_after_answer	ltl2_c8_writing_brainstorming_081	Create a simple, uncluttered study visual for the concept: Brainstorming generates raw ideas before selection and arrangement. Emphasize the distinction tested by the answer choices.	Brainstorm before you organize.	A study visual illustrating: Brainstorming generates raw ideas before selection and arrangement.	Learn to Lead, Volume 2, Chapter 8	159	source_approved	draft	LTL2-C8-PC-Q001|LTL2-C8-PC-Q002	35	8	high	moderate	true	1.0	original_textbook_grounded	Mitchell_sample_style_analysis
LTL2-C8-Q082	C8-Expansion	LTL2-C8-OBJ-6-14	LTL2-C8-TOPIC_SENTENCE	LTL2-C8-TOPIC_SENTENCE	medium	recall	multiple_choice	both	close_distinction	The main idea of a paragraph is normally introduced by the	transition	topic sentence	conclusion	thesis statement	B	A topic sentence states the controlling idea of one paragraph.	1	A topic sentence states the controlling idea of one paragraph. A is incorrect because a transition connects ideas. C is incorrect because a conclusion closes a section or essay.	A transition connects ideas.	Correct. A topic sentence states the controlling idea of one paragraph.	A conclusion closes a section or essay.	A thesis states the main claim of the whole essay.	Choosing a related term because it sounds plausible without matching the exact definition or situation.	Review the distinction behind this item: A topic sentence states the controlling idea of one paragraph. Then compare each option to the exact wording of the chapter.	Topic sentence leads the paragraph.	high	comparison_card	optional_after_answer	ltl2_c8_topic_sentence_082	Create a simple, uncluttered study visual for the concept: A topic sentence states the controlling idea of one paragraph. Emphasize the distinction tested by the answer choices.	Topic sentence leads the paragraph.	A study visual illustrating: A topic sentence states the controlling idea of one paragraph.	Learn to Lead, Volume 2, Chapter 8	160	source_approved	draft	LTL2-C8-PC-Q001|LTL2-C8-PC-Q002	35	8	high	close	true	1.0	original_textbook_grounded	Mitchell_sample_style_analysis
LTL2-C8-Q083	C8-Expansion	LTL2-C8-OBJ-6-14	LTL2-C8-THESIS_STATEMENT	LTL2-C8-THESIS_STATEMENT	medium	recall	multiple_choice	both	close_distinction	The central claim or controlling idea of an essay is the	topic sentence	thesis statement	transition	objection	B	The thesis guides the entire essay rather than a single paragraph.	1	The thesis guides the entire essay rather than a single paragraph. A is incorrect because a topic sentence controls one paragraph. C is incorrect because a transition links ideas.	A topic sentence controls one paragraph.	Correct. The thesis guides the entire essay rather than a single paragraph.	A transition links ideas.	An objection challenges a claim.	Choosing a related term because it sounds plausible without matching the exact definition or situation.	Review the distinction behind this item: The thesis guides the entire essay rather than a single paragraph. Then compare each option to the exact wording of the chapter.	Thesis = whole essay’s main claim.	high	comparison_card	optional_after_answer	ltl2_c8_thesis_statement_083	Create a simple, uncluttered study visual for the concept: The thesis guides the entire essay rather than a single paragraph. Emphasize the distinction tested by the answer choices.	Thesis = whole essay’s main claim.	A study visual illustrating: The thesis guides the entire essay rather than a single paragraph.	Learn to Lead, Volume 2, Chapter 8	161-163	source_approved	draft	LTL2-C8-PC-Q001|LTL2-C8-PC-Q002	35	8	high	close	true	1.0	original_textbook_grounded	Mitchell_sample_style_analysis
LTL2-C8-Q084	C8-Expansion	LTL2-C8-OBJ-6-14	LTL2-C8-TRANSITIONS	LTL2-C8-TRANSITIONS	medium	recall	multiple_choice	both	direct_definition	Transitions are used to	introduce evidence only	signal movement from one idea to another	state the thesis repeatedly	replace topic sentences	B	Transitions help readers follow connections within and between paragraphs.	1	Transitions help readers follow connections within and between paragraphs. A is incorrect because transitions can serve many relationships, not only evidence. C is incorrect because repeating the thesis is not their function.	Transitions can serve many relationships, not only evidence.	Correct. Transitions help readers follow connections within and between paragraphs.	Repeating the thesis is not their function.	They support rather than replace topic sentences.	Choosing a related term because it sounds plausible without matching the exact definition or situation.	Review the distinction behind this item: Transitions help readers follow connections within and between paragraphs. Then compare each option to the exact wording of the chapter.	Transitions are idea bridges.	medium	comparison_card	optional_after_answer	ltl2_c8_transitions_084	Create a simple, uncluttered study visual for the concept: Transitions help readers follow connections within and between paragraphs. Emphasize the distinction tested by the answer choices.	Transitions are idea bridges.	A study visual illustrating: Transitions help readers follow connections within and between paragraphs.	Learn to Lead, Volume 2, Chapter 8	163-165	source_approved	draft	LTL2-C8-PC-Q001|LTL2-C8-PC-Q002	35	8	high	moderate	true	1.0	original_textbook_grounded	Mitchell_sample_style_analysis
LTL2-C8-Q085	C8-Expansion	LTL2-C8-OBJ-6-14	LTL2-C8-ARGUMENTS_DEFINITION	LTL2-C8-ARGUMENTS_DEFINITION	medium	recall	multiple_choice	both	direct_definition	Reasons offered in proof or rebuttal are called	arguments	conclusions	outlines	topics	A	Arguments support or challenge a position with reasons.	1	Arguments support or challenge a position with reasons. B is incorrect because a conclusion is the judgment reached. C is incorrect because an outline organizes material.	Correct. Arguments support or challenge a position with reasons.	A conclusion is the judgment reached.	An outline organizes material.	A topic is the subject under discussion.	Choosing a related term because it sounds plausible without matching the exact definition or situation.	Review the distinction behind this item: Arguments support or challenge a position with reasons. Then compare each option to the exact wording of the chapter.	Arguments give reasons.	medium	comparison_card	optional_after_answer	ltl2_c8_arguments_definition_085	Create a simple, uncluttered study visual for the concept: Arguments support or challenge a position with reasons. Emphasize the distinction tested by the answer choices.	Arguments give reasons.	A study visual illustrating: Arguments support or challenge a position with reasons.	Learn to Lead, Volume 2, Chapter 8	159	source_approved	draft	LTL2-C8-PC-Q001|LTL2-C8-PC-Q002	35	8	high	moderate	true	1.0	original_textbook_grounded	Mitchell_sample_style_analysis
LTL2-C8-Q086	C8-Expansion	LTL2-C8-OBJ-6-14	LTL2-C8-REASON_DEFINITION	LTL2-C8-REASON_DEFINITION	medium	recall	multiple_choice	both	close_distinction	A statement offered in explanation or justification is a	reason	conclusion	objection	transition	A	A reason explains or supports a claim.	1	A reason explains or supports a claim. B is incorrect because a conclusion is what the reasoning supports. C is incorrect because an objection challenges the position.	Correct. A reason explains or supports a claim.	A conclusion is what the reasoning supports.	An objection challenges the position.	A transition connects ideas.	Choosing a related term because it sounds plausible without matching the exact definition or situation.	Review the distinction behind this item: A reason explains or supports a claim. Then compare each option to the exact wording of the chapter.	A reason answers why.	high	comparison_card	optional_after_answer	ltl2_c8_reason_definition_086	Create a simple, uncluttered study visual for the concept: A reason explains or supports a claim. Emphasize the distinction tested by the answer choices.	A reason answers why.	A study visual illustrating: A reason explains or supports a claim.	Learn to Lead, Volume 2, Chapter 8	159	source_approved	draft	LTL2-C8-PC-Q001|LTL2-C8-PC-Q002	35	8	high	close	true	1.0	original_textbook_grounded	Mitchell_sample_style_analysis
LTL2-C8-Q087	C8-Expansion	LTL2-C8-OBJ-6-14	LTL2-C8-ESSAY_CONCLUSION	LTL2-C8-ESSAY_CONCLUSION	medium	recall	multiple_choice	both	direct_definition	The purpose of an essay’s conclusion is to	introduce important new evidence	restate the thesis and summarize main points	present the outline for the first time	list every source used	B	A conclusion closes the argument by restating the central idea and reviewing its support.	1	A conclusion closes the argument by restating the central idea and reviewing its support. A is incorrect because major new evidence belongs in the body. C is incorrect because the organizational plan should be clear earlier.	Major new evidence belongs in the body.	Correct. A conclusion closes the argument by restating the central idea and reviewing its support.	The organizational plan should be clear earlier.	Sources may appear in references, not as the conclusion’s purpose.	Choosing a related term because it sounds plausible without matching the exact definition or situation.	Review the distinction behind this item: A conclusion closes the argument by restating the central idea and reviewing its support. Then compare each option to the exact wording of the chapter.	Conclusion returns to the thesis.	medium	comparison_card	optional_after_answer	ltl2_c8_essay_conclusion_087	Create a simple, uncluttered study visual for the concept: A conclusion closes the argument by restating the central idea and reviewing its support. Emphasize the distinction tested by the answer choices.	Conclusion returns to the thesis.	A study visual illustrating: A conclusion closes the argument by restating the central idea and reviewing its support.	Learn to Lead, Volume 2, Chapter 8	166-167	source_approved	draft	LTL2-C8-PC-Q001|LTL2-C8-PC-Q002	35	8	high	moderate	true	1.0	original_textbook_grounded	Mitchell_sample_style_analysis
LTL2-C8-Q088	C8-Expansion	LTL2-C8-OBJ-15-16	LTL2-C8-STAFF_STUDY_SECTIONS	LTL2-C8-STAFF_STUDY_SECTIONS	medium	recall	multiple_choice	both	list_or_sequence	A staff study must include the problem statement, factors bearing on the problem, conclusion, discussion, and	action recommended	a personal biography	a speech outline	a list of objections only	A	The staff study ends by recommending the action supported by its analysis.	1	The staff study ends by recommending the action supported by its analysis. B is incorrect because a biography is unrelated. C is incorrect because a speech outline is a different communication product.	Correct. The staff study ends by recommending the action supported by its analysis.	A biography is unrelated.	A speech outline is a different communication product.	Objections may be discussed but are not the required final section.	Choosing a related term because it sounds plausible without matching the exact definition or situation.	Review the distinction behind this item: The staff study ends by recommending the action supported by its analysis. Then compare each option to the exact wording of the chapter.	Study the problem, conclude, recommend action.	high	comparison_card	optional_after_answer	ltl2_c8_staff_study_sections_088	Create a simple, uncluttered study visual for the concept: The staff study ends by recommending the action supported by its analysis. Emphasize the distinction tested by the answer choices.	Study the problem, conclude, recommend action.	A study visual illustrating: The staff study ends by recommending the action supported by its analysis.	Learn to Lead, Volume 2, Chapter 8	168-170	source_approved	draft	LTL2-C8-PD-Q001|LTL2-C8-PD-Q002	35	8	high	close	true	1.0	original_textbook_grounded	Mitchell_sample_style_analysis
LTL2-C8-Q089	C8-Expansion	LTL2-C8-OBJ-15-16	LTL2-C8-ACTION_RECOMMENDED	LTL2-C8-ACTION_RECOMMENDED	medium	recall	multiple_choice	both	close_distinction	In a staff study, the section that states what should be done is	factors bearing on the problem	discussion	action recommended	problem statement	C	The action-recommended section converts the analysis into a proposed decision.	1	The action-recommended section converts the analysis into a proposed decision. A is incorrect because factors identify relevant considerations. B is incorrect because discussion analyzes the factors.	Factors identify relevant considerations.	Discussion analyzes the factors.	Correct. The action-recommended section converts the analysis into a proposed decision.	The problem statement defines the issue.	Choosing a related term because it sounds plausible without matching the exact definition or situation.	Review the distinction behind this item: The action-recommended section converts the analysis into a proposed decision. Then compare each option to the exact wording of the chapter.	Recommendation says what to do.	high	comparison_card	optional_after_answer	ltl2_c8_action_recommended_089	Create a simple, uncluttered study visual for the concept: The action-recommended section converts the analysis into a proposed decision. Emphasize the distinction tested by the answer choices.	Recommendation says what to do.	A study visual illustrating: The action-recommended section converts the analysis into a proposed decision.	Learn to Lead, Volume 2, Chapter 8	170	source_approved	draft	LTL2-C8-PD-Q001|LTL2-C8-PD-Q002	35	8	high	close	true	1.0	original_textbook_grounded	Mitchell_sample_style_analysis
LTL2-C8-Q090	C8-Expansion	LTL2-C8-OBJ-17-18	LTL2-C8-PROFESSIONAL_EMAIL	LTL2-C8-PROFESSIONAL_EMAIL	medium	recall	multiple_choice	both	direct_definition	Professional email guidance generally calls for	proper spelling and grammar	copying the entire unit on every message	using long detailed messages whenever possible	waiting two days before answering routine messages	A	Correct writing and appropriate audience selection support professional email communication.	1	Correct writing and appropriate audience selection support professional email communication. B is incorrect because unnecessary copying creates clutter and privacy concerns. C is incorrect because messages should be concise enough for the purpose.	Correct. Correct writing and appropriate audience selection support professional email communication.	Unnecessary copying creates clutter and privacy concerns.	Messages should be concise enough for the purpose.	Routine communication should be answered appropriately, not delayed by a fixed rule.	Choosing a related term because it sounds plausible without matching the exact definition or situation.	Review the distinction behind this item: Correct writing and appropriate audience selection support professional email communication. Then compare each option to the exact wording of the chapter.	Professional email is clear and correct.	medium	comparison_card	optional_after_answer	ltl2_c8_professional_email_090	Create a simple, uncluttered study visual for the concept: Correct writing and appropriate audience selection support professional email communication. Emphasize the distinction tested by the answer choices.	Professional email is clear and correct.	A study visual illustrating: Correct writing and appropriate audience selection support professional email communication.	Learn to Lead, Volume 2, Chapter 8	171	source_approved	draft	LTL2-C8-PE-Q001|LTL2-C8-PE-Q002	35	8	high	moderate	true	1.0	original_textbook_grounded	Mitchell_sample_style_analysis
LTL2-C8-Q091	C8-Expansion	LTL2-C8-OBJ-17-18	LTL2-C8-SOCIAL_MEDIA_REPUTATION	LTL2-C8-SOCIAL_MEDIA_REPUTATION	medium	recall	multiple_choice	both	brief_application	Before posting online, a cadet should remember that social media content	is private once a profile is restricted	can affect the cadet and CAP’s reputation	disappears when deleted	does not count as professional communication	B	Social media communication can be shared widely and reflect on both the individual and organization.	1	Social media communication can be shared widely and reflect on both the individual and organization. A is incorrect because privacy settings do not guarantee privacy. C is incorrect because copies or screenshots may remain.	Privacy settings do not guarantee privacy.	Correct. Social media communication can be shared widely and reflect on both the individual and organization.	Copies or screenshots may remain.	Online conduct can have professional consequences.	Choosing a related term because it sounds plausible without matching the exact definition or situation.	Review the distinction behind this item: Social media communication can be shared widely and reflect on both the individual and organization. Then compare each option to the exact wording of the chapter.	Online posts leave real impressions.	medium	comparison_card	optional_after_answer	ltl2_c8_social_media_reputation_091	Create a simple, uncluttered study visual for the concept: Social media communication can be shared widely and reflect on both the individual and organization. Emphasize the distinction tested by the answer choices.	Online posts leave real impressions.	A study visual illustrating: Social media communication can be shared widely and reflect on both the individual and organization.	Learn to Lead, Volume 2, Chapter 8	179-180	source_approved	draft	LTL2-C8-PE-Q001|LTL2-C8-PE-Q002	35	8	high	moderate	true	1.0	original_textbook_grounded	Mitchell_sample_style_analysis
LTL2-C8-Q092	C8-Expansion	LTL2-C8-OBJ-19-23	LTL2-C8-EXTEMPORANEOUS_SPEECH	LTL2-C8-EXTEMPORANEOUS_SPEECH	medium	recall	multiple_choice	both	close_distinction	A speech that is carefully planned and outlined but not read word-for-word is	manuscript	extemporaneous	impromptu	memorized	B	An extemporaneous speech uses preparation and notes while sounding natural.	1	An extemporaneous speech uses preparation and notes while sounding natural. A is incorrect because a manuscript speech is read word-for-word. C is incorrect because an impromptu speech has little preparation.	A manuscript speech is read word-for-word.	Correct. An extemporaneous speech uses preparation and notes while sounding natural.	An impromptu speech has little preparation.	A memorized speech is delivered from memory.	Choosing a related term because it sounds plausible without matching the exact definition or situation.	Review the distinction behind this item: An extemporaneous speech uses preparation and notes while sounding natural. Then compare each option to the exact wording of the chapter.	Extemporaneous = prepared, not read.	high	comparison_card	optional_after_answer	ltl2_c8_extemporaneous_speech_092	Create a simple, uncluttered study visual for the concept: An extemporaneous speech uses preparation and notes while sounding natural. Emphasize the distinction tested by the answer choices.	Extemporaneous = prepared, not read.	A study visual illustrating: An extemporaneous speech uses preparation and notes while sounding natural.	Learn to Lead, Volume 2, Chapter 8	173	source_approved	draft	LTL2-C8-PF-Q001|LTL2-C8-PF-Q002	35	8	high	close	true	1.0	original_textbook_grounded	Mitchell_sample_style_analysis
LTL2-C8-Q093	C8-Expansion	LTL2-C8-OBJ-19-23	LTL2-C8-MANUSCRIPT_SPEECH	LTL2-C8-MANUSCRIPT_SPEECH	medium	recall	multiple_choice	both	close_distinction	Which speech method often sounds flat because it is read word-for-word?	Extemporaneous	Impromptu	Manuscript	Guided discussion	C	Reading a manuscript can reduce eye contact and vocal variety.	1	Reading a manuscript can reduce eye contact and vocal variety. A is incorrect because extemporaneous delivery is prepared but conversational. B is incorrect because impromptu speaking is unplanned, not read.	Extemporaneous delivery is prepared but conversational.	Impromptu speaking is unplanned, not read.	Correct. Reading a manuscript can reduce eye contact and vocal variety.	Guided discussion is an instructional method, not a speech delivery method.	Choosing a related term because it sounds plausible without matching the exact definition or situation.	Review the distinction behind this item: Reading a manuscript can reduce eye contact and vocal variety. Then compare each option to the exact wording of the chapter.	Manuscript can sound mechanical.	high	comparison_card	optional_after_answer	ltl2_c8_manuscript_speech_093	Create a simple, uncluttered study visual for the concept: Reading a manuscript can reduce eye contact and vocal variety. Emphasize the distinction tested by the answer choices.	Manuscript can sound mechanical.	A study visual illustrating: Reading a manuscript can reduce eye contact and vocal variety.	Learn to Lead, Volume 2, Chapter 8	173	source_approved	draft	LTL2-C8-PF-Q001|LTL2-C8-PF-Q002	35	8	high	close	true	1.0	original_textbook_grounded	Mitchell_sample_style_analysis
LTL2-C8-Q094	C8-Expansion	LTL2-C8-OBJ-19-23	LTL2-C8-SPEECH_OUTLINE_PURPOSE	LTL2-C8-SPEECH_OUTLINE_PURPOSE	medium	recall	multiple_choice	both	direct_definition	The top of a speech outline should identify the	specific purpose	conclusion	main points	visual aids	A	The specific purpose guides the organization and content of the speech.	1	The specific purpose guides the organization and content of the speech. B is incorrect because the conclusion follows the body. C is incorrect because main points support the purpose but do not replace it.	Correct. The specific purpose guides the organization and content of the speech.	The conclusion follows the body.	Main points support the purpose but do not replace it.	Visual aids are optional supporting tools.	Choosing a related term because it sounds plausible without matching the exact definition or situation.	Review the distinction behind this item: The specific purpose guides the organization and content of the speech. Then compare each option to the exact wording of the chapter.	Purpose comes before points.	medium	comparison_card	optional_after_answer	ltl2_c8_speech_outline_purpose_094	Create a simple, uncluttered study visual for the concept: The specific purpose guides the organization and content of the speech. Emphasize the distinction tested by the answer choices.	Purpose comes before points.	A study visual illustrating: The specific purpose guides the organization and content of the speech.	Learn to Lead, Volume 2, Chapter 8	174	source_approved	draft	LTL2-C8-PF-Q001|LTL2-C8-PF-Q002	35	8	high	moderate	true	1.0	original_textbook_grounded	Mitchell_sample_style_analysis
LTL2-C8-Q095	C8-Expansion	LTL2-C8-OBJ-19-23	LTL2-C8-SPEECH_TENSION	LTL2-C8-SPEECH_TENSION	medium	recall	multiple_choice	both	brief_application	A speaker can reduce tension by	memorizing every word	avoiding eye contact	interacting with the audience through appropriate questions	preparing less so the speech feels spontaneous	C	Appropriate interaction can turn the speech into communication rather than a one-sided ordeal.	1	Appropriate interaction can turn the speech into communication rather than a one-sided ordeal. A is incorrect because word-for-word memorization can increase anxiety if the speaker forgets a line. B is incorrect because eye contact generally improves connection.	Word-for-word memorization can increase anxiety if the speaker forgets a line.	Eye contact generally improves connection.	Correct. Appropriate interaction can turn the speech into communication rather than a one-sided ordeal.	Preparation normally reduces rather than increases anxiety.	Choosing a related term because it sounds plausible without matching the exact definition or situation.	Review the distinction behind this item: Appropriate interaction can turn the speech into communication rather than a one-sided ordeal. Then compare each option to the exact wording of the chapter.	Connect with the audience.	medium	comparison_card	optional_after_answer	ltl2_c8_speech_tension_095	Create a simple, uncluttered study visual for the concept: Appropriate interaction can turn the speech into communication rather than a one-sided ordeal. Emphasize the distinction tested by the answer choices.	Connect with the audience.	A study visual illustrating: Appropriate interaction can turn the speech into communication rather than a one-sided ordeal.	Learn to Lead, Volume 2, Chapter 8	175	source_approved	draft	LTL2-C8-PF-Q001|LTL2-C8-PF-Q002	35	8	high	moderate	true	1.0	original_textbook_grounded	Mitchell_sample_style_analysis
LTL2-C8-Q096	C8-Expansion	LTL2-C8-OBJ-24-29	LTL2-C8-RESUME_PURPOSE	LTL2-C8-RESUME_PURPOSE	medium	recall	multiple_choice	both	direct_definition	A résumé primarily	documents qualifications and work history for an employer	provides a complete autobiography	lists private personal details	replaces the job interview	A	A résumé briefly presents relevant education, experience, and skills.	1	A résumé briefly presents relevant education, experience, and skills. B is incorrect because a résumé is selective and job-focused, not a full life story. C is incorrect because age, marital status, and similar private details generally do not belong.	Correct. A résumé briefly presents relevant education, experience, and skills.	A résumé is selective and job-focused, not a full life story.	Age, marital status, and similar private details generally do not belong.	A résumé helps earn an interview; it does not replace one.	Choosing a related term because it sounds plausible without matching the exact definition or situation.	Review the distinction behind this item: A résumé briefly presents relevant education, experience, and skills. Then compare each option to the exact wording of the chapter.	Résumé = concise evidence you fit the job.	medium	comparison_card	optional_after_answer	ltl2_c8_resume_purpose_096	Create a simple, uncluttered study visual for the concept: A résumé briefly presents relevant education, experience, and skills. Emphasize the distinction tested by the answer choices.	Résumé = concise evidence you fit the job.	A study visual illustrating: A résumé briefly presents relevant education, experience, and skills.	Learn to Lead, Volume 2, Chapter 8	176	source_approved	draft	LTL2-C8-PG-Q001|LTL2-C8-PG-Q002	35	8	high	moderate	true	1.0	original_textbook_grounded	Mitchell_sample_style_analysis
LTL2-C8-Q097	C8-Expansion	LTL2-C8-OBJ-24-29	LTL2-C8-RESUME_PERSONAL_INFO	LTL2-C8-RESUME_PERSONAL_INFO	medium	recall	multiple_choice	both	negative_stem	Which information generally should NOT appear on a résumé?	Education	Relevant experience	Phone and email	Marital status	D	A résumé includes contact and qualification information, not unrelated private facts.	1	A résumé includes contact and qualification information, not unrelated private facts. A is incorrect because education is a standard résumé component. B is incorrect because relevant experience is central.	Education is a standard résumé component.	Relevant experience is central.	Employers need contact information.	Correct. A résumé includes contact and qualification information, not unrelated private facts.	Choosing a related term because it sounds plausible without matching the exact definition or situation.	Review the distinction behind this item: A résumé includes contact and qualification information, not unrelated private facts. Then compare each option to the exact wording of the chapter.	List qualifications, not private status.	medium	comparison_card	optional_after_answer	ltl2_c8_resume_personal_info_097	Create a simple, uncluttered study visual for the concept: A résumé includes contact and qualification information, not unrelated private facts. Emphasize the distinction tested by the answer choices.	List qualifications, not private status.	A study visual illustrating: A résumé includes contact and qualification information, not unrelated private facts.	Learn to Lead, Volume 2, Chapter 8	176	source_approved	draft	LTL2-C8-PG-Q001|LTL2-C8-PG-Q002	35	8	high	close	true	1.0	original_textbook_grounded	Mitchell_sample_style_analysis
LTL2-C8-Q098	C8-Expansion	LTL2-C8-OBJ-24-29	LTL2-C8-SKILLS_INVENTORY_RESUME	LTL2-C8-SKILLS_INVENTORY_RESUME	medium	recall	multiple_choice	both	close_distinction	For a student with limited work history, which résumé approach may emphasize acquired abilities?	Career chronology	Skills inventory	Personal narrative	Staff study	B	A skills-inventory résumé emphasizes abilities when chronological experience is modest.	1	A skills-inventory résumé emphasizes abilities when chronological experience is modest. A is incorrect because career chronology emphasizes positions and accomplishments over time. C is incorrect because a personal narrative is not the described résumé format.	Career chronology emphasizes positions and accomplishments over time.	Correct. A skills-inventory résumé emphasizes abilities when chronological experience is modest.	A personal narrative is not the described résumé format.	A staff study is a decision document.	Choosing a related term because it sounds plausible without matching the exact definition or situation.	Review the distinction behind this item: A skills-inventory résumé emphasizes abilities when chronological experience is modest. Then compare each option to the exact wording of the chapter.	Limited jobs? Lead with skills.	high	comparison_card	optional_after_answer	ltl2_c8_skills_inventory_resume_098	Create a simple, uncluttered study visual for the concept: A skills-inventory résumé emphasizes abilities when chronological experience is modest. Emphasize the distinction tested by the answer choices.	Limited jobs? Lead with skills.	A study visual illustrating: A skills-inventory résumé emphasizes abilities when chronological experience is modest.	Learn to Lead, Volume 2, Chapter 8	176-177	source_approved	draft	LTL2-C8-PG-Q001|LTL2-C8-PG-Q002	35	8	high	close	true	1.0	original_textbook_grounded	Mitchell_sample_style_analysis
LTL2-C8-Q099	C8-Expansion	LTL2-C8-OBJ-24-29	LTL2-C8-INTERVIEW_PREPARATION	LTL2-C8-INTERVIEW_PREPARATION	medium	recall	multiple_choice	both	direct_definition	Good interview preparation includes researching the organization, preparing for common questions, and	asking thoughtful questions	determining the interviewer’s private history	memorizing a single answer for every question	bringing up complaints about former employers	A	Thoughtful questions show preparation and genuine interest.	1	Thoughtful questions show preparation and genuine interest. B is incorrect because research should focus on the organization and role, not private details. C is incorrect because answers must fit the actual question.	Correct. Thoughtful questions show preparation and genuine interest.	Research should focus on the organization and role, not private details.	Answers must fit the actual question.	Complaining about previous employers is unprofessional.	Choosing a related term because it sounds plausible without matching the exact definition or situation.	Review the distinction behind this item: Thoughtful questions show preparation and genuine interest. Then compare each option to the exact wording of the chapter.	Prepare answers and good questions.	medium	comparison_card	optional_after_answer	ltl2_c8_interview_preparation_099	Create a simple, uncluttered study visual for the concept: Thoughtful questions show preparation and genuine interest. Emphasize the distinction tested by the answer choices.	Prepare answers and good questions.	A study visual illustrating: Thoughtful questions show preparation and genuine interest.	Learn to Lead, Volume 2, Chapter 8	178	source_approved	draft	LTL2-C8-PG-Q001|LTL2-C8-PG-Q002	35	8	high	moderate	true	1.0	original_textbook_grounded	Mitchell_sample_style_analysis
LTL2-C8-Q100	C8-Expansion	LTL2-C8-OBJ-24-29	LTL2-C8-INTERVIEW_ETIQUETTE	LTL2-C8-INTERVIEW_ETIQUETTE	medium	recall	multiple_choice	both	brief_application	Which action reflects proper job-interview etiquette?	Arrive thirty minutes late	Leave the phone on vibrate	Turn off the cell phone	Chew gum to stay relaxed	C	Turning off the phone prevents distraction and shows respect.	1	Turning off the phone prevents distraction and shows respect. A is incorrect because candidates should arrive on time, generally a little early. B is incorrect because vibration can still distract.	Candidates should arrive on time, generally a little early.	Vibration can still distract.	Correct. Turning off the phone prevents distraction and shows respect.	Chewing gum appears unprofessional.	Choosing a related term because it sounds plausible without matching the exact definition or situation.	Review the distinction behind this item: Turning off the phone prevents distraction and shows respect. Then compare each option to the exact wording of the chapter.	Interview mode: phone off.	medium	comparison_card	optional_after_answer	ltl2_c8_interview_etiquette_100	Create a simple, uncluttered study visual for the concept: Turning off the phone prevents distraction and shows respect. Emphasize the distinction tested by the answer choices.	Interview mode: phone off.	A study visual illustrating: Turning off the phone prevents distraction and shows respect.	Learn to Lead, Volume 2, Chapter 8	178	source_approved	draft	LTL2-C8-PG-Q001|LTL2-C8-PG-Q002	35	8	high	moderate	true	1.0	original_textbook_grounded	Mitchell_sample_style_analysis
