external_id,book_volume,chapter_number,chapter_title,question_family_code,question_type,question_style,difficulty,cognitive_level,question_text,choice_a,choice_b,choice_c,choice_d,correct_letter,short_explanation,explanation,choice_a_explanation,choice_b_explanation,choice_c_explanation,choice_d_explanation,memory_aid,remediation_text,source_document,source_pages,visual_asset_key,visual_file_name,visual_storage_path,visual_status,show_visual_button,visual_caption,visual_alt_text,exam_type_question,eligible_for_final_exam,exam_likeness,distractor_difficulty,content_origin,style_reference,review_status,reinforcement_question_ids,estimated_time_seconds,package_code
LTL3-C10-Q001,Learn to Lead Volume 3,10,The Staff Officer,LTL3-C10-F01,multiple_choice,direct_exam_style,medium,recall_understanding,"Which Chapter 10 term describes a formal body with defined rules, assignments, procedures, relationships, goals, and objectives?",organization,project,informal team,committee,A,"A body of individuals working under a defined system of rules, assignments, procedures, and relationships to achieve identifiable goals and objectives.","Organization is the best answer because it is a body of individuals working under a defined system of rules, assignments, procedures, and relationships to achieve identifiable goals and objectives.","Correct. A body of individuals working under a defined system of rules, assignments, procedures, and relationships to achieve identifiable goals and objectives.","Not quite. project is a plausible Chapter 10 distractor, but it does not fit this definition or scenario. A body of individuals working under a defined system of rules, assignments, procedures, and relationships to achieve identifiable goals and objectives.","Not quite. informal team is a plausible Chapter 10 distractor, but it does not fit this definition or scenario. A body of individuals working under a defined system of rules, assignments, procedures, and relationships to achieve identifiable goals and objectives.","Not quite. committee is a plausible Chapter 10 distractor, but it does not fit this definition or scenario. A body of individuals working under a defined system of rules, assignments, procedures, and relationships to achieve identifiable goals and objectives.",Organization = formal rules + roles + goals.,"Review Learn to Lead Volume 3, Chapter 10, page(s) 50. Say the definition aloud, study the visual, then explain why each distractor is wrong.",Learn to Lead Volume 3: Indirect Leadership,50,ltl3_c10_org5,ch10_five_parts_organization.png,/assets/cap-visuals/ch10_five_parts_organization.png,approved,true,Five Parts of an Organization,Five Parts of an Organization study visual.,yes,true,high,close,original_textbook_grounded,Three Earhart Milestone Leadership exam forms used only as style/difficulty references; no milestone question copied,draft,LTL3-C10-Q002,40,LTL3_C10_100
LTL3-C10-Q002,Learn to Lead Volume 3,10,The Staff Officer,LTL3-C10-F01,multiple_choice,application_scenario,medium_hard,application,"Which Chapter 10 concept best applies to this situation? A cadet unit has formal duty assignments, regulations, procedures, a chain of command, and written goals.",project,organization,informal team,committee,B,"A body of individuals working under a defined system of rules, assignments, procedures, and relationships to achieve identifiable goals and objectives.","Organization is the best answer because it is a body of individuals working under a defined system of rules, assignments, procedures, and relationships to achieve identifiable goals and objectives.","Not quite. project is a plausible Chapter 10 distractor, but it does not fit this definition or scenario. A body of individuals working under a defined system of rules, assignments, procedures, and relationships to achieve identifiable goals and objectives.","Correct. A body of individuals working under a defined system of rules, assignments, procedures, and relationships to achieve identifiable goals and objectives.","Not quite. informal team is a plausible Chapter 10 distractor, but it does not fit this definition or scenario. A body of individuals working under a defined system of rules, assignments, procedures, and relationships to achieve identifiable goals and objectives.","Not quite. committee is a plausible Chapter 10 distractor, but it does not fit this definition or scenario. A body of individuals working under a defined system of rules, assignments, procedures, and relationships to achieve identifiable goals and objectives.",Organization = formal rules + roles + goals.,"Review Learn to Lead Volume 3, Chapter 10, page(s) 50. Say the definition aloud, study the visual, then explain why each distractor is wrong.",Learn to Lead Volume 3: Indirect Leadership,50,ltl3_c10_org5,ch10_five_parts_organization.png,/assets/cap-visuals/ch10_five_parts_organization.png,approved,true,Five Parts of an Organization,Five Parts of an Organization study visual.,yes,true,high,close,original_textbook_grounded,Three Earhart Milestone Leadership exam forms used only as style/difficulty references; no milestone question copied,draft,LTL3-C10-Q001,50,LTL3_C10_100
LTL3-C10-Q003,Learn to Lead Volume 3,10,The Staff Officer,LTL3-C10-F02,multiple_choice,direct_exam_style,medium,recall_understanding,Which organizational component performs the basic front-line work?,technostructure,support staff,operating core,middle line,C,The front-line workers who perform the organization's basic work and directly affect mission accomplishment.,Operating core is the best answer because it is the front-line workers who perform the organization's basic work and directly affect mission accomplishment.,"Not quite. technostructure is a plausible Chapter 10 distractor, but it does not fit this definition or scenario. The front-line workers who perform the organization's basic work and directly affect mission accomplishment.","Not quite. support staff is a plausible Chapter 10 distractor, but it does not fit this definition or scenario. The front-line workers who perform the organization's basic work and directly affect mission accomplishment.",Correct. The front-line workers who perform the organization's basic work and directly affect mission accomplishment.,"Not quite. middle line is a plausible Chapter 10 distractor, but it does not fit this definition or scenario. The front-line workers who perform the organization's basic work and directly affect mission accomplishment.",Operating core = the people doing the basic mission work.,"Review Learn to Lead Volume 3, Chapter 10, page(s) 51. Say the definition aloud, study the visual, then explain why each distractor is wrong.",Learn to Lead Volume 3: Indirect Leadership,51,ltl3_c10_org5,ch10_five_parts_organization.png,/assets/cap-visuals/ch10_five_parts_organization.png,approved,true,Five Parts of an Organization,Five Parts of an Organization study visual.,yes,true,high,close,original_textbook_grounded,Three Earhart Milestone Leadership exam forms used only as style/difficulty references; no milestone question copied,draft,LTL3-C10-Q004,40,LTL3_C10_100
LTL3-C10-Q004,Learn to Lead Volume 3,10,The Staff Officer,LTL3-C10-F02,multiple_choice,application_scenario,medium_hard,application,"Which Chapter 10 concept best applies to this situation? In a cadet squadron, the in-ranks cadets directly carrying out training are being classified within Mintzberg's five-part model.",technostructure,middle line,support staff,operating core,D,The front-line workers who perform the organization's basic work and directly affect mission accomplishment.,Operating core is the best answer because it is the front-line workers who perform the organization's basic work and directly affect mission accomplishment.,"Not quite. technostructure is a plausible Chapter 10 distractor, but it does not fit this definition or scenario. The front-line workers who perform the organization's basic work and directly affect mission accomplishment.","Not quite. middle line is a plausible Chapter 10 distractor, but it does not fit this definition or scenario. The front-line workers who perform the organization's basic work and directly affect mission accomplishment.","Not quite. support staff is a plausible Chapter 10 distractor, but it does not fit this definition or scenario. The front-line workers who perform the organization's basic work and directly affect mission accomplishment.",Correct. The front-line workers who perform the organization's basic work and directly affect mission accomplishment.,Operating core = the people doing the basic mission work.,"Review Learn to Lead Volume 3, Chapter 10, page(s) 51. Say the definition aloud, study the visual, then explain why each distractor is wrong.",Learn to Lead Volume 3: Indirect Leadership,51,ltl3_c10_org5,ch10_five_parts_organization.png,/assets/cap-visuals/ch10_five_parts_organization.png,approved,true,Five Parts of an Organization,Five Parts of an Organization study visual.,yes,true,high,close,original_textbook_grounded,Three Earhart Milestone Leadership exam forms used only as style/difficulty references; no milestone question copied,draft,LTL3-C10-Q003,50,LTL3_C10_100
LTL3-C10-Q005,Learn to Lead Volume 3,10,The Staff Officer,LTL3-C10-F03,multiple_choice,direct_exam_style,medium,recall_understanding,Which organizational component links front-line workers with the top leaders?,middle line,support staff,strategic apex,technostructure,A,"Leaders who link the operating core to top leaders, pass information, interpret strategy, develop plans, and allocate resources.","Middle line is the best answer because it is leaders who link the operating core to top leaders, pass information, interpret strategy, develop plans, and allocate resources.","Correct. Leaders who link the operating core to top leaders, pass information, interpret strategy, develop plans, and allocate resources.","Not quite. support staff is a plausible Chapter 10 distractor, but it does not fit this definition or scenario. Leaders who link the operating core to top leaders, pass information, interpret strategy, develop plans, and allocate resources.","Not quite. strategic apex is a plausible Chapter 10 distractor, but it does not fit this definition or scenario. Leaders who link the operating core to top leaders, pass information, interpret strategy, develop plans, and allocate resources.","Not quite. technostructure is a plausible Chapter 10 distractor, but it does not fit this definition or scenario. Leaders who link the operating core to top leaders, pass information, interpret strategy, develop plans, and allocate resources.",Middle line = the link in the chain.,"Review Learn to Lead Volume 3, Chapter 10, page(s) 51. Say the definition aloud, study the visual, then explain why each distractor is wrong.",Learn to Lead Volume 3: Indirect Leadership,51,ltl3_c10_org5,ch10_five_parts_organization.png,/assets/cap-visuals/ch10_five_parts_organization.png,approved,true,Five Parts of an Organization,Five Parts of an Organization study visual.,yes,true,high,close,original_textbook_grounded,Three Earhart Milestone Leadership exam forms used only as style/difficulty references; no milestone question copied,draft,LTL3-C10-Q006,40,LTL3_C10_100
LTL3-C10-Q006,Learn to Lead Volume 3,10,The Staff Officer,LTL3-C10-F03,multiple_choice,application_scenario,medium_hard,application,Which Chapter 10 concept best applies to this situation? A cadet commander turns the squadron commander's broad idea into plans for flights and passes information up and down the chain.,technostructure,middle line,support staff,strategic apex,B,"Leaders who link the operating core to top leaders, pass information, interpret strategy, develop plans, and allocate resources.","Middle line is the best answer because it is leaders who link the operating core to top leaders, pass information, interpret strategy, develop plans, and allocate resources.","Not quite. technostructure is a plausible Chapter 10 distractor, but it does not fit this definition or scenario. Leaders who link the operating core to top leaders, pass information, interpret strategy, develop plans, and allocate resources.","Correct. Leaders who link the operating core to top leaders, pass information, interpret strategy, develop plans, and allocate resources.","Not quite. support staff is a plausible Chapter 10 distractor, but it does not fit this definition or scenario. Leaders who link the operating core to top leaders, pass information, interpret strategy, develop plans, and allocate resources.","Not quite. strategic apex is a plausible Chapter 10 distractor, but it does not fit this definition or scenario. Leaders who link the operating core to top leaders, pass information, interpret strategy, develop plans, and allocate resources.",Middle line = the link in the chain.,"Review Learn to Lead Volume 3, Chapter 10, page(s) 51. Say the definition aloud, study the visual, then explain why each distractor is wrong.",Learn to Lead Volume 3: Indirect Leadership,51,ltl3_c10_org5,ch10_five_parts_organization.png,/assets/cap-visuals/ch10_five_parts_organization.png,approved,true,Five Parts of an Organization,Five Parts of an Organization study visual.,yes,true,high,close,original_textbook_grounded,Three Earhart Milestone Leadership exam forms used only as style/difficulty references; no milestone question copied,draft,LTL3-C10-Q005,50,LTL3_C10_100
LTL3-C10-Q007,Learn to Lead Volume 3,10,The Staff Officer,LTL3-C10-F04,multiple_choice,direct_exam_style,medium,recall_understanding,"Which organizational component has the widest, most abstract responsibilities and formulates overall strategy?",support staff,middle line,strategic apex,operating core,C,"The small group of top leaders who preside over the organization, formulate strategy, allocate resources, and handle the broadest decisions.","Strategic apex is the best answer because it is the small group of top leaders who preside over the organization, formulate strategy, allocate resources, and handle the broadest decisions.","Not quite. support staff is a plausible Chapter 10 distractor, but it does not fit this definition or scenario. The small group of top leaders who preside over the organization, formulate strategy, allocate resources, and handle the broadest decisions.","Not quite. middle line is a plausible Chapter 10 distractor, but it does not fit this definition or scenario. The small group of top leaders who preside over the organization, formulate strategy, allocate resources, and handle the broadest decisions.","Correct. The small group of top leaders who preside over the organization, formulate strategy, allocate resources, and handle the broadest decisions.","Not quite. operating core is a plausible Chapter 10 distractor, but it does not fit this definition or scenario. The small group of top leaders who preside over the organization, formulate strategy, allocate resources, and handle the broadest decisions.",Apex = top strategy.,"Review Learn to Lead Volume 3, Chapter 10, page(s) 51. Say the definition aloud, study the visual, then explain why each distractor is wrong.",Learn to Lead Volume 3: Indirect Leadership,51,ltl3_c10_org5,ch10_five_parts_organization.png,/assets/cap-visuals/ch10_five_parts_organization.png,approved,true,Five Parts of an Organization,Five Parts of an Organization study visual.,yes,true,high,close,original_textbook_grounded,Three Earhart Milestone Leadership exam forms used only as style/difficulty references; no milestone question copied,draft,LTL3-C10-Q008,40,LTL3_C10_100
LTL3-C10-Q008,Learn to Lead Volume 3,10,The Staff Officer,LTL3-C10-F04,multiple_choice,application_scenario,medium_hard,application,Which Chapter 10 concept best applies to this situation? The squadron commander and deputies decide the unit's broad direction and allocate resources among subordinate programs.,middle line,operating core,support staff,strategic apex,D,"The small group of top leaders who preside over the organization, formulate strategy, allocate resources, and handle the broadest decisions.","Strategic apex is the best answer because it is the small group of top leaders who preside over the organization, formulate strategy, allocate resources, and handle the broadest decisions.","Not quite. middle line is a plausible Chapter 10 distractor, but it does not fit this definition or scenario. The small group of top leaders who preside over the organization, formulate strategy, allocate resources, and handle the broadest decisions.","Not quite. operating core is a plausible Chapter 10 distractor, but it does not fit this definition or scenario. The small group of top leaders who preside over the organization, formulate strategy, allocate resources, and handle the broadest decisions.","Not quite. support staff is a plausible Chapter 10 distractor, but it does not fit this definition or scenario. The small group of top leaders who preside over the organization, formulate strategy, allocate resources, and handle the broadest decisions.","Correct. The small group of top leaders who preside over the organization, formulate strategy, allocate resources, and handle the broadest decisions.",Apex = top strategy.,"Review Learn to Lead Volume 3, Chapter 10, page(s) 51. Say the definition aloud, study the visual, then explain why each distractor is wrong.",Learn to Lead Volume 3: Indirect Leadership,51,ltl3_c10_org5,ch10_five_parts_organization.png,/assets/cap-visuals/ch10_five_parts_organization.png,approved,true,Five Parts of an Organization,Five Parts of an Organization study visual.,yes,true,high,close,original_textbook_grounded,Three Earhart Milestone Leadership exam forms used only as style/difficulty references; no milestone question copied,draft,LTL3-C10-Q007,50,LTL3_C10_100
LTL3-C10-Q009,Learn to Lead Volume 3,10,The Staff Officer,LTL3-C10-F05,multiple_choice,direct_exam_style,medium,recall_understanding,Which staff component consists of specialists who standardize mission-related work and provide technical direction?,technostructure,operating core,strategic apex,support staff,A,"Mission-related specialists who standardize work, design programs, issue technical direction, and may exercise functional authority.","Technostructure is the best answer because it is mission-related specialists who standardize work, design programs, issue technical direction, and may exercise functional authority.","Correct. Mission-related specialists who standardize work, design programs, issue technical direction, and may exercise functional authority.","Not quite. operating core is a plausible Chapter 10 distractor, but it does not fit this definition or scenario. Mission-related specialists who standardize work, design programs, issue technical direction, and may exercise functional authority.","Not quite. strategic apex is a plausible Chapter 10 distractor, but it does not fit this definition or scenario. Mission-related specialists who standardize work, design programs, issue technical direction, and may exercise functional authority.","Not quite. support staff is a plausible Chapter 10 distractor, but it does not fit this definition or scenario. Mission-related specialists who standardize work, design programs, issue technical direction, and may exercise functional authority.",Techno = technical mission experts who standardize.,"Review Learn to Lead Volume 3, Chapter 10, page(s) 52. Say the definition aloud, study the visual, then explain why each distractor is wrong.",Learn to Lead Volume 3: Indirect Leadership,52,ltl3_c10_org5,ch10_five_parts_organization.png,/assets/cap-visuals/ch10_five_parts_organization.png,approved,true,Five Parts of an Organization,Five Parts of an Organization study visual.,yes,true,high,close,original_textbook_grounded,Three Earhart Milestone Leadership exam forms used only as style/difficulty references; no milestone question copied,draft,LTL3-C10-Q010,40,LTL3_C10_100
LTL3-C10-Q010,Learn to Lead Volume 3,10,The Staff Officer,LTL3-C10-F05,multiple_choice,application_scenario,medium_hard,application,Which Chapter 10 concept best applies to this situation? An emergency services officer develops technical procedures and mentors line leaders without directly commanding them.,support staff,technostructure,strategic apex,operating core,B,"Mission-related specialists who standardize work, design programs, issue technical direction, and may exercise functional authority.","Technostructure is the best answer because it is mission-related specialists who standardize work, design programs, issue technical direction, and may exercise functional authority.","Not quite. support staff is a plausible Chapter 10 distractor, but it does not fit this definition or scenario. Mission-related specialists who standardize work, design programs, issue technical direction, and may exercise functional authority.","Correct. Mission-related specialists who standardize work, design programs, issue technical direction, and may exercise functional authority.","Not quite. strategic apex is a plausible Chapter 10 distractor, but it does not fit this definition or scenario. Mission-related specialists who standardize work, design programs, issue technical direction, and may exercise functional authority.","Not quite. operating core is a plausible Chapter 10 distractor, but it does not fit this definition or scenario. Mission-related specialists who standardize work, design programs, issue technical direction, and may exercise functional authority.",Techno = technical mission experts who standardize.,"Review Learn to Lead Volume 3, Chapter 10, page(s) 52. Say the definition aloud, study the visual, then explain why each distractor is wrong.",Learn to Lead Volume 3: Indirect Leadership,52,ltl3_c10_org5,ch10_five_parts_organization.png,/assets/cap-visuals/ch10_five_parts_organization.png,approved,true,Five Parts of an Organization,Five Parts of an Organization study visual.,yes,true,high,close,original_textbook_grounded,Three Earhart Milestone Leadership exam forms used only as style/difficulty references; no milestone question copied,draft,LTL3-C10-Q009,50,LTL3_C10_100
LTL3-C10-Q011,Learn to Lead Volume 3,10,The Staff Officer,LTL3-C10-F06,multiple_choice,direct_exam_style,medium,recall_understanding,"Which organizational component provides administrative, financial, logistical, and similar services rather than mission-specific technical expertise?",operating core,middle line,support staff,technostructure,C,"Specialists who provide administrative, financial, logistical, personnel, and similar indirect support to mission areas.","Support staff is the best answer because it is specialists who provide administrative, financial, logistical, personnel, and similar indirect support to mission areas.","Not quite. operating core is a plausible Chapter 10 distractor, but it does not fit this definition or scenario. Specialists who provide administrative, financial, logistical, personnel, and similar indirect support to mission areas.","Not quite. middle line is a plausible Chapter 10 distractor, but it does not fit this definition or scenario. Specialists who provide administrative, financial, logistical, personnel, and similar indirect support to mission areas.","Correct. Specialists who provide administrative, financial, logistical, personnel, and similar indirect support to mission areas.","Not quite. technostructure is a plausible Chapter 10 distractor, but it does not fit this definition or scenario. Specialists who provide administrative, financial, logistical, personnel, and similar indirect support to mission areas.",Support staff = essential support not directly tied to mission expertise.,"Review Learn to Lead Volume 3, Chapter 10, page(s) 52. Say the definition aloud, study the visual, then explain why each distractor is wrong.",Learn to Lead Volume 3: Indirect Leadership,52,ltl3_c10_org5,ch10_five_parts_organization.png,/assets/cap-visuals/ch10_five_parts_organization.png,approved,true,Five Parts of an Organization,Five Parts of an Organization study visual.,yes,true,high,close,original_textbook_grounded,Three Earhart Milestone Leadership exam forms used only as style/difficulty references; no milestone question copied,draft,LTL3-C10-Q012,40,LTL3_C10_100
LTL3-C10-Q012,Learn to Lead Volume 3,10,The Staff Officer,LTL3-C10-F06,multiple_choice,application_scenario,medium_hard,application,Which Chapter 10 concept best applies to this situation? A finance officer and supply officer help the unit function even though neither directly performs the cadet program's central training mission.,middle line,technostructure,operating core,support staff,D,"Specialists who provide administrative, financial, logistical, personnel, and similar indirect support to mission areas.","Support staff is the best answer because it is specialists who provide administrative, financial, logistical, personnel, and similar indirect support to mission areas.","Not quite. middle line is a plausible Chapter 10 distractor, but it does not fit this definition or scenario. Specialists who provide administrative, financial, logistical, personnel, and similar indirect support to mission areas.","Not quite. technostructure is a plausible Chapter 10 distractor, but it does not fit this definition or scenario. Specialists who provide administrative, financial, logistical, personnel, and similar indirect support to mission areas.","Not quite. operating core is a plausible Chapter 10 distractor, but it does not fit this definition or scenario. Specialists who provide administrative, financial, logistical, personnel, and similar indirect support to mission areas.","Correct. Specialists who provide administrative, financial, logistical, personnel, and similar indirect support to mission areas.",Support staff = essential support not directly tied to mission expertise.,"Review Learn to Lead Volume 3, Chapter 10, page(s) 52. Say the definition aloud, study the visual, then explain why each distractor is wrong.",Learn to Lead Volume 3: Indirect Leadership,52,ltl3_c10_org5,ch10_five_parts_organization.png,/assets/cap-visuals/ch10_five_parts_organization.png,approved,true,Five Parts of an Organization,Five Parts of an Organization study visual.,yes,true,high,close,original_textbook_grounded,Three Earhart Milestone Leadership exam forms used only as style/difficulty references; no milestone question copied,draft,LTL3-C10-Q011,50,LTL3_C10_100
LTL3-C10-Q013,Learn to Lead Volume 3,10,The Staff Officer,LTL3-C10-F07,multiple_choice,direct_exam_style,medium,recall_understanding,Which organizational structure is defended in Chapter 10 for promoting accountability and allocating authority?,hierarchy,committee,free-form organization,project lifecycle,A,"A ranked structure of superiors and subordinates that promotes accountability, allocates authority, manages span of control, and creates efficiencies.","Hierarchy is the best answer because it is a ranked structure of superiors and subordinates that promotes accountability, allocates authority, manages span of control, and creates efficiencies.","Correct. A ranked structure of superiors and subordinates that promotes accountability, allocates authority, manages span of control, and creates efficiencies.","Not quite. committee is a plausible Chapter 10 distractor, but it does not fit this definition or scenario. A ranked structure of superiors and subordinates that promotes accountability, allocates authority, manages span of control, and creates efficiencies.","Not quite. free-form organization is a plausible Chapter 10 distractor, but it does not fit this definition or scenario. A ranked structure of superiors and subordinates that promotes accountability, allocates authority, manages span of control, and creates efficiencies.","Not quite. project lifecycle is a plausible Chapter 10 distractor, but it does not fit this definition or scenario. A ranked structure of superiors and subordinates that promotes accountability, allocates authority, manages span of control, and creates efficiencies.",Hierarchy = accountability + authority + manageable span + efficiency.,"Review Learn to Lead Volume 3, Chapter 10, page(s) 53-54. Say the definition aloud, study the visual, then explain why each distractor is wrong.",Learn to Lead Volume 3: Indirect Leadership,53-54,ltl3_c10_structure,ch10_hierarchy_vs_freeform.png,/assets/cap-visuals/ch10_hierarchy_vs_freeform.png,approved,true,Hierarchy vs Free-Form Organizations,Hierarchy vs Free-Form Organizations study visual.,yes,true,high,close,original_textbook_grounded,Three Earhart Milestone Leadership exam forms used only as style/difficulty references; no milestone question copied,draft,LTL3-C10-Q014,40,LTL3_C10_100
LTL3-C10-Q014,Learn to Lead Volume 3,10,The Staff Officer,LTL3-C10-F07,multiple_choice,application_scenario,medium_hard,application,Which Chapter 10 concept best applies to this situation? A large unit breaks into levels so every task has an accountable leader and no supervisor has too many direct reports.,committee,hierarchy,free-form organization,project lifecycle,B,"A ranked structure of superiors and subordinates that promotes accountability, allocates authority, manages span of control, and creates efficiencies.","Hierarchy is the best answer because it is a ranked structure of superiors and subordinates that promotes accountability, allocates authority, manages span of control, and creates efficiencies.","Not quite. committee is a plausible Chapter 10 distractor, but it does not fit this definition or scenario. A ranked structure of superiors and subordinates that promotes accountability, allocates authority, manages span of control, and creates efficiencies.","Correct. A ranked structure of superiors and subordinates that promotes accountability, allocates authority, manages span of control, and creates efficiencies.","Not quite. free-form organization is a plausible Chapter 10 distractor, but it does not fit this definition or scenario. A ranked structure of superiors and subordinates that promotes accountability, allocates authority, manages span of control, and creates efficiencies.","Not quite. project lifecycle is a plausible Chapter 10 distractor, but it does not fit this definition or scenario. A ranked structure of superiors and subordinates that promotes accountability, allocates authority, manages span of control, and creates efficiencies.",Hierarchy = accountability + authority + manageable span + efficiency.,"Review Learn to Lead Volume 3, Chapter 10, page(s) 53-54. Say the definition aloud, study the visual, then explain why each distractor is wrong.",Learn to Lead Volume 3: Indirect Leadership,53-54,ltl3_c10_structure,ch10_hierarchy_vs_freeform.png,/assets/cap-visuals/ch10_hierarchy_vs_freeform.png,approved,true,Hierarchy vs Free-Form Organizations,Hierarchy vs Free-Form Organizations study visual.,yes,true,high,close,original_textbook_grounded,Three Earhart Milestone Leadership exam forms used only as style/difficulty references; no milestone question copied,draft,LTL3-C10-Q013,50,LTL3_C10_100
LTL3-C10-Q015,Learn to Lead Volume 3,10,The Staff Officer,LTL3-C10-F08,multiple_choice,direct_exam_style,medium,recall_understanding,What does span of control measure?,economy of scale,functional authority,span of control,quorum,C,The number of subordinates reporting to one supervisor.,Span of control is the best answer because it is the number of subordinates reporting to one supervisor.,"Not quite. economy of scale is a plausible Chapter 10 distractor, but it does not fit this definition or scenario. The number of subordinates reporting to one supervisor.","Not quite. functional authority is a plausible Chapter 10 distractor, but it does not fit this definition or scenario. The number of subordinates reporting to one supervisor.",Correct. The number of subordinates reporting to one supervisor.,"Not quite. quorum is a plausible Chapter 10 distractor, but it does not fit this definition or scenario. The number of subordinates reporting to one supervisor.",Span = how many report to one boss.,"Review Learn to Lead Volume 3, Chapter 10, page(s) 53. Say the definition aloud, study the visual, then explain why each distractor is wrong.",Learn to Lead Volume 3: Indirect Leadership,53,ltl3_c10_structure,ch10_hierarchy_vs_freeform.png,/assets/cap-visuals/ch10_hierarchy_vs_freeform.png,approved,true,Hierarchy vs Free-Form Organizations,Hierarchy vs Free-Form Organizations study visual.,yes,true,high,close,original_textbook_grounded,Three Earhart Milestone Leadership exam forms used only as style/difficulty references; no milestone question copied,draft,LTL3-C10-Q016,40,LTL3_C10_100
LTL3-C10-Q016,Learn to Lead Volume 3,10,The Staff Officer,LTL3-C10-F08,multiple_choice,application_scenario,medium_hard,application,Which Chapter 10 concept best applies to this situation? A commander realizes that directly supervising 45 people makes effective oversight impossible and adds intermediate leaders.,quorum,economy of scale,functional authority,span of control,D,The number of subordinates reporting to one supervisor.,Span of control is the best answer because it is the number of subordinates reporting to one supervisor.,"Not quite. quorum is a plausible Chapter 10 distractor, but it does not fit this definition or scenario. The number of subordinates reporting to one supervisor.","Not quite. economy of scale is a plausible Chapter 10 distractor, but it does not fit this definition or scenario. The number of subordinates reporting to one supervisor.","Not quite. functional authority is a plausible Chapter 10 distractor, but it does not fit this definition or scenario. The number of subordinates reporting to one supervisor.",Correct. The number of subordinates reporting to one supervisor.,Span = how many report to one boss.,"Review Learn to Lead Volume 3, Chapter 10, page(s) 53. Say the definition aloud, study the visual, then explain why each distractor is wrong.",Learn to Lead Volume 3: Indirect Leadership,53,ltl3_c10_structure,ch10_hierarchy_vs_freeform.png,/assets/cap-visuals/ch10_hierarchy_vs_freeform.png,approved,true,Hierarchy vs Free-Form Organizations,Hierarchy vs Free-Form Organizations study visual.,yes,true,high,close,original_textbook_grounded,Three Earhart Milestone Leadership exam forms used only as style/difficulty references; no milestone question copied,draft,LTL3-C10-Q015,50,LTL3_C10_100
LTL3-C10-Q017,Learn to Lead Volume 3,10,The Staff Officer,LTL3-C10-F09,multiple_choice,direct_exam_style,medium,recall_understanding,"Which structure emphasizes self-directed teams, horizontal coordination, and a supervisor acting more like a coach?",free-form organization,standing committee,hierarchical organization,strategic apex,A,"A flexible, non-hierarchical arrangement of self-directed teams emphasizing agility, coaching, horizontal coordination, and empowerment.","Free-form organization is the best answer because it is a flexible, non-hierarchical arrangement of self-directed teams emphasizing agility, coaching, horizontal coordination, and empowerment.","Correct. A flexible, non-hierarchical arrangement of self-directed teams emphasizing agility, coaching, horizontal coordination, and empowerment.","Not quite. standing committee is a plausible Chapter 10 distractor, but it does not fit this definition or scenario. A flexible, non-hierarchical arrangement of self-directed teams emphasizing agility, coaching, horizontal coordination, and empowerment.","Not quite. hierarchical organization is a plausible Chapter 10 distractor, but it does not fit this definition or scenario. A flexible, non-hierarchical arrangement of self-directed teams emphasizing agility, coaching, horizontal coordination, and empowerment.","Not quite. strategic apex is a plausible Chapter 10 distractor, but it does not fit this definition or scenario. A flexible, non-hierarchical arrangement of self-directed teams emphasizing agility, coaching, horizontal coordination, and empowerment.",Free-form = agile self-directed teams.,"Review Learn to Lead Volume 3, Chapter 10, page(s) 54-56. Say the definition aloud, study the visual, then explain why each distractor is wrong.",Learn to Lead Volume 3: Indirect Leadership,54-56,ltl3_c10_structure,ch10_hierarchy_vs_freeform.png,/assets/cap-visuals/ch10_hierarchy_vs_freeform.png,approved,true,Hierarchy vs Free-Form Organizations,Hierarchy vs Free-Form Organizations study visual.,yes,true,high,close,original_textbook_grounded,Three Earhart Milestone Leadership exam forms used only as style/difficulty references; no milestone question copied,draft,LTL3-C10-Q018,40,LTL3_C10_100
LTL3-C10-Q018,Learn to Lead Volume 3,10,The Staff Officer,LTL3-C10-F09,multiple_choice,application_scenario,medium_hard,application,Which Chapter 10 concept best applies to this situation? Employees are empowered to solve customer problems across department boundaries instead of passing them up a rigid chain.,standing committee,free-form organization,strategic apex,hierarchical organization,B,"A flexible, non-hierarchical arrangement of self-directed teams emphasizing agility, coaching, horizontal coordination, and empowerment.","Free-form organization is the best answer because it is a flexible, non-hierarchical arrangement of self-directed teams emphasizing agility, coaching, horizontal coordination, and empowerment.","Not quite. standing committee is a plausible Chapter 10 distractor, but it does not fit this definition or scenario. A flexible, non-hierarchical arrangement of self-directed teams emphasizing agility, coaching, horizontal coordination, and empowerment.","Correct. A flexible, non-hierarchical arrangement of self-directed teams emphasizing agility, coaching, horizontal coordination, and empowerment.","Not quite. strategic apex is a plausible Chapter 10 distractor, but it does not fit this definition or scenario. A flexible, non-hierarchical arrangement of self-directed teams emphasizing agility, coaching, horizontal coordination, and empowerment.","Not quite. hierarchical organization is a plausible Chapter 10 distractor, but it does not fit this definition or scenario. A flexible, non-hierarchical arrangement of self-directed teams emphasizing agility, coaching, horizontal coordination, and empowerment.",Free-form = agile self-directed teams.,"Review Learn to Lead Volume 3, Chapter 10, page(s) 54-56. Say the definition aloud, study the visual, then explain why each distractor is wrong.",Learn to Lead Volume 3: Indirect Leadership,54-56,ltl3_c10_structure,ch10_hierarchy_vs_freeform.png,/assets/cap-visuals/ch10_hierarchy_vs_freeform.png,approved,true,Hierarchy vs Free-Form Organizations,Hierarchy vs Free-Form Organizations study visual.,yes,true,high,close,original_textbook_grounded,Three Earhart Milestone Leadership exam forms used only as style/difficulty references; no milestone question copied,draft,LTL3-C10-Q017,50,LTL3_C10_100
LTL3-C10-Q019,Learn to Lead Volume 3,10,The Staff Officer,LTL3-C10-F10,multiple_choice,direct_exam_style,medium,recall_understanding,"Which term describes a group entrusted to study issues, make recommendations or decisions, or perform service for a larger group?",organization,project,committee,quorum,C,"A group entrusted to study issues, make recommendations or decisions, or perform service for a larger group.","Committee is the best answer because it is a group entrusted to study issues, make recommendations or decisions, or perform service for a larger group.","Not quite. organization is a plausible Chapter 10 distractor, but it does not fit this definition or scenario. A group entrusted to study issues, make recommendations or decisions, or perform service for a larger group.","Not quite. project is a plausible Chapter 10 distractor, but it does not fit this definition or scenario. A group entrusted to study issues, make recommendations or decisions, or perform service for a larger group.","Correct. A group entrusted to study issues, make recommendations or decisions, or perform service for a larger group.","Not quite. quorum is a plausible Chapter 10 distractor, but it does not fit this definition or scenario. A group entrusted to study issues, make recommendations or decisions, or perform service for a larger group.",Committee = small group serving the larger group.,"Review Learn to Lead Volume 3, Chapter 10, page(s) 58. Say the definition aloud, study the visual, then explain why each distractor is wrong.",Learn to Lead Volume 3: Indirect Leadership,58,ltl3_c10_committees,ch10_committees_triggers.png,/assets/cap-visuals/ch10_committees_triggers.png,approved,true,Committees: Benefits & Triggers,Committees: Benefits & Triggers study visual.,yes,true,high,close,original_textbook_grounded,Three Earhart Milestone Leadership exam forms used only as style/difficulty references; no milestone question copied,draft,LTL3-C10-Q020,40,LTL3_C10_100
LTL3-C10-Q020,Learn to Lead Volume 3,10,The Staff Officer,LTL3-C10-F10,multiple_choice,application_scenario,medium_hard,application,Which Chapter 10 concept best applies to this situation? A small team is formed to study the squadron's retention problem and recommend improvements.,quorum,organization,project,committee,D,"A group entrusted to study issues, make recommendations or decisions, or perform service for a larger group.","Committee is the best answer because it is a group entrusted to study issues, make recommendations or decisions, or perform service for a larger group.","Not quite. quorum is a plausible Chapter 10 distractor, but it does not fit this definition or scenario. A group entrusted to study issues, make recommendations or decisions, or perform service for a larger group.","Not quite. organization is a plausible Chapter 10 distractor, but it does not fit this definition or scenario. A group entrusted to study issues, make recommendations or decisions, or perform service for a larger group.","Not quite. project is a plausible Chapter 10 distractor, but it does not fit this definition or scenario. A group entrusted to study issues, make recommendations or decisions, or perform service for a larger group.","Correct. A group entrusted to study issues, make recommendations or decisions, or perform service for a larger group.",Committee = small group serving the larger group.,"Review Learn to Lead Volume 3, Chapter 10, page(s) 58. Say the definition aloud, study the visual, then explain why each distractor is wrong.",Learn to Lead Volume 3: Indirect Leadership,58,ltl3_c10_committees,ch10_committees_triggers.png,/assets/cap-visuals/ch10_committees_triggers.png,approved,true,Committees: Benefits & Triggers,Committees: Benefits & Triggers study visual.,yes,true,high,close,original_textbook_grounded,Three Earhart Milestone Leadership exam forms used only as style/difficulty references; no milestone question copied,draft,LTL3-C10-Q019,50,LTL3_C10_100
LTL3-C10-Q021,Learn to Lead Volume 3,10,The Staff Officer,LTL3-C10-F11,multiple_choice,direct_exam_style,medium,recall_understanding,Which type of committee continues operating with no planned end date?,standing committee,quorum,project team,select committee,A,A committee that operates continuously and has an indefinite charter.,Standing committee is the best answer because it is a committee that operates continuously and has an indefinite charter.,Correct. A committee that operates continuously and has an indefinite charter.,"Not quite. quorum is a plausible Chapter 10 distractor, but it does not fit this definition or scenario. A committee that operates continuously and has an indefinite charter.","Not quite. project team is a plausible Chapter 10 distractor, but it does not fit this definition or scenario. A committee that operates continuously and has an indefinite charter.","Not quite. select committee is a plausible Chapter 10 distractor, but it does not fit this definition or scenario. A committee that operates continuously and has an indefinite charter.",Standing = stays.,"Review Learn to Lead Volume 3, Chapter 10, page(s) 63. Say the definition aloud, study the visual, then explain why each distractor is wrong.",Learn to Lead Volume 3: Indirect Leadership,63,ltl3_c10_committees,ch10_committees_triggers.png,/assets/cap-visuals/ch10_committees_triggers.png,approved,true,Committees: Benefits & Triggers,Committees: Benefits & Triggers study visual.,yes,true,high,close,original_textbook_grounded,Three Earhart Milestone Leadership exam forms used only as style/difficulty references; no milestone question copied,draft,LTL3-C10-Q022,40,LTL3_C10_100
LTL3-C10-Q022,Learn to Lead Volume 3,10,The Staff Officer,LTL3-C10-F11,multiple_choice,application_scenario,medium_hard,application,Which Chapter 10 concept best applies to this situation? A permanent safety committee reviews hazards month after month as part of the organization's regular structure.,quorum,standing committee,project team,select committee,B,A committee that operates continuously and has an indefinite charter.,Standing committee is the best answer because it is a committee that operates continuously and has an indefinite charter.,"Not quite. quorum is a plausible Chapter 10 distractor, but it does not fit this definition or scenario. A committee that operates continuously and has an indefinite charter.",Correct. A committee that operates continuously and has an indefinite charter.,"Not quite. project team is a plausible Chapter 10 distractor, but it does not fit this definition or scenario. A committee that operates continuously and has an indefinite charter.","Not quite. select committee is a plausible Chapter 10 distractor, but it does not fit this definition or scenario. A committee that operates continuously and has an indefinite charter.",Standing = stays.,"Review Learn to Lead Volume 3, Chapter 10, page(s) 63. Say the definition aloud, study the visual, then explain why each distractor is wrong.",Learn to Lead Volume 3: Indirect Leadership,63,ltl3_c10_committees,ch10_committees_triggers.png,/assets/cap-visuals/ch10_committees_triggers.png,approved,true,Committees: Benefits & Triggers,Committees: Benefits & Triggers study visual.,yes,true,high,close,original_textbook_grounded,Three Earhart Milestone Leadership exam forms used only as style/difficulty references; no milestone question copied,draft,LTL3-C10-Q021,50,LTL3_C10_100
LTL3-C10-Q023,Learn to Lead Volume 3,10,The Staff Officer,LTL3-C10-F12,multiple_choice,direct_exam_style,medium,recall_understanding,Which type of committee is created temporarily for a specific issue and normally disbands afterward?,standing committee,operating core,select committee,strategic apex,C,A temporary committee usually created to handle a one-time issue and disband when its work is completed.,Select committee is the best answer because it is a temporary committee usually created to handle a one-time issue and disband when its work is completed.,"Not quite. standing committee is a plausible Chapter 10 distractor, but it does not fit this definition or scenario. A temporary committee usually created to handle a one-time issue and disband when its work is completed.","Not quite. operating core is a plausible Chapter 10 distractor, but it does not fit this definition or scenario. A temporary committee usually created to handle a one-time issue and disband when its work is completed.",Correct. A temporary committee usually created to handle a one-time issue and disband when its work is completed.,"Not quite. strategic apex is a plausible Chapter 10 distractor, but it does not fit this definition or scenario. A temporary committee usually created to handle a one-time issue and disband when its work is completed.",Select = specific and temporary.,"Review Learn to Lead Volume 3, Chapter 10, page(s) 63. Say the definition aloud, study the visual, then explain why each distractor is wrong.",Learn to Lead Volume 3: Indirect Leadership,63,ltl3_c10_committees,ch10_committees_triggers.png,/assets/cap-visuals/ch10_committees_triggers.png,approved,true,Committees: Benefits & Triggers,Committees: Benefits & Triggers study visual.,yes,true,high,close,original_textbook_grounded,Three Earhart Milestone Leadership exam forms used only as style/difficulty references; no milestone question copied,draft,LTL3-C10-Q024,40,LTL3_C10_100
LTL3-C10-Q024,Learn to Lead Volume 3,10,The Staff Officer,LTL3-C10-F12,multiple_choice,application_scenario,medium_hard,application,Which Chapter 10 concept best applies to this situation? A one-time group is formed to recommend a location for the wing conference and will dissolve after the decision.,standing committee,strategic apex,operating core,select committee,D,A temporary committee usually created to handle a one-time issue and disband when its work is completed.,Select committee is the best answer because it is a temporary committee usually created to handle a one-time issue and disband when its work is completed.,"Not quite. standing committee is a plausible Chapter 10 distractor, but it does not fit this definition or scenario. A temporary committee usually created to handle a one-time issue and disband when its work is completed.","Not quite. strategic apex is a plausible Chapter 10 distractor, but it does not fit this definition or scenario. A temporary committee usually created to handle a one-time issue and disband when its work is completed.","Not quite. operating core is a plausible Chapter 10 distractor, but it does not fit this definition or scenario. A temporary committee usually created to handle a one-time issue and disband when its work is completed.",Correct. A temporary committee usually created to handle a one-time issue and disband when its work is completed.,Select = specific and temporary.,"Review Learn to Lead Volume 3, Chapter 10, page(s) 63. Say the definition aloud, study the visual, then explain why each distractor is wrong.",Learn to Lead Volume 3: Indirect Leadership,63,ltl3_c10_committees,ch10_committees_triggers.png,/assets/cap-visuals/ch10_committees_triggers.png,approved,true,Committees: Benefits & Triggers,Committees: Benefits & Triggers study visual.,yes,true,high,close,original_textbook_grounded,Three Earhart Milestone Leadership exam forms used only as style/difficulty references; no milestone question copied,draft,LTL3-C10-Q023,50,LTL3_C10_100
LTL3-C10-Q025,Learn to Lead Volume 3,10,The Staff Officer,LTL3-C10-F13,multiple_choice,direct_exam_style,medium,recall_understanding,Which committee trigger is most appropriate when a sensitive issue requires discretion but should not be decided by one person alone?,special handling,manageable group size,division of labor,in-depth discussion,A,The committee trigger used when an issue requires both discretion/confidentiality and some degree of democratic leadership.,Special handling is the best answer because it is the committee trigger used when an issue requires both discretion/confidentiality and some degree of democratic leadership.,Correct. The committee trigger used when an issue requires both discretion/confidentiality and some degree of democratic leadership.,"Not quite. manageable group size is a plausible Chapter 10 distractor, but it does not fit this definition or scenario. The committee trigger used when an issue requires both discretion/confidentiality and some degree of democratic leadership.","Not quite. division of labor is a plausible Chapter 10 distractor, but it does not fit this definition or scenario. The committee trigger used when an issue requires both discretion/confidentiality and some degree of democratic leadership.","Not quite. in-depth discussion is a plausible Chapter 10 distractor, but it does not fit this definition or scenario. The committee trigger used when an issue requires both discretion/confidentiality and some degree of democratic leadership.",Special handling = discreet but still collaborative.,"Review Learn to Lead Volume 3, Chapter 10, page(s) 60. Say the definition aloud, study the visual, then explain why each distractor is wrong.",Learn to Lead Volume 3: Indirect Leadership,60,ltl3_c10_committees,ch10_committees_triggers.png,/assets/cap-visuals/ch10_committees_triggers.png,approved,true,Committees: Benefits & Triggers,Committees: Benefits & Triggers study visual.,yes,true,high,close,original_textbook_grounded,Three Earhart Milestone Leadership exam forms used only as style/difficulty references; no milestone question copied,draft,LTL3-C10-Q026,40,LTL3_C10_100
LTL3-C10-Q026,Learn to Lead Volume 3,10,The Staff Officer,LTL3-C10-F13,multiple_choice,application_scenario,medium_hard,application,"Which Chapter 10 concept best applies to this situation? A personnel matter requires confidentiality, yet leaders want several trusted people involved in the decision.",division of labor,special handling,in-depth discussion,manageable group size,B,The committee trigger used when an issue requires both discretion/confidentiality and some degree of democratic leadership.,Special handling is the best answer because it is the committee trigger used when an issue requires both discretion/confidentiality and some degree of democratic leadership.,"Not quite. division of labor is a plausible Chapter 10 distractor, but it does not fit this definition or scenario. The committee trigger used when an issue requires both discretion/confidentiality and some degree of democratic leadership.",Correct. The committee trigger used when an issue requires both discretion/confidentiality and some degree of democratic leadership.,"Not quite. in-depth discussion is a plausible Chapter 10 distractor, but it does not fit this definition or scenario. The committee trigger used when an issue requires both discretion/confidentiality and some degree of democratic leadership.","Not quite. manageable group size is a plausible Chapter 10 distractor, but it does not fit this definition or scenario. The committee trigger used when an issue requires both discretion/confidentiality and some degree of democratic leadership.",Special handling = discreet but still collaborative.,"Review Learn to Lead Volume 3, Chapter 10, page(s) 60. Say the definition aloud, study the visual, then explain why each distractor is wrong.",Learn to Lead Volume 3: Indirect Leadership,60,ltl3_c10_committees,ch10_committees_triggers.png,/assets/cap-visuals/ch10_committees_triggers.png,approved,true,Committees: Benefits & Triggers,Committees: Benefits & Triggers study visual.,yes,true,high,close,original_textbook_grounded,Three Earhart Milestone Leadership exam forms used only as style/difficulty references; no milestone question copied,draft,LTL3-C10-Q025,50,LTL3_C10_100
LTL3-C10-Q027,Learn to Lead Volume 3,10,The Staff Officer,LTL3-C10-F14,multiple_choice,direct_exam_style,medium,recall_understanding,Which kind of agenda identifies actions and desired outcomes instead of merely listing topics?,topical agenda,minutes,objective-driven agenda,read-ahead,C,"An agenda that states what the committee will accomplish, using action verbs and desired outcomes rather than merely listing topics.","Objective-driven agenda is the best answer because it is an agenda that states what the committee will accomplish, using action verbs and desired outcomes rather than merely listing topics.","Not quite. topical agenda is a plausible Chapter 10 distractor, but it does not fit this definition or scenario. An agenda that states what the committee will accomplish, using action verbs and desired outcomes rather than merely listing topics.","Not quite. minutes is a plausible Chapter 10 distractor, but it does not fit this definition or scenario. An agenda that states what the committee will accomplish, using action verbs and desired outcomes rather than merely listing topics.","Correct. An agenda that states what the committee will accomplish, using action verbs and desired outcomes rather than merely listing topics.","Not quite. read-ahead is a plausible Chapter 10 distractor, but it does not fit this definition or scenario. An agenda that states what the committee will accomplish, using action verbs and desired outcomes rather than merely listing topics.",Objective agenda = verbs + outcomes.,"Review Learn to Lead Volume 3, Chapter 10, page(s) 61-62. Say the definition aloud, study the visual, then explain why each distractor is wrong.",Learn to Lead Volume 3: Indirect Leadership,61-62,ltl3_c10_meetings,ch10_productive_meetings.png,/assets/cap-visuals/ch10_productive_meetings.png,approved,true,Productive Meeting Tools,Productive Meeting Tools study visual.,yes,true,high,close,original_textbook_grounded,Three Earhart Milestone Leadership exam forms used only as style/difficulty references; no milestone question copied,draft,LTL3-C10-Q028,40,LTL3_C10_100
LTL3-C10-Q028,Learn to Lead Volume 3,10,The Staff Officer,LTL3-C10-F14,multiple_choice,application_scenario,medium_hard,application,"Which Chapter 10 concept best applies to this situation? An agenda item says, 'Compare three sites and select the location for the bivouac.'",topical agenda,read-ahead,minutes,objective-driven agenda,D,"An agenda that states what the committee will accomplish, using action verbs and desired outcomes rather than merely listing topics.","Objective-driven agenda is the best answer because it is an agenda that states what the committee will accomplish, using action verbs and desired outcomes rather than merely listing topics.","Not quite. topical agenda is a plausible Chapter 10 distractor, but it does not fit this definition or scenario. An agenda that states what the committee will accomplish, using action verbs and desired outcomes rather than merely listing topics.","Not quite. read-ahead is a plausible Chapter 10 distractor, but it does not fit this definition or scenario. An agenda that states what the committee will accomplish, using action verbs and desired outcomes rather than merely listing topics.","Not quite. minutes is a plausible Chapter 10 distractor, but it does not fit this definition or scenario. An agenda that states what the committee will accomplish, using action verbs and desired outcomes rather than merely listing topics.","Correct. An agenda that states what the committee will accomplish, using action verbs and desired outcomes rather than merely listing topics.",Objective agenda = verbs + outcomes.,"Review Learn to Lead Volume 3, Chapter 10, page(s) 61-62. Say the definition aloud, study the visual, then explain why each distractor is wrong.",Learn to Lead Volume 3: Indirect Leadership,61-62,ltl3_c10_meetings,ch10_productive_meetings.png,/assets/cap-visuals/ch10_productive_meetings.png,approved,true,Productive Meeting Tools,Productive Meeting Tools study visual.,yes,true,high,close,original_textbook_grounded,Three Earhart Milestone Leadership exam forms used only as style/difficulty references; no milestone question copied,draft,LTL3-C10-Q027,50,LTL3_C10_100
LTL3-C10-Q029,Learn to Lead Volume 3,10,The Staff Officer,LTL3-C10-F15,multiple_choice,direct_exam_style,medium,recall_understanding,What meeting tool provides factual background in advance so participants can use meeting time for discussion?,read-ahead,motion,staff package,minutes,A,A document distributed before a meeting to provide factual background and context so meeting time can focus on discussion.,Read-ahead is the best answer because it is a document distributed before a meeting to provide factual background and context so meeting time can focus on discussion.,Correct. A document distributed before a meeting to provide factual background and context so meeting time can focus on discussion.,"Not quite. motion is a plausible Chapter 10 distractor, but it does not fit this definition or scenario. A document distributed before a meeting to provide factual background and context so meeting time can focus on discussion.","Not quite. staff package is a plausible Chapter 10 distractor, but it does not fit this definition or scenario. A document distributed before a meeting to provide factual background and context so meeting time can focus on discussion.","Not quite. minutes is a plausible Chapter 10 distractor, but it does not fit this definition or scenario. A document distributed before a meeting to provide factual background and context so meeting time can focus on discussion.","Read first, discuss later.","Review Learn to Lead Volume 3, Chapter 10, page(s) 61. Say the definition aloud, study the visual, then explain why each distractor is wrong.",Learn to Lead Volume 3: Indirect Leadership,61,ltl3_c10_meetings,ch10_productive_meetings.png,/assets/cap-visuals/ch10_productive_meetings.png,approved,true,Productive Meeting Tools,Productive Meeting Tools study visual.,yes,true,high,close,original_textbook_grounded,Three Earhart Milestone Leadership exam forms used only as style/difficulty references; no milestone question copied,draft,LTL3-C10-Q030,40,LTL3_C10_100
LTL3-C10-Q030,Learn to Lead Volume 3,10,The Staff Officer,LTL3-C10-F15,multiple_choice,application_scenario,medium_hard,application,"Which Chapter 10 concept best applies to this situation? Before a committee meets, members receive a two-page background paper and are expected to arrive ready to debate the issue.",minutes,read-ahead,staff package,motion,B,A document distributed before a meeting to provide factual background and context so meeting time can focus on discussion.,Read-ahead is the best answer because it is a document distributed before a meeting to provide factual background and context so meeting time can focus on discussion.,"Not quite. minutes is a plausible Chapter 10 distractor, but it does not fit this definition or scenario. A document distributed before a meeting to provide factual background and context so meeting time can focus on discussion.",Correct. A document distributed before a meeting to provide factual background and context so meeting time can focus on discussion.,"Not quite. staff package is a plausible Chapter 10 distractor, but it does not fit this definition or scenario. A document distributed before a meeting to provide factual background and context so meeting time can focus on discussion.","Not quite. motion is a plausible Chapter 10 distractor, but it does not fit this definition or scenario. A document distributed before a meeting to provide factual background and context so meeting time can focus on discussion.","Read first, discuss later.","Review Learn to Lead Volume 3, Chapter 10, page(s) 61. Say the definition aloud, study the visual, then explain why each distractor is wrong.",Learn to Lead Volume 3: Indirect Leadership,61,ltl3_c10_meetings,ch10_productive_meetings.png,/assets/cap-visuals/ch10_productive_meetings.png,approved,true,Productive Meeting Tools,Productive Meeting Tools study visual.,yes,true,high,close,original_textbook_grounded,Three Earhart Milestone Leadership exam forms used only as style/difficulty references; no milestone question copied,draft,LTL3-C10-Q029,50,LTL3_C10_100
LTL3-C10-Q031,Learn to Lead Volume 3,10,The Staff Officer,LTL3-C10-F16,multiple_choice,direct_exam_style,medium,recall_understanding,When might an oral presentation be preferable to simply emailing factual information?,Gantt chart,read-ahead,oral presentation,minutes,C,"A useful meeting method for delicate information when tone, nuance, and immediate questions and answers matter.","Oral presentation is the best answer because it is a useful meeting method for delicate information when tone, nuance, and immediate questions and answers matter.","Not quite. Gantt chart is a plausible Chapter 10 distractor, but it does not fit this definition or scenario. A useful meeting method for delicate information when tone, nuance, and immediate questions and answers matter.","Not quite. read-ahead is a plausible Chapter 10 distractor, but it does not fit this definition or scenario. A useful meeting method for delicate information when tone, nuance, and immediate questions and answers matter.","Correct. A useful meeting method for delicate information when tone, nuance, and immediate questions and answers matter.","Not quite. minutes is a plausible Chapter 10 distractor, but it does not fit this definition or scenario. A useful meeting method for delicate information when tone, nuance, and immediate questions and answers matter.",Oral = tone + nuance + Q&A.,"Review Learn to Lead Volume 3, Chapter 10, page(s) 61. Say the definition aloud, study the visual, then explain why each distractor is wrong.",Learn to Lead Volume 3: Indirect Leadership,61,ltl3_c10_meetings,ch10_productive_meetings.png,/assets/cap-visuals/ch10_productive_meetings.png,approved,true,Productive Meeting Tools,Productive Meeting Tools study visual.,yes,true,high,close,original_textbook_grounded,Three Earhart Milestone Leadership exam forms used only as style/difficulty references; no milestone question copied,draft,LTL3-C10-Q032,40,LTL3_C10_100
LTL3-C10-Q032,Learn to Lead Volume 3,10,The Staff Officer,LTL3-C10-F16,multiple_choice,application_scenario,medium_hard,application,Which Chapter 10 concept best applies to this situation? A commander must explain a sensitive personnel change and wants to control tone while allowing immediate questions.,Gantt chart,minutes,read-ahead,oral presentation,D,"A useful meeting method for delicate information when tone, nuance, and immediate questions and answers matter.","Oral presentation is the best answer because it is a useful meeting method for delicate information when tone, nuance, and immediate questions and answers matter.","Not quite. Gantt chart is a plausible Chapter 10 distractor, but it does not fit this definition or scenario. A useful meeting method for delicate information when tone, nuance, and immediate questions and answers matter.","Not quite. minutes is a plausible Chapter 10 distractor, but it does not fit this definition or scenario. A useful meeting method for delicate information when tone, nuance, and immediate questions and answers matter.","Not quite. read-ahead is a plausible Chapter 10 distractor, but it does not fit this definition or scenario. A useful meeting method for delicate information when tone, nuance, and immediate questions and answers matter.","Correct. A useful meeting method for delicate information when tone, nuance, and immediate questions and answers matter.",Oral = tone + nuance + Q&A.,"Review Learn to Lead Volume 3, Chapter 10, page(s) 61. Say the definition aloud, study the visual, then explain why each distractor is wrong.",Learn to Lead Volume 3: Indirect Leadership,61,ltl3_c10_meetings,ch10_productive_meetings.png,/assets/cap-visuals/ch10_productive_meetings.png,approved,true,Productive Meeting Tools,Productive Meeting Tools study visual.,yes,true,high,close,original_textbook_grounded,Three Earhart Milestone Leadership exam forms used only as style/difficulty references; no milestone question copied,draft,LTL3-C10-Q031,50,LTL3_C10_100
LTL3-C10-Q033,Learn to Lead Volume 3,10,The Staff Officer,LTL3-C10-F17,multiple_choice,direct_exam_style,medium,recall_understanding,Which document records a meeting's outcomes and provides a lasting account of decisions and follow-up?,meeting minutes,objective-driven agenda,read-ahead,project brief,A,"A written record of meeting outcomes, decisions, assignments, and sometimes voting or parliamentary details.","Meeting minutes is the best answer because it is a written record of meeting outcomes, decisions, assignments, and sometimes voting or parliamentary details.","Correct. A written record of meeting outcomes, decisions, assignments, and sometimes voting or parliamentary details.","Not quite. objective-driven agenda is a plausible Chapter 10 distractor, but it does not fit this definition or scenario. A written record of meeting outcomes, decisions, assignments, and sometimes voting or parliamentary details.","Not quite. read-ahead is a plausible Chapter 10 distractor, but it does not fit this definition or scenario. A written record of meeting outcomes, decisions, assignments, and sometimes voting or parliamentary details.","Not quite. project brief is a plausible Chapter 10 distractor, but it does not fit this definition or scenario. A written record of meeting outcomes, decisions, assignments, and sometimes voting or parliamentary details.",Minutes = what happened and what's next.,"Review Learn to Lead Volume 3, Chapter 10, page(s) 62. Say the definition aloud, study the visual, then explain why each distractor is wrong.",Learn to Lead Volume 3: Indirect Leadership,62,ltl3_c10_meetings,ch10_productive_meetings.png,/assets/cap-visuals/ch10_productive_meetings.png,approved,true,Productive Meeting Tools,Productive Meeting Tools study visual.,yes,true,high,close,original_textbook_grounded,Three Earhart Milestone Leadership exam forms used only as style/difficulty references; no milestone question copied,draft,LTL3-C10-Q034,40,LTL3_C10_100
LTL3-C10-Q034,Learn to Lead Volume 3,10,The Staff Officer,LTL3-C10-F17,multiple_choice,application_scenario,medium_hard,application,"Which Chapter 10 concept best applies to this situation? After a staff meeting, the scribe emails a concise record of what was decided, who owns each task, and the next meeting date.",read-ahead,meeting minutes,project brief,objective-driven agenda,B,"A written record of meeting outcomes, decisions, assignments, and sometimes voting or parliamentary details.","Meeting minutes is the best answer because it is a written record of meeting outcomes, decisions, assignments, and sometimes voting or parliamentary details.","Not quite. read-ahead is a plausible Chapter 10 distractor, but it does not fit this definition or scenario. A written record of meeting outcomes, decisions, assignments, and sometimes voting or parliamentary details.","Correct. A written record of meeting outcomes, decisions, assignments, and sometimes voting or parliamentary details.","Not quite. project brief is a plausible Chapter 10 distractor, but it does not fit this definition or scenario. A written record of meeting outcomes, decisions, assignments, and sometimes voting or parliamentary details.","Not quite. objective-driven agenda is a plausible Chapter 10 distractor, but it does not fit this definition or scenario. A written record of meeting outcomes, decisions, assignments, and sometimes voting or parliamentary details.",Minutes = what happened and what's next.,"Review Learn to Lead Volume 3, Chapter 10, page(s) 62. Say the definition aloud, study the visual, then explain why each distractor is wrong.",Learn to Lead Volume 3: Indirect Leadership,62,ltl3_c10_meetings,ch10_productive_meetings.png,/assets/cap-visuals/ch10_productive_meetings.png,approved,true,Productive Meeting Tools,Productive Meeting Tools study visual.,yes,true,high,close,original_textbook_grounded,Three Earhart Milestone Leadership exam forms used only as style/difficulty references; no milestone question copied,draft,LTL3-C10-Q033,50,LTL3_C10_100
LTL3-C10-Q035,Learn to Lead Volume 3,10,The Staff Officer,LTL3-C10-F18,multiple_choice,direct_exam_style,medium,recall_understanding,Which practice best reflects Chapter 10's guidance for teleconferences?,parliamentary procedure,staff coordination,teleconference etiquette,project governance,C,"The practices that reduce distraction and confusion during remote meetings, such as quiet surroundings, punctuality, clear identification, and concise speech.","Teleconference etiquette is the best answer because it is the practices that reduce distraction and confusion during remote meetings, such as quiet surroundings, punctuality, clear identification, and concise speech.","Not quite. parliamentary procedure is a plausible Chapter 10 distractor, but it does not fit this definition or scenario. The practices that reduce distraction and confusion during remote meetings, such as quiet surroundings, punctuality, clear identification, and concise speech.","Not quite. staff coordination is a plausible Chapter 10 distractor, but it does not fit this definition or scenario. The practices that reduce distraction and confusion during remote meetings, such as quiet surroundings, punctuality, clear identification, and concise speech.","Correct. The practices that reduce distraction and confusion during remote meetings, such as quiet surroundings, punctuality, clear identification, and concise speech.","Not quite. project governance is a plausible Chapter 10 distractor, but it does not fit this definition or scenario. The practices that reduce distraction and confusion during remote meetings, such as quiet surroundings, punctuality, clear identification, and concise speech.",Remote meeting = quiet • early • identify • concise.,"Review Learn to Lead Volume 3, Chapter 10, page(s) 63. Say the definition aloud, study the visual, then explain why each distractor is wrong.",Learn to Lead Volume 3: Indirect Leadership,63,ltl3_c10_meetings,ch10_productive_meetings.png,/assets/cap-visuals/ch10_productive_meetings.png,approved,true,Productive Meeting Tools,Productive Meeting Tools study visual.,yes,true,high,close,original_textbook_grounded,Three Earhart Milestone Leadership exam forms used only as style/difficulty references; no milestone question copied,draft,LTL3-C10-Q036,40,LTL3_C10_100
LTL3-C10-Q036,Learn to Lead Volume 3,10,The Staff Officer,LTL3-C10-F18,multiple_choice,application_scenario,medium_hard,application,"Which Chapter 10 concept best applies to this situation? A participant joins from a quiet room, is ready early, states her name before speaking, and keeps comments clear and concise.",project governance,staff coordination,parliamentary procedure,teleconference etiquette,D,"The practices that reduce distraction and confusion during remote meetings, such as quiet surroundings, punctuality, clear identification, and concise speech.","Teleconference etiquette is the best answer because it is the practices that reduce distraction and confusion during remote meetings, such as quiet surroundings, punctuality, clear identification, and concise speech.","Not quite. project governance is a plausible Chapter 10 distractor, but it does not fit this definition or scenario. The practices that reduce distraction and confusion during remote meetings, such as quiet surroundings, punctuality, clear identification, and concise speech.","Not quite. staff coordination is a plausible Chapter 10 distractor, but it does not fit this definition or scenario. The practices that reduce distraction and confusion during remote meetings, such as quiet surroundings, punctuality, clear identification, and concise speech.","Not quite. parliamentary procedure is a plausible Chapter 10 distractor, but it does not fit this definition or scenario. The practices that reduce distraction and confusion during remote meetings, such as quiet surroundings, punctuality, clear identification, and concise speech.","Correct. The practices that reduce distraction and confusion during remote meetings, such as quiet surroundings, punctuality, clear identification, and concise speech.",Remote meeting = quiet • early • identify • concise.,"Review Learn to Lead Volume 3, Chapter 10, page(s) 63. Say the definition aloud, study the visual, then explain why each distractor is wrong.",Learn to Lead Volume 3: Indirect Leadership,63,ltl3_c10_meetings,ch10_productive_meetings.png,/assets/cap-visuals/ch10_productive_meetings.png,approved,true,Productive Meeting Tools,Productive Meeting Tools study visual.,yes,true,high,close,original_textbook_grounded,Three Earhart Milestone Leadership exam forms used only as style/difficulty references; no milestone question copied,draft,LTL3-C10-Q035,50,LTL3_C10_100
LTL3-C10-Q037,Learn to Lead Volume 3,10,The Staff Officer,LTL3-C10-F19,multiple_choice,direct_exam_style,medium,recall_understanding,What is the central job of a meeting facilitator?,facilitator,project sponsor,strategic apex,parliamentarian,A,The meeting leader whose job is to evoke the best possible performance from each member and manage process rather than supply the content.,Facilitator is the best answer because it is the meeting leader whose job is to evoke the best possible performance from each member and manage process rather than supply the content.,Correct. The meeting leader whose job is to evoke the best possible performance from each member and manage process rather than supply the content.,"Not quite. project sponsor is a plausible Chapter 10 distractor, but it does not fit this definition or scenario. The meeting leader whose job is to evoke the best possible performance from each member and manage process rather than supply the content.","Not quite. strategic apex is a plausible Chapter 10 distractor, but it does not fit this definition or scenario. The meeting leader whose job is to evoke the best possible performance from each member and manage process rather than supply the content.","Not quite. parliamentarian is a plausible Chapter 10 distractor, but it does not fit this definition or scenario. The meeting leader whose job is to evoke the best possible performance from each member and manage process rather than supply the content.","Facilitator = process, not content.","Review Learn to Lead Volume 3, Chapter 10, page(s) 64. Say the definition aloud, study the visual, then explain why each distractor is wrong.",Learn to Lead Volume 3: Indirect Leadership,64,ltl3_c10_facilitation,ch10_facilitation_parliamentary.png,/assets/cap-visuals/ch10_facilitation_parliamentary.png,approved,true,Facilitation & Parliamentary Procedure,Facilitation & Parliamentary Procedure study visual.,yes,true,high,close,original_textbook_grounded,Three Earhart Milestone Leadership exam forms used only as style/difficulty references; no milestone question copied,draft,LTL3-C10-Q038,40,LTL3_C10_100
LTL3-C10-Q038,Learn to Lead Volume 3,10,The Staff Officer,LTL3-C10-F19,multiple_choice,application_scenario,medium_hard,application,Which Chapter 10 concept best applies to this situation? The chair avoids dominating the substance of the debate and instead creates conditions for the group to do its best thinking.,strategic apex,facilitator,parliamentarian,project sponsor,B,The meeting leader whose job is to evoke the best possible performance from each member and manage process rather than supply the content.,Facilitator is the best answer because it is the meeting leader whose job is to evoke the best possible performance from each member and manage process rather than supply the content.,"Not quite. strategic apex is a plausible Chapter 10 distractor, but it does not fit this definition or scenario. The meeting leader whose job is to evoke the best possible performance from each member and manage process rather than supply the content.",Correct. The meeting leader whose job is to evoke the best possible performance from each member and manage process rather than supply the content.,"Not quite. parliamentarian is a plausible Chapter 10 distractor, but it does not fit this definition or scenario. The meeting leader whose job is to evoke the best possible performance from each member and manage process rather than supply the content.","Not quite. project sponsor is a plausible Chapter 10 distractor, but it does not fit this definition or scenario. The meeting leader whose job is to evoke the best possible performance from each member and manage process rather than supply the content.","Facilitator = process, not content.","Review Learn to Lead Volume 3, Chapter 10, page(s) 64. Say the definition aloud, study the visual, then explain why each distractor is wrong.",Learn to Lead Volume 3: Indirect Leadership,64,ltl3_c10_facilitation,ch10_facilitation_parliamentary.png,/assets/cap-visuals/ch10_facilitation_parliamentary.png,approved,true,Facilitation & Parliamentary Procedure,Facilitation & Parliamentary Procedure study visual.,yes,true,high,close,original_textbook_grounded,Three Earhart Milestone Leadership exam forms used only as style/difficulty references; no milestone question copied,draft,LTL3-C10-Q037,50,LTL3_C10_100
LTL3-C10-Q039,Learn to Lead Volume 3,10,The Staff Officer,LTL3-C10-F20,multiple_choice,direct_exam_style,medium,recall_understanding,Which facilitative hallmark focuses on finding a win/win position rather than taking sides?,simple majority at all costs,status competition,desire for consensus,content dominance,C,The facilitative-leadership hallmark of helping the group seek a win/win position and ensuring viewpoints are considered.,Desire for consensus is the best answer because it is the facilitative-leadership hallmark of helping the group seek a win/win position and ensuring viewpoints are considered.,"Not quite. simple majority at all costs is a plausible Chapter 10 distractor, but it does not fit this definition or scenario. The facilitative-leadership hallmark of helping the group seek a win/win position and ensuring viewpoints are considered.","Not quite. status competition is a plausible Chapter 10 distractor, but it does not fit this definition or scenario. The facilitative-leadership hallmark of helping the group seek a win/win position and ensuring viewpoints are considered.",Correct. The facilitative-leadership hallmark of helping the group seek a win/win position and ensuring viewpoints are considered.,"Not quite. content dominance is a plausible Chapter 10 distractor, but it does not fit this definition or scenario. The facilitative-leadership hallmark of helping the group seek a win/win position and ensuring viewpoints are considered.","Consensus = build the group, not a personal win.","Review Learn to Lead Volume 3, Chapter 10, page(s) 65. Say the definition aloud, study the visual, then explain why each distractor is wrong.",Learn to Lead Volume 3: Indirect Leadership,65,ltl3_c10_facilitation,ch10_facilitation_parliamentary.png,/assets/cap-visuals/ch10_facilitation_parliamentary.png,approved,true,Facilitation & Parliamentary Procedure,Facilitation & Parliamentary Procedure study visual.,yes,true,high,close,original_textbook_grounded,Three Earhart Milestone Leadership exam forms used only as style/difficulty references; no milestone question copied,draft,LTL3-C10-Q040,40,LTL3_C10_100
LTL3-C10-Q040,Learn to Lead Volume 3,10,The Staff Officer,LTL3-C10-F20,multiple_choice,application_scenario,medium_hard,application,Which Chapter 10 concept best applies to this situation? Two factions are divided; the chair works to identify shared interests and a solution both can support.,content dominance,simple majority at all costs,status competition,desire for consensus,D,The facilitative-leadership hallmark of helping the group seek a win/win position and ensuring viewpoints are considered.,Desire for consensus is the best answer because it is the facilitative-leadership hallmark of helping the group seek a win/win position and ensuring viewpoints are considered.,"Not quite. content dominance is a plausible Chapter 10 distractor, but it does not fit this definition or scenario. The facilitative-leadership hallmark of helping the group seek a win/win position and ensuring viewpoints are considered.","Not quite. simple majority at all costs is a plausible Chapter 10 distractor, but it does not fit this definition or scenario. The facilitative-leadership hallmark of helping the group seek a win/win position and ensuring viewpoints are considered.","Not quite. status competition is a plausible Chapter 10 distractor, but it does not fit this definition or scenario. The facilitative-leadership hallmark of helping the group seek a win/win position and ensuring viewpoints are considered.",Correct. The facilitative-leadership hallmark of helping the group seek a win/win position and ensuring viewpoints are considered.,"Consensus = build the group, not a personal win.","Review Learn to Lead Volume 3, Chapter 10, page(s) 65. Say the definition aloud, study the visual, then explain why each distractor is wrong.",Learn to Lead Volume 3: Indirect Leadership,65,ltl3_c10_facilitation,ch10_facilitation_parliamentary.png,/assets/cap-visuals/ch10_facilitation_parliamentary.png,approved,true,Facilitation & Parliamentary Procedure,Facilitation & Parliamentary Procedure study visual.,yes,true,high,close,original_textbook_grounded,Three Earhart Milestone Leadership exam forms used only as style/difficulty references; no milestone question copied,draft,LTL3-C10-Q039,50,LTL3_C10_100
LTL3-C10-Q041,Learn to Lead Volume 3,10,The Staff Officer,LTL3-C10-F21,multiple_choice,direct_exam_style,medium,recall_understanding,Which type of question is most useful when a facilitator wants members to explore an issue in depth?,open-ended questions,motions,read-aheads,closed questions,A,Facilitation questions designed to elicit detailed thinking rather than one-word or yes/no answers.,Open-ended questions is the best answer because it is facilitation questions designed to elicit detailed thinking rather than one-word or yes/no answers.,Correct. Facilitation questions designed to elicit detailed thinking rather than one-word or yes/no answers.,"Not quite. motions is a plausible Chapter 10 distractor, but it does not fit this definition or scenario. Facilitation questions designed to elicit detailed thinking rather than one-word or yes/no answers.","Not quite. read-aheads is a plausible Chapter 10 distractor, but it does not fit this definition or scenario. Facilitation questions designed to elicit detailed thinking rather than one-word or yes/no answers.","Not quite. closed questions is a plausible Chapter 10 distractor, but it does not fit this definition or scenario. Facilitation questions designed to elicit detailed thinking rather than one-word or yes/no answers.",Open-ended = opens discussion.,"Review Learn to Lead Volume 3, Chapter 10, page(s) 65. Say the definition aloud, study the visual, then explain why each distractor is wrong.",Learn to Lead Volume 3: Indirect Leadership,65,ltl3_c10_facilitation,ch10_facilitation_parliamentary.png,/assets/cap-visuals/ch10_facilitation_parliamentary.png,approved,true,Facilitation & Parliamentary Procedure,Facilitation & Parliamentary Procedure study visual.,yes,true,high,close,original_textbook_grounded,Three Earhart Milestone Leadership exam forms used only as style/difficulty references; no milestone question copied,draft,LTL3-C10-Q042,40,LTL3_C10_100
LTL3-C10-Q042,Learn to Lead Volume 3,10,The Staff Officer,LTL3-C10-F21,multiple_choice,application_scenario,medium_hard,application,Which Chapter 10 concept best applies to this situation? Instead of asking 'Did training go well?' the chair asks members what parts of the training worked and why.,closed questions,open-ended questions,motions,read-aheads,B,Facilitation questions designed to elicit detailed thinking rather than one-word or yes/no answers.,Open-ended questions is the best answer because it is facilitation questions designed to elicit detailed thinking rather than one-word or yes/no answers.,"Not quite. closed questions is a plausible Chapter 10 distractor, but it does not fit this definition or scenario. Facilitation questions designed to elicit detailed thinking rather than one-word or yes/no answers.",Correct. Facilitation questions designed to elicit detailed thinking rather than one-word or yes/no answers.,"Not quite. motions is a plausible Chapter 10 distractor, but it does not fit this definition or scenario. Facilitation questions designed to elicit detailed thinking rather than one-word or yes/no answers.","Not quite. read-aheads is a plausible Chapter 10 distractor, but it does not fit this definition or scenario. Facilitation questions designed to elicit detailed thinking rather than one-word or yes/no answers.",Open-ended = opens discussion.,"Review Learn to Lead Volume 3, Chapter 10, page(s) 65. Say the definition aloud, study the visual, then explain why each distractor is wrong.",Learn to Lead Volume 3: Indirect Leadership,65,ltl3_c10_facilitation,ch10_facilitation_parliamentary.png,/assets/cap-visuals/ch10_facilitation_parliamentary.png,approved,true,Facilitation & Parliamentary Procedure,Facilitation & Parliamentary Procedure study visual.,yes,true,high,close,original_textbook_grounded,Three Earhart Milestone Leadership exam forms used only as style/difficulty references; no milestone question copied,draft,LTL3-C10-Q041,50,LTL3_C10_100
LTL3-C10-Q043,Learn to Lead Volume 3,10,The Staff Officer,LTL3-C10-F22,multiple_choice,direct_exam_style,medium,recall_understanding,Which term refers to the formal rules used to conduct group business fairly and efficiently?,management by exception,project governance,parliamentary procedure,staff writing,C,"A code of rules and ethics for working together in groups and conducting business in an orderly, efficient manner.","Parliamentary procedure is the best answer because it is a code of rules and ethics for working together in groups and conducting business in an orderly, efficient manner.","Not quite. management by exception is a plausible Chapter 10 distractor, but it does not fit this definition or scenario. A code of rules and ethics for working together in groups and conducting business in an orderly, efficient manner.","Not quite. project governance is a plausible Chapter 10 distractor, but it does not fit this definition or scenario. A code of rules and ethics for working together in groups and conducting business in an orderly, efficient manner.","Correct. A code of rules and ethics for working together in groups and conducting business in an orderly, efficient manner.","Not quite. staff writing is a plausible Chapter 10 distractor, but it does not fit this definition or scenario. A code of rules and ethics for working together in groups and conducting business in an orderly, efficient manner.",Parliamentary procedure = rules for orderly group business.,"Review Learn to Lead Volume 3, Chapter 10, page(s) 67. Say the definition aloud, study the visual, then explain why each distractor is wrong.",Learn to Lead Volume 3: Indirect Leadership,67,ltl3_c10_facilitation,ch10_facilitation_parliamentary.png,/assets/cap-visuals/ch10_facilitation_parliamentary.png,approved,true,Facilitation & Parliamentary Procedure,Facilitation & Parliamentary Procedure study visual.,yes,true,high,close,original_textbook_grounded,Three Earhart Milestone Leadership exam forms used only as style/difficulty references; no milestone question copied,draft,LTL3-C10-Q044,40,LTL3_C10_100
LTL3-C10-Q044,Learn to Lead Volume 3,10,The Staff Officer,LTL3-C10-F22,multiple_choice,application_scenario,medium_hard,application,"Which Chapter 10 concept best applies to this situation? A contentious committee follows agreed rules for recognition, debate, motions, and voting.",project governance,staff writing,management by exception,parliamentary procedure,D,"A code of rules and ethics for working together in groups and conducting business in an orderly, efficient manner.","Parliamentary procedure is the best answer because it is a code of rules and ethics for working together in groups and conducting business in an orderly, efficient manner.","Not quite. project governance is a plausible Chapter 10 distractor, but it does not fit this definition or scenario. A code of rules and ethics for working together in groups and conducting business in an orderly, efficient manner.","Not quite. staff writing is a plausible Chapter 10 distractor, but it does not fit this definition or scenario. A code of rules and ethics for working together in groups and conducting business in an orderly, efficient manner.","Not quite. management by exception is a plausible Chapter 10 distractor, but it does not fit this definition or scenario. A code of rules and ethics for working together in groups and conducting business in an orderly, efficient manner.","Correct. A code of rules and ethics for working together in groups and conducting business in an orderly, efficient manner.",Parliamentary procedure = rules for orderly group business.,"Review Learn to Lead Volume 3, Chapter 10, page(s) 67. Say the definition aloud, study the visual, then explain why each distractor is wrong.",Learn to Lead Volume 3: Indirect Leadership,67,ltl3_c10_facilitation,ch10_facilitation_parliamentary.png,/assets/cap-visuals/ch10_facilitation_parliamentary.png,approved,true,Facilitation & Parliamentary Procedure,Facilitation & Parliamentary Procedure study visual.,yes,true,high,close,original_textbook_grounded,Three Earhart Milestone Leadership exam forms used only as style/difficulty references; no milestone question copied,draft,LTL3-C10-Q043,50,LTL3_C10_100
LTL3-C10-Q045,Learn to Lead Volume 3,10,The Staff Officer,LTL3-C10-F23,multiple_choice,direct_exam_style,medium,recall_understanding,What is a quorum?,quorum,majority vote,motion,agenda,A,"The minimum number of members required for a group's business to be legitimate, often at least one-half unless the group sets another standard.","Quorum is the best answer because it is the minimum number of members required for a group's business to be legitimate, often at least one-half unless the group sets another standard.","Correct. The minimum number of members required for a group's business to be legitimate, often at least one-half unless the group sets another standard.","Not quite. majority vote is a plausible Chapter 10 distractor, but it does not fit this definition or scenario. The minimum number of members required for a group's business to be legitimate, often at least one-half unless the group sets another standard.","Not quite. motion is a plausible Chapter 10 distractor, but it does not fit this definition or scenario. The minimum number of members required for a group's business to be legitimate, often at least one-half unless the group sets another standard.","Not quite. agenda is a plausible Chapter 10 distractor, but it does not fit this definition or scenario. The minimum number of members required for a group's business to be legitimate, often at least one-half unless the group sets another standard.",Quorum = enough members to conduct business.,"Review Learn to Lead Volume 3, Chapter 10, page(s) 67. Say the definition aloud, study the visual, then explain why each distractor is wrong.",Learn to Lead Volume 3: Indirect Leadership,67,ltl3_c10_facilitation,ch10_facilitation_parliamentary.png,/assets/cap-visuals/ch10_facilitation_parliamentary.png,approved,true,Facilitation & Parliamentary Procedure,Facilitation & Parliamentary Procedure study visual.,yes,true,high,close,original_textbook_grounded,Three Earhart Milestone Leadership exam forms used only as style/difficulty references; no milestone question copied,draft,LTL3-C10-Q046,40,LTL3_C10_100
LTL3-C10-Q046,Learn to Lead Volume 3,10,The Staff Officer,LTL3-C10-F23,multiple_choice,application_scenario,medium_hard,application,Which Chapter 10 concept best applies to this situation? A committee postpones official voting because too few members are present to conduct legitimate business.,agenda,quorum,motion,majority vote,B,"The minimum number of members required for a group's business to be legitimate, often at least one-half unless the group sets another standard.","Quorum is the best answer because it is the minimum number of members required for a group's business to be legitimate, often at least one-half unless the group sets another standard.","Not quite. agenda is a plausible Chapter 10 distractor, but it does not fit this definition or scenario. The minimum number of members required for a group's business to be legitimate, often at least one-half unless the group sets another standard.","Correct. The minimum number of members required for a group's business to be legitimate, often at least one-half unless the group sets another standard.","Not quite. motion is a plausible Chapter 10 distractor, but it does not fit this definition or scenario. The minimum number of members required for a group's business to be legitimate, often at least one-half unless the group sets another standard.","Not quite. majority vote is a plausible Chapter 10 distractor, but it does not fit this definition or scenario. The minimum number of members required for a group's business to be legitimate, often at least one-half unless the group sets another standard.",Quorum = enough members to conduct business.,"Review Learn to Lead Volume 3, Chapter 10, page(s) 67. Say the definition aloud, study the visual, then explain why each distractor is wrong.",Learn to Lead Volume 3: Indirect Leadership,67,ltl3_c10_facilitation,ch10_facilitation_parliamentary.png,/assets/cap-visuals/ch10_facilitation_parliamentary.png,approved,true,Facilitation & Parliamentary Procedure,Facilitation & Parliamentary Procedure study visual.,yes,true,high,close,original_textbook_grounded,Three Earhart Milestone Leadership exam forms used only as style/difficulty references; no milestone question copied,draft,LTL3-C10-Q045,50,LTL3_C10_100
LTL3-C10-Q047,Learn to Lead Volume 3,10,The Staff Officer,LTL3-C10-F24,multiple_choice,direct_exam_style,medium,recall_understanding,Which parliamentary term means a formal proposal placed before the group for consideration?,minutes,quorum,motion,read-ahead,C,"A formal proposal for action in parliamentary procedure, commonly introduced with the words 'I move...'.","Motion is the best answer because it is a formal proposal for action in parliamentary procedure, commonly introduced with the words 'I move...'.","Not quite. minutes is a plausible Chapter 10 distractor, but it does not fit this definition or scenario. A formal proposal for action in parliamentary procedure, commonly introduced with the words 'I move...'.","Not quite. quorum is a plausible Chapter 10 distractor, but it does not fit this definition or scenario. A formal proposal for action in parliamentary procedure, commonly introduced with the words 'I move...'.","Correct. A formal proposal for action in parliamentary procedure, commonly introduced with the words 'I move...'.","Not quite. read-ahead is a plausible Chapter 10 distractor, but it does not fit this definition or scenario. A formal proposal for action in parliamentary procedure, commonly introduced with the words 'I move...'.",Motion = formal proposal.,"Review Learn to Lead Volume 3, Chapter 10, page(s) 68. Say the definition aloud, study the visual, then explain why each distractor is wrong.",Learn to Lead Volume 3: Indirect Leadership,68,ltl3_c10_facilitation,ch10_facilitation_parliamentary.png,/assets/cap-visuals/ch10_facilitation_parliamentary.png,approved,true,Facilitation & Parliamentary Procedure,Facilitation & Parliamentary Procedure study visual.,yes,true,high,close,original_textbook_grounded,Three Earhart Milestone Leadership exam forms used only as style/difficulty references; no milestone question copied,draft,LTL3-C10-Q048,40,LTL3_C10_100
LTL3-C10-Q048,Learn to Lead Volume 3,10,The Staff Officer,LTL3-C10-F24,multiple_choice,application_scenario,medium_hard,application,"Which Chapter 10 concept best applies to this situation? A member begins, 'I move that the squadron purchase two new training radios.'",minutes,read-ahead,quorum,motion,D,"A formal proposal for action in parliamentary procedure, commonly introduced with the words 'I move...'.","Motion is the best answer because it is a formal proposal for action in parliamentary procedure, commonly introduced with the words 'I move...'.","Not quite. minutes is a plausible Chapter 10 distractor, but it does not fit this definition or scenario. A formal proposal for action in parliamentary procedure, commonly introduced with the words 'I move...'.","Not quite. read-ahead is a plausible Chapter 10 distractor, but it does not fit this definition or scenario. A formal proposal for action in parliamentary procedure, commonly introduced with the words 'I move...'.","Not quite. quorum is a plausible Chapter 10 distractor, but it does not fit this definition or scenario. A formal proposal for action in parliamentary procedure, commonly introduced with the words 'I move...'.","Correct. A formal proposal for action in parliamentary procedure, commonly introduced with the words 'I move...'.",Motion = formal proposal.,"Review Learn to Lead Volume 3, Chapter 10, page(s) 68. Say the definition aloud, study the visual, then explain why each distractor is wrong.",Learn to Lead Volume 3: Indirect Leadership,68,ltl3_c10_facilitation,ch10_facilitation_parliamentary.png,/assets/cap-visuals/ch10_facilitation_parliamentary.png,approved,true,Facilitation & Parliamentary Procedure,Facilitation & Parliamentary Procedure study visual.,yes,true,high,close,original_textbook_grounded,Three Earhart Milestone Leadership exam forms used only as style/difficulty references; no milestone question copied,draft,LTL3-C10-Q047,50,LTL3_C10_100
LTL3-C10-Q049,Learn to Lead Volume 3,10,The Staff Officer,LTL3-C10-F25,multiple_choice,direct_exam_style,medium,recall_understanding,"Under Chapter 10's simplified parliamentary guidance, what happens if a single member requests a secret ballot?",secret ballot,voice vote,unanimous consent,roll-call briefing,A,A voting method required for officer elections and also required if even one member requests it.,Secret ballot is the best answer because it is a voting method required for officer elections and also required if even one member requests it.,Correct. A voting method required for officer elections and also required if even one member requests it.,"Not quite. voice vote is a plausible Chapter 10 distractor, but it does not fit this definition or scenario. A voting method required for officer elections and also required if even one member requests it.","Not quite. unanimous consent is a plausible Chapter 10 distractor, but it does not fit this definition or scenario. A voting method required for officer elections and also required if even one member requests it.","Not quite. roll-call briefing is a plausible Chapter 10 distractor, but it does not fit this definition or scenario. A voting method required for officer elections and also required if even one member requests it.",One member can trigger a secret ballot.,"Review Learn to Lead Volume 3, Chapter 10, page(s) 67. Say the definition aloud, study the visual, then explain why each distractor is wrong.",Learn to Lead Volume 3: Indirect Leadership,67,ltl3_c10_facilitation,ch10_facilitation_parliamentary.png,/assets/cap-visuals/ch10_facilitation_parliamentary.png,approved,true,Facilitation & Parliamentary Procedure,Facilitation & Parliamentary Procedure study visual.,yes,true,high,close,original_textbook_grounded,Three Earhart Milestone Leadership exam forms used only as style/difficulty references; no milestone question copied,draft,LTL3-C10-Q050,40,LTL3_C10_100
LTL3-C10-Q050,Learn to Lead Volume 3,10,The Staff Officer,LTL3-C10-F25,multiple_choice,application_scenario,medium_hard,application,"Which Chapter 10 concept best applies to this situation? During a controversial decision, only one member asks that votes be private.",unanimous consent,secret ballot,roll-call briefing,voice vote,B,A voting method required for officer elections and also required if even one member requests it.,Secret ballot is the best answer because it is a voting method required for officer elections and also required if even one member requests it.,"Not quite. unanimous consent is a plausible Chapter 10 distractor, but it does not fit this definition or scenario. A voting method required for officer elections and also required if even one member requests it.",Correct. A voting method required for officer elections and also required if even one member requests it.,"Not quite. roll-call briefing is a plausible Chapter 10 distractor, but it does not fit this definition or scenario. A voting method required for officer elections and also required if even one member requests it.","Not quite. voice vote is a plausible Chapter 10 distractor, but it does not fit this definition or scenario. A voting method required for officer elections and also required if even one member requests it.",One member can trigger a secret ballot.,"Review Learn to Lead Volume 3, Chapter 10, page(s) 67. Say the definition aloud, study the visual, then explain why each distractor is wrong.",Learn to Lead Volume 3: Indirect Leadership,67,ltl3_c10_facilitation,ch10_facilitation_parliamentary.png,/assets/cap-visuals/ch10_facilitation_parliamentary.png,approved,true,Facilitation & Parliamentary Procedure,Facilitation & Parliamentary Procedure study visual.,yes,true,high,close,original_textbook_grounded,Three Earhart Milestone Leadership exam forms used only as style/difficulty references; no milestone question copied,draft,LTL3-C10-Q049,50,LTL3_C10_100
LTL3-C10-Q051,Learn to Lead Volume 3,10,The Staff Officer,LTL3-C10-F26,multiple_choice,direct_exam_style,medium,recall_understanding,"Which term means achieving goals through planning, organizing, leading, and controlling resources?",facilitation,leadership only,management,command,C,"The practice of setting and achieving goals through planning, organizing, leading, and controlling while using resources.","Management is the best answer because it is the practice of setting and achieving goals through planning, organizing, leading, and controlling while using resources.","Not quite. facilitation is a plausible Chapter 10 distractor, but it does not fit this definition or scenario. The practice of setting and achieving goals through planning, organizing, leading, and controlling while using resources.","Not quite. leadership only is a plausible Chapter 10 distractor, but it does not fit this definition or scenario. The practice of setting and achieving goals through planning, organizing, leading, and controlling while using resources.","Correct. The practice of setting and achieving goals through planning, organizing, leading, and controlling while using resources.","Not quite. command is a plausible Chapter 10 distractor, but it does not fit this definition or scenario. The practice of setting and achieving goals through planning, organizing, leading, and controlling while using resources.",Management = POLC through resources.,"Review Learn to Lead Volume 3, Chapter 10, page(s) 69. Say the definition aloud, study the visual, then explain why each distractor is wrong.",Learn to Lead Volume 3: Indirect Leadership,69,ltl3_c10_management,ch10_management_polc.png,/assets/cap-visuals/ch10_management_polc.png,approved,true,Four Functions of Management,Four Functions of Management study visual.,yes,true,high,close,original_textbook_grounded,Three Earhart Milestone Leadership exam forms used only as style/difficulty references; no milestone question copied,draft,LTL3-C10-Q052,40,LTL3_C10_100
LTL3-C10-Q052,Learn to Lead Volume 3,10,The Staff Officer,LTL3-C10-F26,multiple_choice,application_scenario,medium_hard,application,"Which Chapter 10 concept best applies to this situation? A staff officer sets goals, organizes people and equipment, motivates contributors, and monitors progress toward the objective.",command,facilitation,leadership only,management,D,"The practice of setting and achieving goals through planning, organizing, leading, and controlling while using resources.","Management is the best answer because it is the practice of setting and achieving goals through planning, organizing, leading, and controlling while using resources.","Not quite. command is a plausible Chapter 10 distractor, but it does not fit this definition or scenario. The practice of setting and achieving goals through planning, organizing, leading, and controlling while using resources.","Not quite. facilitation is a plausible Chapter 10 distractor, but it does not fit this definition or scenario. The practice of setting and achieving goals through planning, organizing, leading, and controlling while using resources.","Not quite. leadership only is a plausible Chapter 10 distractor, but it does not fit this definition or scenario. The practice of setting and achieving goals through planning, organizing, leading, and controlling while using resources.","Correct. The practice of setting and achieving goals through planning, organizing, leading, and controlling while using resources.",Management = POLC through resources.,"Review Learn to Lead Volume 3, Chapter 10, page(s) 69. Say the definition aloud, study the visual, then explain why each distractor is wrong.",Learn to Lead Volume 3: Indirect Leadership,69,ltl3_c10_management,ch10_management_polc.png,/assets/cap-visuals/ch10_management_polc.png,approved,true,Four Functions of Management,Four Functions of Management study visual.,no,false,medium,close,original_textbook_grounded,Three Earhart Milestone Leadership exam forms used only as style/difficulty references; no milestone question copied,draft,LTL3-C10-Q051,50,LTL3_C10_100
LTL3-C10-Q053,Learn to Lead Volume 3,10,The Staff Officer,LTL3-C10-F27,multiple_choice,direct_exam_style,medium,recall_understanding,Why does Chapter 10 say management has an ethical dimension?,ethical management,technical efficiency alone,management without values,authority without responsibility,A,The principle that management has a human and moral dimension requiring integrity and respect for human dignity.,Ethical management is the best answer because it is the principle that management has a human and moral dimension requiring integrity and respect for human dignity.,Correct. The principle that management has a human and moral dimension requiring integrity and respect for human dignity.,"Not quite. technical efficiency alone is a plausible Chapter 10 distractor, but it does not fit this definition or scenario. The principle that management has a human and moral dimension requiring integrity and respect for human dignity.","Not quite. management without values is a plausible Chapter 10 distractor, but it does not fit this definition or scenario. The principle that management has a human and moral dimension requiring integrity and respect for human dignity.","Not quite. authority without responsibility is a plausible Chapter 10 distractor, but it does not fit this definition or scenario. The principle that management has a human and moral dimension requiring integrity and respect for human dignity.",Ethics belongs inside management because people are affected.,"Review Learn to Lead Volume 3, Chapter 10, page(s) 70-71. Say the definition aloud, study the visual, then explain why each distractor is wrong.",Learn to Lead Volume 3: Indirect Leadership,70-71,ltl3_c10_management,ch10_management_polc.png,/assets/cap-visuals/ch10_management_polc.png,approved,true,Four Functions of Management,Four Functions of Management study visual.,yes,true,high,close,original_textbook_grounded,Three Earhart Milestone Leadership exam forms used only as style/difficulty references; no milestone question copied,draft,LTL3-C10-Q054,40,LTL3_C10_100
LTL3-C10-Q054,Learn to Lead Volume 3,10,The Staff Officer,LTL3-C10-F27,multiple_choice,application_scenario,medium_hard,application,"Which Chapter 10 concept best applies to this situation? A manager's financial choices could protect or destroy the jobs and savings of many people, so efficiency alone is not enough.",technical efficiency alone,ethical management,authority without responsibility,management without values,B,The principle that management has a human and moral dimension requiring integrity and respect for human dignity.,Ethical management is the best answer because it is the principle that management has a human and moral dimension requiring integrity and respect for human dignity.,"Not quite. technical efficiency alone is a plausible Chapter 10 distractor, but it does not fit this definition or scenario. The principle that management has a human and moral dimension requiring integrity and respect for human dignity.",Correct. The principle that management has a human and moral dimension requiring integrity and respect for human dignity.,"Not quite. authority without responsibility is a plausible Chapter 10 distractor, but it does not fit this definition or scenario. The principle that management has a human and moral dimension requiring integrity and respect for human dignity.","Not quite. management without values is a plausible Chapter 10 distractor, but it does not fit this definition or scenario. The principle that management has a human and moral dimension requiring integrity and respect for human dignity.",Ethics belongs inside management because people are affected.,"Review Learn to Lead Volume 3, Chapter 10, page(s) 70-71. Say the definition aloud, study the visual, then explain why each distractor is wrong.",Learn to Lead Volume 3: Indirect Leadership,70-71,ltl3_c10_management,ch10_management_polc.png,/assets/cap-visuals/ch10_management_polc.png,approved,true,Four Functions of Management,Four Functions of Management study visual.,no,false,medium,close,original_textbook_grounded,Three Earhart Milestone Leadership exam forms used only as style/difficulty references; no milestone question copied,draft,LTL3-C10-Q053,50,LTL3_C10_100
LTL3-C10-Q055,Learn to Lead Volume 3,10,The Staff Officer,LTL3-C10-F28,multiple_choice,direct_exam_style,medium,recall_understanding,Which management function comes first and determines goals and how they will be achieved?,controlling,organizing,planning,leading,C,The management function of determining organizational goals and the means for achieving them.,Planning is the best answer because it is the management function of determining organizational goals and the means for achieving them.,"Not quite. controlling is a plausible Chapter 10 distractor, but it does not fit this definition or scenario. The management function of determining organizational goals and the means for achieving them.","Not quite. organizing is a plausible Chapter 10 distractor, but it does not fit this definition or scenario. The management function of determining organizational goals and the means for achieving them.",Correct. The management function of determining organizational goals and the means for achieving them.,"Not quite. leading is a plausible Chapter 10 distractor, but it does not fit this definition or scenario. The management function of determining organizational goals and the means for achieving them.","Planning = what, how, who?","Review Learn to Lead Volume 3, Chapter 10, page(s) 71. Say the definition aloud, study the visual, then explain why each distractor is wrong.",Learn to Lead Volume 3: Indirect Leadership,71,ltl3_c10_management,ch10_management_polc.png,/assets/cap-visuals/ch10_management_polc.png,approved,true,Four Functions of Management,Four Functions of Management study visual.,yes,true,high,close,original_textbook_grounded,Three Earhart Milestone Leadership exam forms used only as style/difficulty references; no milestone question copied,draft,LTL3-C10-Q056,40,LTL3_C10_100
LTL3-C10-Q056,Learn to Lead Volume 3,10,The Staff Officer,LTL3-C10-F28,multiple_choice,application_scenario,medium_hard,application,"Which Chapter 10 concept best applies to this situation? Before an activity, the staff decides what must happen, how it will happen, and who will do each part.",organizing,controlling,leading,planning,D,The management function of determining organizational goals and the means for achieving them.,Planning is the best answer because it is the management function of determining organizational goals and the means for achieving them.,"Not quite. organizing is a plausible Chapter 10 distractor, but it does not fit this definition or scenario. The management function of determining organizational goals and the means for achieving them.","Not quite. controlling is a plausible Chapter 10 distractor, but it does not fit this definition or scenario. The management function of determining organizational goals and the means for achieving them.","Not quite. leading is a plausible Chapter 10 distractor, but it does not fit this definition or scenario. The management function of determining organizational goals and the means for achieving them.",Correct. The management function of determining organizational goals and the means for achieving them.,"Planning = what, how, who?","Review Learn to Lead Volume 3, Chapter 10, page(s) 71. Say the definition aloud, study the visual, then explain why each distractor is wrong.",Learn to Lead Volume 3: Indirect Leadership,71,ltl3_c10_management,ch10_management_polc.png,/assets/cap-visuals/ch10_management_polc.png,approved,true,Four Functions of Management,Four Functions of Management study visual.,no,false,medium,close,original_textbook_grounded,Three Earhart Milestone Leadership exam forms used only as style/difficulty references; no milestone question copied,draft,LTL3-C10-Q055,50,LTL3_C10_100
LTL3-C10-Q057,Learn to Lead Volume 3,10,The Staff Officer,LTL3-C10-F29,multiple_choice,direct_exam_style,medium,recall_understanding,"Which management function brings people, money, equipment, and work arrangements together?",organizing,controlling,planning,leading,A,"The management function of bringing together resources in the most effective way and arranging people, work, and authority.","Organizing is the best answer because it is the management function of bringing together resources in the most effective way and arranging people, work, and authority.","Correct. The management function of bringing together resources in the most effective way and arranging people, work, and authority.","Not quite. controlling is a plausible Chapter 10 distractor, but it does not fit this definition or scenario. The management function of bringing together resources in the most effective way and arranging people, work, and authority.","Not quite. planning is a plausible Chapter 10 distractor, but it does not fit this definition or scenario. The management function of bringing together resources in the most effective way and arranging people, work, and authority.","Not quite. leading is a plausible Chapter 10 distractor, but it does not fit this definition or scenario. The management function of bringing together resources in the most effective way and arranging people, work, and authority.",Organizing = arrange resources and roles.,"Review Learn to Lead Volume 3, Chapter 10, page(s) 71. Say the definition aloud, study the visual, then explain why each distractor is wrong.",Learn to Lead Volume 3: Indirect Leadership,71,ltl3_c10_management,ch10_management_polc.png,/assets/cap-visuals/ch10_management_polc.png,approved,true,Four Functions of Management,Four Functions of Management study visual.,yes,true,high,close,original_textbook_grounded,Three Earhart Milestone Leadership exam forms used only as style/difficulty references; no milestone question copied,draft,LTL3-C10-Q058,40,LTL3_C10_100
LTL3-C10-Q058,Learn to Lead Volume 3,10,The Staff Officer,LTL3-C10-F29,multiple_choice,application_scenario,medium_hard,application,"Which Chapter 10 concept best applies to this situation? A project manager decides how many people are needed, divides labor, and determines where decisions will be made.",planning,organizing,leading,controlling,B,"The management function of bringing together resources in the most effective way and arranging people, work, and authority.","Organizing is the best answer because it is the management function of bringing together resources in the most effective way and arranging people, work, and authority.","Not quite. planning is a plausible Chapter 10 distractor, but it does not fit this definition or scenario. The management function of bringing together resources in the most effective way and arranging people, work, and authority.","Correct. The management function of bringing together resources in the most effective way and arranging people, work, and authority.","Not quite. leading is a plausible Chapter 10 distractor, but it does not fit this definition or scenario. The management function of bringing together resources in the most effective way and arranging people, work, and authority.","Not quite. controlling is a plausible Chapter 10 distractor, but it does not fit this definition or scenario. The management function of bringing together resources in the most effective way and arranging people, work, and authority.",Organizing = arrange resources and roles.,"Review Learn to Lead Volume 3, Chapter 10, page(s) 71. Say the definition aloud, study the visual, then explain why each distractor is wrong.",Learn to Lead Volume 3: Indirect Leadership,71,ltl3_c10_management,ch10_management_polc.png,/assets/cap-visuals/ch10_management_polc.png,approved,true,Four Functions of Management,Four Functions of Management study visual.,no,false,medium,close,original_textbook_grounded,Three Earhart Milestone Leadership exam forms used only as style/difficulty references; no milestone question copied,draft,LTL3-C10-Q057,50,LTL3_C10_100
LTL3-C10-Q059,Learn to Lead Volume 3,10,The Staff Officer,LTL3-C10-F30,multiple_choice,direct_exam_style,medium,recall_understanding,"Which management function is most directly concerned with motivation, support, coaching, and directing people?",planning,organizing,leading,controlling,C,The management function of creating an atmosphere that assists and motivates people to achieve objectives.,Leading is the best answer because it is the management function of creating an atmosphere that assists and motivates people to achieve objectives.,"Not quite. planning is a plausible Chapter 10 distractor, but it does not fit this definition or scenario. The management function of creating an atmosphere that assists and motivates people to achieve objectives.","Not quite. organizing is a plausible Chapter 10 distractor, but it does not fit this definition or scenario. The management function of creating an atmosphere that assists and motivates people to achieve objectives.",Correct. The management function of creating an atmosphere that assists and motivates people to achieve objectives.,"Not quite. controlling is a plausible Chapter 10 distractor, but it does not fit this definition or scenario. The management function of creating an atmosphere that assists and motivates people to achieve objectives.",Leading = management's human side.,"Review Learn to Lead Volume 3, Chapter 10, page(s) 72. Say the definition aloud, study the visual, then explain why each distractor is wrong.",Learn to Lead Volume 3: Indirect Leadership,72,ltl3_c10_management,ch10_management_polc.png,/assets/cap-visuals/ch10_management_polc.png,approved,true,Four Functions of Management,Four Functions of Management study visual.,yes,true,high,close,original_textbook_grounded,Three Earhart Milestone Leadership exam forms used only as style/difficulty references; no milestone question copied,draft,LTL3-C10-Q060,40,LTL3_C10_100
LTL3-C10-Q060,Learn to Lead Volume 3,10,The Staff Officer,LTL3-C10-F30,multiple_choice,application_scenario,medium_hard,application,Which Chapter 10 concept best applies to this situation? A supervisor builds a supportive environment and helps members connect personal goals to the team's mission.,planning,controlling,organizing,leading,D,The management function of creating an atmosphere that assists and motivates people to achieve objectives.,Leading is the best answer because it is the management function of creating an atmosphere that assists and motivates people to achieve objectives.,"Not quite. planning is a plausible Chapter 10 distractor, but it does not fit this definition or scenario. The management function of creating an atmosphere that assists and motivates people to achieve objectives.","Not quite. controlling is a plausible Chapter 10 distractor, but it does not fit this definition or scenario. The management function of creating an atmosphere that assists and motivates people to achieve objectives.","Not quite. organizing is a plausible Chapter 10 distractor, but it does not fit this definition or scenario. The management function of creating an atmosphere that assists and motivates people to achieve objectives.",Correct. The management function of creating an atmosphere that assists and motivates people to achieve objectives.,Leading = management's human side.,"Review Learn to Lead Volume 3, Chapter 10, page(s) 72. Say the definition aloud, study the visual, then explain why each distractor is wrong.",Learn to Lead Volume 3: Indirect Leadership,72,ltl3_c10_management,ch10_management_polc.png,/assets/cap-visuals/ch10_management_polc.png,approved,true,Four Functions of Management,Four Functions of Management study visual.,no,false,medium,close,original_textbook_grounded,Three Earhart Milestone Leadership exam forms used only as style/difficulty references; no milestone question copied,draft,LTL3-C10-Q059,50,LTL3_C10_100
LTL3-C10-Q061,Learn to Lead Volume 3,10,The Staff Officer,LTL3-C10-F31,multiple_choice,direct_exam_style,medium,recall_understanding,Which management function compares actual performance with standards and makes changes as needed?,controlling,planning,leading,organizing,A,"The management function of monitoring progress, comparing performance against standards, and correcting deviations.","Controlling is the best answer because it is the management function of monitoring progress, comparing performance against standards, and correcting deviations.","Correct. The management function of monitoring progress, comparing performance against standards, and correcting deviations.","Not quite. planning is a plausible Chapter 10 distractor, but it does not fit this definition or scenario. The management function of monitoring progress, comparing performance against standards, and correcting deviations.","Not quite. leading is a plausible Chapter 10 distractor, but it does not fit this definition or scenario. The management function of monitoring progress, comparing performance against standards, and correcting deviations.","Not quite. organizing is a plausible Chapter 10 distractor, but it does not fit this definition or scenario. The management function of monitoring progress, comparing performance against standards, and correcting deviations.",Control = compare to standard and correct.,"Review Learn to Lead Volume 3, Chapter 10, page(s) 72. Say the definition aloud, study the visual, then explain why each distractor is wrong.",Learn to Lead Volume 3: Indirect Leadership,72,ltl3_c10_management,ch10_management_polc.png,/assets/cap-visuals/ch10_management_polc.png,approved,true,Four Functions of Management,Four Functions of Management study visual.,yes,true,high,close,original_textbook_grounded,Three Earhart Milestone Leadership exam forms used only as style/difficulty references; no milestone question copied,draft,LTL3-C10-Q062,40,LTL3_C10_100
LTL3-C10-Q062,Learn to Lead Volume 3,10,The Staff Officer,LTL3-C10-F31,multiple_choice,application_scenario,medium_hard,application,"Which Chapter 10 concept best applies to this situation? After a uniform inspection reveals problems, cadet leaders decide whether more training or another corrective step is needed.",organizing,controlling,planning,leading,B,"The management function of monitoring progress, comparing performance against standards, and correcting deviations.","Controlling is the best answer because it is the management function of monitoring progress, comparing performance against standards, and correcting deviations.","Not quite. organizing is a plausible Chapter 10 distractor, but it does not fit this definition or scenario. The management function of monitoring progress, comparing performance against standards, and correcting deviations.","Correct. The management function of monitoring progress, comparing performance against standards, and correcting deviations.","Not quite. planning is a plausible Chapter 10 distractor, but it does not fit this definition or scenario. The management function of monitoring progress, comparing performance against standards, and correcting deviations.","Not quite. leading is a plausible Chapter 10 distractor, but it does not fit this definition or scenario. The management function of monitoring progress, comparing performance against standards, and correcting deviations.",Control = compare to standard and correct.,"Review Learn to Lead Volume 3, Chapter 10, page(s) 72. Say the definition aloud, study the visual, then explain why each distractor is wrong.",Learn to Lead Volume 3: Indirect Leadership,72,ltl3_c10_management,ch10_management_polc.png,/assets/cap-visuals/ch10_management_polc.png,approved,true,Four Functions of Management,Four Functions of Management study visual.,no,false,medium,close,original_textbook_grounded,Three Earhart Milestone Leadership exam forms used only as style/difficulty references; no milestone question copied,draft,LTL3-C10-Q061,50,LTL3_C10_100
LTL3-C10-Q063,Learn to Lead Volume 3,10,The Staff Officer,LTL3-C10-F32,multiple_choice,direct_exam_style,medium,recall_understanding,"Which term describes coordinated activities with a defined beginning and end, a goal, and limits on time, cost, and resources?",organization,program,project,committee,C,"A coordinated set of activities with a specific start and finish, a specific goal, and constraints on time, cost, and resources.","Project is the best answer because it is a coordinated set of activities with a specific start and finish, a specific goal, and constraints on time, cost, and resources.","Not quite. organization is a plausible Chapter 10 distractor, but it does not fit this definition or scenario. A coordinated set of activities with a specific start and finish, a specific goal, and constraints on time, cost, and resources.","Not quite. program is a plausible Chapter 10 distractor, but it does not fit this definition or scenario. A coordinated set of activities with a specific start and finish, a specific goal, and constraints on time, cost, and resources.","Correct. A coordinated set of activities with a specific start and finish, a specific goal, and constraints on time, cost, and resources.","Not quite. committee is a plausible Chapter 10 distractor, but it does not fit this definition or scenario. A coordinated set of activities with a specific start and finish, a specific goal, and constraints on time, cost, and resources.",Project = goal + start/finish + constraints.,"Review Learn to Lead Volume 3, Chapter 10, page(s) 72. Say the definition aloud, study the visual, then explain why each distractor is wrong.",Learn to Lead Volume 3: Indirect Leadership,72,ltl3_c10_project_lifecycle,ch10_project_lifecycle.png,/assets/cap-visuals/ch10_project_lifecycle.png,approved,true,Project Lifecycle,Project Lifecycle study visual.,yes,true,high,close,original_textbook_grounded,Three Earhart Milestone Leadership exam forms used only as style/difficulty references; no milestone question copied,draft,LTL3-C10-Q064,40,LTL3_C10_100
LTL3-C10-Q064,Learn to Lead Volume 3,10,The Staff Officer,LTL3-C10-F32,multiple_choice,application_scenario,medium_hard,application,Which Chapter 10 concept best applies to this situation? A cadet officer is assigned to plan a weekend academy that must be completed by a fixed date within a fixed budget.,committee,program,organization,project,D,"A coordinated set of activities with a specific start and finish, a specific goal, and constraints on time, cost, and resources.","Project is the best answer because it is a coordinated set of activities with a specific start and finish, a specific goal, and constraints on time, cost, and resources.","Not quite. committee is a plausible Chapter 10 distractor, but it does not fit this definition or scenario. A coordinated set of activities with a specific start and finish, a specific goal, and constraints on time, cost, and resources.","Not quite. program is a plausible Chapter 10 distractor, but it does not fit this definition or scenario. A coordinated set of activities with a specific start and finish, a specific goal, and constraints on time, cost, and resources.","Not quite. organization is a plausible Chapter 10 distractor, but it does not fit this definition or scenario. A coordinated set of activities with a specific start and finish, a specific goal, and constraints on time, cost, and resources.","Correct. A coordinated set of activities with a specific start and finish, a specific goal, and constraints on time, cost, and resources.",Project = goal + start/finish + constraints.,"Review Learn to Lead Volume 3, Chapter 10, page(s) 72. Say the definition aloud, study the visual, then explain why each distractor is wrong.",Learn to Lead Volume 3: Indirect Leadership,72,ltl3_c10_project_lifecycle,ch10_project_lifecycle.png,/assets/cap-visuals/ch10_project_lifecycle.png,approved,true,Project Lifecycle,Project Lifecycle study visual.,no,false,medium,close,original_textbook_grounded,Three Earhart Milestone Leadership exam forms used only as style/difficulty references; no milestone question copied,draft,LTL3-C10-Q063,50,LTL3_C10_100
LTL3-C10-Q065,Learn to Lead Volume 3,10,The Staff Officer,LTL3-C10-F33,multiple_choice,direct_exam_style,medium,recall_understanding,Which project role normally authorizes the initiative and empowers the project manager to proceed?,project sponsor,stakeholder,customer,project manager,A,The executive-level internal buyer who authorizes a project and tasks or approves the project manager.,Project sponsor is the best answer because it is the executive-level internal buyer who authorizes a project and tasks or approves the project manager.,Correct. The executive-level internal buyer who authorizes a project and tasks or approves the project manager.,"Not quite. stakeholder is a plausible Chapter 10 distractor, but it does not fit this definition or scenario. The executive-level internal buyer who authorizes a project and tasks or approves the project manager.","Not quite. customer is a plausible Chapter 10 distractor, but it does not fit this definition or scenario. The executive-level internal buyer who authorizes a project and tasks or approves the project manager.","Not quite. project manager is a plausible Chapter 10 distractor, but it does not fit this definition or scenario. The executive-level internal buyer who authorizes a project and tasks or approves the project manager.",Sponsor = authorizes and backs the project.,"Review Learn to Lead Volume 3, Chapter 10, page(s) 73. Say the definition aloud, study the visual, then explain why each distractor is wrong.",Learn to Lead Volume 3: Indirect Leadership,73,ltl3_c10_project_people,ch10_project_key_players.png,/assets/cap-visuals/ch10_project_key_players.png,approved,true,Project Key Players,Project Key Players study visual.,yes,true,high,close,original_textbook_grounded,Three Earhart Milestone Leadership exam forms used only as style/difficulty references; no milestone question copied,draft,LTL3-C10-Q066,40,LTL3_C10_100
LTL3-C10-Q066,Learn to Lead Volume 3,10,The Staff Officer,LTL3-C10-F33,multiple_choice,application_scenario,medium_hard,application,Which Chapter 10 concept best applies to this situation? The squadron commander approves the activity concept and assigns a cadet officer to run it.,stakeholder,project sponsor,customer,project manager,B,The executive-level internal buyer who authorizes a project and tasks or approves the project manager.,Project sponsor is the best answer because it is the executive-level internal buyer who authorizes a project and tasks or approves the project manager.,"Not quite. stakeholder is a plausible Chapter 10 distractor, but it does not fit this definition or scenario. The executive-level internal buyer who authorizes a project and tasks or approves the project manager.",Correct. The executive-level internal buyer who authorizes a project and tasks or approves the project manager.,"Not quite. customer is a plausible Chapter 10 distractor, but it does not fit this definition or scenario. The executive-level internal buyer who authorizes a project and tasks or approves the project manager.","Not quite. project manager is a plausible Chapter 10 distractor, but it does not fit this definition or scenario. The executive-level internal buyer who authorizes a project and tasks or approves the project manager.",Sponsor = authorizes and backs the project.,"Review Learn to Lead Volume 3, Chapter 10, page(s) 73. Say the definition aloud, study the visual, then explain why each distractor is wrong.",Learn to Lead Volume 3: Indirect Leadership,73,ltl3_c10_project_people,ch10_project_key_players.png,/assets/cap-visuals/ch10_project_key_players.png,approved,true,Project Key Players,Project Key Players study visual.,no,false,medium,close,original_textbook_grounded,Three Earhart Milestone Leadership exam forms used only as style/difficulty references; no milestone question copied,draft,LTL3-C10-Q065,50,LTL3_C10_100
LTL3-C10-Q067,Learn to Lead Volume 3,10,The Staff Officer,LTL3-C10-F34,multiple_choice,direct_exam_style,medium,recall_understanding,"Which project role is responsible for day-to-day planning, coordination, tracking, and reporting?",customer,project sponsor,project manager,stakeholder,C,"The day-to-day leader responsible for planning, coordinating, tracking, and reporting project progress.","Project manager is the best answer because it is the day-to-day leader responsible for planning, coordinating, tracking, and reporting project progress.","Not quite. customer is a plausible Chapter 10 distractor, but it does not fit this definition or scenario. The day-to-day leader responsible for planning, coordinating, tracking, and reporting project progress.","Not quite. project sponsor is a plausible Chapter 10 distractor, but it does not fit this definition or scenario. The day-to-day leader responsible for planning, coordinating, tracking, and reporting project progress.","Correct. The day-to-day leader responsible for planning, coordinating, tracking, and reporting project progress.","Not quite. stakeholder is a plausible Chapter 10 distractor, but it does not fit this definition or scenario. The day-to-day leader responsible for planning, coordinating, tracking, and reporting project progress.",PM = plan • coordinate • track • report.,"Review Learn to Lead Volume 3, Chapter 10, page(s) 73. Say the definition aloud, study the visual, then explain why each distractor is wrong.",Learn to Lead Volume 3: Indirect Leadership,73,ltl3_c10_project_people,ch10_project_key_players.png,/assets/cap-visuals/ch10_project_key_players.png,approved,true,Project Key Players,Project Key Players study visual.,yes,true,high,close,original_textbook_grounded,Three Earhart Milestone Leadership exam forms used only as style/difficulty references; no milestone question copied,draft,LTL3-C10-Q068,40,LTL3_C10_100
LTL3-C10-Q068,Learn to Lead Volume 3,10,The Staff Officer,LTL3-C10-F34,multiple_choice,application_scenario,medium_hard,application,Which Chapter 10 concept best applies to this situation? A cadet activity director supervises the project team and reports progress to the commander who approved the activity.,customer,stakeholder,project sponsor,project manager,D,"The day-to-day leader responsible for planning, coordinating, tracking, and reporting project progress.","Project manager is the best answer because it is the day-to-day leader responsible for planning, coordinating, tracking, and reporting project progress.","Not quite. customer is a plausible Chapter 10 distractor, but it does not fit this definition or scenario. The day-to-day leader responsible for planning, coordinating, tracking, and reporting project progress.","Not quite. stakeholder is a plausible Chapter 10 distractor, but it does not fit this definition or scenario. The day-to-day leader responsible for planning, coordinating, tracking, and reporting project progress.","Not quite. project sponsor is a plausible Chapter 10 distractor, but it does not fit this definition or scenario. The day-to-day leader responsible for planning, coordinating, tracking, and reporting project progress.","Correct. The day-to-day leader responsible for planning, coordinating, tracking, and reporting project progress.",PM = plan • coordinate • track • report.,"Review Learn to Lead Volume 3, Chapter 10, page(s) 73. Say the definition aloud, study the visual, then explain why each distractor is wrong.",Learn to Lead Volume 3: Indirect Leadership,73,ltl3_c10_project_people,ch10_project_key_players.png,/assets/cap-visuals/ch10_project_key_players.png,approved,true,Project Key Players,Project Key Players study visual.,no,false,medium,close,original_textbook_grounded,Three Earhart Milestone Leadership exam forms used only as style/difficulty references; no milestone question copied,draft,LTL3-C10-Q067,50,LTL3_C10_100
LTL3-C10-Q069,Learn to Lead Volume 3,10,The Staff Officer,LTL3-C10-F35,multiple_choice,direct_exam_style,medium,recall_understanding,Which term describes people who have a direct or indirect interest in a project's outcome?,stakeholders,customers,project sponsors only,operating core,A,People who have a direct or indirect interest in a project because they have something at stake.,Stakeholders is the best answer because it is people who have a direct or indirect interest in a project because they have something at stake.,Correct. People who have a direct or indirect interest in a project because they have something at stake.,"Not quite. customers is a plausible Chapter 10 distractor, but it does not fit this definition or scenario. People who have a direct or indirect interest in a project because they have something at stake.","Not quite. project sponsors only is a plausible Chapter 10 distractor, but it does not fit this definition or scenario. People who have a direct or indirect interest in a project because they have something at stake.","Not quite. operating core is a plausible Chapter 10 distractor, but it does not fit this definition or scenario. People who have a direct or indirect interest in a project because they have something at stake.",Stakeholder = something at stake.,"Review Learn to Lead Volume 3, Chapter 10, page(s) 73. Say the definition aloud, study the visual, then explain why each distractor is wrong.",Learn to Lead Volume 3: Indirect Leadership,73,ltl3_c10_project_people,ch10_project_key_players.png,/assets/cap-visuals/ch10_project_key_players.png,approved,true,Project Key Players,Project Key Players study visual.,yes,true,high,close,original_textbook_grounded,Three Earhart Milestone Leadership exam forms used only as style/difficulty references; no milestone question copied,draft,LTL3-C10-Q070,40,LTL3_C10_100
LTL3-C10-Q070,Learn to Lead Volume 3,10,The Staff Officer,LTL3-C10-F35,multiple_choice,application_scenario,medium_hard,application,"Which Chapter 10 concept best applies to this situation? A school principal cares about a squadron event because it will use the school building, even though the principal will not attend the event.",operating core,stakeholders,customers,project sponsors only,B,People who have a direct or indirect interest in a project because they have something at stake.,Stakeholders is the best answer because it is people who have a direct or indirect interest in a project because they have something at stake.,"Not quite. operating core is a plausible Chapter 10 distractor, but it does not fit this definition or scenario. People who have a direct or indirect interest in a project because they have something at stake.",Correct. People who have a direct or indirect interest in a project because they have something at stake.,"Not quite. customers is a plausible Chapter 10 distractor, but it does not fit this definition or scenario. People who have a direct or indirect interest in a project because they have something at stake.","Not quite. project sponsors only is a plausible Chapter 10 distractor, but it does not fit this definition or scenario. People who have a direct or indirect interest in a project because they have something at stake.",Stakeholder = something at stake.,"Review Learn to Lead Volume 3, Chapter 10, page(s) 73. Say the definition aloud, study the visual, then explain why each distractor is wrong.",Learn to Lead Volume 3: Indirect Leadership,73,ltl3_c10_project_people,ch10_project_key_players.png,/assets/cap-visuals/ch10_project_key_players.png,approved,true,Project Key Players,Project Key Players study visual.,no,false,medium,close,original_textbook_grounded,Three Earhart Milestone Leadership exam forms used only as style/difficulty references; no milestone question copied,draft,LTL3-C10-Q069,50,LTL3_C10_100
LTL3-C10-Q071,Learn to Lead Volume 3,10,The Staff Officer,LTL3-C10-F36,multiple_choice,direct_exam_style,medium,recall_understanding,Who are considered the most important people in the project environment because they directly benefit from the output?,stakeholders,assistant project managers,customers,project sponsors,C,The people who directly benefit from or consume what a project creates.,Customers is the best answer because it is the people who directly benefit from or consume what a project creates.,"Not quite. stakeholders is a plausible Chapter 10 distractor, but it does not fit this definition or scenario. The people who directly benefit from or consume what a project creates.","Not quite. assistant project managers is a plausible Chapter 10 distractor, but it does not fit this definition or scenario. The people who directly benefit from or consume what a project creates.",Correct. The people who directly benefit from or consume what a project creates.,"Not quite. project sponsors is a plausible Chapter 10 distractor, but it does not fit this definition or scenario. The people who directly benefit from or consume what a project creates.",Customer = directly receives the project's value.,"Review Learn to Lead Volume 3, Chapter 10, page(s) 73-74. Say the definition aloud, study the visual, then explain why each distractor is wrong.",Learn to Lead Volume 3: Indirect Leadership,73-74,ltl3_c10_project_people,ch10_project_key_players.png,/assets/cap-visuals/ch10_project_key_players.png,approved,true,Project Key Players,Project Key Players study visual.,yes,true,high,close,original_textbook_grounded,Three Earhart Milestone Leadership exam forms used only as style/difficulty references; no milestone question copied,draft,LTL3-C10-Q072,40,LTL3_C10_100
LTL3-C10-Q072,Learn to Lead Volume 3,10,The Staff Officer,LTL3-C10-F36,multiple_choice,application_scenario,medium_hard,application,"Which Chapter 10 concept best applies to this situation? At an encampment, first-time cadet attendees are the primary group the project is designed to serve.",assistant project managers,project sponsors,stakeholders,customers,D,The people who directly benefit from or consume what a project creates.,Customers is the best answer because it is the people who directly benefit from or consume what a project creates.,"Not quite. assistant project managers is a plausible Chapter 10 distractor, but it does not fit this definition or scenario. The people who directly benefit from or consume what a project creates.","Not quite. project sponsors is a plausible Chapter 10 distractor, but it does not fit this definition or scenario. The people who directly benefit from or consume what a project creates.","Not quite. stakeholders is a plausible Chapter 10 distractor, but it does not fit this definition or scenario. The people who directly benefit from or consume what a project creates.",Correct. The people who directly benefit from or consume what a project creates.,Customer = directly receives the project's value.,"Review Learn to Lead Volume 3, Chapter 10, page(s) 73-74. Say the definition aloud, study the visual, then explain why each distractor is wrong.",Learn to Lead Volume 3: Indirect Leadership,73-74,ltl3_c10_project_people,ch10_project_key_players.png,/assets/cap-visuals/ch10_project_key_players.png,approved,true,Project Key Players,Project Key Players study visual.,no,false,medium,close,original_textbook_grounded,Three Earhart Milestone Leadership exam forms used only as style/difficulty references; no milestone question copied,draft,LTL3-C10-Q071,50,LTL3_C10_100
LTL3-C10-Q073,Learn to Lead Volume 3,10,The Staff Officer,LTL3-C10-F37,multiple_choice,direct_exam_style,medium,recall_understanding,Which sequence matches Chapter 10's simplified project lifecycle?,project lifecycle,"design, staffing, inspection, adjournment","proposal, command, sustainment, audit","planning, briefing, voting, closing",A,"The four-phase process of proposal, planning, execution, and review/concluding.","Project lifecycle is the best answer because it is the four-phase process of proposal, planning, execution, and review/concluding.","Correct. The four-phase process of proposal, planning, execution, and review/concluding.","Not quite. design, staffing, inspection, adjournment is a plausible Chapter 10 distractor, but it does not fit this definition or scenario. The four-phase process of proposal, planning, execution, and review/concluding.","Not quite. proposal, command, sustainment, audit is a plausible Chapter 10 distractor, but it does not fit this definition or scenario. The four-phase process of proposal, planning, execution, and review/concluding.","Not quite. planning, briefing, voting, closing is a plausible Chapter 10 distractor, but it does not fit this definition or scenario. The four-phase process of proposal, planning, execution, and review/concluding.",P-P-E-R = Propose • Plan • Execute • Review.,"Review Learn to Lead Volume 3, Chapter 10, page(s) 74-81. Say the definition aloud, study the visual, then explain why each distractor is wrong.",Learn to Lead Volume 3: Indirect Leadership,74-81,ltl3_c10_project_lifecycle,ch10_project_lifecycle.png,/assets/cap-visuals/ch10_project_lifecycle.png,approved,true,Project Lifecycle,Project Lifecycle study visual.,yes,true,high,close,original_textbook_grounded,Three Earhart Milestone Leadership exam forms used only as style/difficulty references; no milestone question copied,draft,LTL3-C10-Q074,40,LTL3_C10_100
LTL3-C10-Q074,Learn to Lead Volume 3,10,The Staff Officer,LTL3-C10-F37,multiple_choice,application_scenario,medium_hard,application,"Which Chapter 10 concept best applies to this situation? A team first wins approval, then develops detailed plans, carries out the event, and finally gathers feedback and closes out the project.","design, staffing, inspection, adjournment",project lifecycle,"planning, briefing, voting, closing","proposal, command, sustainment, audit",B,"The four-phase process of proposal, planning, execution, and review/concluding.","Project lifecycle is the best answer because it is the four-phase process of proposal, planning, execution, and review/concluding.","Not quite. design, staffing, inspection, adjournment is a plausible Chapter 10 distractor, but it does not fit this definition or scenario. The four-phase process of proposal, planning, execution, and review/concluding.","Correct. The four-phase process of proposal, planning, execution, and review/concluding.","Not quite. planning, briefing, voting, closing is a plausible Chapter 10 distractor, but it does not fit this definition or scenario. The four-phase process of proposal, planning, execution, and review/concluding.","Not quite. proposal, command, sustainment, audit is a plausible Chapter 10 distractor, but it does not fit this definition or scenario. The four-phase process of proposal, planning, execution, and review/concluding.",P-P-E-R = Propose • Plan • Execute • Review.,"Review Learn to Lead Volume 3, Chapter 10, page(s) 74-81. Say the definition aloud, study the visual, then explain why each distractor is wrong.",Learn to Lead Volume 3: Indirect Leadership,74-81,ltl3_c10_project_lifecycle,ch10_project_lifecycle.png,/assets/cap-visuals/ch10_project_lifecycle.png,approved,true,Project Lifecycle,Project Lifecycle study visual.,no,false,medium,close,original_textbook_grounded,Three Earhart Milestone Leadership exam forms used only as style/difficulty references; no milestone question copied,draft,LTL3-C10-Q073,50,LTL3_C10_100
LTL3-C10-Q075,Learn to Lead Volume 3,10,The Staff Officer,LTL3-C10-F38,multiple_choice,direct_exam_style,medium,recall_understanding,Which document is used in the proposal phase to make the initial case for launching a project?,meeting minutes,Gantt chart,project brief,Project Initiating Document,C,The proposal-phase strategic document giving an initial view of what a project should achieve.,Project brief is the best answer because it is the proposal-phase strategic document giving an initial view of what a project should achieve.,"Not quite. meeting minutes is a plausible Chapter 10 distractor, but it does not fit this definition or scenario. The proposal-phase strategic document giving an initial view of what a project should achieve.","Not quite. Gantt chart is a plausible Chapter 10 distractor, but it does not fit this definition or scenario. The proposal-phase strategic document giving an initial view of what a project should achieve.",Correct. The proposal-phase strategic document giving an initial view of what a project should achieve.,"Not quite. Project Initiating Document is a plausible Chapter 10 distractor, but it does not fit this definition or scenario. The proposal-phase strategic document giving an initial view of what a project should achieve.",Brief = sell the idea before detailing every task.,"Review Learn to Lead Volume 3, Chapter 10, page(s) 75-77. Say the definition aloud, study the visual, then explain why each distractor is wrong.",Learn to Lead Volume 3: Indirect Leadership,75-77,ltl3_c10_project_lifecycle,ch10_project_lifecycle.png,/assets/cap-visuals/ch10_project_lifecycle.png,approved,true,Project Lifecycle,Project Lifecycle study visual.,yes,true,high,close,original_textbook_grounded,Three Earhart Milestone Leadership exam forms used only as style/difficulty references; no milestone question copied,draft,LTL3-C10-Q076,40,LTL3_C10_100
LTL3-C10-Q076,Learn to Lead Volume 3,10,The Staff Officer,LTL3-C10-F38,multiple_choice,application_scenario,medium_hard,application,"Which Chapter 10 concept best applies to this situation? A cadet sends the sponsor a concise document containing the goal, narrative, key data, deliverables, and recommended action.",Project Initiating Document,meeting minutes,Gantt chart,project brief,D,The proposal-phase strategic document giving an initial view of what a project should achieve.,Project brief is the best answer because it is the proposal-phase strategic document giving an initial view of what a project should achieve.,"Not quite. Project Initiating Document is a plausible Chapter 10 distractor, but it does not fit this definition or scenario. The proposal-phase strategic document giving an initial view of what a project should achieve.","Not quite. meeting minutes is a plausible Chapter 10 distractor, but it does not fit this definition or scenario. The proposal-phase strategic document giving an initial view of what a project should achieve.","Not quite. Gantt chart is a plausible Chapter 10 distractor, but it does not fit this definition or scenario. The proposal-phase strategic document giving an initial view of what a project should achieve.",Correct. The proposal-phase strategic document giving an initial view of what a project should achieve.,Brief = sell the idea before detailing every task.,"Review Learn to Lead Volume 3, Chapter 10, page(s) 75-77. Say the definition aloud, study the visual, then explain why each distractor is wrong.",Learn to Lead Volume 3: Indirect Leadership,75-77,ltl3_c10_project_lifecycle,ch10_project_lifecycle.png,/assets/cap-visuals/ch10_project_lifecycle.png,approved,true,Project Lifecycle,Project Lifecycle study visual.,no,false,medium,close,original_textbook_grounded,Three Earhart Milestone Leadership exam forms used only as style/difficulty references; no milestone question copied,draft,LTL3-C10-Q075,50,LTL3_C10_100
LTL3-C10-Q077,Learn to Lead Volume 3,10,The Staff Officer,LTL3-C10-F39,multiple_choice,direct_exam_style,medium,recall_understanding,What does opportunity cost mean in project selection?,opportunity cost,sunk cost,economy of scale,project budget,A,The benefit of the best alternative that must be given up in order to pursue a chosen action.,Opportunity cost is the best answer because it is the benefit of the best alternative that must be given up in order to pursue a chosen action.,Correct. The benefit of the best alternative that must be given up in order to pursue a chosen action.,"Not quite. sunk cost is a plausible Chapter 10 distractor, but it does not fit this definition or scenario. The benefit of the best alternative that must be given up in order to pursue a chosen action.","Not quite. economy of scale is a plausible Chapter 10 distractor, but it does not fit this definition or scenario. The benefit of the best alternative that must be given up in order to pursue a chosen action.","Not quite. project budget is a plausible Chapter 10 distractor, but it does not fit this definition or scenario. The benefit of the best alternative that must be given up in order to pursue a chosen action.",Opportunity cost = what good alternative you give up.,"Review Learn to Lead Volume 3, Chapter 10, page(s) 76. Say the definition aloud, study the visual, then explain why each distractor is wrong.",Learn to Lead Volume 3: Indirect Leadership,76,ltl3_c10_project_lifecycle,ch10_project_lifecycle.png,/assets/cap-visuals/ch10_project_lifecycle.png,approved,true,Project Lifecycle,Project Lifecycle study visual.,yes,true,high,close,original_textbook_grounded,Three Earhart Milestone Leadership exam forms used only as style/difficulty references; no milestone question copied,draft,LTL3-C10-Q078,40,LTL3_C10_100
LTL3-C10-Q078,Learn to Lead Volume 3,10,The Staff Officer,LTL3-C10-F39,multiple_choice,application_scenario,medium_hard,application,"Which Chapter 10 concept best applies to this situation? The wing can fund either a leadership academy or a new equipment purchase, but not both; choosing one means giving up the benefits of the other.",economy of scale,opportunity cost,sunk cost,project budget,B,The benefit of the best alternative that must be given up in order to pursue a chosen action.,Opportunity cost is the best answer because it is the benefit of the best alternative that must be given up in order to pursue a chosen action.,"Not quite. economy of scale is a plausible Chapter 10 distractor, but it does not fit this definition or scenario. The benefit of the best alternative that must be given up in order to pursue a chosen action.",Correct. The benefit of the best alternative that must be given up in order to pursue a chosen action.,"Not quite. sunk cost is a plausible Chapter 10 distractor, but it does not fit this definition or scenario. The benefit of the best alternative that must be given up in order to pursue a chosen action.","Not quite. project budget is a plausible Chapter 10 distractor, but it does not fit this definition or scenario. The benefit of the best alternative that must be given up in order to pursue a chosen action.",Opportunity cost = what good alternative you give up.,"Review Learn to Lead Volume 3, Chapter 10, page(s) 76. Say the definition aloud, study the visual, then explain why each distractor is wrong.",Learn to Lead Volume 3: Indirect Leadership,76,ltl3_c10_project_lifecycle,ch10_project_lifecycle.png,/assets/cap-visuals/ch10_project_lifecycle.png,approved,true,Project Lifecycle,Project Lifecycle study visual.,no,false,medium,close,original_textbook_grounded,Three Earhart Milestone Leadership exam forms used only as style/difficulty references; no milestone question copied,draft,LTL3-C10-Q077,50,LTL3_C10_100
LTL3-C10-Q079,Learn to Lead Volume 3,10,The Staff Officer,LTL3-C10-F40,multiple_choice,direct_exam_style,medium,recall_understanding,Which planning-phase document adds operational detail to the project brief and allows a replacement manager to pick up the project?,meeting minutes,staff summary sheet,Project Initiating Document,project brief,C,"The planning-phase file or binder documenting how the project will be managed, including plans, charts, schedules, budgets, and governance.","Project initiating document is the best answer because it is the planning-phase file or binder documenting how the project will be managed, including plans, charts, schedules, budgets, and governance.","Not quite. meeting minutes is a plausible Chapter 10 distractor, but it does not fit this definition or scenario. The planning-phase file or binder documenting how the project will be managed, including plans, charts, schedules, budgets, and governance.","Not quite. staff summary sheet is a plausible Chapter 10 distractor, but it does not fit this definition or scenario. The planning-phase file or binder documenting how the project will be managed, including plans, charts, schedules, budgets, and governance.","Correct. The planning-phase file or binder documenting how the project will be managed, including plans, charts, schedules, budgets, and governance.","Not quite. project brief is a plausible Chapter 10 distractor, but it does not fit this definition or scenario. The planning-phase file or binder documenting how the project will be managed, including plans, charts, schedules, budgets, and governance.",PID = detailed management blueprint.,"Review Learn to Lead Volume 3, Chapter 10, page(s) 76-78. Say the definition aloud, study the visual, then explain why each distractor is wrong.",Learn to Lead Volume 3: Indirect Leadership,76-78,ltl3_c10_project_lifecycle,ch10_project_lifecycle.png,/assets/cap-visuals/ch10_project_lifecycle.png,approved,true,Project Lifecycle,Project Lifecycle study visual.,yes,true,high,close,original_textbook_grounded,Three Earhart Milestone Leadership exam forms used only as style/difficulty references; no milestone question copied,draft,LTL3-C10-Q080,40,LTL3_C10_100
LTL3-C10-Q080,Learn to Lead Volume 3,10,The Staff Officer,LTL3-C10-F40,multiple_choice,application_scenario,medium_hard,application,"Which Chapter 10 concept best applies to this situation? The team compiles the organization chart, schedule, budget, governance rules, and communications plan into one project-management binder.",meeting minutes,project brief,staff summary sheet,Project Initiating Document,D,"The planning-phase file or binder documenting how the project will be managed, including plans, charts, schedules, budgets, and governance.","Project initiating document is the best answer because it is the planning-phase file or binder documenting how the project will be managed, including plans, charts, schedules, budgets, and governance.","Not quite. meeting minutes is a plausible Chapter 10 distractor, but it does not fit this definition or scenario. The planning-phase file or binder documenting how the project will be managed, including plans, charts, schedules, budgets, and governance.","Not quite. project brief is a plausible Chapter 10 distractor, but it does not fit this definition or scenario. The planning-phase file or binder documenting how the project will be managed, including plans, charts, schedules, budgets, and governance.","Not quite. staff summary sheet is a plausible Chapter 10 distractor, but it does not fit this definition or scenario. The planning-phase file or binder documenting how the project will be managed, including plans, charts, schedules, budgets, and governance.","Correct. The planning-phase file or binder documenting how the project will be managed, including plans, charts, schedules, budgets, and governance.",PID = detailed management blueprint.,"Review Learn to Lead Volume 3, Chapter 10, page(s) 76-78. Say the definition aloud, study the visual, then explain why each distractor is wrong.",Learn to Lead Volume 3: Indirect Leadership,76-78,ltl3_c10_project_lifecycle,ch10_project_lifecycle.png,/assets/cap-visuals/ch10_project_lifecycle.png,approved,true,Project Lifecycle,Project Lifecycle study visual.,no,false,medium,close,original_textbook_grounded,Three Earhart Milestone Leadership exam forms used only as style/difficulty references; no milestone question copied,draft,LTL3-C10-Q079,50,LTL3_C10_100
LTL3-C10-Q081,Learn to Lead Volume 3,10,The Staff Officer,LTL3-C10-F41,multiple_choice,direct_exam_style,medium,recall_understanding,"Which tool shows project tasks and deliverables across time, including responsibility and status?",Gantt chart,organizational chart,flowchart,staff summary sheet,A,"A timeline-style project tool showing when deliverables must be completed, who is responsible, and what work is done or remains.","Gantt chart is the best answer because it is a timeline-style project tool showing when deliverables must be completed, who is responsible, and what work is done or remains.","Correct. A timeline-style project tool showing when deliverables must be completed, who is responsible, and what work is done or remains.","Not quite. organizational chart is a plausible Chapter 10 distractor, but it does not fit this definition or scenario. A timeline-style project tool showing when deliverables must be completed, who is responsible, and what work is done or remains.","Not quite. flowchart is a plausible Chapter 10 distractor, but it does not fit this definition or scenario. A timeline-style project tool showing when deliverables must be completed, who is responsible, and what work is done or remains.","Not quite. staff summary sheet is a plausible Chapter 10 distractor, but it does not fit this definition or scenario. A timeline-style project tool showing when deliverables must be completed, who is responsible, and what work is done or remains.",Gantt = who does what by when.,"Review Learn to Lead Volume 3, Chapter 10, page(s) 78. Say the definition aloud, study the visual, then explain why each distractor is wrong.",Learn to Lead Volume 3: Indirect Leadership,78,ltl3_c10_project_lifecycle,ch10_project_lifecycle.png,/assets/cap-visuals/ch10_project_lifecycle.png,approved,true,Project Lifecycle,Project Lifecycle study visual.,yes,true,high,close,original_textbook_grounded,Three Earhart Milestone Leadership exam forms used only as style/difficulty references; no milestone question copied,draft,LTL3-C10-Q082,40,LTL3_C10_100
LTL3-C10-Q082,Learn to Lead Volume 3,10,The Staff Officer,LTL3-C10-F41,multiple_choice,application_scenario,medium_hard,application,"Which Chapter 10 concept best applies to this situation? A project manager wants one visual that reveals deadlines, task owners, completed work, and work remaining.",staff summary sheet,Gantt chart,flowchart,organizational chart,B,"A timeline-style project tool showing when deliverables must be completed, who is responsible, and what work is done or remains.","Gantt chart is the best answer because it is a timeline-style project tool showing when deliverables must be completed, who is responsible, and what work is done or remains.","Not quite. staff summary sheet is a plausible Chapter 10 distractor, but it does not fit this definition or scenario. A timeline-style project tool showing when deliverables must be completed, who is responsible, and what work is done or remains.","Correct. A timeline-style project tool showing when deliverables must be completed, who is responsible, and what work is done or remains.","Not quite. flowchart is a plausible Chapter 10 distractor, but it does not fit this definition or scenario. A timeline-style project tool showing when deliverables must be completed, who is responsible, and what work is done or remains.","Not quite. organizational chart is a plausible Chapter 10 distractor, but it does not fit this definition or scenario. A timeline-style project tool showing when deliverables must be completed, who is responsible, and what work is done or remains.",Gantt = who does what by when.,"Review Learn to Lead Volume 3, Chapter 10, page(s) 78. Say the definition aloud, study the visual, then explain why each distractor is wrong.",Learn to Lead Volume 3: Indirect Leadership,78,ltl3_c10_project_lifecycle,ch10_project_lifecycle.png,/assets/cap-visuals/ch10_project_lifecycle.png,approved,true,Project Lifecycle,Project Lifecycle study visual.,no,false,medium,close,original_textbook_grounded,Three Earhart Milestone Leadership exam forms used only as style/difficulty references; no milestone question copied,draft,LTL3-C10-Q081,50,LTL3_C10_100
LTL3-C10-Q083,Learn to Lead Volume 3,10,The Staff Officer,LTL3-C10-F42,multiple_choice,direct_exam_style,medium,recall_understanding,What is the purpose of a field test during project planning?,final inspection only,project brief,field test,staff meeting,C,"A safe trial, prototype, dry run, or beta test used to verify that a deliverable meets customer requirements before full implementation.","Field test is the best answer because it is a safe trial, prototype, dry run, or beta test used to verify that a deliverable meets customer requirements before full implementation.","Not quite. final inspection only is a plausible Chapter 10 distractor, but it does not fit this definition or scenario. A safe trial, prototype, dry run, or beta test used to verify that a deliverable meets customer requirements before full implementation.","Not quite. project brief is a plausible Chapter 10 distractor, but it does not fit this definition or scenario. A safe trial, prototype, dry run, or beta test used to verify that a deliverable meets customer requirements before full implementation.","Correct. A safe trial, prototype, dry run, or beta test used to verify that a deliverable meets customer requirements before full implementation.","Not quite. staff meeting is a plausible Chapter 10 distractor, but it does not fit this definition or scenario. A safe trial, prototype, dry run, or beta test used to verify that a deliverable meets customer requirements before full implementation.",Test before reputation is on the line.,"Review Learn to Lead Volume 3, Chapter 10, page(s) 78-79. Say the definition aloud, study the visual, then explain why each distractor is wrong.",Learn to Lead Volume 3: Indirect Leadership,78-79,ltl3_c10_project_lifecycle,ch10_project_lifecycle.png,/assets/cap-visuals/ch10_project_lifecycle.png,approved,true,Project Lifecycle,Project Lifecycle study visual.,yes,true,high,close,original_textbook_grounded,Three Earhart Milestone Leadership exam forms used only as style/difficulty references; no milestone question copied,draft,LTL3-C10-Q084,40,LTL3_C10_100
LTL3-C10-Q084,Learn to Lead Volume 3,10,The Staff Officer,LTL3-C10-F42,multiple_choice,application_scenario,medium_hard,application,"Which Chapter 10 concept best applies to this situation? Before launching new software to everyone, a small group tries it on several computers so the team can find and fix problems.",staff meeting,project brief,final inspection only,field test,D,"A safe trial, prototype, dry run, or beta test used to verify that a deliverable meets customer requirements before full implementation.","Field test is the best answer because it is a safe trial, prototype, dry run, or beta test used to verify that a deliverable meets customer requirements before full implementation.","Not quite. staff meeting is a plausible Chapter 10 distractor, but it does not fit this definition or scenario. A safe trial, prototype, dry run, or beta test used to verify that a deliverable meets customer requirements before full implementation.","Not quite. project brief is a plausible Chapter 10 distractor, but it does not fit this definition or scenario. A safe trial, prototype, dry run, or beta test used to verify that a deliverable meets customer requirements before full implementation.","Not quite. final inspection only is a plausible Chapter 10 distractor, but it does not fit this definition or scenario. A safe trial, prototype, dry run, or beta test used to verify that a deliverable meets customer requirements before full implementation.","Correct. A safe trial, prototype, dry run, or beta test used to verify that a deliverable meets customer requirements before full implementation.",Test before reputation is on the line.,"Review Learn to Lead Volume 3, Chapter 10, page(s) 78-79. Say the definition aloud, study the visual, then explain why each distractor is wrong.",Learn to Lead Volume 3: Indirect Leadership,78-79,ltl3_c10_project_lifecycle,ch10_project_lifecycle.png,/assets/cap-visuals/ch10_project_lifecycle.png,approved,true,Project Lifecycle,Project Lifecycle study visual.,no,false,medium,close,original_textbook_grounded,Three Earhart Milestone Leadership exam forms used only as style/difficulty references; no milestone question copied,draft,LTL3-C10-Q083,50,LTL3_C10_100
LTL3-C10-Q085,Learn to Lead Volume 3,10,The Staff Officer,LTL3-C10-F43,multiple_choice,direct_exam_style,medium,recall_understanding,Which project phase is where the plan is actually carried out and the deliverables reach the customer?,execution phase,planning phase,proposal phase,review and concluding phase,A,"The project phase in which the team implements the plan, builds or runs the deliverables, and gets them to the customer.","Execution phase is the best answer because it is the project phase in which the team implements the plan, builds or runs the deliverables, and gets them to the customer.","Correct. The project phase in which the team implements the plan, builds or runs the deliverables, and gets them to the customer.","Not quite. planning phase is a plausible Chapter 10 distractor, but it does not fit this definition or scenario. The project phase in which the team implements the plan, builds or runs the deliverables, and gets them to the customer.","Not quite. proposal phase is a plausible Chapter 10 distractor, but it does not fit this definition or scenario. The project phase in which the team implements the plan, builds or runs the deliverables, and gets them to the customer.","Not quite. review and concluding phase is a plausible Chapter 10 distractor, but it does not fit this definition or scenario. The project phase in which the team implements the plan, builds or runs the deliverables, and gets them to the customer.",Execution = do the project and deliver value.,"Review Learn to Lead Volume 3, Chapter 10, page(s) 79-80. Say the definition aloud, study the visual, then explain why each distractor is wrong.",Learn to Lead Volume 3: Indirect Leadership,79-80,ltl3_c10_project_lifecycle,ch10_project_lifecycle.png,/assets/cap-visuals/ch10_project_lifecycle.png,approved,true,Project Lifecycle,Project Lifecycle study visual.,yes,true,high,close,original_textbook_grounded,Three Earhart Milestone Leadership exam forms used only as style/difficulty references; no milestone question copied,draft,LTL3-C10-Q086,40,LTL3_C10_100
LTL3-C10-Q086,Learn to Lead Volume 3,10,The Staff Officer,LTL3-C10-F43,multiple_choice,application_scenario,medium_hard,application,"Which Chapter 10 concept best applies to this situation? After months of preparation, cadet staff conduct the academy, teach the classes, and serve the students.",review and concluding phase,execution phase,planning phase,proposal phase,B,"The project phase in which the team implements the plan, builds or runs the deliverables, and gets them to the customer.","Execution phase is the best answer because it is the project phase in which the team implements the plan, builds or runs the deliverables, and gets them to the customer.","Not quite. review and concluding phase is a plausible Chapter 10 distractor, but it does not fit this definition or scenario. The project phase in which the team implements the plan, builds or runs the deliverables, and gets them to the customer.","Correct. The project phase in which the team implements the plan, builds or runs the deliverables, and gets them to the customer.","Not quite. planning phase is a plausible Chapter 10 distractor, but it does not fit this definition or scenario. The project phase in which the team implements the plan, builds or runs the deliverables, and gets them to the customer.","Not quite. proposal phase is a plausible Chapter 10 distractor, but it does not fit this definition or scenario. The project phase in which the team implements the plan, builds or runs the deliverables, and gets them to the customer.",Execution = do the project and deliver value.,"Review Learn to Lead Volume 3, Chapter 10, page(s) 79-80. Say the definition aloud, study the visual, then explain why each distractor is wrong.",Learn to Lead Volume 3: Indirect Leadership,79-80,ltl3_c10_project_lifecycle,ch10_project_lifecycle.png,/assets/cap-visuals/ch10_project_lifecycle.png,approved,true,Project Lifecycle,Project Lifecycle study visual.,no,false,medium,close,original_textbook_grounded,Three Earhart Milestone Leadership exam forms used only as style/difficulty references; no milestone question copied,draft,LTL3-C10-Q085,50,LTL3_C10_100
LTL3-C10-Q087,Learn to Lead Volume 3,10,The Staff Officer,LTL3-C10-F44,multiple_choice,direct_exam_style,medium,recall_understanding,"Which project phase includes customer feedback, recognition, close-out, and a continuity file?",proposal phase,execution phase,review and concluding phase,planning phase,C,"The phase in which the team gathers feedback and lessons learned, recognizes contributors, completes administrative close-out, and builds a continuity file.","Review and concluding phase is the best answer because it is the phase in which the team gathers feedback and lessons learned, recognizes contributors, completes administrative close-out, and builds a continuity file.","Not quite. proposal phase is a plausible Chapter 10 distractor, but it does not fit this definition or scenario. The phase in which the team gathers feedback and lessons learned, recognizes contributors, completes administrative close-out, and builds a continuity file.","Not quite. execution phase is a plausible Chapter 10 distractor, but it does not fit this definition or scenario. The phase in which the team gathers feedback and lessons learned, recognizes contributors, completes administrative close-out, and builds a continuity file.","Correct. The phase in which the team gathers feedback and lessons learned, recognizes contributors, completes administrative close-out, and builds a continuity file.","Not quite. planning phase is a plausible Chapter 10 distractor, but it does not fit this definition or scenario. The phase in which the team gathers feedback and lessons learned, recognizes contributors, completes administrative close-out, and builds a continuity file.",Review = learn • thank • close • preserve.,"Review Learn to Lead Volume 3, Chapter 10, page(s) 80-81. Say the definition aloud, study the visual, then explain why each distractor is wrong.",Learn to Lead Volume 3: Indirect Leadership,80-81,ltl3_c10_project_lifecycle,ch10_project_lifecycle.png,/assets/cap-visuals/ch10_project_lifecycle.png,approved,true,Project Lifecycle,Project Lifecycle study visual.,yes,true,high,close,original_textbook_grounded,Three Earhart Milestone Leadership exam forms used only as style/difficulty references; no milestone question copied,draft,LTL3-C10-Q088,40,LTL3_C10_100
LTL3-C10-Q088,Learn to Lead Volume 3,10,The Staff Officer,LTL3-C10-F44,multiple_choice,application_scenario,medium_hard,application,"Which Chapter 10 concept best applies to this situation? After an activity ends, staff collect surveys, reconcile finances, thank volunteers, and save the key records for next year's team.",execution phase,proposal phase,planning phase,review and concluding phase,D,"The phase in which the team gathers feedback and lessons learned, recognizes contributors, completes administrative close-out, and builds a continuity file.","Review and concluding phase is the best answer because it is the phase in which the team gathers feedback and lessons learned, recognizes contributors, completes administrative close-out, and builds a continuity file.","Not quite. execution phase is a plausible Chapter 10 distractor, but it does not fit this definition or scenario. The phase in which the team gathers feedback and lessons learned, recognizes contributors, completes administrative close-out, and builds a continuity file.","Not quite. proposal phase is a plausible Chapter 10 distractor, but it does not fit this definition or scenario. The phase in which the team gathers feedback and lessons learned, recognizes contributors, completes administrative close-out, and builds a continuity file.","Not quite. planning phase is a plausible Chapter 10 distractor, but it does not fit this definition or scenario. The phase in which the team gathers feedback and lessons learned, recognizes contributors, completes administrative close-out, and builds a continuity file.","Correct. The phase in which the team gathers feedback and lessons learned, recognizes contributors, completes administrative close-out, and builds a continuity file.",Review = learn • thank • close • preserve.,"Review Learn to Lead Volume 3, Chapter 10, page(s) 80-81. Say the definition aloud, study the visual, then explain why each distractor is wrong.",Learn to Lead Volume 3: Indirect Leadership,80-81,ltl3_c10_project_lifecycle,ch10_project_lifecycle.png,/assets/cap-visuals/ch10_project_lifecycle.png,approved,true,Project Lifecycle,Project Lifecycle study visual.,no,false,medium,close,original_textbook_grounded,Three Earhart Milestone Leadership exam forms used only as style/difficulty references; no milestone question copied,draft,LTL3-C10-Q087,50,LTL3_C10_100
LTL3-C10-Q089,Learn to Lead Volume 3,10,The Staff Officer,LTL3-C10-F45,multiple_choice,direct_exam_style,medium,recall_understanding,What principle helps a staff officer keep a good idea from being rejected at the last minute because an affected office was never consulted?,completed staff work,free-form organization,unanimous consent,delegation,A,The practice of fully coordinating a proposal with relevant stakeholders and experts before asking the boss for formal approval.,Completed staff work is the best answer because it is the practice of fully coordinating a proposal with relevant stakeholders and experts before asking the boss for formal approval.,Correct. The practice of fully coordinating a proposal with relevant stakeholders and experts before asking the boss for formal approval.,"Not quite. free-form organization is a plausible Chapter 10 distractor, but it does not fit this definition or scenario. The practice of fully coordinating a proposal with relevant stakeholders and experts before asking the boss for formal approval.","Not quite. unanimous consent is a plausible Chapter 10 distractor, but it does not fit this definition or scenario. The practice of fully coordinating a proposal with relevant stakeholders and experts before asking the boss for formal approval.","Not quite. delegation is a plausible Chapter 10 distractor, but it does not fit this definition or scenario. The practice of fully coordinating a proposal with relevant stakeholders and experts before asking the boss for formal approval.",Completed staff work = coordinate before you ask the boss.,"Review Learn to Lead Volume 3, Chapter 10, page(s) 81,87. Say the definition aloud, study the visual, then explain why each distractor is wrong.",Learn to Lead Volume 3: Indirect Leadership,"81,87",ltl3_c10_comms,ch10_web_and_briefing.png,/assets/cap-visuals/ch10_web_and_briefing.png,approved,true,Web Writing & Briefings,Web Writing & Briefings study visual.,yes,true,high,close,original_textbook_grounded,Three Earhart Milestone Leadership exam forms used only as style/difficulty references; no milestone question copied,draft,LTL3-C10-Q090,40,LTL3_C10_100
LTL3-C10-Q090,Learn to Lead Volume 3,10,The Staff Officer,LTL3-C10-F45,multiple_choice,application_scenario,medium_hard,application,"Which Chapter 10 concept best applies to this situation? Before asking the commander to approve a new program, a cadet coordinates with finance, safety, logistics, and other affected staff officers.",delegation,completed staff work,free-form organization,unanimous consent,B,The practice of fully coordinating a proposal with relevant stakeholders and experts before asking the boss for formal approval.,Completed staff work is the best answer because it is the practice of fully coordinating a proposal with relevant stakeholders and experts before asking the boss for formal approval.,"Not quite. delegation is a plausible Chapter 10 distractor, but it does not fit this definition or scenario. The practice of fully coordinating a proposal with relevant stakeholders and experts before asking the boss for formal approval.",Correct. The practice of fully coordinating a proposal with relevant stakeholders and experts before asking the boss for formal approval.,"Not quite. free-form organization is a plausible Chapter 10 distractor, but it does not fit this definition or scenario. The practice of fully coordinating a proposal with relevant stakeholders and experts before asking the boss for formal approval.","Not quite. unanimous consent is a plausible Chapter 10 distractor, but it does not fit this definition or scenario. The practice of fully coordinating a proposal with relevant stakeholders and experts before asking the boss for formal approval.",Completed staff work = coordinate before you ask the boss.,"Review Learn to Lead Volume 3, Chapter 10, page(s) 81,87. Say the definition aloud, study the visual, then explain why each distractor is wrong.",Learn to Lead Volume 3: Indirect Leadership,"81,87",ltl3_c10_comms,ch10_web_and_briefing.png,/assets/cap-visuals/ch10_web_and_briefing.png,approved,true,Web Writing & Briefings,Web Writing & Briefings study visual.,no,false,medium,close,original_textbook_grounded,Three Earhart Milestone Leadership exam forms used only as style/difficulty references; no milestone question copied,draft,LTL3-C10-Q089,50,LTL3_C10_100
LTL3-C10-Q091,Learn to Lead Volume 3,10,The Staff Officer,LTL3-C10-F46,multiple_choice,direct_exam_style,medium,recall_understanding,Which style best matches Chapter 10's guidance for writing effective web copy?,formal legal prose,meeting minutes,web copy,project narrative,C,"Online writing designed for scanning: key point first, short focused paragraphs, simple direct words, minimal jargon, concise sentences, and audience-centered language.","Web copy is the best answer because it is online writing designed for scanning: key point first, short focused paragraphs, simple direct words, minimal jargon, concise sentences, and audience-centered language.","Not quite. formal legal prose is a plausible Chapter 10 distractor, but it does not fit this definition or scenario. Online writing designed for scanning: key point first, short focused paragraphs, simple direct words, minimal jargon, concise sentences, and audience-centered language.","Not quite. meeting minutes is a plausible Chapter 10 distractor, but it does not fit this definition or scenario. Online writing designed for scanning: key point first, short focused paragraphs, simple direct words, minimal jargon, concise sentences, and audience-centered language.","Correct. Online writing designed for scanning: key point first, short focused paragraphs, simple direct words, minimal jargon, concise sentences, and audience-centered language.","Not quite. project narrative is a plausible Chapter 10 distractor, but it does not fit this definition or scenario. Online writing designed for scanning: key point first, short focused paragraphs, simple direct words, minimal jargon, concise sentences, and audience-centered language.",Web = front-load • short • simple • scan.,"Review Learn to Lead Volume 3, Chapter 10, page(s) 82-83. Say the definition aloud, study the visual, then explain why each distractor is wrong.",Learn to Lead Volume 3: Indirect Leadership,82-83,ltl3_c10_comms,ch10_web_and_briefing.png,/assets/cap-visuals/ch10_web_and_briefing.png,approved,true,Web Writing & Briefings,Web Writing & Briefings study visual.,yes,true,high,close,original_textbook_grounded,Three Earhart Milestone Leadership exam forms used only as style/difficulty references; no milestone question copied,draft,LTL3-C10-Q092,40,LTL3_C10_100
LTL3-C10-Q092,Learn to Lead Volume 3,10,The Staff Officer,LTL3-C10-F46,multiple_choice,application_scenario,medium_hard,application,"Which Chapter 10 concept best applies to this situation? A cadet rewrites a webpage by putting the main point first, using short paragraphs and sentences, and replacing acronyms with plain language.",project narrative,formal legal prose,meeting minutes,web copy,D,"Online writing designed for scanning: key point first, short focused paragraphs, simple direct words, minimal jargon, concise sentences, and audience-centered language.","Web copy is the best answer because it is online writing designed for scanning: key point first, short focused paragraphs, simple direct words, minimal jargon, concise sentences, and audience-centered language.","Not quite. project narrative is a plausible Chapter 10 distractor, but it does not fit this definition or scenario. Online writing designed for scanning: key point first, short focused paragraphs, simple direct words, minimal jargon, concise sentences, and audience-centered language.","Not quite. formal legal prose is a plausible Chapter 10 distractor, but it does not fit this definition or scenario. Online writing designed for scanning: key point first, short focused paragraphs, simple direct words, minimal jargon, concise sentences, and audience-centered language.","Not quite. meeting minutes is a plausible Chapter 10 distractor, but it does not fit this definition or scenario. Online writing designed for scanning: key point first, short focused paragraphs, simple direct words, minimal jargon, concise sentences, and audience-centered language.","Correct. Online writing designed for scanning: key point first, short focused paragraphs, simple direct words, minimal jargon, concise sentences, and audience-centered language.",Web = front-load • short • simple • scan.,"Review Learn to Lead Volume 3, Chapter 10, page(s) 82-83. Say the definition aloud, study the visual, then explain why each distractor is wrong.",Learn to Lead Volume 3: Indirect Leadership,82-83,ltl3_c10_comms,ch10_web_and_briefing.png,/assets/cap-visuals/ch10_web_and_briefing.png,approved,true,Web Writing & Briefings,Web Writing & Briefings study visual.,no,false,medium,close,original_textbook_grounded,Three Earhart Milestone Leadership exam forms used only as style/difficulty references; no milestone question copied,draft,LTL3-C10-Q091,50,LTL3_C10_100
LTL3-C10-Q093,Learn to Lead Volume 3,10,The Staff Officer,LTL3-C10-F47,multiple_choice,direct_exam_style,medium,recall_understanding,Which type of briefing both presents information and urges the audience toward a particular decision or action?,advocacy briefing,meeting minutes,read-ahead,informational briefing,A,A succinct oral presentation that informs while also arguing for a particular interpretation or action.,Advocacy briefing is the best answer because it is a succinct oral presentation that informs while also arguing for a particular interpretation or action.,Correct. A succinct oral presentation that informs while also arguing for a particular interpretation or action.,"Not quite. meeting minutes is a plausible Chapter 10 distractor, but it does not fit this definition or scenario. A succinct oral presentation that informs while also arguing for a particular interpretation or action.","Not quite. read-ahead is a plausible Chapter 10 distractor, but it does not fit this definition or scenario. A succinct oral presentation that informs while also arguing for a particular interpretation or action.","Not quite. informational briefing is a plausible Chapter 10 distractor, but it does not fit this definition or scenario. A succinct oral presentation that informs while also arguing for a particular interpretation or action.",Advocacy = inform + persuade toward action.,"Review Learn to Lead Volume 3, Chapter 10, page(s) 84-85. Say the definition aloud, study the visual, then explain why each distractor is wrong.",Learn to Lead Volume 3: Indirect Leadership,84-85,ltl3_c10_comms,ch10_web_and_briefing.png,/assets/cap-visuals/ch10_web_and_briefing.png,approved,true,Web Writing & Briefings,Web Writing & Briefings study visual.,yes,true,high,close,original_textbook_grounded,Three Earhart Milestone Leadership exam forms used only as style/difficulty references; no milestone question copied,draft,LTL3-C10-Q094,40,LTL3_C10_100
LTL3-C10-Q094,Learn to Lead Volume 3,10,The Staff Officer,LTL3-C10-F47,multiple_choice,application_scenario,medium_hard,application,Which Chapter 10 concept best applies to this situation? A CAC representative explains a proposed honor society and asks the wing commander to approve it.,informational briefing,advocacy briefing,meeting minutes,read-ahead,B,A succinct oral presentation that informs while also arguing for a particular interpretation or action.,Advocacy briefing is the best answer because it is a succinct oral presentation that informs while also arguing for a particular interpretation or action.,"Not quite. informational briefing is a plausible Chapter 10 distractor, but it does not fit this definition or scenario. A succinct oral presentation that informs while also arguing for a particular interpretation or action.",Correct. A succinct oral presentation that informs while also arguing for a particular interpretation or action.,"Not quite. meeting minutes is a plausible Chapter 10 distractor, but it does not fit this definition or scenario. A succinct oral presentation that informs while also arguing for a particular interpretation or action.","Not quite. read-ahead is a plausible Chapter 10 distractor, but it does not fit this definition or scenario. A succinct oral presentation that informs while also arguing for a particular interpretation or action.",Advocacy = inform + persuade toward action.,"Review Learn to Lead Volume 3, Chapter 10, page(s) 84-85. Say the definition aloud, study the visual, then explain why each distractor is wrong.",Learn to Lead Volume 3: Indirect Leadership,84-85,ltl3_c10_comms,ch10_web_and_briefing.png,/assets/cap-visuals/ch10_web_and_briefing.png,approved,true,Web Writing & Briefings,Web Writing & Briefings study visual.,no,false,medium,close,original_textbook_grounded,Three Earhart Milestone Leadership exam forms used only as style/difficulty references; no milestone question copied,draft,LTL3-C10-Q093,50,LTL3_C10_100
LTL3-C10-Q095,Learn to Lead Volume 3,10,The Staff Officer,LTL3-C10-F48,multiple_choice,direct_exam_style,medium,recall_understanding,Which Q&A technique is useful when a question already contains a strong opinion and the speaker invites the questioner to explain that view?,go offline,rephrase for clarity,boomerang,read-ahead,C,A Q&A technique that redirects an opinion-loaded question back to the questioner so that person can state the perspective already implied.,Boomerang is the best answer because it is a Q&A technique that redirects an opinion-loaded question back to the questioner so that person can state the perspective already implied.,"Not quite. go offline is a plausible Chapter 10 distractor, but it does not fit this definition or scenario. A Q&A technique that redirects an opinion-loaded question back to the questioner so that person can state the perspective already implied.","Not quite. rephrase for clarity is a plausible Chapter 10 distractor, but it does not fit this definition or scenario. A Q&A technique that redirects an opinion-loaded question back to the questioner so that person can state the perspective already implied.",Correct. A Q&A technique that redirects an opinion-loaded question back to the questioner so that person can state the perspective already implied.,"Not quite. read-ahead is a plausible Chapter 10 distractor, but it does not fit this definition or scenario. A Q&A technique that redirects an opinion-loaded question back to the questioner so that person can state the perspective already implied.",Boomerang = send the opinion question back.,"Review Learn to Lead Volume 3, Chapter 10, page(s) 88. Say the definition aloud, study the visual, then explain why each distractor is wrong.",Learn to Lead Volume 3: Indirect Leadership,88,ltl3_c10_presentation,ch10_qa_visuals_delivery.png,/assets/cap-visuals/ch10_qa_visuals_delivery.png,approved,true,"Q&A, Visual Aids & Delivery","Q&A, Visual Aids & Delivery study visual.",yes,true,high,close,original_textbook_grounded,Three Earhart Milestone Leadership exam forms used only as style/difficulty references; no milestone question copied,draft,LTL3-C10-Q096,40,LTL3_C10_100
LTL3-C10-Q096,Learn to Lead Volume 3,10,The Staff Officer,LTL3-C10-F48,multiple_choice,application_scenario,medium_hard,application,"Which Chapter 10 concept best applies to this situation? A listener asks a loaded question that clearly contains her own answer, so the briefer responds, 'It sounds like you have a strong perspective—would you share it?'",go offline,rephrase for clarity,read-ahead,boomerang,D,A Q&A technique that redirects an opinion-loaded question back to the questioner so that person can state the perspective already implied.,Boomerang is the best answer because it is a Q&A technique that redirects an opinion-loaded question back to the questioner so that person can state the perspective already implied.,"Not quite. go offline is a plausible Chapter 10 distractor, but it does not fit this definition or scenario. A Q&A technique that redirects an opinion-loaded question back to the questioner so that person can state the perspective already implied.","Not quite. rephrase for clarity is a plausible Chapter 10 distractor, but it does not fit this definition or scenario. A Q&A technique that redirects an opinion-loaded question back to the questioner so that person can state the perspective already implied.","Not quite. read-ahead is a plausible Chapter 10 distractor, but it does not fit this definition or scenario. A Q&A technique that redirects an opinion-loaded question back to the questioner so that person can state the perspective already implied.",Correct. A Q&A technique that redirects an opinion-loaded question back to the questioner so that person can state the perspective already implied.,Boomerang = send the opinion question back.,"Review Learn to Lead Volume 3, Chapter 10, page(s) 88. Say the definition aloud, study the visual, then explain why each distractor is wrong.",Learn to Lead Volume 3: Indirect Leadership,88,ltl3_c10_presentation,ch10_qa_visuals_delivery.png,/assets/cap-visuals/ch10_qa_visuals_delivery.png,approved,true,"Q&A, Visual Aids & Delivery","Q&A, Visual Aids & Delivery study visual.",no,false,medium,close,original_textbook_grounded,Three Earhart Milestone Leadership exam forms used only as style/difficulty references; no milestone question copied,draft,LTL3-C10-Q095,50,LTL3_C10_100
LTL3-C10-Q097,Learn to Lead Volume 3,10,The Staff Officer,LTL3-C10-F49,multiple_choice,direct_exam_style,medium,recall_understanding,Which visual aid is most useful when you want to show a real object and label its component parts directly on the image?,mapped picture,meeting minutes,staff package,Gantt chart,A,An information display that labels parts directly on an image or photograph to help the audience understand a system.,Mapped picture is the best answer because it is an information display that labels parts directly on an image or photograph to help the audience understand a system.,Correct. An information display that labels parts directly on an image or photograph to help the audience understand a system.,"Not quite. meeting minutes is a plausible Chapter 10 distractor, but it does not fit this definition or scenario. An information display that labels parts directly on an image or photograph to help the audience understand a system.","Not quite. staff package is a plausible Chapter 10 distractor, but it does not fit this definition or scenario. An information display that labels parts directly on an image or photograph to help the audience understand a system.","Not quite. Gantt chart is a plausible Chapter 10 distractor, but it does not fit this definition or scenario. An information display that labels parts directly on an image or photograph to help the audience understand a system.",Mapped picture = labels on the picture itself.,"Review Learn to Lead Volume 3, Chapter 10, page(s) 89-90. Say the definition aloud, study the visual, then explain why each distractor is wrong.",Learn to Lead Volume 3: Indirect Leadership,89-90,ltl3_c10_presentation,ch10_qa_visuals_delivery.png,/assets/cap-visuals/ch10_qa_visuals_delivery.png,approved,true,"Q&A, Visual Aids & Delivery","Q&A, Visual Aids & Delivery study visual.",yes,true,high,close,original_textbook_grounded,Three Earhart Milestone Leadership exam forms used only as style/difficulty references; no milestone question copied,draft,LTL3-C10-Q098,40,LTL3_C10_100
LTL3-C10-Q098,Learn to Lead Volume 3,10,The Staff Officer,LTL3-C10-F49,multiple_choice,application_scenario,medium_hard,application,"Which Chapter 10 concept best applies to this situation? A briefer projects a photograph of an aircraft and places labels directly beside the wing, aileron, flap, and fuselage.",meeting minutes,mapped picture,Gantt chart,staff package,B,An information display that labels parts directly on an image or photograph to help the audience understand a system.,Mapped picture is the best answer because it is an information display that labels parts directly on an image or photograph to help the audience understand a system.,"Not quite. meeting minutes is a plausible Chapter 10 distractor, but it does not fit this definition or scenario. An information display that labels parts directly on an image or photograph to help the audience understand a system.",Correct. An information display that labels parts directly on an image or photograph to help the audience understand a system.,"Not quite. Gantt chart is a plausible Chapter 10 distractor, but it does not fit this definition or scenario. An information display that labels parts directly on an image or photograph to help the audience understand a system.","Not quite. staff package is a plausible Chapter 10 distractor, but it does not fit this definition or scenario. An information display that labels parts directly on an image or photograph to help the audience understand a system.",Mapped picture = labels on the picture itself.,"Review Learn to Lead Volume 3, Chapter 10, page(s) 89-90. Say the definition aloud, study the visual, then explain why each distractor is wrong.",Learn to Lead Volume 3: Indirect Leadership,89-90,ltl3_c10_presentation,ch10_qa_visuals_delivery.png,/assets/cap-visuals/ch10_qa_visuals_delivery.png,approved,true,"Q&A, Visual Aids & Delivery","Q&A, Visual Aids & Delivery study visual.",no,false,medium,close,original_textbook_grounded,Three Earhart Milestone Leadership exam forms used only as style/difficulty references; no milestone question copied,draft,LTL3-C10-Q097,50,LTL3_C10_100
LTL3-C10-Q099,Learn to Lead Volume 3,10,The Staff Officer,LTL3-C10-F50,multiple_choice,direct_exam_style,medium,recall_understanding,"Which communication element includes eye contact, facial expression, gestures, movement, posture, and appearance?",web copy,parliamentary procedure,body language,project governance,C,"Nonverbal delivery behavior—eye contact, facial expression, posture, gestures, movement, and appearance—that reinforces a speaker's message.","Body language is the best answer because it is nonverbal delivery behavior—eye contact, facial expression, posture, gestures, movement, and appearance—that reinforces a speaker's message.","Not quite. web copy is a plausible Chapter 10 distractor, but it does not fit this definition or scenario. Nonverbal delivery behavior—eye contact, facial expression, posture, gestures, movement, and appearance—that reinforces a speaker's message.","Not quite. parliamentary procedure is a plausible Chapter 10 distractor, but it does not fit this definition or scenario. Nonverbal delivery behavior—eye contact, facial expression, posture, gestures, movement, and appearance—that reinforces a speaker's message.","Correct. Nonverbal delivery behavior—eye contact, facial expression, posture, gestures, movement, and appearance—that reinforces a speaker's message.","Not quite. project governance is a plausible Chapter 10 distractor, but it does not fit this definition or scenario. Nonverbal delivery behavior—eye contact, facial expression, posture, gestures, movement, and appearance—that reinforces a speaker's message.",Body speaks too: eyes • face • posture • gesture • movement.,"Review Learn to Lead Volume 3, Chapter 10, page(s) 92. Say the definition aloud, study the visual, then explain why each distractor is wrong.",Learn to Lead Volume 3: Indirect Leadership,92,ltl3_c10_presentation,ch10_qa_visuals_delivery.png,/assets/cap-visuals/ch10_qa_visuals_delivery.png,approved,true,"Q&A, Visual Aids & Delivery","Q&A, Visual Aids & Delivery study visual.",yes,true,high,close,original_textbook_grounded,Three Earhart Milestone Leadership exam forms used only as style/difficulty references; no milestone question copied,draft,LTL3-C10-Q100,40,LTL3_C10_100
LTL3-C10-Q100,Learn to Lead Volume 3,10,The Staff Officer,LTL3-C10-F50,multiple_choice,application_scenario,medium_hard,application,"Which Chapter 10 concept best applies to this situation? A cadet presenter stops staring at notes, makes sustained eye contact, removes distracting fidgeting, and uses natural full-body gestures.",project governance,web copy,parliamentary procedure,body language,D,"Nonverbal delivery behavior—eye contact, facial expression, posture, gestures, movement, and appearance—that reinforces a speaker's message.","Body language is the best answer because it is nonverbal delivery behavior—eye contact, facial expression, posture, gestures, movement, and appearance—that reinforces a speaker's message.","Not quite. project governance is a plausible Chapter 10 distractor, but it does not fit this definition or scenario. Nonverbal delivery behavior—eye contact, facial expression, posture, gestures, movement, and appearance—that reinforces a speaker's message.","Not quite. web copy is a plausible Chapter 10 distractor, but it does not fit this definition or scenario. Nonverbal delivery behavior—eye contact, facial expression, posture, gestures, movement, and appearance—that reinforces a speaker's message.","Not quite. parliamentary procedure is a plausible Chapter 10 distractor, but it does not fit this definition or scenario. Nonverbal delivery behavior—eye contact, facial expression, posture, gestures, movement, and appearance—that reinforces a speaker's message.","Correct. Nonverbal delivery behavior—eye contact, facial expression, posture, gestures, movement, and appearance—that reinforces a speaker's message.",Body speaks too: eyes • face • posture • gesture • movement.,"Review Learn to Lead Volume 3, Chapter 10, page(s) 92. Say the definition aloud, study the visual, then explain why each distractor is wrong.",Learn to Lead Volume 3: Indirect Leadership,92,ltl3_c10_presentation,ch10_qa_visuals_delivery.png,/assets/cap-visuals/ch10_qa_visuals_delivery.png,approved,true,"Q&A, Visual Aids & Delivery","Q&A, Visual Aids & Delivery study visual.",no,false,medium,close,original_textbook_grounded,Three Earhart Milestone Leadership exam forms used only as style/difficulty references; no milestone question copied,draft,LTL3-C10-Q099,50,LTL3_C10_100
