external_id,module_number,chapter_number,chapter_title,objective_code,concept_code,question_family_code,question_type,question_style,difficulty,cognitive_level,question_text,choice_a,choice_b,choice_c,choice_d,correct_letter,short_explanation,explanation,choice_a_explanation,choice_b_explanation,choice_c_explanation,choice_d_explanation,memory_aid,remediation_text,source_document,source_pages,source_reference_text,visual_priority,visual_type,visual_display_mode,visual_asset_key,visual_group,visual_file_name,visual_storage_path,visual_status,show_visual_button,visual_brief,visual_caption,visual_alt_text,exam_likeness,distractor_difficulty,eligible_for_final_exam,final_exam_weight,content_origin,style_reference,review_status,reinforcement_question_ids,estimated_time_seconds
AD-M3-Q001,3,1,The Atmosphere,AD3-1-atmosphere_composition,AD3-1-atmosphere_composition,AD3-1-atmosphere_composition,multiple_choice,direct_definition,medium,recall,Which answer best matches this description: the atmosphere is a mixture of gases surrounding Earth that supports life and influences weather?,atmosphere composition,a single layer of oxygen only,a vacuum surrounding Earth,a mixture of gases surrounding Earth,A,The atmosphere is a mixture of gases surrounding earth that supports life and influences weather.,Atmosphere composition is correct because it means the atmosphere is a mixture of gases surrounding Earth that supports life and influences weather.,Correct. The atmosphere is a mixture of gases surrounding earth that supports life and influences weather.,"Not this one. A single layer of oxygen only is related to aviation or weather, but this question is specifically about atmosphere composition.","Not this one. A vacuum surrounding earth is related to aviation or weather, but this question is specifically about atmosphere composition.","Not this one. A mixture of gases surrounding earth is related to aviation or weather, but this question is specifically about atmosphere composition.",Atmosphere = Earth's air blanket.,"Review Module 3, Chapter 1, pages 1, then explain atmosphere composition in your own words.",Aerospace Dimensions Module 3: Air Environment,1,"Module 3, Chapter 1, pages 1",high,educational_infographic,optional_after_answer,module3_atmosphere_layers,module3_atmosphere_layers,module3_atmosphere_layers.png,/assets/cap-visuals/module3_atmosphere_layers.png,approved,true,"Atmosphere composition, standard lapse rate, and major layers from troposphere through thermosphere.","Atmosphere composition, standard lapse rate, and major layers from troposphere through thermosphere.","Atmosphere composition, standard lapse rate, and major layers from troposphere through thermosphere.",high,close,true,1.0,original_textbook_grounded,Mitchell_Aerospace_sample_style_analysis,draft,AD-M3-Q002,35
AD-M3-Q002,3,1,The Atmosphere,AD3-1-atmosphere_composition,AD3-1-atmosphere_composition,AD3-1-atmosphere_composition,multiple_choice,brief_application,medium_hard,application,Which concept best explains this situation? Which statement best describes Earth's atmosphere.?,atmosphere composition,a single layer of oxygen only,a mixture of gases surrounding Earth,a vacuum surrounding Earth,A,The atmosphere is a mixture of gases surrounding earth that supports life and influences weather.,Atmosphere composition is correct because it means the atmosphere is a mixture of gases surrounding Earth that supports life and influences weather.,Correct. The atmosphere is a mixture of gases surrounding earth that supports life and influences weather.,"Not this one. A single layer of oxygen only is related to aviation or weather, but this question is specifically about atmosphere composition.","Not this one. A mixture of gases surrounding earth is related to aviation or weather, but this question is specifically about atmosphere composition.","Not this one. A vacuum surrounding earth is related to aviation or weather, but this question is specifically about atmosphere composition.",Atmosphere = Earth's air blanket.,"Review Module 3, Chapter 1, pages 1, then explain atmosphere composition in your own words.",Aerospace Dimensions Module 3: Air Environment,1,"Module 3, Chapter 1, pages 1",high,educational_infographic,optional_after_answer,module3_atmosphere_layers,module3_atmosphere_layers,module3_atmosphere_layers.png,/assets/cap-visuals/module3_atmosphere_layers.png,approved,true,"Atmosphere composition, standard lapse rate, and major layers from troposphere through thermosphere.","Atmosphere composition, standard lapse rate, and major layers from troposphere through thermosphere.","Atmosphere composition, standard lapse rate, and major layers from troposphere through thermosphere.",high,close,false,0.8,original_textbook_grounded,Mitchell_Aerospace_sample_style_analysis,draft,AD-M3-Q001,45
AD-M3-Q003,3,1,The Atmosphere,AD3-1-nitrogen_percentage,AD3-1-nitrogen_percentage,AD3-1-nitrogen_percentage,multiple_choice,direct_definition,medium,recall,Which answer best matches this description: nitrogen makes up about 78 percent of the atmosphere?,argon at 21 percent,oxygen at 78 percent,nitrogen percentage,carbon dioxide at 78 percent,C,Nitrogen makes up about 78 percent of the atmosphere.,Nitrogen percentage is correct because it means nitrogen makes up about 78 percent of the atmosphere.,"Not this one. Argon at 21 percent is related to aviation or weather, but this question is specifically about nitrogen percentage.","Not this one. Oxygen at 78 percent is related to aviation or weather, but this question is specifically about nitrogen percentage.",Correct. Nitrogen makes up about 78 percent of the atmosphere.,"Not this one. Carbon dioxide at 78 percent is related to aviation or weather, but this question is specifically about nitrogen percentage.",N = seventy-eight nitrogen.,"Review Module 3, Chapter 1, pages 1, then explain nitrogen percentage in your own words.",Aerospace Dimensions Module 3: Air Environment,1,"Module 3, Chapter 1, pages 1",high,educational_infographic,optional_after_answer,module3_atmosphere_layers,module3_atmosphere_layers,module3_atmosphere_layers.png,/assets/cap-visuals/module3_atmosphere_layers.png,approved,true,"Atmosphere composition, standard lapse rate, and major layers from troposphere through thermosphere.","Atmosphere composition, standard lapse rate, and major layers from troposphere through thermosphere.","Atmosphere composition, standard lapse rate, and major layers from troposphere through thermosphere.",high,close,true,1.0,original_textbook_grounded,Mitchell_Aerospace_sample_style_analysis,draft,AD-M3-Q004,35
AD-M3-Q004,3,1,The Atmosphere,AD3-1-nitrogen_percentage,AD3-1-nitrogen_percentage,AD3-1-nitrogen_percentage,multiple_choice,brief_application,medium_hard,application,Which concept best explains this situation? A cadet is asked which gas makes up most of the atmosphere.?,carbon dioxide at 78 percent,argon at 21 percent,oxygen at 78 percent,nitrogen percentage,D,Nitrogen makes up about 78 percent of the atmosphere.,Nitrogen percentage is correct because it means nitrogen makes up about 78 percent of the atmosphere.,"Not this one. Carbon dioxide at 78 percent is related to aviation or weather, but this question is specifically about nitrogen percentage.","Not this one. Argon at 21 percent is related to aviation or weather, but this question is specifically about nitrogen percentage.","Not this one. Oxygen at 78 percent is related to aviation or weather, but this question is specifically about nitrogen percentage.",Correct. Nitrogen makes up about 78 percent of the atmosphere.,N = seventy-eight nitrogen.,"Review Module 3, Chapter 1, pages 1, then explain nitrogen percentage in your own words.",Aerospace Dimensions Module 3: Air Environment,1,"Module 3, Chapter 1, pages 1",high,educational_infographic,optional_after_answer,module3_atmosphere_layers,module3_atmosphere_layers,module3_atmosphere_layers.png,/assets/cap-visuals/module3_atmosphere_layers.png,approved,true,"Atmosphere composition, standard lapse rate, and major layers from troposphere through thermosphere.","Atmosphere composition, standard lapse rate, and major layers from troposphere through thermosphere.","Atmosphere composition, standard lapse rate, and major layers from troposphere through thermosphere.",high,close,true,0.8,original_textbook_grounded,Mitchell_Aerospace_sample_style_analysis,draft,AD-M3-Q003,45
AD-M3-Q005,3,1,The Atmosphere,AD3-1-oxygen_percentage,AD3-1-oxygen_percentage,AD3-1-oxygen_percentage,multiple_choice,direct_definition,medium,recall,Which answer best matches this description: oxygen makes up about 21 percent of the atmosphere?,nitrogen,oxygen percentage,water vapor,argon,B,Oxygen makes up about 21 percent of the atmosphere.,Oxygen percentage is correct because it means oxygen makes up about 21 percent of the atmosphere.,"Not this one. Nitrogen is related to aviation or weather, but this question is specifically about oxygen percentage.",Correct. Oxygen makes up about 21 percent of the atmosphere.,"Not this one. Water vapor is related to aviation or weather, but this question is specifically about oxygen percentage.","Not this one. Argon is related to aviation or weather, but this question is specifically about oxygen percentage.","Oxygen = about one-fifth, or 21%.","Review Module 3, Chapter 1, pages 1, then explain oxygen percentage in your own words.",Aerospace Dimensions Module 3: Air Environment,1,"Module 3, Chapter 1, pages 1",high,educational_infographic,optional_after_answer,module3_atmosphere_layers,module3_atmosphere_layers,module3_atmosphere_layers.png,/assets/cap-visuals/module3_atmosphere_layers.png,approved,true,"Atmosphere composition, standard lapse rate, and major layers from troposphere through thermosphere.","Atmosphere composition, standard lapse rate, and major layers from troposphere through thermosphere.","Atmosphere composition, standard lapse rate, and major layers from troposphere through thermosphere.",high,close,true,1.0,original_textbook_grounded,Mitchell_Aerospace_sample_style_analysis,draft,AD-M3-Q006,35
AD-M3-Q006,3,1,The Atmosphere,AD3-1-oxygen_percentage,AD3-1-oxygen_percentage,AD3-1-oxygen_percentage,multiple_choice,brief_application,medium_hard,application,Which concept best explains this situation? A teacher asks which major gas makes up about 21 percent of the atmosphere.?,argon,water vapor,oxygen percentage,nitrogen,C,Oxygen makes up about 21 percent of the atmosphere.,Oxygen percentage is correct because it means oxygen makes up about 21 percent of the atmosphere.,"Not this one. Argon is related to aviation or weather, but this question is specifically about oxygen percentage.","Not this one. Water vapor is related to aviation or weather, but this question is specifically about oxygen percentage.",Correct. Oxygen makes up about 21 percent of the atmosphere.,"Not this one. Nitrogen is related to aviation or weather, but this question is specifically about oxygen percentage.","Oxygen = about one-fifth, or 21%.","Review Module 3, Chapter 1, pages 1, then explain oxygen percentage in your own words.",Aerospace Dimensions Module 3: Air Environment,1,"Module 3, Chapter 1, pages 1",high,educational_infographic,optional_after_answer,module3_atmosphere_layers,module3_atmosphere_layers,module3_atmosphere_layers.png,/assets/cap-visuals/module3_atmosphere_layers.png,approved,true,"Atmosphere composition, standard lapse rate, and major layers from troposphere through thermosphere.","Atmosphere composition, standard lapse rate, and major layers from troposphere through thermosphere.","Atmosphere composition, standard lapse rate, and major layers from troposphere through thermosphere.",high,close,false,0.8,original_textbook_grounded,Mitchell_Aerospace_sample_style_analysis,draft,AD-M3-Q005,45
AD-M3-Q007,3,1,The Atmosphere,AD3-1-troposphere,AD3-1-troposphere,AD3-1-troposphere,multiple_choice,direct_definition,medium,recall,Which answer best matches this description: the troposphere is the lowest atmospheric layer and the layer where most weather occurs?,mesosphere,thermosphere,stratosphere,troposphere,D,The troposphere is the lowest atmospheric layer and the layer where most weather occurs.,Troposphere is correct because it means the troposphere is the lowest atmospheric layer and the layer where most weather occurs.,"Not this one. Mesosphere is related to aviation or weather, but this question is specifically about troposphere.","Not this one. Thermosphere is related to aviation or weather, but this question is specifically about troposphere.","Not this one. Stratosphere is related to aviation or weather, but this question is specifically about troposphere.",Correct. The troposphere is the lowest atmospheric layer and the layer where most weather occurs.,Troposphere = weather layer.,"Review Module 3, Chapter 1, pages 2, then explain troposphere in your own words.",Aerospace Dimensions Module 3: Air Environment,2,"Module 3, Chapter 1, pages 2",high,educational_infographic,optional_after_answer,module3_atmosphere_layers,module3_atmosphere_layers,module3_atmosphere_layers.png,/assets/cap-visuals/module3_atmosphere_layers.png,approved,true,"Atmosphere composition, standard lapse rate, and major layers from troposphere through thermosphere.","Atmosphere composition, standard lapse rate, and major layers from troposphere through thermosphere.","Atmosphere composition, standard lapse rate, and major layers from troposphere through thermosphere.",high,close,true,1.0,original_textbook_grounded,Mitchell_Aerospace_sample_style_analysis,draft,AD-M3-Q008,35
AD-M3-Q008,3,1,The Atmosphere,AD3-1-troposphere,AD3-1-troposphere,AD3-1-troposphere,multiple_choice,brief_application,medium_hard,application,Which concept best explains this situation? A pilot hears that nearly all clouds and storms develop in the lowest layer of the atmosphere.?,stratosphere,mesosphere,troposphere,thermosphere,C,The troposphere is the lowest atmospheric layer and the layer where most weather occurs.,Troposphere is correct because it means the troposphere is the lowest atmospheric layer and the layer where most weather occurs.,"Not this one. Stratosphere is related to aviation or weather, but this question is specifically about troposphere.","Not this one. Mesosphere is related to aviation or weather, but this question is specifically about troposphere.",Correct. The troposphere is the lowest atmospheric layer and the layer where most weather occurs.,"Not this one. Thermosphere is related to aviation or weather, but this question is specifically about troposphere.",Troposphere = weather layer.,"Review Module 3, Chapter 1, pages 2, then explain troposphere in your own words.",Aerospace Dimensions Module 3: Air Environment,2,"Module 3, Chapter 1, pages 2",high,educational_infographic,optional_after_answer,module3_atmosphere_layers,module3_atmosphere_layers,module3_atmosphere_layers.png,/assets/cap-visuals/module3_atmosphere_layers.png,approved,true,"Atmosphere composition, standard lapse rate, and major layers from troposphere through thermosphere.","Atmosphere composition, standard lapse rate, and major layers from troposphere through thermosphere.","Atmosphere composition, standard lapse rate, and major layers from troposphere through thermosphere.",high,close,true,0.8,original_textbook_grounded,Mitchell_Aerospace_sample_style_analysis,draft,AD-M3-Q007,45
AD-M3-Q009,3,1,The Atmosphere,AD3-1-standard_lapse_rate,AD3-1-standard_lapse_rate,AD3-1-standard_lapse_rate,multiple_choice,direct_definition,medium,recall,"Which answer best matches this description: the standard temperature lapse rate is about 3.5°F or 2°C per 1,000 feet of altitude gain in the troposphere?","it drops 10°F per 1,000 feet",standard lapse rate,"it rises 3.5°F per 1,000 feet",it stays exactly constant,B,"The standard temperature lapse rate is about 3.5°f or 2°c per 1,000 feet of altitude gain in the troposphere.","Standard lapse rate is correct because it means the standard temperature lapse rate is about 3.5°F or 2°C per 1,000 feet of altitude gain in the troposphere.","Not this one. It drops 10°f per 1,000 feet is related to aviation or weather, but this question is specifically about standard lapse rate.","Correct. The standard temperature lapse rate is about 3.5°f or 2°c per 1,000 feet of altitude gain in the troposphere.","Not this one. It rises 3.5°f per 1,000 feet is related to aviation or weather, but this question is specifically about standard lapse rate.","Not this one. It stays exactly constant is related to aviation or weather, but this question is specifically about standard lapse rate.","Lapse rate: 3.5°F or 2°C per 1,000 ft.","Review Module 3, Chapter 1, pages 2, then explain standard lapse rate in your own words.",Aerospace Dimensions Module 3: Air Environment,2,"Module 3, Chapter 1, pages 2",high,educational_infographic,optional_after_answer,module3_atmosphere_layers,module3_atmosphere_layers,module3_atmosphere_layers.png,/assets/cap-visuals/module3_atmosphere_layers.png,approved,true,"Atmosphere composition, standard lapse rate, and major layers from troposphere through thermosphere.","Atmosphere composition, standard lapse rate, and major layers from troposphere through thermosphere.","Atmosphere composition, standard lapse rate, and major layers from troposphere through thermosphere.",high,close,true,1.0,original_textbook_grounded,Mitchell_Aerospace_sample_style_analysis,draft,AD-M3-Q010,35
AD-M3-Q010,3,1,The Atmosphere,AD3-1-standard_lapse_rate,AD3-1-standard_lapse_rate,AD3-1-standard_lapse_rate,multiple_choice,brief_application,medium_hard,application,"Which concept best explains this situation? As an aircraft climbs through the troposphere, what usually happens to temperature.?",standard lapse rate,"it drops 10°F per 1,000 feet",it stays exactly constant,"it rises 3.5°F per 1,000 feet",A,"The standard temperature lapse rate is about 3.5°f or 2°c per 1,000 feet of altitude gain in the troposphere.","Standard lapse rate is correct because it means the standard temperature lapse rate is about 3.5°F or 2°C per 1,000 feet of altitude gain in the troposphere.","Correct. The standard temperature lapse rate is about 3.5°f or 2°c per 1,000 feet of altitude gain in the troposphere.","Not this one. It drops 10°f per 1,000 feet is related to aviation or weather, but this question is specifically about standard lapse rate.","Not this one. It stays exactly constant is related to aviation or weather, but this question is specifically about standard lapse rate.","Not this one. It rises 3.5°f per 1,000 feet is related to aviation or weather, but this question is specifically about standard lapse rate.","Lapse rate: 3.5°F or 2°C per 1,000 ft.","Review Module 3, Chapter 1, pages 2, then explain standard lapse rate in your own words.",Aerospace Dimensions Module 3: Air Environment,2,"Module 3, Chapter 1, pages 2",high,educational_infographic,optional_after_answer,module3_atmosphere_layers,module3_atmosphere_layers,module3_atmosphere_layers.png,/assets/cap-visuals/module3_atmosphere_layers.png,approved,true,"Atmosphere composition, standard lapse rate, and major layers from troposphere through thermosphere.","Atmosphere composition, standard lapse rate, and major layers from troposphere through thermosphere.","Atmosphere composition, standard lapse rate, and major layers from troposphere through thermosphere.",high,close,false,0.8,original_textbook_grounded,Mitchell_Aerospace_sample_style_analysis,draft,AD-M3-Q009,45
AD-M3-Q011,3,1,The Atmosphere,AD3-1-tropopause,AD3-1-tropopause,AD3-1-tropopause,multiple_choice,direct_definition,medium,recall,Which answer best matches this description: the tropopause is the boundary between the troposphere and the stratosphere?,mesopause,ionosphere,tropopause,ozonosphere,C,The tropopause is the boundary between the troposphere and the stratosphere.,Tropopause is correct because it means the tropopause is the boundary between the troposphere and the stratosphere.,"Not this one. Mesopause is related to aviation or weather, but this question is specifically about tropopause.","Not this one. Ionosphere is related to aviation or weather, but this question is specifically about tropopause.",Correct. The tropopause is the boundary between the troposphere and the stratosphere.,"Not this one. Ozonosphere is related to aviation or weather, but this question is specifically about tropopause.",Tropopause = top pause between tropo and strato.,"Review Module 3, Chapter 1, pages 2, then explain tropopause in your own words.",Aerospace Dimensions Module 3: Air Environment,2,"Module 3, Chapter 1, pages 2",high,educational_infographic,optional_after_answer,module3_atmosphere_layers,module3_atmosphere_layers,module3_atmosphere_layers.png,/assets/cap-visuals/module3_atmosphere_layers.png,approved,true,"Atmosphere composition, standard lapse rate, and major layers from troposphere through thermosphere.","Atmosphere composition, standard lapse rate, and major layers from troposphere through thermosphere.","Atmosphere composition, standard lapse rate, and major layers from troposphere through thermosphere.",high,close,true,1.0,original_textbook_grounded,Mitchell_Aerospace_sample_style_analysis,draft,AD-M3-Q012,35
AD-M3-Q012,3,1,The Atmosphere,AD3-1-tropopause,AD3-1-tropopause,AD3-1-tropopause,multiple_choice,brief_application,medium_hard,application,Which concept best explains this situation? A meteorology question asks for the boundary that separates the weather-filled lower layer from the more stable stratosphere.?,mesopause,ozonosphere,tropopause,ionosphere,C,The tropopause is the boundary between the troposphere and the stratosphere.,Tropopause is correct because it means the tropopause is the boundary between the troposphere and the stratosphere.,"Not this one. Mesopause is related to aviation or weather, but this question is specifically about tropopause.","Not this one. Ozonosphere is related to aviation or weather, but this question is specifically about tropopause.",Correct. The tropopause is the boundary between the troposphere and the stratosphere.,"Not this one. Ionosphere is related to aviation or weather, but this question is specifically about tropopause.",Tropopause = top pause between tropo and strato.,"Review Module 3, Chapter 1, pages 2, then explain tropopause in your own words.",Aerospace Dimensions Module 3: Air Environment,2,"Module 3, Chapter 1, pages 2",high,educational_infographic,optional_after_answer,module3_atmosphere_layers,module3_atmosphere_layers,module3_atmosphere_layers.png,/assets/cap-visuals/module3_atmosphere_layers.png,approved,true,"Atmosphere composition, standard lapse rate, and major layers from troposphere through thermosphere.","Atmosphere composition, standard lapse rate, and major layers from troposphere through thermosphere.","Atmosphere composition, standard lapse rate, and major layers from troposphere through thermosphere.",high,close,true,0.8,original_textbook_grounded,Mitchell_Aerospace_sample_style_analysis,draft,AD-M3-Q011,45
AD-M3-Q013,3,1,The Atmosphere,AD3-1-stratosphere,AD3-1-stratosphere,AD3-1-stratosphere,multiple_choice,direct_definition,medium,recall,Which answer best matches this description: the stratosphere lies above the tropopause and contains relatively stable air with little weather?,ionosphere,thermosphere,stratosphere,troposphere,C,The stratosphere lies above the tropopause and contains relatively stable air with little weather.,Stratosphere is correct because it means the stratosphere lies above the tropopause and contains relatively stable air with little weather.,"Not this one. Ionosphere is related to aviation or weather, but this question is specifically about stratosphere.","Not this one. Thermosphere is related to aviation or weather, but this question is specifically about stratosphere.",Correct. The stratosphere lies above the tropopause and contains relatively stable air with little weather.,"Not this one. Troposphere is related to aviation or weather, but this question is specifically about stratosphere.",Stratosphere = stable layer above weather.,"Review Module 3, Chapter 1, pages 2, then explain stratosphere in your own words.",Aerospace Dimensions Module 3: Air Environment,2,"Module 3, Chapter 1, pages 2",high,educational_infographic,optional_after_answer,module3_atmosphere_layers,module3_atmosphere_layers,module3_atmosphere_layers.png,/assets/cap-visuals/module3_atmosphere_layers.png,approved,true,"Atmosphere composition, standard lapse rate, and major layers from troposphere through thermosphere.","Atmosphere composition, standard lapse rate, and major layers from troposphere through thermosphere.","Atmosphere composition, standard lapse rate, and major layers from troposphere through thermosphere.",high,close,true,1.0,original_textbook_grounded,Mitchell_Aerospace_sample_style_analysis,draft,AD-M3-Q014,35
AD-M3-Q014,3,1,The Atmosphere,AD3-1-stratosphere,AD3-1-stratosphere,AD3-1-stratosphere,multiple_choice,brief_application,medium_hard,application,Which concept best explains this situation? A high-flying aircraft is operating in a layer above most weather and below the mesosphere.?,troposphere,stratosphere,thermosphere,ionosphere,B,The stratosphere lies above the tropopause and contains relatively stable air with little weather.,Stratosphere is correct because it means the stratosphere lies above the tropopause and contains relatively stable air with little weather.,"Not this one. Troposphere is related to aviation or weather, but this question is specifically about stratosphere.",Correct. The stratosphere lies above the tropopause and contains relatively stable air with little weather.,"Not this one. Thermosphere is related to aviation or weather, but this question is specifically about stratosphere.","Not this one. Ionosphere is related to aviation or weather, but this question is specifically about stratosphere.",Stratosphere = stable layer above weather.,"Review Module 3, Chapter 1, pages 2, then explain stratosphere in your own words.",Aerospace Dimensions Module 3: Air Environment,2,"Module 3, Chapter 1, pages 2",high,educational_infographic,optional_after_answer,module3_atmosphere_layers,module3_atmosphere_layers,module3_atmosphere_layers.png,/assets/cap-visuals/module3_atmosphere_layers.png,approved,true,"Atmosphere composition, standard lapse rate, and major layers from troposphere through thermosphere.","Atmosphere composition, standard lapse rate, and major layers from troposphere through thermosphere.","Atmosphere composition, standard lapse rate, and major layers from troposphere through thermosphere.",high,close,false,0.8,original_textbook_grounded,Mitchell_Aerospace_sample_style_analysis,draft,AD-M3-Q013,45
AD-M3-Q015,3,1,The Atmosphere,AD3-1-mesosphere,AD3-1-mesosphere,AD3-1-mesosphere,multiple_choice,direct_definition,medium,recall,Which answer best matches this description: the mesosphere is the layer above the stratosphere and below the thermosphere?,tropopause,mesosphere,troposphere,ozonosphere,B,The mesosphere is the layer above the stratosphere and below the thermosphere.,Mesosphere is correct because it means the mesosphere is the layer above the stratosphere and below the thermosphere.,"Not this one. Tropopause is related to aviation or weather, but this question is specifically about mesosphere.",Correct. The mesosphere is the layer above the stratosphere and below the thermosphere.,"Not this one. Troposphere is related to aviation or weather, but this question is specifically about mesosphere.","Not this one. Ozonosphere is related to aviation or weather, but this question is specifically about mesosphere.",Meso = middle-above strato.,"Review Module 3, Chapter 1, pages 2, then explain mesosphere in your own words.",Aerospace Dimensions Module 3: Air Environment,2,"Module 3, Chapter 1, pages 2",high,educational_infographic,optional_after_answer,module3_atmosphere_layers,module3_atmosphere_layers,module3_atmosphere_layers.png,/assets/cap-visuals/module3_atmosphere_layers.png,approved,true,"Atmosphere composition, standard lapse rate, and major layers from troposphere through thermosphere.","Atmosphere composition, standard lapse rate, and major layers from troposphere through thermosphere.","Atmosphere composition, standard lapse rate, and major layers from troposphere through thermosphere.",high,close,true,1.0,original_textbook_grounded,Mitchell_Aerospace_sample_style_analysis,draft,AD-M3-Q016,35
AD-M3-Q016,3,1,The Atmosphere,AD3-1-mesosphere,AD3-1-mesosphere,AD3-1-mesosphere,multiple_choice,brief_application,medium_hard,application,Which concept best explains this situation? Which atmospheric layer lies between the stratosphere and thermosphere.?,mesosphere,tropopause,ozonosphere,troposphere,A,The mesosphere is the layer above the stratosphere and below the thermosphere.,Mesosphere is correct because it means the mesosphere is the layer above the stratosphere and below the thermosphere.,Correct. The mesosphere is the layer above the stratosphere and below the thermosphere.,"Not this one. Tropopause is related to aviation or weather, but this question is specifically about mesosphere.","Not this one. Ozonosphere is related to aviation or weather, but this question is specifically about mesosphere.","Not this one. Troposphere is related to aviation or weather, but this question is specifically about mesosphere.",Meso = middle-above strato.,"Review Module 3, Chapter 1, pages 2, then explain mesosphere in your own words.",Aerospace Dimensions Module 3: Air Environment,2,"Module 3, Chapter 1, pages 2",high,educational_infographic,optional_after_answer,module3_atmosphere_layers,module3_atmosphere_layers,module3_atmosphere_layers.png,/assets/cap-visuals/module3_atmosphere_layers.png,approved,true,"Atmosphere composition, standard lapse rate, and major layers from troposphere through thermosphere.","Atmosphere composition, standard lapse rate, and major layers from troposphere through thermosphere.","Atmosphere composition, standard lapse rate, and major layers from troposphere through thermosphere.",high,close,true,0.8,original_textbook_grounded,Mitchell_Aerospace_sample_style_analysis,draft,AD-M3-Q015,45
AD-M3-Q017,3,1,The Atmosphere,AD3-1-thermosphere,AD3-1-thermosphere,AD3-1-thermosphere,multiple_choice,direct_definition,medium,recall,Which answer best matches this description: the thermosphere is the upper atmospheric layer where temperatures increase greatly?,troposphere,stratosphere,thermosphere,mesosphere,C,The thermosphere is the upper atmospheric layer where temperatures increase greatly.,Thermosphere is correct because it means the thermosphere is the upper atmospheric layer where temperatures increase greatly.,"Not this one. Troposphere is related to aviation or weather, but this question is specifically about thermosphere.","Not this one. Stratosphere is related to aviation or weather, but this question is specifically about thermosphere.",Correct. The thermosphere is the upper atmospheric layer where temperatures increase greatly.,"Not this one. Mesosphere is related to aviation or weather, but this question is specifically about thermosphere.",Thermo = hot upper layer.,"Review Module 3, Chapter 1, pages 2, then explain thermosphere in your own words.",Aerospace Dimensions Module 3: Air Environment,2,"Module 3, Chapter 1, pages 2",high,educational_infographic,optional_after_answer,module3_atmosphere_layers,module3_atmosphere_layers,module3_atmosphere_layers.png,/assets/cap-visuals/module3_atmosphere_layers.png,approved,true,"Atmosphere composition, standard lapse rate, and major layers from troposphere through thermosphere.","Atmosphere composition, standard lapse rate, and major layers from troposphere through thermosphere.","Atmosphere composition, standard lapse rate, and major layers from troposphere through thermosphere.",high,close,true,1.0,original_textbook_grounded,Mitchell_Aerospace_sample_style_analysis,draft,AD-M3-Q018,35
AD-M3-Q018,3,1,The Atmosphere,AD3-1-thermosphere,AD3-1-thermosphere,AD3-1-thermosphere,multiple_choice,brief_application,medium_hard,application,Which concept best explains this situation? Which named temperature layer begins around 50 miles up and can become extremely hot.?,troposphere,thermosphere,mesosphere,stratosphere,B,The thermosphere is the upper atmospheric layer where temperatures increase greatly.,Thermosphere is correct because it means the thermosphere is the upper atmospheric layer where temperatures increase greatly.,"Not this one. Troposphere is related to aviation or weather, but this question is specifically about thermosphere.",Correct. The thermosphere is the upper atmospheric layer where temperatures increase greatly.,"Not this one. Mesosphere is related to aviation or weather, but this question is specifically about thermosphere.","Not this one. Stratosphere is related to aviation or weather, but this question is specifically about thermosphere.",Thermo = hot upper layer.,"Review Module 3, Chapter 1, pages 2, then explain thermosphere in your own words.",Aerospace Dimensions Module 3: Air Environment,2,"Module 3, Chapter 1, pages 2",high,educational_infographic,optional_after_answer,module3_atmosphere_layers,module3_atmosphere_layers,module3_atmosphere_layers.png,/assets/cap-visuals/module3_atmosphere_layers.png,approved,true,"Atmosphere composition, standard lapse rate, and major layers from troposphere through thermosphere.","Atmosphere composition, standard lapse rate, and major layers from troposphere through thermosphere.","Atmosphere composition, standard lapse rate, and major layers from troposphere through thermosphere.",high,close,false,0.8,original_textbook_grounded,Mitchell_Aerospace_sample_style_analysis,draft,AD-M3-Q017,45
AD-M3-Q019,3,1,The Atmosphere,AD3-1-ozonosphere,AD3-1-ozonosphere,AD3-1-ozonosphere,multiple_choice,direct_definition,medium,recall,Which answer best matches this description: the ozonosphere is the region where ozone forms and helps shield Earth from ultraviolet radiation?,ozonosphere,ionosphere,mesosphere,troposphere,A,The ozonosphere is the region where ozone forms and helps shield earth from ultraviolet radiation.,Ozonosphere is correct because it means the ozonosphere is the region where ozone forms and helps shield Earth from ultraviolet radiation.,Correct. The ozonosphere is the region where ozone forms and helps shield earth from ultraviolet radiation.,"Not this one. Ionosphere is related to aviation or weather, but this question is specifically about ozonosphere.","Not this one. Mesosphere is related to aviation or weather, but this question is specifically about ozonosphere.","Not this one. Troposphere is related to aviation or weather, but this question is specifically about ozonosphere.",Ozone zone = UV shield.,"Review Module 3, Chapter 1, pages 3, then explain ozonosphere in your own words.",Aerospace Dimensions Module 3: Air Environment,3,"Module 3, Chapter 1, pages 3",high,educational_infographic,optional_after_answer,module3_atmosphere_layers,module3_atmosphere_layers,module3_atmosphere_layers.png,/assets/cap-visuals/module3_atmosphere_layers.png,approved,true,"Atmosphere composition, standard lapse rate, and major layers from troposphere through thermosphere.","Atmosphere composition, standard lapse rate, and major layers from troposphere through thermosphere.","Atmosphere composition, standard lapse rate, and major layers from troposphere through thermosphere.",high,close,true,1.0,original_textbook_grounded,Mitchell_Aerospace_sample_style_analysis,draft,AD-M3-Q020,35
AD-M3-Q020,3,1,The Atmosphere,AD3-1-ozonosphere,AD3-1-ozonosphere,AD3-1-ozonosphere,multiple_choice,brief_application,medium_hard,application,Which concept best explains this situation? Which atmospheric region is especially important because it helps protect life from ultraviolet radiation.?,ozonosphere,mesosphere,troposphere,ionosphere,A,The ozonosphere is the region where ozone forms and helps shield earth from ultraviolet radiation.,Ozonosphere is correct because it means the ozonosphere is the region where ozone forms and helps shield Earth from ultraviolet radiation.,Correct. The ozonosphere is the region where ozone forms and helps shield earth from ultraviolet radiation.,"Not this one. Mesosphere is related to aviation or weather, but this question is specifically about ozonosphere.","Not this one. Troposphere is related to aviation or weather, but this question is specifically about ozonosphere.","Not this one. Ionosphere is related to aviation or weather, but this question is specifically about ozonosphere.",Ozone zone = UV shield.,"Review Module 3, Chapter 1, pages 3, then explain ozonosphere in your own words.",Aerospace Dimensions Module 3: Air Environment,3,"Module 3, Chapter 1, pages 3",high,educational_infographic,optional_after_answer,module3_atmosphere_layers,module3_atmosphere_layers,module3_atmosphere_layers.png,/assets/cap-visuals/module3_atmosphere_layers.png,approved,true,"Atmosphere composition, standard lapse rate, and major layers from troposphere through thermosphere.","Atmosphere composition, standard lapse rate, and major layers from troposphere through thermosphere.","Atmosphere composition, standard lapse rate, and major layers from troposphere through thermosphere.",high,close,true,0.8,original_textbook_grounded,Mitchell_Aerospace_sample_style_analysis,draft,AD-M3-Q019,45
AD-M3-Q021,3,1,The Atmosphere,AD3-1-ionosphere,AD3-1-ionosphere,AD3-1-ionosphere,multiple_choice,direct_definition,medium,recall,Which answer best matches this description: the ionosphere is a region where particles gain or lose electrons because of solar radiation?,troposphere,ozonosphere,ionosphere,stratosphere,C,The ionosphere is a region where particles gain or lose electrons because of solar radiation.,Ionosphere is correct because it means the ionosphere is a region where particles gain or lose electrons because of solar radiation.,"Not this one. Troposphere is related to aviation or weather, but this question is specifically about ionosphere.","Not this one. Ozonosphere is related to aviation or weather, but this question is specifically about ionosphere.",Correct. The ionosphere is a region where particles gain or lose electrons because of solar radiation.,"Not this one. Stratosphere is related to aviation or weather, but this question is specifically about ionosphere.",Ionosphere = ions from electron changes.,"Review Module 3, Chapter 1, pages 3, then explain ionosphere in your own words.",Aerospace Dimensions Module 3: Air Environment,3,"Module 3, Chapter 1, pages 3",high,educational_infographic,optional_after_answer,module3_atmosphere_layers,module3_atmosphere_layers,module3_atmosphere_layers.png,/assets/cap-visuals/module3_atmosphere_layers.png,approved,true,"Atmosphere composition, standard lapse rate, and major layers from troposphere through thermosphere.","Atmosphere composition, standard lapse rate, and major layers from troposphere through thermosphere.","Atmosphere composition, standard lapse rate, and major layers from troposphere through thermosphere.",high,close,true,1.0,original_textbook_grounded,Mitchell_Aerospace_sample_style_analysis,draft,AD-M3-Q022,35
AD-M3-Q022,3,1,The Atmosphere,AD3-1-ionosphere,AD3-1-ionosphere,AD3-1-ionosphere,multiple_choice,brief_application,medium_hard,application,Which concept best explains this situation? A science question asks which region is defined by atoms and molecules gaining or losing electrons.?,troposphere,ionosphere,stratosphere,ozonosphere,B,The ionosphere is a region where particles gain or lose electrons because of solar radiation.,Ionosphere is correct because it means the ionosphere is a region where particles gain or lose electrons because of solar radiation.,"Not this one. Troposphere is related to aviation or weather, but this question is specifically about ionosphere.",Correct. The ionosphere is a region where particles gain or lose electrons because of solar radiation.,"Not this one. Stratosphere is related to aviation or weather, but this question is specifically about ionosphere.","Not this one. Ozonosphere is related to aviation or weather, but this question is specifically about ionosphere.",Ionosphere = ions from electron changes.,"Review Module 3, Chapter 1, pages 3, then explain ionosphere in your own words.",Aerospace Dimensions Module 3: Air Environment,3,"Module 3, Chapter 1, pages 3",high,educational_infographic,optional_after_answer,module3_atmosphere_layers,module3_atmosphere_layers,module3_atmosphere_layers.png,/assets/cap-visuals/module3_atmosphere_layers.png,approved,true,"Atmosphere composition, standard lapse rate, and major layers from troposphere through thermosphere.","Atmosphere composition, standard lapse rate, and major layers from troposphere through thermosphere.","Atmosphere composition, standard lapse rate, and major layers from troposphere through thermosphere.",high,close,false,0.8,original_textbook_grounded,Mitchell_Aerospace_sample_style_analysis,draft,AD-M3-Q021,45
AD-M3-Q023,3,1,The Atmosphere,AD3-1-atmosphere_protection,AD3-1-atmosphere_protection,AD3-1-atmosphere_protection,multiple_choice,direct_definition,medium,recall,Which answer best matches this description: the atmosphere protects life by moderating climate and shielding Earth from radiation and the vacuum of space?,it allows Earth to have no magnetic effects,it eliminates all weather,atmosphere protection,it removes all solar energy,C,The atmosphere protects life by moderating climate and shielding earth from radiation and the vacuum of space.,Atmosphere protection is correct because it means the atmosphere protects life by moderating climate and shielding Earth from radiation and the vacuum of space.,"Not this one. It allows earth to have no magnetic effects is related to aviation or weather, but this question is specifically about atmosphere protection.","Not this one. It eliminates all weather is related to aviation or weather, but this question is specifically about atmosphere protection.",Correct. The atmosphere protects life by moderating climate and shielding earth from radiation and the vacuum of space.,"Not this one. It removes all solar energy is related to aviation or weather, but this question is specifically about atmosphere protection.","Protect, moderate, shield.","Review Module 3, Chapter 1, pages 1, then explain atmosphere protection in your own words.",Aerospace Dimensions Module 3: Air Environment,1,"Module 3, Chapter 1, pages 1",high,educational_infographic,optional_after_answer,module3_atmosphere_layers,module3_atmosphere_layers,module3_atmosphere_layers.png,/assets/cap-visuals/module3_atmosphere_layers.png,approved,true,"Atmosphere composition, standard lapse rate, and major layers from troposphere through thermosphere.","Atmosphere composition, standard lapse rate, and major layers from troposphere through thermosphere.","Atmosphere composition, standard lapse rate, and major layers from troposphere through thermosphere.",high,close,true,1.0,original_textbook_grounded,Mitchell_Aerospace_sample_style_analysis,draft,AD-M3-Q024,35
AD-M3-Q024,3,1,The Atmosphere,AD3-1-atmosphere_protection,AD3-1-atmosphere_protection,AD3-1-atmosphere_protection,multiple_choice,brief_application,medium_hard,application,Which concept best explains this situation? Why is Earth's atmosphere essential for life.?,it eliminates all weather,it allows Earth to have no magnetic effects,it removes all solar energy,atmosphere protection,D,The atmosphere protects life by moderating climate and shielding earth from radiation and the vacuum of space.,Atmosphere protection is correct because it means the atmosphere protects life by moderating climate and shielding Earth from radiation and the vacuum of space.,"Not this one. It eliminates all weather is related to aviation or weather, but this question is specifically about atmosphere protection.","Not this one. It allows earth to have no magnetic effects is related to aviation or weather, but this question is specifically about atmosphere protection.","Not this one. It removes all solar energy is related to aviation or weather, but this question is specifically about atmosphere protection.",Correct. The atmosphere protects life by moderating climate and shielding earth from radiation and the vacuum of space.,"Protect, moderate, shield.","Review Module 3, Chapter 1, pages 1, then explain atmosphere protection in your own words.",Aerospace Dimensions Module 3: Air Environment,1,"Module 3, Chapter 1, pages 1",high,educational_infographic,optional_after_answer,module3_atmosphere_layers,module3_atmosphere_layers,module3_atmosphere_layers.png,/assets/cap-visuals/module3_atmosphere_layers.png,approved,true,"Atmosphere composition, standard lapse rate, and major layers from troposphere through thermosphere.","Atmosphere composition, standard lapse rate, and major layers from troposphere through thermosphere.","Atmosphere composition, standard lapse rate, and major layers from troposphere through thermosphere.",high,close,true,0.8,original_textbook_grounded,Mitchell_Aerospace_sample_style_analysis,draft,AD-M3-Q023,45
AD-M3-Q025,3,2,Air Circulation,AD3-2-radiation,AD3-2-radiation,AD3-2-radiation,multiple_choice,direct_definition,medium,recall,Which answer best matches this description: radiation is the method by which the Sun heats the Earth?,advection,conduction,radiation,convection,C,Radiation is the method by which the sun heats the earth.,Radiation is correct because it means radiation is the method by which the Sun heats the Earth.,"Not this one. Advection is related to aviation or weather, but this question is specifically about radiation.","Not this one. Conduction is related to aviation or weather, but this question is specifically about radiation.",Correct. Radiation is the method by which the sun heats the earth.,"Not this one. Convection is related to aviation or weather, but this question is specifically about radiation.",Sun heats by radiation.,"Review Module 3, Chapter 2, pages 4-5, then explain radiation in your own words.",Aerospace Dimensions Module 3: Air Environment,4-5,"Module 3, Chapter 2, pages 4-5",high,educational_infographic,optional_after_answer,module3_solar_heating_seasons,module3_solar_heating_seasons,module3_solar_heating_seasons.png,/assets/cap-visuals/module3_solar_heating_seasons.png,approved,true,"Solar heating, unequal heating, Earth rotation and revolution, and the solstices and equinoxes.","Solar heating, unequal heating, Earth rotation and revolution, and the solstices and equinoxes.","Solar heating, unequal heating, Earth rotation and revolution, and the solstices and equinoxes.",high,close,true,1.0,original_textbook_grounded,Mitchell_Aerospace_sample_style_analysis,draft,AD-M3-Q026,35
AD-M3-Q026,3,2,Air Circulation,AD3-2-radiation,AD3-2-radiation,AD3-2-radiation,multiple_choice,brief_application,medium_hard,application,Which concept best explains this situation? How does the Sun primarily heat the Earth.?,conduction,radiation,convection,advection,B,Radiation is the method by which the sun heats the earth.,Radiation is correct because it means radiation is the method by which the Sun heats the Earth.,"Not this one. Conduction is related to aviation or weather, but this question is specifically about radiation.",Correct. Radiation is the method by which the sun heats the earth.,"Not this one. Convection is related to aviation or weather, but this question is specifically about radiation.","Not this one. Advection is related to aviation or weather, but this question is specifically about radiation.",Sun heats by radiation.,"Review Module 3, Chapter 2, pages 4-5, then explain radiation in your own words.",Aerospace Dimensions Module 3: Air Environment,4-5,"Module 3, Chapter 2, pages 4-5",high,educational_infographic,optional_after_answer,module3_solar_heating_seasons,module3_solar_heating_seasons,module3_solar_heating_seasons.png,/assets/cap-visuals/module3_solar_heating_seasons.png,approved,true,"Solar heating, unequal heating, Earth rotation and revolution, and the solstices and equinoxes.","Solar heating, unequal heating, Earth rotation and revolution, and the solstices and equinoxes.","Solar heating, unequal heating, Earth rotation and revolution, and the solstices and equinoxes.",high,close,false,0.8,original_textbook_grounded,Mitchell_Aerospace_sample_style_analysis,draft,AD-M3-Q025,45
AD-M3-Q027,3,2,Air Circulation,AD3-2-unequal_heating,AD3-2-unequal_heating,AD3-2-unequal_heating,multiple_choice,direct_definition,medium,recall,Which answer best matches this description: unequal heating of Earth creates temperature and pressure differences that drive air movement?,air never changes density,all surfaces absorb heat identically,unequal heating,Earth is heated equally everywhere,C,Unequal heating of earth creates temperature and pressure differences that drive air movement.,Unequal heating is correct because it means unequal heating of Earth creates temperature and pressure differences that drive air movement.,"Not this one. Air never changes density is related to aviation or weather, but this question is specifically about unequal heating.","Not this one. All surfaces absorb heat identically is related to aviation or weather, but this question is specifically about unequal heating.",Correct. Unequal heating of earth creates temperature and pressure differences that drive air movement.,"Not this one. Earth is heated equally everywhere is related to aviation or weather, but this question is specifically about unequal heating.",Uneven heating starts movement.,"Review Module 3, Chapter 2, pages 5, then explain unequal heating in your own words.",Aerospace Dimensions Module 3: Air Environment,5,"Module 3, Chapter 2, pages 5",high,educational_infographic,optional_after_answer,module3_solar_heating_seasons,module3_solar_heating_seasons,module3_solar_heating_seasons.png,/assets/cap-visuals/module3_solar_heating_seasons.png,approved,true,"Solar heating, unequal heating, Earth rotation and revolution, and the solstices and equinoxes.","Solar heating, unequal heating, Earth rotation and revolution, and the solstices and equinoxes.","Solar heating, unequal heating, Earth rotation and revolution, and the solstices and equinoxes.",high,close,true,1.0,original_textbook_grounded,Mitchell_Aerospace_sample_style_analysis,draft,AD-M3-Q028,35
AD-M3-Q028,3,2,Air Circulation,AD3-2-unequal_heating,AD3-2-unequal_heating,AD3-2-unequal_heating,multiple_choice,brief_application,medium_hard,application,Which concept best explains this situation? Why does air begin to circulate in the atmosphere.?,unequal heating,air never changes density,all surfaces absorb heat identically,Earth is heated equally everywhere,A,Unequal heating of earth creates temperature and pressure differences that drive air movement.,Unequal heating is correct because it means unequal heating of Earth creates temperature and pressure differences that drive air movement.,Correct. Unequal heating of earth creates temperature and pressure differences that drive air movement.,"Not this one. Air never changes density is related to aviation or weather, but this question is specifically about unequal heating.","Not this one. All surfaces absorb heat identically is related to aviation or weather, but this question is specifically about unequal heating.","Not this one. Earth is heated equally everywhere is related to aviation or weather, but this question is specifically about unequal heating.",Uneven heating starts movement.,"Review Module 3, Chapter 2, pages 5, then explain unequal heating in your own words.",Aerospace Dimensions Module 3: Air Environment,5,"Module 3, Chapter 2, pages 5",high,educational_infographic,optional_after_answer,module3_solar_heating_seasons,module3_solar_heating_seasons,module3_solar_heating_seasons.png,/assets/cap-visuals/module3_solar_heating_seasons.png,approved,true,"Solar heating, unequal heating, Earth rotation and revolution, and the solstices and equinoxes.","Solar heating, unequal heating, Earth rotation and revolution, and the solstices and equinoxes.","Solar heating, unequal heating, Earth rotation and revolution, and the solstices and equinoxes.",high,close,true,0.8,original_textbook_grounded,Mitchell_Aerospace_sample_style_analysis,draft,AD-M3-Q027,45
AD-M3-Q029,3,2,Air Circulation,AD3-2-rotation,AD3-2-rotation,AD3-2-rotation,multiple_choice,direct_definition,medium,recall,Which answer best matches this description: rotation is Earth turning on its axis once about every 24 hours?,oscillation,precession,revolution,rotation,D,Rotation is earth turning on its axis once about every 24 hours.,Rotation is correct because it means rotation is Earth turning on its axis once about every 24 hours.,"Not this one. Oscillation is related to aviation or weather, but this question is specifically about rotation.","Not this one. Precession is related to aviation or weather, but this question is specifically about rotation.","Not this one. Revolution is related to aviation or weather, but this question is specifically about rotation.",Correct. Rotation is earth turning on its axis once about every 24 hours.,Rotation = spins in 24 hours.,"Review Module 3, Chapter 2, pages 5-6, then explain rotation in your own words.",Aerospace Dimensions Module 3: Air Environment,5-6,"Module 3, Chapter 2, pages 5-6",high,educational_infographic,optional_after_answer,module3_solar_heating_seasons,module3_solar_heating_seasons,module3_solar_heating_seasons.png,/assets/cap-visuals/module3_solar_heating_seasons.png,approved,true,"Solar heating, unequal heating, Earth rotation and revolution, and the solstices and equinoxes.","Solar heating, unequal heating, Earth rotation and revolution, and the solstices and equinoxes.","Solar heating, unequal heating, Earth rotation and revolution, and the solstices and equinoxes.",high,close,true,1.0,original_textbook_grounded,Mitchell_Aerospace_sample_style_analysis,draft,AD-M3-Q030,35
AD-M3-Q030,3,2,Air Circulation,AD3-2-rotation,AD3-2-rotation,AD3-2-rotation,multiple_choice,brief_application,medium_hard,application,Which concept best explains this situation? Which motion of Earth explains day and night.?,rotation,revolution,precession,oscillation,A,Rotation is earth turning on its axis once about every 24 hours.,Rotation is correct because it means rotation is Earth turning on its axis once about every 24 hours.,Correct. Rotation is earth turning on its axis once about every 24 hours.,"Not this one. Revolution is related to aviation or weather, but this question is specifically about rotation.","Not this one. Precession is related to aviation or weather, but this question is specifically about rotation.","Not this one. Oscillation is related to aviation or weather, but this question is specifically about rotation.",Rotation = spins in 24 hours.,"Review Module 3, Chapter 2, pages 5-6, then explain rotation in your own words.",Aerospace Dimensions Module 3: Air Environment,5-6,"Module 3, Chapter 2, pages 5-6",high,educational_infographic,optional_after_answer,module3_solar_heating_seasons,module3_solar_heating_seasons,module3_solar_heating_seasons.png,/assets/cap-visuals/module3_solar_heating_seasons.png,approved,true,"Solar heating, unequal heating, Earth rotation and revolution, and the solstices and equinoxes.","Solar heating, unequal heating, Earth rotation and revolution, and the solstices and equinoxes.","Solar heating, unequal heating, Earth rotation and revolution, and the solstices and equinoxes.",high,close,false,0.8,original_textbook_grounded,Mitchell_Aerospace_sample_style_analysis,draft,AD-M3-Q029,45
AD-M3-Q031,3,2,Air Circulation,AD3-2-revolution,AD3-2-revolution,AD3-2-revolution,multiple_choice,direct_definition,medium,recall,Which answer best matches this description: revolution is Earth orbiting the Sun in about 365 days?,rotation,revolution,tilt,circulation,B,Revolution is earth orbiting the sun in about 365 days.,Revolution is correct because it means revolution is Earth orbiting the Sun in about 365 days.,"Not this one. Rotation is related to aviation or weather, but this question is specifically about revolution.",Correct. Revolution is earth orbiting the sun in about 365 days.,"Not this one. Tilt is related to aviation or weather, but this question is specifically about revolution.","Not this one. Circulation is related to aviation or weather, but this question is specifically about revolution.",Revolution = trip around Sun.,"Review Module 3, Chapter 2, pages 5-6, then explain revolution in your own words.",Aerospace Dimensions Module 3: Air Environment,5-6,"Module 3, Chapter 2, pages 5-6",high,educational_infographic,optional_after_answer,module3_solar_heating_seasons,module3_solar_heating_seasons,module3_solar_heating_seasons.png,/assets/cap-visuals/module3_solar_heating_seasons.png,approved,true,"Solar heating, unequal heating, Earth rotation and revolution, and the solstices and equinoxes.","Solar heating, unequal heating, Earth rotation and revolution, and the solstices and equinoxes.","Solar heating, unequal heating, Earth rotation and revolution, and the solstices and equinoxes.",high,close,true,1.0,original_textbook_grounded,Mitchell_Aerospace_sample_style_analysis,draft,AD-M3-Q032,35
AD-M3-Q032,3,2,Air Circulation,AD3-2-revolution,AD3-2-revolution,AD3-2-revolution,multiple_choice,brief_application,medium_hard,application,Which concept best explains this situation? Which motion refers to Earth moving around the Sun.?,revolution,rotation,circulation,tilt,A,Revolution is earth orbiting the sun in about 365 days.,Revolution is correct because it means revolution is Earth orbiting the Sun in about 365 days.,Correct. Revolution is earth orbiting the sun in about 365 days.,"Not this one. Rotation is related to aviation or weather, but this question is specifically about revolution.","Not this one. Circulation is related to aviation or weather, but this question is specifically about revolution.","Not this one. Tilt is related to aviation or weather, but this question is specifically about revolution.",Revolution = trip around Sun.,"Review Module 3, Chapter 2, pages 5-6, then explain revolution in your own words.",Aerospace Dimensions Module 3: Air Environment,5-6,"Module 3, Chapter 2, pages 5-6",high,educational_infographic,optional_after_answer,module3_solar_heating_seasons,module3_solar_heating_seasons,module3_solar_heating_seasons.png,/assets/cap-visuals/module3_solar_heating_seasons.png,approved,true,"Solar heating, unequal heating, Earth rotation and revolution, and the solstices and equinoxes.","Solar heating, unequal heating, Earth rotation and revolution, and the solstices and equinoxes.","Solar heating, unequal heating, Earth rotation and revolution, and the solstices and equinoxes.",high,close,true,0.8,original_textbook_grounded,Mitchell_Aerospace_sample_style_analysis,draft,AD-M3-Q031,45
AD-M3-Q033,3,2,Air Circulation,AD3-2-summer_solstice,AD3-2-summer_solstice,AD3-2-summer_solstice,multiple_choice,direct_definition,medium,recall,Which answer best matches this description: the summer solstice is the longest day in the Northern Hemisphere when the Sun is farthest north of the equator?,winter solstice,summer solstice,autumnal equinox,vernal equinox,B,The summer solstice is the longest day in the northern hemisphere when the sun is farthest north of the equator.,Summer solstice is correct because it means the summer solstice is the longest day in the Northern Hemisphere when the Sun is farthest north of the equator.,"Not this one. Winter solstice is related to aviation or weather, but this question is specifically about summer solstice.",Correct. The summer solstice is the longest day in the northern hemisphere when the sun is farthest north of the equator.,"Not this one. Autumnal equinox is related to aviation or weather, but this question is specifically about summer solstice.","Not this one. Vernal equinox is related to aviation or weather, but this question is specifically about summer solstice.",Summer solstice = longest day.,"Review Module 3, Chapter 2, pages 6, then explain summer solstice in your own words.",Aerospace Dimensions Module 3: Air Environment,6,"Module 3, Chapter 2, pages 6",high,educational_infographic,optional_after_answer,module3_solar_heating_seasons,module3_solar_heating_seasons,module3_solar_heating_seasons.png,/assets/cap-visuals/module3_solar_heating_seasons.png,approved,true,"Solar heating, unequal heating, Earth rotation and revolution, and the solstices and equinoxes.","Solar heating, unequal heating, Earth rotation and revolution, and the solstices and equinoxes.","Solar heating, unequal heating, Earth rotation and revolution, and the solstices and equinoxes.",high,close,true,1.0,original_textbook_grounded,Mitchell_Aerospace_sample_style_analysis,draft,AD-M3-Q034,35
AD-M3-Q034,3,2,Air Circulation,AD3-2-summer_solstice,AD3-2-summer_solstice,AD3-2-summer_solstice,multiple_choice,brief_application,medium_hard,application,Which concept best explains this situation? On which seasonal marker does the Northern Hemisphere have its longest day.?,vernal equinox,autumnal equinox,winter solstice,summer solstice,D,The summer solstice is the longest day in the northern hemisphere when the sun is farthest north of the equator.,Summer solstice is correct because it means the summer solstice is the longest day in the Northern Hemisphere when the Sun is farthest north of the equator.,"Not this one. Vernal equinox is related to aviation or weather, but this question is specifically about summer solstice.","Not this one. Autumnal equinox is related to aviation or weather, but this question is specifically about summer solstice.","Not this one. Winter solstice is related to aviation or weather, but this question is specifically about summer solstice.",Correct. The summer solstice is the longest day in the northern hemisphere when the sun is farthest north of the equator.,Summer solstice = longest day.,"Review Module 3, Chapter 2, pages 6, then explain summer solstice in your own words.",Aerospace Dimensions Module 3: Air Environment,6,"Module 3, Chapter 2, pages 6",high,educational_infographic,optional_after_answer,module3_solar_heating_seasons,module3_solar_heating_seasons,module3_solar_heating_seasons.png,/assets/cap-visuals/module3_solar_heating_seasons.png,approved,true,"Solar heating, unequal heating, Earth rotation and revolution, and the solstices and equinoxes.","Solar heating, unequal heating, Earth rotation and revolution, and the solstices and equinoxes.","Solar heating, unequal heating, Earth rotation and revolution, and the solstices and equinoxes.",high,close,false,0.8,original_textbook_grounded,Mitchell_Aerospace_sample_style_analysis,draft,AD-M3-Q033,45
AD-M3-Q035,3,2,Air Circulation,AD3-2-winter_solstice,AD3-2-winter_solstice,AD3-2-winter_solstice,multiple_choice,direct_definition,medium,recall,Which answer best matches this description: the winter solstice is the shortest day in the Northern Hemisphere when the Sun is farthest south of the equator?,autumnal equinox,winter solstice,summer solstice,vernal equinox,B,The winter solstice is the shortest day in the northern hemisphere when the sun is farthest south of the equator.,Winter solstice is correct because it means the winter solstice is the shortest day in the Northern Hemisphere when the Sun is farthest south of the equator.,"Not this one. Autumnal equinox is related to aviation or weather, but this question is specifically about winter solstice.",Correct. The winter solstice is the shortest day in the northern hemisphere when the sun is farthest south of the equator.,"Not this one. Summer solstice is related to aviation or weather, but this question is specifically about winter solstice.","Not this one. Vernal equinox is related to aviation or weather, but this question is specifically about winter solstice.",Winter solstice = shortest day.,"Review Module 3, Chapter 2, pages 6, then explain winter solstice in your own words.",Aerospace Dimensions Module 3: Air Environment,6,"Module 3, Chapter 2, pages 6",high,educational_infographic,optional_after_answer,module3_solar_heating_seasons,module3_solar_heating_seasons,module3_solar_heating_seasons.png,/assets/cap-visuals/module3_solar_heating_seasons.png,approved,true,"Solar heating, unequal heating, Earth rotation and revolution, and the solstices and equinoxes.","Solar heating, unequal heating, Earth rotation and revolution, and the solstices and equinoxes.","Solar heating, unequal heating, Earth rotation and revolution, and the solstices and equinoxes.",high,close,true,1.0,original_textbook_grounded,Mitchell_Aerospace_sample_style_analysis,draft,AD-M3-Q036,35
AD-M3-Q036,3,2,Air Circulation,AD3-2-winter_solstice,AD3-2-winter_solstice,AD3-2-winter_solstice,multiple_choice,brief_application,medium_hard,application,Which concept best explains this situation? On which seasonal marker does the Northern Hemisphere have its shortest day.?,autumnal equinox,summer solstice,winter solstice,vernal equinox,C,The winter solstice is the shortest day in the northern hemisphere when the sun is farthest south of the equator.,Winter solstice is correct because it means the winter solstice is the shortest day in the Northern Hemisphere when the Sun is farthest south of the equator.,"Not this one. Autumnal equinox is related to aviation or weather, but this question is specifically about winter solstice.","Not this one. Summer solstice is related to aviation or weather, but this question is specifically about winter solstice.",Correct. The winter solstice is the shortest day in the northern hemisphere when the sun is farthest south of the equator.,"Not this one. Vernal equinox is related to aviation or weather, but this question is specifically about winter solstice.",Winter solstice = shortest day.,"Review Module 3, Chapter 2, pages 6, then explain winter solstice in your own words.",Aerospace Dimensions Module 3: Air Environment,6,"Module 3, Chapter 2, pages 6",high,educational_infographic,optional_after_answer,module3_solar_heating_seasons,module3_solar_heating_seasons,module3_solar_heating_seasons.png,/assets/cap-visuals/module3_solar_heating_seasons.png,approved,true,"Solar heating, unequal heating, Earth rotation and revolution, and the solstices and equinoxes.","Solar heating, unequal heating, Earth rotation and revolution, and the solstices and equinoxes.","Solar heating, unequal heating, Earth rotation and revolution, and the solstices and equinoxes.",high,close,true,0.8,original_textbook_grounded,Mitchell_Aerospace_sample_style_analysis,draft,AD-M3-Q035,45
AD-M3-Q037,3,2,Air Circulation,AD3-2-equinox,AD3-2-equinox,AD3-2-equinox,multiple_choice,direct_definition,medium,recall,Which answer best matches this description: an equinox occurs when the Sun's direct rays strike the equator and day and night are equal in length?,equinox,the Sun is farthest north of the equator,the Northern Hemisphere has its shortest day,the Northern Hemisphere has its longest day,A,An equinox occurs when the sun's direct rays strike the equator and day and night are equal in length.,Equinox is correct because it means an equinox occurs when the Sun's direct rays strike the equator and day and night are equal in length.,Correct. An equinox occurs when the sun's direct rays strike the equator and day and night are equal in length.,"Not this one. The sun is farthest north of the equator is related to aviation or weather, but this question is specifically about equinox.","Not this one. The northern hemisphere has its shortest day is related to aviation or weather, but this question is specifically about equinox.","Not this one. The northern hemisphere has its longest day is related to aviation or weather, but this question is specifically about equinox.",Equinox = equal day and night.,"Review Module 3, Chapter 2, pages 6, then explain equinox in your own words.",Aerospace Dimensions Module 3: Air Environment,6,"Module 3, Chapter 2, pages 6",high,educational_infographic,optional_after_answer,module3_solar_heating_seasons,module3_solar_heating_seasons,module3_solar_heating_seasons.png,/assets/cap-visuals/module3_solar_heating_seasons.png,approved,true,"Solar heating, unequal heating, Earth rotation and revolution, and the solstices and equinoxes.","Solar heating, unequal heating, Earth rotation and revolution, and the solstices and equinoxes.","Solar heating, unequal heating, Earth rotation and revolution, and the solstices and equinoxes.",high,close,true,1.0,original_textbook_grounded,Mitchell_Aerospace_sample_style_analysis,draft,AD-M3-Q038,35
AD-M3-Q038,3,2,Air Circulation,AD3-2-equinox,AD3-2-equinox,AD3-2-equinox,multiple_choice,brief_application,medium_hard,application,Which concept best explains this situation? What is true during the vernal and autumnal equinoxes.?,equinox,the Northern Hemisphere has its shortest day,the Sun is farthest north of the equator,the Northern Hemisphere has its longest day,A,An equinox occurs when the sun's direct rays strike the equator and day and night are equal in length.,Equinox is correct because it means an equinox occurs when the Sun's direct rays strike the equator and day and night are equal in length.,Correct. An equinox occurs when the sun's direct rays strike the equator and day and night are equal in length.,"Not this one. The northern hemisphere has its shortest day is related to aviation or weather, but this question is specifically about equinox.","Not this one. The sun is farthest north of the equator is related to aviation or weather, but this question is specifically about equinox.","Not this one. The northern hemisphere has its longest day is related to aviation or weather, but this question is specifically about equinox.",Equinox = equal day and night.,"Review Module 3, Chapter 2, pages 6, then explain equinox in your own words.",Aerospace Dimensions Module 3: Air Environment,6,"Module 3, Chapter 2, pages 6",high,educational_infographic,optional_after_answer,module3_solar_heating_seasons,module3_solar_heating_seasons,module3_solar_heating_seasons.png,/assets/cap-visuals/module3_solar_heating_seasons.png,approved,true,"Solar heating, unequal heating, Earth rotation and revolution, and the solstices and equinoxes.","Solar heating, unequal heating, Earth rotation and revolution, and the solstices and equinoxes.","Solar heating, unequal heating, Earth rotation and revolution, and the solstices and equinoxes.",high,close,false,0.8,original_textbook_grounded,Mitchell_Aerospace_sample_style_analysis,draft,AD-M3-Q037,45
AD-M3-Q039,3,2,Air Circulation,AD3-2-coriolis_force,AD3-2-coriolis_force,AD3-2-coriolis_force,multiple_choice,direct_definition,medium,recall,Which answer best matches this description: Coriolis Force causes freely moving objects to be deflected to the right in the Northern Hemisphere?,Coriolis Force,magnetic deviation,centrifugal lift,thermal inversion,A,Coriolis force causes freely moving objects to be deflected to the right in the northern hemisphere.,Coriolis force is correct because it means Coriolis Force causes freely moving objects to be deflected to the right in the Northern Hemisphere.,Correct. Coriolis force causes freely moving objects to be deflected to the right in the northern hemisphere.,"Not this one. Magnetic deviation is related to aviation or weather, but this question is specifically about Coriolis Force.","Not this one. Centrifugal lift is related to aviation or weather, but this question is specifically about Coriolis Force.","Not this one. Thermal inversion is related to aviation or weather, but this question is specifically about Coriolis Force.",Coriolis = curve right in the north.,"Review Module 3, Chapter 2, pages 6, then explain Coriolis Force in your own words.",Aerospace Dimensions Module 3: Air Environment,6,"Module 3, Chapter 2, pages 6",high,educational_infographic,optional_after_answer,module3_coriolis_winds_jetstream,module3_coriolis_winds_jetstream,module3_coriolis_winds_jetstream.png,/assets/cap-visuals/module3_coriolis_winds_jetstream.png,approved,true,"Coriolis deflection, trade winds, doldrums, prevailing westerlies, and the jet stream.","Coriolis deflection, trade winds, doldrums, prevailing westerlies, and the jet stream.","Coriolis deflection, trade winds, doldrums, prevailing westerlies, and the jet stream.",high,close,true,1.0,original_textbook_grounded,Mitchell_Aerospace_sample_style_analysis,draft,AD-M3-Q040,35
AD-M3-Q040,3,2,Air Circulation,AD3-2-coriolis_force,AD3-2-coriolis_force,AD3-2-coriolis_force,multiple_choice,brief_application,medium_hard,application,Which concept best explains this situation? A pilot in the Northern Hemisphere must account for what effect that deflects motion to the right.?,centrifugal lift,Coriolis Force,thermal inversion,magnetic deviation,B,Coriolis force causes freely moving objects to be deflected to the right in the northern hemisphere.,Coriolis force is correct because it means Coriolis Force causes freely moving objects to be deflected to the right in the Northern Hemisphere.,"Not this one. Centrifugal lift is related to aviation or weather, but this question is specifically about Coriolis Force.",Correct. Coriolis force causes freely moving objects to be deflected to the right in the northern hemisphere.,"Not this one. Thermal inversion is related to aviation or weather, but this question is specifically about Coriolis Force.","Not this one. Magnetic deviation is related to aviation or weather, but this question is specifically about Coriolis Force.",Coriolis = curve right in the north.,"Review Module 3, Chapter 2, pages 6, then explain Coriolis Force in your own words.",Aerospace Dimensions Module 3: Air Environment,6,"Module 3, Chapter 2, pages 6",high,educational_infographic,optional_after_answer,module3_coriolis_winds_jetstream,module3_coriolis_winds_jetstream,module3_coriolis_winds_jetstream.png,/assets/cap-visuals/module3_coriolis_winds_jetstream.png,approved,true,"Coriolis deflection, trade winds, doldrums, prevailing westerlies, and the jet stream.","Coriolis deflection, trade winds, doldrums, prevailing westerlies, and the jet stream.","Coriolis deflection, trade winds, doldrums, prevailing westerlies, and the jet stream.",high,close,true,0.8,original_textbook_grounded,Mitchell_Aerospace_sample_style_analysis,draft,AD-M3-Q039,45
AD-M3-Q041,3,2,Air Circulation,AD3-2-trade_winds,AD3-2-trade_winds,AD3-2-trade_winds,multiple_choice,direct_definition,medium,recall,Which answer best matches this description: trade winds are warm steady winds that blow toward the equator and appear to curve westward?,prevailing westerlies,polar easterlies,jet stream,trade winds,D,Trade winds are warm steady winds that blow toward the equator and appear to curve westward.,Trade winds is correct because it means trade winds are warm steady winds that blow toward the equator and appear to curve westward.,"Not this one. Prevailing westerlies is related to aviation or weather, but this question is specifically about trade winds.","Not this one. Polar easterlies is related to aviation or weather, but this question is specifically about trade winds.","Not this one. Jet stream is related to aviation or weather, but this question is specifically about trade winds.",Correct. Trade winds are warm steady winds that blow toward the equator and appear to curve westward.,Trade winds travel toward the equator.,"Review Module 3, Chapter 2, pages 7, then explain trade winds in your own words.",Aerospace Dimensions Module 3: Air Environment,7,"Module 3, Chapter 2, pages 7",high,educational_infographic,optional_after_answer,module3_coriolis_winds_jetstream,module3_coriolis_winds_jetstream,module3_coriolis_winds_jetstream.png,/assets/cap-visuals/module3_coriolis_winds_jetstream.png,approved,true,"Coriolis deflection, trade winds, doldrums, prevailing westerlies, and the jet stream.","Coriolis deflection, trade winds, doldrums, prevailing westerlies, and the jet stream.","Coriolis deflection, trade winds, doldrums, prevailing westerlies, and the jet stream.",high,close,true,1.0,original_textbook_grounded,Mitchell_Aerospace_sample_style_analysis,draft,AD-M3-Q042,35
AD-M3-Q042,3,2,Air Circulation,AD3-2-trade_winds,AD3-2-trade_winds,AD3-2-trade_winds,multiple_choice,brief_application,medium_hard,application,Which concept best explains this situation? Which global winds blow steadily toward the equator.?,trade winds,polar easterlies,jet stream,prevailing westerlies,A,Trade winds are warm steady winds that blow toward the equator and appear to curve westward.,Trade winds is correct because it means trade winds are warm steady winds that blow toward the equator and appear to curve westward.,Correct. Trade winds are warm steady winds that blow toward the equator and appear to curve westward.,"Not this one. Polar easterlies is related to aviation or weather, but this question is specifically about trade winds.","Not this one. Jet stream is related to aviation or weather, but this question is specifically about trade winds.","Not this one. Prevailing westerlies is related to aviation or weather, but this question is specifically about trade winds.",Trade winds travel toward the equator.,"Review Module 3, Chapter 2, pages 7, then explain trade winds in your own words.",Aerospace Dimensions Module 3: Air Environment,7,"Module 3, Chapter 2, pages 7",high,educational_infographic,optional_after_answer,module3_coriolis_winds_jetstream,module3_coriolis_winds_jetstream,module3_coriolis_winds_jetstream.png,/assets/cap-visuals/module3_coriolis_winds_jetstream.png,approved,true,"Coriolis deflection, trade winds, doldrums, prevailing westerlies, and the jet stream.","Coriolis deflection, trade winds, doldrums, prevailing westerlies, and the jet stream.","Coriolis deflection, trade winds, doldrums, prevailing westerlies, and the jet stream.",high,close,false,0.8,original_textbook_grounded,Mitchell_Aerospace_sample_style_analysis,draft,AD-M3-Q041,45
AD-M3-Q043,3,2,Air Circulation,AD3-2-doldrums,AD3-2-doldrums,AD3-2-doldrums,multiple_choice,direct_definition,medium,recall,Which answer best matches this description: the doldrums are a zone near the equator characterized by calm surface winds?,doldrums,jet core,polar front,horse latitudes of 60°,A,The doldrums are a zone near the equator characterized by calm surface winds.,Doldrums is correct because it means the doldrums are a zone near the equator characterized by calm surface winds.,Correct. The doldrums are a zone near the equator characterized by calm surface winds.,"Not this one. Jet core is related to aviation or weather, but this question is specifically about doldrums.","Not this one. Polar front is related to aviation or weather, but this question is specifically about doldrums.","Not this one. Horse latitudes of 60° is related to aviation or weather, but this question is specifically about doldrums.",Doldrums = calm near equator.,"Review Module 3, Chapter 2, pages 7, then explain doldrums in your own words.",Aerospace Dimensions Module 3: Air Environment,7,"Module 3, Chapter 2, pages 7",high,educational_infographic,optional_after_answer,module3_coriolis_winds_jetstream,module3_coriolis_winds_jetstream,module3_coriolis_winds_jetstream.png,/assets/cap-visuals/module3_coriolis_winds_jetstream.png,approved,true,"Coriolis deflection, trade winds, doldrums, prevailing westerlies, and the jet stream.","Coriolis deflection, trade winds, doldrums, prevailing westerlies, and the jet stream.","Coriolis deflection, trade winds, doldrums, prevailing westerlies, and the jet stream.",high,close,true,1.0,original_textbook_grounded,Mitchell_Aerospace_sample_style_analysis,draft,AD-M3-Q044,35
AD-M3-Q044,3,2,Air Circulation,AD3-2-doldrums,AD3-2-doldrums,AD3-2-doldrums,multiple_choice,brief_application,medium_hard,application,Which concept best explains this situation? What is the name of the calm belt where converging trade winds meet near the equator.?,polar front,horse latitudes of 60°,jet core,doldrums,D,The doldrums are a zone near the equator characterized by calm surface winds.,Doldrums is correct because it means the doldrums are a zone near the equator characterized by calm surface winds.,"Not this one. Polar front is related to aviation or weather, but this question is specifically about doldrums.","Not this one. Horse latitudes of 60° is related to aviation or weather, but this question is specifically about doldrums.","Not this one. Jet core is related to aviation or weather, but this question is specifically about doldrums.",Correct. The doldrums are a zone near the equator characterized by calm surface winds.,Doldrums = calm near equator.,"Review Module 3, Chapter 2, pages 7, then explain doldrums in your own words.",Aerospace Dimensions Module 3: Air Environment,7,"Module 3, Chapter 2, pages 7",high,educational_infographic,optional_after_answer,module3_coriolis_winds_jetstream,module3_coriolis_winds_jetstream,module3_coriolis_winds_jetstream.png,/assets/cap-visuals/module3_coriolis_winds_jetstream.png,approved,true,"Coriolis deflection, trade winds, doldrums, prevailing westerlies, and the jet stream.","Coriolis deflection, trade winds, doldrums, prevailing westerlies, and the jet stream.","Coriolis deflection, trade winds, doldrums, prevailing westerlies, and the jet stream.",high,close,true,0.8,original_textbook_grounded,Mitchell_Aerospace_sample_style_analysis,draft,AD-M3-Q043,45
AD-M3-Q045,3,2,Air Circulation,AD3-2-prevailing_westerlies,AD3-2-prevailing_westerlies,AD3-2-prevailing_westerlies,multiple_choice,direct_definition,medium,recall,Which answer best matches this description: prevailing westerlies are global winds between about 30° and 60° latitude that appear to curve eastward?,trade winds,doldrums,prevailing westerlies,polar easterlies,C,Prevailing westerlies are global winds between about 30° and 60° latitude that appear to curve eastward.,Prevailing westerlies is correct because it means prevailing westerlies are global winds between about 30° and 60° latitude that appear to curve eastward.,"Not this one. Trade winds is related to aviation or weather, but this question is specifically about prevailing westerlies.","Not this one. Doldrums is related to aviation or weather, but this question is specifically about prevailing westerlies.",Correct. Prevailing westerlies are global winds between about 30° and 60° latitude that appear to curve eastward.,"Not this one. Polar easterlies is related to aviation or weather, but this question is specifically about prevailing westerlies.",Westerlies move weather eastward.,"Review Module 3, Chapter 2, pages 7, then explain prevailing westerlies in your own words.",Aerospace Dimensions Module 3: Air Environment,7,"Module 3, Chapter 2, pages 7",high,educational_infographic,optional_after_answer,module3_coriolis_winds_jetstream,module3_coriolis_winds_jetstream,module3_coriolis_winds_jetstream.png,/assets/cap-visuals/module3_coriolis_winds_jetstream.png,approved,true,"Coriolis deflection, trade winds, doldrums, prevailing westerlies, and the jet stream.","Coriolis deflection, trade winds, doldrums, prevailing westerlies, and the jet stream.","Coriolis deflection, trade winds, doldrums, prevailing westerlies, and the jet stream.",high,close,true,1.0,original_textbook_grounded,Mitchell_Aerospace_sample_style_analysis,draft,AD-M3-Q046,35
AD-M3-Q046,3,2,Air Circulation,AD3-2-prevailing_westerlies,AD3-2-prevailing_westerlies,AD3-2-prevailing_westerlies,multiple_choice,brief_application,medium_hard,application,Which concept best explains this situation? Which winds are responsible for many weather movements across the US and Canada.?,doldrums,polar easterlies,prevailing westerlies,trade winds,C,Prevailing westerlies are global winds between about 30° and 60° latitude that appear to curve eastward.,Prevailing westerlies is correct because it means prevailing westerlies are global winds between about 30° and 60° latitude that appear to curve eastward.,"Not this one. Doldrums is related to aviation or weather, but this question is specifically about prevailing westerlies.","Not this one. Polar easterlies is related to aviation or weather, but this question is specifically about prevailing westerlies.",Correct. Prevailing westerlies are global winds between about 30° and 60° latitude that appear to curve eastward.,"Not this one. Trade winds is related to aviation or weather, but this question is specifically about prevailing westerlies.",Westerlies move weather eastward.,"Review Module 3, Chapter 2, pages 7, then explain prevailing westerlies in your own words.",Aerospace Dimensions Module 3: Air Environment,7,"Module 3, Chapter 2, pages 7",high,educational_infographic,optional_after_answer,module3_coriolis_winds_jetstream,module3_coriolis_winds_jetstream,module3_coriolis_winds_jetstream.png,/assets/cap-visuals/module3_coriolis_winds_jetstream.png,approved,true,"Coriolis deflection, trade winds, doldrums, prevailing westerlies, and the jet stream.","Coriolis deflection, trade winds, doldrums, prevailing westerlies, and the jet stream.","Coriolis deflection, trade winds, doldrums, prevailing westerlies, and the jet stream.",high,close,false,0.8,original_textbook_grounded,Mitchell_Aerospace_sample_style_analysis,draft,AD-M3-Q045,45
AD-M3-Q047,3,2,Air Circulation,AD3-2-jet_stream,AD3-2-jet_stream,AD3-2-jet_stream,multiple_choice,direct_definition,medium,recall,"Which answer best matches this description: the jet stream is a fast-moving river of air at about 30,000 to 35,000 feet that generally flows west to east?",because it always blows east to west,jet stream,because it forms only at sea level,to avoid all weather entirely,B,"The jet stream is a fast-moving river of air at about 30,000 to 35,000 feet that generally flows west to east.","Jet stream is correct because it means the jet stream is a fast-moving river of air at about 30,000 to 35,000 feet that generally flows west to east.","Not this one. Because it always blows east to west is related to aviation or weather, but this question is specifically about jet stream.","Correct. The jet stream is a fast-moving river of air at about 30,000 to 35,000 feet that generally flows west to east.","Not this one. Because it forms only at sea level is related to aviation or weather, but this question is specifically about jet stream.","Not this one. To avoid all weather entirely is related to aviation or weather, but this question is specifically about jet stream.","Jet stream = high, fast, west to east.","Review Module 3, Chapter 2, pages 7-8, then explain jet stream in your own words.",Aerospace Dimensions Module 3: Air Environment,7-8,"Module 3, Chapter 2, pages 7-8",high,educational_infographic,optional_after_answer,module3_coriolis_winds_jetstream,module3_coriolis_winds_jetstream,module3_coriolis_winds_jetstream.png,/assets/cap-visuals/module3_coriolis_winds_jetstream.png,approved,true,"Coriolis deflection, trade winds, doldrums, prevailing westerlies, and the jet stream.","Coriolis deflection, trade winds, doldrums, prevailing westerlies, and the jet stream.","Coriolis deflection, trade winds, doldrums, prevailing westerlies, and the jet stream.",high,close,true,1.0,original_textbook_grounded,Mitchell_Aerospace_sample_style_analysis,draft,AD-M3-Q048,35
AD-M3-Q048,3,2,Air Circulation,AD3-2-jet_stream,AD3-2-jet_stream,AD3-2-jet_stream,multiple_choice,brief_application,medium_hard,application,Which concept best explains this situation? Why might an eastbound pilot pay close attention to the jet stream.?,jet stream,to avoid all weather entirely,because it forms only at sea level,because it always blows east to west,A,"The jet stream is a fast-moving river of air at about 30,000 to 35,000 feet that generally flows west to east.","Jet stream is correct because it means the jet stream is a fast-moving river of air at about 30,000 to 35,000 feet that generally flows west to east.","Correct. The jet stream is a fast-moving river of air at about 30,000 to 35,000 feet that generally flows west to east.","Not this one. To avoid all weather entirely is related to aviation or weather, but this question is specifically about jet stream.","Not this one. Because it forms only at sea level is related to aviation or weather, but this question is specifically about jet stream.","Not this one. Because it always blows east to west is related to aviation or weather, but this question is specifically about jet stream.","Jet stream = high, fast, west to east.","Review Module 3, Chapter 2, pages 7-8, then explain jet stream in your own words.",Aerospace Dimensions Module 3: Air Environment,7-8,"Module 3, Chapter 2, pages 7-8",high,educational_infographic,optional_after_answer,module3_coriolis_winds_jetstream,module3_coriolis_winds_jetstream,module3_coriolis_winds_jetstream.png,/assets/cap-visuals/module3_coriolis_winds_jetstream.png,approved,true,"Coriolis deflection, trade winds, doldrums, prevailing westerlies, and the jet stream.","Coriolis deflection, trade winds, doldrums, prevailing westerlies, and the jet stream.","Coriolis deflection, trade winds, doldrums, prevailing westerlies, and the jet stream.",high,close,true,0.8,original_textbook_grounded,Mitchell_Aerospace_sample_style_analysis,draft,AD-M3-Q047,45
AD-M3-Q049,3,3,Weather Elements,AD3-3-wind,AD3-3-wind,AD3-3-wind,multiple_choice,direct_definition,medium,recall,Which answer best matches this description: wind is a body of air in motion and is described by direction and speed?,wind,energy measured on a thermometer,air pressure at rest,water vapor changing to liquid,A,Wind is a body of air in motion and is described by direction and speed.,Wind is correct because it means wind is a body of air in motion and is described by direction and speed.,Correct. Wind is a body of air in motion and is described by direction and speed.,"Not this one. Energy measured on a thermometer is related to aviation or weather, but this question is specifically about wind.","Not this one. Air pressure at rest is related to aviation or weather, but this question is specifically about wind.","Not this one. Water vapor changing to liquid is related to aviation or weather, but this question is specifically about wind.",Wind = air in motion.,"Review Module 3, Chapter 3, pages 11, then explain wind in your own words.",Aerospace Dimensions Module 3: Air Environment,11,"Module 3, Chapter 3, pages 11",high,educational_infographic,optional_after_answer,module3_weather_elements_heat_transfer,module3_weather_elements_heat_transfer,module3_weather_elements_heat_transfer.png,/assets/cap-visuals/module3_weather_elements_heat_transfer.png,approved,true,"Wind, knots, Beaufort scale, heat transfer methods, pressure, wind chill, and microburst concepts.","Wind, knots, Beaufort scale, heat transfer methods, pressure, wind chill, and microburst concepts.","Wind, knots, Beaufort scale, heat transfer methods, pressure, wind chill, and microburst concepts.",high,close,true,1.0,original_textbook_grounded,Mitchell_Aerospace_sample_style_analysis,draft,AD-M3-Q050,35
AD-M3-Q050,3,3,Weather Elements,AD3-3-wind,AD3-3-wind,AD3-3-wind,multiple_choice,brief_application,medium_hard,application,Which concept best explains this situation? What is wind.?,energy measured on a thermometer,water vapor changing to liquid,wind,air pressure at rest,C,Wind is a body of air in motion and is described by direction and speed.,Wind is correct because it means wind is a body of air in motion and is described by direction and speed.,"Not this one. Energy measured on a thermometer is related to aviation or weather, but this question is specifically about wind.","Not this one. Water vapor changing to liquid is related to aviation or weather, but this question is specifically about wind.",Correct. Wind is a body of air in motion and is described by direction and speed.,"Not this one. Air pressure at rest is related to aviation or weather, but this question is specifically about wind.",Wind = air in motion.,"Review Module 3, Chapter 3, pages 11, then explain wind in your own words.",Aerospace Dimensions Module 3: Air Environment,11,"Module 3, Chapter 3, pages 11",high,educational_infographic,optional_after_answer,module3_weather_elements_heat_transfer,module3_weather_elements_heat_transfer,module3_weather_elements_heat_transfer.png,/assets/cap-visuals/module3_weather_elements_heat_transfer.png,approved,true,"Wind, knots, Beaufort scale, heat transfer methods, pressure, wind chill, and microburst concepts.","Wind, knots, Beaufort scale, heat transfer methods, pressure, wind chill, and microburst concepts.","Wind, knots, Beaufort scale, heat transfer methods, pressure, wind chill, and microburst concepts.",high,close,false,0.8,original_textbook_grounded,Mitchell_Aerospace_sample_style_analysis,draft,AD-M3-Q049,45
AD-M3-Q051,3,3,Weather Elements,AD3-3-knot,AD3-3-knot,AD3-3-knot,multiple_choice,direct_definition,medium,recall,"Which answer best matches this description: a knot is one nautical mile per hour, a common unit for aviation wind speed?",gallons per hour,knot,feet per second only,meters of pressure,B,"A knot is one nautical mile per hour, a common unit for aviation wind speed.","Knot is correct because it means a knot is one nautical mile per hour, a common unit for aviation wind speed.","Not this one. Gallons per hour is related to aviation or weather, but this question is specifically about knot.","Correct. A knot is one nautical mile per hour, a common unit for aviation wind speed.","Not this one. Feet per second only is related to aviation or weather, but this question is specifically about knot.","Not this one. Meters of pressure is related to aviation or weather, but this question is specifically about knot.",Knot = nautical mile per hour.,"Review Module 3, Chapter 3, pages 11, then explain knot in your own words.",Aerospace Dimensions Module 3: Air Environment,11,"Module 3, Chapter 3, pages 11",high,educational_infographic,optional_after_answer,module3_weather_elements_heat_transfer,module3_weather_elements_heat_transfer,module3_weather_elements_heat_transfer.png,/assets/cap-visuals/module3_weather_elements_heat_transfer.png,approved,true,"Wind, knots, Beaufort scale, heat transfer methods, pressure, wind chill, and microburst concepts.","Wind, knots, Beaufort scale, heat transfer methods, pressure, wind chill, and microburst concepts.","Wind, knots, Beaufort scale, heat transfer methods, pressure, wind chill, and microburst concepts.",high,close,true,1.0,original_textbook_grounded,Mitchell_Aerospace_sample_style_analysis,draft,AD-M3-Q052,35
AD-M3-Q052,3,3,Weather Elements,AD3-3-knot,AD3-3-knot,AD3-3-knot,multiple_choice,brief_application,medium_hard,application,Which concept best explains this situation? Which unit is commonly used in aviation to express wind speed.?,meters of pressure,knot,feet per second only,gallons per hour,B,"A knot is one nautical mile per hour, a common unit for aviation wind speed.","Knot is correct because it means a knot is one nautical mile per hour, a common unit for aviation wind speed.","Not this one. Meters of pressure is related to aviation or weather, but this question is specifically about knot.","Correct. A knot is one nautical mile per hour, a common unit for aviation wind speed.","Not this one. Feet per second only is related to aviation or weather, but this question is specifically about knot.","Not this one. Gallons per hour is related to aviation or weather, but this question is specifically about knot.",Knot = nautical mile per hour.,"Review Module 3, Chapter 3, pages 11, then explain knot in your own words.",Aerospace Dimensions Module 3: Air Environment,11,"Module 3, Chapter 3, pages 11",high,educational_infographic,optional_after_answer,module3_weather_elements_heat_transfer,module3_weather_elements_heat_transfer,module3_weather_elements_heat_transfer.png,/assets/cap-visuals/module3_weather_elements_heat_transfer.png,approved,true,"Wind, knots, Beaufort scale, heat transfer methods, pressure, wind chill, and microburst concepts.","Wind, knots, Beaufort scale, heat transfer methods, pressure, wind chill, and microburst concepts.","Wind, knots, Beaufort scale, heat transfer methods, pressure, wind chill, and microburst concepts.",high,close,true,0.8,original_textbook_grounded,Mitchell_Aerospace_sample_style_analysis,draft,AD-M3-Q051,45
AD-M3-Q053,3,3,Weather Elements,AD3-3-beaufort_scale,AD3-3-beaufort_scale,AD3-3-beaufort_scale,multiple_choice,direct_definition,medium,recall,Which answer best matches this description: the Beaufort Scale is a tool for estimating wind speed on land or sea from observed effects?,Beaufort Scale,Saffir-Simpson Scale,Mercalli Scale,Fujita Scale,A,The beaufort scale is a tool for estimating wind speed on land or sea from observed effects.,Beaufort scale is correct because it means the Beaufort Scale is a tool for estimating wind speed on land or sea from observed effects.,Correct. The beaufort scale is a tool for estimating wind speed on land or sea from observed effects.,"Not this one. Saffir-simpson scale is related to aviation or weather, but this question is specifically about Beaufort Scale.","Not this one. Mercalli scale is related to aviation or weather, but this question is specifically about Beaufort Scale.","Not this one. Fujita scale is related to aviation or weather, but this question is specifically about Beaufort Scale.",Beaufort = estimate by observation.,"Review Module 3, Chapter 3, pages 12, then explain Beaufort Scale in your own words.",Aerospace Dimensions Module 3: Air Environment,12,"Module 3, Chapter 3, pages 12",high,educational_infographic,optional_after_answer,module3_weather_elements_heat_transfer,module3_weather_elements_heat_transfer,module3_weather_elements_heat_transfer.png,/assets/cap-visuals/module3_weather_elements_heat_transfer.png,approved,true,"Wind, knots, Beaufort scale, heat transfer methods, pressure, wind chill, and microburst concepts.","Wind, knots, Beaufort scale, heat transfer methods, pressure, wind chill, and microburst concepts.","Wind, knots, Beaufort scale, heat transfer methods, pressure, wind chill, and microburst concepts.",high,close,true,1.0,original_textbook_grounded,Mitchell_Aerospace_sample_style_analysis,draft,AD-M3-Q054,35
AD-M3-Q054,3,3,Weather Elements,AD3-3-beaufort_scale,AD3-3-beaufort_scale,AD3-3-beaufort_scale,multiple_choice,brief_application,medium_hard,application,Which concept best explains this situation? Which scale helps estimate wind speed by looking at environmental effects.?,Saffir-Simpson Scale,Mercalli Scale,Beaufort Scale,Fujita Scale,C,The beaufort scale is a tool for estimating wind speed on land or sea from observed effects.,Beaufort scale is correct because it means the Beaufort Scale is a tool for estimating wind speed on land or sea from observed effects.,"Not this one. Saffir-simpson scale is related to aviation or weather, but this question is specifically about Beaufort Scale.","Not this one. Mercalli scale is related to aviation or weather, but this question is specifically about Beaufort Scale.",Correct. The beaufort scale is a tool for estimating wind speed on land or sea from observed effects.,"Not this one. Fujita scale is related to aviation or weather, but this question is specifically about Beaufort Scale.",Beaufort = estimate by observation.,"Review Module 3, Chapter 3, pages 12, then explain Beaufort Scale in your own words.",Aerospace Dimensions Module 3: Air Environment,12,"Module 3, Chapter 3, pages 12",high,educational_infographic,optional_after_answer,module3_weather_elements_heat_transfer,module3_weather_elements_heat_transfer,module3_weather_elements_heat_transfer.png,/assets/cap-visuals/module3_weather_elements_heat_transfer.png,approved,true,"Wind, knots, Beaufort scale, heat transfer methods, pressure, wind chill, and microburst concepts.","Wind, knots, Beaufort scale, heat transfer methods, pressure, wind chill, and microburst concepts.","Wind, knots, Beaufort scale, heat transfer methods, pressure, wind chill, and microburst concepts.",high,close,false,0.8,original_textbook_grounded,Mitchell_Aerospace_sample_style_analysis,draft,AD-M3-Q053,45
AD-M3-Q055,3,3,Weather Elements,AD3-3-heat,AD3-3-heat,AD3-3-heat,multiple_choice,direct_definition,medium,recall,Which answer best matches this description: heat is the total energy of all molecules within a substance?,pressure,heat,wind chill,temperature,B,Heat is the total energy of all molecules within a substance.,Heat is correct because it means heat is the total energy of all molecules within a substance.,"Not this one. Pressure is related to aviation or weather, but this question is specifically about heat.",Correct. Heat is the total energy of all molecules within a substance.,"Not this one. Wind chill is related to aviation or weather, but this question is specifically about heat.","Not this one. Temperature is related to aviation or weather, but this question is specifically about heat.",Heat = total molecular energy.,"Review Module 3, Chapter 3, pages 11-14, then explain heat in your own words.",Aerospace Dimensions Module 3: Air Environment,11-14,"Module 3, Chapter 3, pages 11-14",high,educational_infographic,optional_after_answer,module3_weather_elements_heat_transfer,module3_weather_elements_heat_transfer,module3_weather_elements_heat_transfer.png,/assets/cap-visuals/module3_weather_elements_heat_transfer.png,approved,true,"Wind, knots, Beaufort scale, heat transfer methods, pressure, wind chill, and microburst concepts.","Wind, knots, Beaufort scale, heat transfer methods, pressure, wind chill, and microburst concepts.","Wind, knots, Beaufort scale, heat transfer methods, pressure, wind chill, and microburst concepts.",high,close,true,1.0,original_textbook_grounded,Mitchell_Aerospace_sample_style_analysis,draft,AD-M3-Q056,35
AD-M3-Q056,3,3,Weather Elements,AD3-3-heat,AD3-3-heat,AD3-3-heat,multiple_choice,brief_application,medium_hard,application,Which concept best explains this situation? Which term means the total energy of all molecules in a substance.?,wind chill,pressure,heat,temperature,C,Heat is the total energy of all molecules within a substance.,Heat is correct because it means heat is the total energy of all molecules within a substance.,"Not this one. Wind chill is related to aviation or weather, but this question is specifically about heat.","Not this one. Pressure is related to aviation or weather, but this question is specifically about heat.",Correct. Heat is the total energy of all molecules within a substance.,"Not this one. Temperature is related to aviation or weather, but this question is specifically about heat.",Heat = total molecular energy.,"Review Module 3, Chapter 3, pages 11-14, then explain heat in your own words.",Aerospace Dimensions Module 3: Air Environment,11-14,"Module 3, Chapter 3, pages 11-14",high,educational_infographic,optional_after_answer,module3_weather_elements_heat_transfer,module3_weather_elements_heat_transfer,module3_weather_elements_heat_transfer.png,/assets/cap-visuals/module3_weather_elements_heat_transfer.png,approved,true,"Wind, knots, Beaufort scale, heat transfer methods, pressure, wind chill, and microburst concepts.","Wind, knots, Beaufort scale, heat transfer methods, pressure, wind chill, and microburst concepts.","Wind, knots, Beaufort scale, heat transfer methods, pressure, wind chill, and microburst concepts.",high,close,true,0.8,original_textbook_grounded,Mitchell_Aerospace_sample_style_analysis,draft,AD-M3-Q055,45
AD-M3-Q057,3,3,Weather Elements,AD3-3-temperature,AD3-3-temperature,AD3-3-temperature,multiple_choice,direct_definition,medium,recall,Which answer best matches this description: temperature is a measure of molecular motion expressed on a scale?,how many winds exist,temperature,the weight of the atmosphere,total amount of moisture only,B,Temperature is a measure of molecular motion expressed on a scale.,Temperature is correct because it means temperature is a measure of molecular motion expressed on a scale.,"Not this one. How many winds exist is related to aviation or weather, but this question is specifically about temperature.",Correct. Temperature is a measure of molecular motion expressed on a scale.,"Not this one. The weight of the atmosphere is related to aviation or weather, but this question is specifically about temperature.","Not this one. Total amount of moisture only is related to aviation or weather, but this question is specifically about temperature.",Temperature = molecular motion.,"Review Module 3, Chapter 3, pages 11-18, then explain temperature in your own words.",Aerospace Dimensions Module 3: Air Environment,11-18,"Module 3, Chapter 3, pages 11-18",high,educational_infographic,optional_after_answer,module3_weather_elements_heat_transfer,module3_weather_elements_heat_transfer,module3_weather_elements_heat_transfer.png,/assets/cap-visuals/module3_weather_elements_heat_transfer.png,approved,true,"Wind, knots, Beaufort scale, heat transfer methods, pressure, wind chill, and microburst concepts.","Wind, knots, Beaufort scale, heat transfer methods, pressure, wind chill, and microburst concepts.","Wind, knots, Beaufort scale, heat transfer methods, pressure, wind chill, and microburst concepts.",high,close,true,1.0,original_textbook_grounded,Mitchell_Aerospace_sample_style_analysis,draft,AD-M3-Q058,35
AD-M3-Q058,3,3,Weather Elements,AD3-3-temperature,AD3-3-temperature,AD3-3-temperature,multiple_choice,brief_application,medium_hard,application,Which concept best explains this situation? What does temperature measure.?,the weight of the atmosphere,how many winds exist,temperature,total amount of moisture only,C,Temperature is a measure of molecular motion expressed on a scale.,Temperature is correct because it means temperature is a measure of molecular motion expressed on a scale.,"Not this one. The weight of the atmosphere is related to aviation or weather, but this question is specifically about temperature.","Not this one. How many winds exist is related to aviation or weather, but this question is specifically about temperature.",Correct. Temperature is a measure of molecular motion expressed on a scale.,"Not this one. Total amount of moisture only is related to aviation or weather, but this question is specifically about temperature.",Temperature = molecular motion.,"Review Module 3, Chapter 3, pages 11-18, then explain temperature in your own words.",Aerospace Dimensions Module 3: Air Environment,11-18,"Module 3, Chapter 3, pages 11-18",high,educational_infographic,optional_after_answer,module3_weather_elements_heat_transfer,module3_weather_elements_heat_transfer,module3_weather_elements_heat_transfer.png,/assets/cap-visuals/module3_weather_elements_heat_transfer.png,approved,true,"Wind, knots, Beaufort scale, heat transfer methods, pressure, wind chill, and microburst concepts.","Wind, knots, Beaufort scale, heat transfer methods, pressure, wind chill, and microburst concepts.","Wind, knots, Beaufort scale, heat transfer methods, pressure, wind chill, and microburst concepts.",high,close,false,0.8,original_textbook_grounded,Mitchell_Aerospace_sample_style_analysis,draft,AD-M3-Q057,45
AD-M3-Q059,3,3,Weather Elements,AD3-3-conduction,AD3-3-conduction,AD3-3-conduction,multiple_choice,direct_definition,medium,recall,Which answer best matches this description: conduction is heat transfer by direct contact?,convection,advection,conduction,radiation,C,Conduction is heat transfer by direct contact.,Conduction is correct because it means conduction is heat transfer by direct contact.,"Not this one. Convection is related to aviation or weather, but this question is specifically about conduction.","Not this one. Advection is related to aviation or weather, but this question is specifically about conduction.",Correct. Conduction is heat transfer by direct contact.,"Not this one. Radiation is related to aviation or weather, but this question is specifically about conduction.",Conduction = contact.,"Review Module 3, Chapter 3, pages 14-16, then explain conduction in your own words.",Aerospace Dimensions Module 3: Air Environment,14-16,"Module 3, Chapter 3, pages 14-16",high,educational_infographic,optional_after_answer,module3_weather_elements_heat_transfer,module3_weather_elements_heat_transfer,module3_weather_elements_heat_transfer.png,/assets/cap-visuals/module3_weather_elements_heat_transfer.png,approved,true,"Wind, knots, Beaufort scale, heat transfer methods, pressure, wind chill, and microburst concepts.","Wind, knots, Beaufort scale, heat transfer methods, pressure, wind chill, and microburst concepts.","Wind, knots, Beaufort scale, heat transfer methods, pressure, wind chill, and microburst concepts.",high,close,true,1.0,original_textbook_grounded,Mitchell_Aerospace_sample_style_analysis,draft,AD-M3-Q060,35
AD-M3-Q060,3,3,Weather Elements,AD3-3-conduction,AD3-3-conduction,AD3-3-conduction,multiple_choice,brief_application,medium_hard,application,Which concept best explains this situation? Which method transfers heat when two objects touch.?,advection,radiation,conduction,convection,C,Conduction is heat transfer by direct contact.,Conduction is correct because it means conduction is heat transfer by direct contact.,"Not this one. Advection is related to aviation or weather, but this question is specifically about conduction.","Not this one. Radiation is related to aviation or weather, but this question is specifically about conduction.",Correct. Conduction is heat transfer by direct contact.,"Not this one. Convection is related to aviation or weather, but this question is specifically about conduction.",Conduction = contact.,"Review Module 3, Chapter 3, pages 14-16, then explain conduction in your own words.",Aerospace Dimensions Module 3: Air Environment,14-16,"Module 3, Chapter 3, pages 14-16",high,educational_infographic,optional_after_answer,module3_weather_elements_heat_transfer,module3_weather_elements_heat_transfer,module3_weather_elements_heat_transfer.png,/assets/cap-visuals/module3_weather_elements_heat_transfer.png,approved,true,"Wind, knots, Beaufort scale, heat transfer methods, pressure, wind chill, and microburst concepts.","Wind, knots, Beaufort scale, heat transfer methods, pressure, wind chill, and microburst concepts.","Wind, knots, Beaufort scale, heat transfer methods, pressure, wind chill, and microburst concepts.",high,close,true,0.8,original_textbook_grounded,Mitchell_Aerospace_sample_style_analysis,draft,AD-M3-Q059,45
AD-M3-Q061,3,3,Weather Elements,AD3-3-convection,AD3-3-convection,AD3-3-convection,multiple_choice,direct_definition,medium,recall,"Which answer best matches this description: convection is heat transfer by vertical motion, often with warm air rising?",radiation,convection,conduction,advection,B,"Convection is heat transfer by vertical motion, often with warm air rising.","Convection is correct because it means convection is heat transfer by vertical motion, often with warm air rising.","Not this one. Radiation is related to aviation or weather, but this question is specifically about convection.","Correct. Convection is heat transfer by vertical motion, often with warm air rising.","Not this one. Conduction is related to aviation or weather, but this question is specifically about convection.","Not this one. Advection is related to aviation or weather, but this question is specifically about convection.",Convection = vertical movement.,"Review Module 3, Chapter 3, pages 14-16, then explain convection in your own words.",Aerospace Dimensions Module 3: Air Environment,14-16,"Module 3, Chapter 3, pages 14-16",high,educational_infographic,optional_after_answer,module3_weather_elements_heat_transfer,module3_weather_elements_heat_transfer,module3_weather_elements_heat_transfer.png,/assets/cap-visuals/module3_weather_elements_heat_transfer.png,approved,true,"Wind, knots, Beaufort scale, heat transfer methods, pressure, wind chill, and microburst concepts.","Wind, knots, Beaufort scale, heat transfer methods, pressure, wind chill, and microburst concepts.","Wind, knots, Beaufort scale, heat transfer methods, pressure, wind chill, and microburst concepts.",high,close,true,1.0,original_textbook_grounded,Mitchell_Aerospace_sample_style_analysis,draft,AD-M3-Q062,35
AD-M3-Q062,3,3,Weather Elements,AD3-3-convection,AD3-3-convection,AD3-3-convection,multiple_choice,brief_application,medium_hard,application,Which concept best explains this situation? Which heat-transfer process is associated with rising warm air.?,conduction,advection,convection,radiation,C,"Convection is heat transfer by vertical motion, often with warm air rising.","Convection is correct because it means convection is heat transfer by vertical motion, often with warm air rising.","Not this one. Conduction is related to aviation or weather, but this question is specifically about convection.","Not this one. Advection is related to aviation or weather, but this question is specifically about convection.","Correct. Convection is heat transfer by vertical motion, often with warm air rising.","Not this one. Radiation is related to aviation or weather, but this question is specifically about convection.",Convection = vertical movement.,"Review Module 3, Chapter 3, pages 14-16, then explain convection in your own words.",Aerospace Dimensions Module 3: Air Environment,14-16,"Module 3, Chapter 3, pages 14-16",high,educational_infographic,optional_after_answer,module3_weather_elements_heat_transfer,module3_weather_elements_heat_transfer,module3_weather_elements_heat_transfer.png,/assets/cap-visuals/module3_weather_elements_heat_transfer.png,approved,true,"Wind, knots, Beaufort scale, heat transfer methods, pressure, wind chill, and microburst concepts.","Wind, knots, Beaufort scale, heat transfer methods, pressure, wind chill, and microburst concepts.","Wind, knots, Beaufort scale, heat transfer methods, pressure, wind chill, and microburst concepts.",high,close,false,0.8,original_textbook_grounded,Mitchell_Aerospace_sample_style_analysis,draft,AD-M3-Q061,45
AD-M3-Q063,3,3,Weather Elements,AD3-3-advection,AD3-3-advection,AD3-3-advection,multiple_choice,direct_definition,medium,recall,"Which answer best matches this description: advection is the lateral transfer of heat, usually by horizontal air movement?",convection,conduction,radiation,advection,D,"Advection is the lateral transfer of heat, usually by horizontal air movement.","Advection is correct because it means advection is the lateral transfer of heat, usually by horizontal air movement.","Not this one. Convection is related to aviation or weather, but this question is specifically about advection.","Not this one. Conduction is related to aviation or weather, but this question is specifically about advection.","Not this one. Radiation is related to aviation or weather, but this question is specifically about advection.","Correct. Advection is the lateral transfer of heat, usually by horizontal air movement.",Advection = sideways transfer.,"Review Module 3, Chapter 3, pages 11-16, then explain advection in your own words.",Aerospace Dimensions Module 3: Air Environment,11-16,"Module 3, Chapter 3, pages 11-16",high,educational_infographic,optional_after_answer,module3_weather_elements_heat_transfer,module3_weather_elements_heat_transfer,module3_weather_elements_heat_transfer.png,/assets/cap-visuals/module3_weather_elements_heat_transfer.png,approved,true,"Wind, knots, Beaufort scale, heat transfer methods, pressure, wind chill, and microburst concepts.","Wind, knots, Beaufort scale, heat transfer methods, pressure, wind chill, and microburst concepts.","Wind, knots, Beaufort scale, heat transfer methods, pressure, wind chill, and microburst concepts.",high,close,true,1.0,original_textbook_grounded,Mitchell_Aerospace_sample_style_analysis,draft,AD-M3-Q064,35
AD-M3-Q064,3,3,Weather Elements,AD3-3-advection,AD3-3-advection,AD3-3-advection,multiple_choice,brief_application,medium_hard,application,Which concept best explains this situation? Which term means horizontal or lateral transfer of heat.?,radiation,advection,convection,conduction,B,"Advection is the lateral transfer of heat, usually by horizontal air movement.","Advection is correct because it means advection is the lateral transfer of heat, usually by horizontal air movement.","Not this one. Radiation is related to aviation or weather, but this question is specifically about advection.","Correct. Advection is the lateral transfer of heat, usually by horizontal air movement.","Not this one. Convection is related to aviation or weather, but this question is specifically about advection.","Not this one. Conduction is related to aviation or weather, but this question is specifically about advection.",Advection = sideways transfer.,"Review Module 3, Chapter 3, pages 11-16, then explain advection in your own words.",Aerospace Dimensions Module 3: Air Environment,11-16,"Module 3, Chapter 3, pages 11-16",high,educational_infographic,optional_after_answer,module3_weather_elements_heat_transfer,module3_weather_elements_heat_transfer,module3_weather_elements_heat_transfer.png,/assets/cap-visuals/module3_weather_elements_heat_transfer.png,approved,true,"Wind, knots, Beaufort scale, heat transfer methods, pressure, wind chill, and microburst concepts.","Wind, knots, Beaufort scale, heat transfer methods, pressure, wind chill, and microburst concepts.","Wind, knots, Beaufort scale, heat transfer methods, pressure, wind chill, and microburst concepts.",high,close,true,0.8,original_textbook_grounded,Mitchell_Aerospace_sample_style_analysis,draft,AD-M3-Q063,45
AD-M3-Q065,3,3,Weather Elements,AD3-3-atmospheric_pressure,AD3-3-atmospheric_pressure,AD3-3-atmospheric_pressure,multiple_choice,direct_definition,medium,recall,Which answer best matches this description: atmospheric pressure is the weight of all the atmosphere's gases and molecules on Earth's surface?,water vapor condensed into fog,atmospheric pressure,the amount of sunlight received,the speed of moving air,B,Atmospheric pressure is the weight of all the atmosphere's gases and molecules on earth's surface.,Atmospheric pressure is correct because it means atmospheric pressure is the weight of all the atmosphere's gases and molecules on Earth's surface.,"Not this one. Water vapor condensed into fog is related to aviation or weather, but this question is specifically about atmospheric pressure.",Correct. Atmospheric pressure is the weight of all the atmosphere's gases and molecules on earth's surface.,"Not this one. The amount of sunlight received is related to aviation or weather, but this question is specifically about atmospheric pressure.","Not this one. The speed of moving air is related to aviation or weather, but this question is specifically about atmospheric pressure.",Pressure = weight of the air.,"Review Module 3, Chapter 3, pages 11-17, then explain atmospheric pressure in your own words.",Aerospace Dimensions Module 3: Air Environment,11-17,"Module 3, Chapter 3, pages 11-17",high,educational_infographic,optional_after_answer,module3_weather_elements_heat_transfer,module3_weather_elements_heat_transfer,module3_weather_elements_heat_transfer.png,/assets/cap-visuals/module3_weather_elements_heat_transfer.png,approved,true,"Wind, knots, Beaufort scale, heat transfer methods, pressure, wind chill, and microburst concepts.","Wind, knots, Beaufort scale, heat transfer methods, pressure, wind chill, and microburst concepts.","Wind, knots, Beaufort scale, heat transfer methods, pressure, wind chill, and microburst concepts.",high,close,true,1.0,original_textbook_grounded,Mitchell_Aerospace_sample_style_analysis,draft,AD-M3-Q066,35
AD-M3-Q066,3,3,Weather Elements,AD3-3-atmospheric_pressure,AD3-3-atmospheric_pressure,AD3-3-atmospheric_pressure,multiple_choice,brief_application,medium_hard,application,Which concept best explains this situation? What is atmospheric pressure.?,atmospheric pressure,water vapor condensed into fog,the amount of sunlight received,the speed of moving air,A,Atmospheric pressure is the weight of all the atmosphere's gases and molecules on earth's surface.,Atmospheric pressure is correct because it means atmospheric pressure is the weight of all the atmosphere's gases and molecules on Earth's surface.,Correct. Atmospheric pressure is the weight of all the atmosphere's gases and molecules on earth's surface.,"Not this one. Water vapor condensed into fog is related to aviation or weather, but this question is specifically about atmospheric pressure.","Not this one. The amount of sunlight received is related to aviation or weather, but this question is specifically about atmospheric pressure.","Not this one. The speed of moving air is related to aviation or weather, but this question is specifically about atmospheric pressure.",Pressure = weight of the air.,"Review Module 3, Chapter 3, pages 11-17, then explain atmospheric pressure in your own words.",Aerospace Dimensions Module 3: Air Environment,11-17,"Module 3, Chapter 3, pages 11-17",high,educational_infographic,optional_after_answer,module3_weather_elements_heat_transfer,module3_weather_elements_heat_transfer,module3_weather_elements_heat_transfer.png,/assets/cap-visuals/module3_weather_elements_heat_transfer.png,approved,true,"Wind, knots, Beaufort scale, heat transfer methods, pressure, wind chill, and microburst concepts.","Wind, knots, Beaufort scale, heat transfer methods, pressure, wind chill, and microburst concepts.","Wind, knots, Beaufort scale, heat transfer methods, pressure, wind chill, and microburst concepts.",high,close,false,0.8,original_textbook_grounded,Mitchell_Aerospace_sample_style_analysis,draft,AD-M3-Q065,45
AD-M3-Q067,3,3,Weather Elements,AD3-3-wind_chill,AD3-3-wind_chill,AD3-3-wind_chill,multiple_choice,direct_definition,medium,recall,Which answer best matches this description: wind chill combines temperature and wind speed to describe how cold it feels?,wind creates new sunlight,wind raises atmospheric pressure only,wind adds heat to your skin,wind chill,D,Wind chill combines temperature and wind speed to describe how cold it feels.,Wind chill is correct because it means wind chill combines temperature and wind speed to describe how cold it feels.,"Not this one. Wind creates new sunlight is related to aviation or weather, but this question is specifically about wind chill.","Not this one. Wind raises atmospheric pressure only is related to aviation or weather, but this question is specifically about wind chill.","Not this one. Wind adds heat to your skin is related to aviation or weather, but this question is specifically about wind chill.",Correct. Wind chill combines temperature and wind speed to describe how cold it feels.,Wind chill = feels colder because wind removes body heat.,"Review Module 3, Chapter 3, pages 12, then explain wind chill in your own words.",Aerospace Dimensions Module 3: Air Environment,12,"Module 3, Chapter 3, pages 12",high,educational_infographic,optional_after_answer,module3_weather_elements_heat_transfer,module3_weather_elements_heat_transfer,module3_weather_elements_heat_transfer.png,/assets/cap-visuals/module3_weather_elements_heat_transfer.png,approved,true,"Wind, knots, Beaufort scale, heat transfer methods, pressure, wind chill, and microburst concepts.","Wind, knots, Beaufort scale, heat transfer methods, pressure, wind chill, and microburst concepts.","Wind, knots, Beaufort scale, heat transfer methods, pressure, wind chill, and microburst concepts.",high,close,true,1.0,original_textbook_grounded,Mitchell_Aerospace_sample_style_analysis,draft,AD-M3-Q068,35
AD-M3-Q068,3,3,Weather Elements,AD3-3-wind_chill,AD3-3-wind_chill,AD3-3-wind_chill,multiple_choice,brief_application,medium_hard,application,Which concept best explains this situation? Why can a calm 30°F day feel warmer than a windy 30°F day.?,wind creates new sunlight,wind raises atmospheric pressure only,wind adds heat to your skin,wind chill,D,Wind chill combines temperature and wind speed to describe how cold it feels.,Wind chill is correct because it means wind chill combines temperature and wind speed to describe how cold it feels.,"Not this one. Wind creates new sunlight is related to aviation or weather, but this question is specifically about wind chill.","Not this one. Wind raises atmospheric pressure only is related to aviation or weather, but this question is specifically about wind chill.","Not this one. Wind adds heat to your skin is related to aviation or weather, but this question is specifically about wind chill.",Correct. Wind chill combines temperature and wind speed to describe how cold it feels.,Wind chill = feels colder because wind removes body heat.,"Review Module 3, Chapter 3, pages 12, then explain wind chill in your own words.",Aerospace Dimensions Module 3: Air Environment,12,"Module 3, Chapter 3, pages 12",high,educational_infographic,optional_after_answer,module3_weather_elements_heat_transfer,module3_weather_elements_heat_transfer,module3_weather_elements_heat_transfer.png,/assets/cap-visuals/module3_weather_elements_heat_transfer.png,approved,true,"Wind, knots, Beaufort scale, heat transfer methods, pressure, wind chill, and microburst concepts.","Wind, knots, Beaufort scale, heat transfer methods, pressure, wind chill, and microburst concepts.","Wind, knots, Beaufort scale, heat transfer methods, pressure, wind chill, and microburst concepts.",high,close,true,0.8,original_textbook_grounded,Mitchell_Aerospace_sample_style_analysis,draft,AD-M3-Q067,45
AD-M3-Q069,3,3,Weather Elements,AD3-3-microburst,AD3-3-microburst,AD3-3-microburst,multiple_choice,direct_definition,medium,recall,Which answer best matches this description: a microburst is a strong downdraft that can create dangerous wind shear and turbulence for aircraft?,warm front,jet stream,trade wind,microburst,D,A microburst is a strong downdraft that can create dangerous wind shear and turbulence for aircraft.,Microburst is correct because it means a microburst is a strong downdraft that can create dangerous wind shear and turbulence for aircraft.,"Not this one. Warm front is related to aviation or weather, but this question is specifically about microburst.","Not this one. Jet stream is related to aviation or weather, but this question is specifically about microburst.","Not this one. Trade wind is related to aviation or weather, but this question is specifically about microburst.",Correct. A microburst is a strong downdraft that can create dangerous wind shear and turbulence for aircraft.,Microburst = sudden downward blast.,"Review Module 3, Chapter 3, pages 13-14, then explain microburst in your own words.",Aerospace Dimensions Module 3: Air Environment,13-14,"Module 3, Chapter 3, pages 13-14",high,educational_infographic,optional_after_answer,module3_weather_elements_heat_transfer,module3_weather_elements_heat_transfer,module3_weather_elements_heat_transfer.png,/assets/cap-visuals/module3_weather_elements_heat_transfer.png,approved,true,"Wind, knots, Beaufort scale, heat transfer methods, pressure, wind chill, and microburst concepts.","Wind, knots, Beaufort scale, heat transfer methods, pressure, wind chill, and microburst concepts.","Wind, knots, Beaufort scale, heat transfer methods, pressure, wind chill, and microburst concepts.",high,close,true,1.0,original_textbook_grounded,Mitchell_Aerospace_sample_style_analysis,draft,AD-M3-Q070,35
AD-M3-Q070,3,3,Weather Elements,AD3-3-microburst,AD3-3-microburst,AD3-3-microburst,multiple_choice,brief_application,medium_hard,application,Which concept best explains this situation? Which weather hazard is especially dangerous to aircraft during takeoff and landing because it involves a violent downdraft.?,trade wind,warm front,microburst,jet stream,C,A microburst is a strong downdraft that can create dangerous wind shear and turbulence for aircraft.,Microburst is correct because it means a microburst is a strong downdraft that can create dangerous wind shear and turbulence for aircraft.,"Not this one. Trade wind is related to aviation or weather, but this question is specifically about microburst.","Not this one. Warm front is related to aviation or weather, but this question is specifically about microburst.",Correct. A microburst is a strong downdraft that can create dangerous wind shear and turbulence for aircraft.,"Not this one. Jet stream is related to aviation or weather, but this question is specifically about microburst.",Microburst = sudden downward blast.,"Review Module 3, Chapter 3, pages 13-14, then explain microburst in your own words.",Aerospace Dimensions Module 3: Air Environment,13-14,"Module 3, Chapter 3, pages 13-14",high,educational_infographic,optional_after_answer,module3_weather_elements_heat_transfer,module3_weather_elements_heat_transfer,module3_weather_elements_heat_transfer.png,/assets/cap-visuals/module3_weather_elements_heat_transfer.png,approved,true,"Wind, knots, Beaufort scale, heat transfer methods, pressure, wind chill, and microburst concepts.","Wind, knots, Beaufort scale, heat transfer methods, pressure, wind chill, and microburst concepts.","Wind, knots, Beaufort scale, heat transfer methods, pressure, wind chill, and microburst concepts.",high,close,false,0.8,original_textbook_grounded,Mitchell_Aerospace_sample_style_analysis,draft,AD-M3-Q069,45
AD-M3-Q071,3,4,Moisture and Clouds,AD3-4-saturation,AD3-4-saturation,AD3-4-saturation,multiple_choice,direct_definition,medium,recall,Which answer best matches this description: saturation is the condition in which air holds as much water vapor as it can at that temperature?,when it is colder than outer space,when it contains no water vapor,saturation,when it can still hold unlimited moisture,C,Saturation is the condition in which air holds as much water vapor as it can at that temperature.,Saturation is correct because it means saturation is the condition in which air holds as much water vapor as it can at that temperature.,"Not this one. When it is colder than outer space is related to aviation or weather, but this question is specifically about saturation.","Not this one. When it contains no water vapor is related to aviation or weather, but this question is specifically about saturation.",Correct. Saturation is the condition in which air holds as much water vapor as it can at that temperature.,"Not this one. When it can still hold unlimited moisture is related to aviation or weather, but this question is specifically about saturation.",Saturation = air is full of vapor.,"Review Module 3, Chapter 4, pages 19, then explain saturation in your own words.",Aerospace Dimensions Module 3: Air Environment,19,"Module 3, Chapter 4, pages 19",high,educational_infographic,optional_after_answer,module3_moisture_clouds,module3_moisture_clouds,module3_moisture_clouds.png,/assets/cap-visuals/module3_moisture_clouds.png,approved,true,"Saturation, dew point, condensation, fog, precipitation, and cumulonimbus cloud formation.","Saturation, dew point, condensation, fog, precipitation, and cumulonimbus cloud formation.","Saturation, dew point, condensation, fog, precipitation, and cumulonimbus cloud formation.",high,close,true,1.0,original_textbook_grounded,Mitchell_Aerospace_sample_style_analysis,draft,AD-M3-Q072,35
AD-M3-Q072,3,4,Moisture and Clouds,AD3-4-saturation,AD3-4-saturation,AD3-4-saturation,multiple_choice,brief_application,medium_hard,application,Which concept best explains this situation? When has air reached saturation.?,saturation,when it can still hold unlimited moisture,when it contains no water vapor,when it is colder than outer space,A,Saturation is the condition in which air holds as much water vapor as it can at that temperature.,Saturation is correct because it means saturation is the condition in which air holds as much water vapor as it can at that temperature.,Correct. Saturation is the condition in which air holds as much water vapor as it can at that temperature.,"Not this one. When it can still hold unlimited moisture is related to aviation or weather, but this question is specifically about saturation.","Not this one. When it contains no water vapor is related to aviation or weather, but this question is specifically about saturation.","Not this one. When it is colder than outer space is related to aviation or weather, but this question is specifically about saturation.",Saturation = air is full of vapor.,"Review Module 3, Chapter 4, pages 19, then explain saturation in your own words.",Aerospace Dimensions Module 3: Air Environment,19,"Module 3, Chapter 4, pages 19",high,educational_infographic,optional_after_answer,module3_moisture_clouds,module3_moisture_clouds,module3_moisture_clouds.png,/assets/cap-visuals/module3_moisture_clouds.png,approved,true,"Saturation, dew point, condensation, fog, precipitation, and cumulonimbus cloud formation.","Saturation, dew point, condensation, fog, precipitation, and cumulonimbus cloud formation.","Saturation, dew point, condensation, fog, precipitation, and cumulonimbus cloud formation.",high,close,true,0.8,original_textbook_grounded,Mitchell_Aerospace_sample_style_analysis,draft,AD-M3-Q071,45
AD-M3-Q073,3,4,Moisture and Clouds,AD3-4-dew_point,AD3-4-dew_point,AD3-4-dew_point,multiple_choice,direct_definition,medium,recall,Which answer best matches this description: dew point is the temperature at which air becomes saturated with water vapor?,the percent humidity reading,dew point,the amount of rain expected,the warmest temperature of the day,B,Dew point is the temperature at which air becomes saturated with water vapor.,Dew point is correct because it means dew point is the temperature at which air becomes saturated with water vapor.,"Not this one. The percent humidity reading is related to aviation or weather, but this question is specifically about dew point.",Correct. Dew point is the temperature at which air becomes saturated with water vapor.,"Not this one. The amount of rain expected is related to aviation or weather, but this question is specifically about dew point.","Not this one. The warmest temperature of the day is related to aviation or weather, but this question is specifically about dew point.",Dew point = saturation temperature.,"Review Module 3, Chapter 4, pages 19,28, then explain dew point in your own words.",Aerospace Dimensions Module 3: Air Environment,"19,28","Module 3, Chapter 4, pages 19,28",high,educational_infographic,optional_after_answer,module3_moisture_clouds,module3_moisture_clouds,module3_moisture_clouds.png,/assets/cap-visuals/module3_moisture_clouds.png,approved,true,"Saturation, dew point, condensation, fog, precipitation, and cumulonimbus cloud formation.","Saturation, dew point, condensation, fog, precipitation, and cumulonimbus cloud formation.","Saturation, dew point, condensation, fog, precipitation, and cumulonimbus cloud formation.",high,close,true,1.0,original_textbook_grounded,Mitchell_Aerospace_sample_style_analysis,draft,AD-M3-Q074,35
AD-M3-Q074,3,4,Moisture and Clouds,AD3-4-dew_point,AD3-4-dew_point,AD3-4-dew_point,multiple_choice,brief_application,medium_hard,application,Which concept best explains this situation? What is the dew point.?,the amount of rain expected,the percent humidity reading,the warmest temperature of the day,dew point,D,Dew point is the temperature at which air becomes saturated with water vapor.,Dew point is correct because it means dew point is the temperature at which air becomes saturated with water vapor.,"Not this one. The amount of rain expected is related to aviation or weather, but this question is specifically about dew point.","Not this one. The percent humidity reading is related to aviation or weather, but this question is specifically about dew point.","Not this one. The warmest temperature of the day is related to aviation or weather, but this question is specifically about dew point.",Correct. Dew point is the temperature at which air becomes saturated with water vapor.,Dew point = saturation temperature.,"Review Module 3, Chapter 4, pages 19,28, then explain dew point in your own words.",Aerospace Dimensions Module 3: Air Environment,"19,28","Module 3, Chapter 4, pages 19,28",high,educational_infographic,optional_after_answer,module3_moisture_clouds,module3_moisture_clouds,module3_moisture_clouds.png,/assets/cap-visuals/module3_moisture_clouds.png,approved,true,"Saturation, dew point, condensation, fog, precipitation, and cumulonimbus cloud formation.","Saturation, dew point, condensation, fog, precipitation, and cumulonimbus cloud formation.","Saturation, dew point, condensation, fog, precipitation, and cumulonimbus cloud formation.",high,close,false,0.8,original_textbook_grounded,Mitchell_Aerospace_sample_style_analysis,draft,AD-M3-Q073,45
AD-M3-Q075,3,4,Moisture and Clouds,AD3-4-condensation,AD3-4-condensation,AD3-4-condensation,multiple_choice,direct_definition,medium,recall,Which answer best matches this description: condensation is the process of converting water vapor into liquid water?,radiation,condensation,evaporation,sublimation,B,Condensation is the process of converting water vapor into liquid water.,Condensation is correct because it means condensation is the process of converting water vapor into liquid water.,"Not this one. Radiation is related to aviation or weather, but this question is specifically about condensation.",Correct. Condensation is the process of converting water vapor into liquid water.,"Not this one. Evaporation is related to aviation or weather, but this question is specifically about condensation.","Not this one. Sublimation is related to aviation or weather, but this question is specifically about condensation.",Condensation = vapor to liquid.,"Review Module 3, Chapter 4, pages 19, then explain condensation in your own words.",Aerospace Dimensions Module 3: Air Environment,19,"Module 3, Chapter 4, pages 19",high,educational_infographic,optional_after_answer,module3_moisture_clouds,module3_moisture_clouds,module3_moisture_clouds.png,/assets/cap-visuals/module3_moisture_clouds.png,approved,true,"Saturation, dew point, condensation, fog, precipitation, and cumulonimbus cloud formation.","Saturation, dew point, condensation, fog, precipitation, and cumulonimbus cloud formation.","Saturation, dew point, condensation, fog, precipitation, and cumulonimbus cloud formation.",high,close,true,1.0,original_textbook_grounded,Mitchell_Aerospace_sample_style_analysis,draft,AD-M3-Q076,35
AD-M3-Q076,3,4,Moisture and Clouds,AD3-4-condensation,AD3-4-condensation,AD3-4-condensation,multiple_choice,brief_application,medium_hard,application,"Which concept best explains this situation? Which process forms clouds, fog, and dew by changing water vapor into liquid droplets.?",condensation,radiation,evaporation,sublimation,A,Condensation is the process of converting water vapor into liquid water.,Condensation is correct because it means condensation is the process of converting water vapor into liquid water.,Correct. Condensation is the process of converting water vapor into liquid water.,"Not this one. Radiation is related to aviation or weather, but this question is specifically about condensation.","Not this one. Evaporation is related to aviation or weather, but this question is specifically about condensation.","Not this one. Sublimation is related to aviation or weather, but this question is specifically about condensation.",Condensation = vapor to liquid.,"Review Module 3, Chapter 4, pages 19, then explain condensation in your own words.",Aerospace Dimensions Module 3: Air Environment,19,"Module 3, Chapter 4, pages 19",high,educational_infographic,optional_after_answer,module3_moisture_clouds,module3_moisture_clouds,module3_moisture_clouds.png,/assets/cap-visuals/module3_moisture_clouds.png,approved,true,"Saturation, dew point, condensation, fog, precipitation, and cumulonimbus cloud formation.","Saturation, dew point, condensation, fog, precipitation, and cumulonimbus cloud formation.","Saturation, dew point, condensation, fog, precipitation, and cumulonimbus cloud formation.",high,close,true,0.8,original_textbook_grounded,Mitchell_Aerospace_sample_style_analysis,draft,AD-M3-Q075,45
AD-M3-Q077,3,4,Moisture and Clouds,AD3-4-relative_humidity,AD3-4-relative_humidity,AD3-4-relative_humidity,multiple_choice,direct_definition,medium,recall,Which answer best matches this description: relative humidity compares the amount of water vapor in the air with how much the air could hold at that temperature?,the exact wind direction,the total weight of the atmosphere,relative humidity,the number of clouds in the sky,C,Relative humidity compares the amount of water vapor in the air with how much the air could hold at that temperature.,Relative humidity is correct because it means relative humidity compares the amount of water vapor in the air with how much the air could hold at that temperature.,"Not this one. The exact wind direction is related to aviation or weather, but this question is specifically about relative humidity.","Not this one. The total weight of the atmosphere is related to aviation or weather, but this question is specifically about relative humidity.",Correct. Relative humidity compares the amount of water vapor in the air with how much the air could hold at that temperature.,"Not this one. The number of clouds in the sky is related to aviation or weather, but this question is specifically about relative humidity.",Relative humidity = vapor compared with capacity.,"Review Module 3, Chapter 4, pages 19-20, then explain relative humidity in your own words.",Aerospace Dimensions Module 3: Air Environment,19-20,"Module 3, Chapter 4, pages 19-20",high,educational_infographic,optional_after_answer,module3_moisture_clouds,module3_moisture_clouds,module3_moisture_clouds.png,/assets/cap-visuals/module3_moisture_clouds.png,approved,true,"Saturation, dew point, condensation, fog, precipitation, and cumulonimbus cloud formation.","Saturation, dew point, condensation, fog, precipitation, and cumulonimbus cloud formation.","Saturation, dew point, condensation, fog, precipitation, and cumulonimbus cloud formation.",high,close,true,1.0,original_textbook_grounded,Mitchell_Aerospace_sample_style_analysis,draft,AD-M3-Q078,35
AD-M3-Q078,3,4,Moisture and Clouds,AD3-4-relative_humidity,AD3-4-relative_humidity,AD3-4-relative_humidity,multiple_choice,brief_application,medium_hard,application,Which concept best explains this situation? What does relative humidity describe.?,the exact wind direction,the total weight of the atmosphere,relative humidity,the number of clouds in the sky,C,Relative humidity compares the amount of water vapor in the air with how much the air could hold at that temperature.,Relative humidity is correct because it means relative humidity compares the amount of water vapor in the air with how much the air could hold at that temperature.,"Not this one. The exact wind direction is related to aviation or weather, but this question is specifically about relative humidity.","Not this one. The total weight of the atmosphere is related to aviation or weather, but this question is specifically about relative humidity.",Correct. Relative humidity compares the amount of water vapor in the air with how much the air could hold at that temperature.,"Not this one. The number of clouds in the sky is related to aviation or weather, but this question is specifically about relative humidity.",Relative humidity = vapor compared with capacity.,"Review Module 3, Chapter 4, pages 19-20, then explain relative humidity in your own words.",Aerospace Dimensions Module 3: Air Environment,19-20,"Module 3, Chapter 4, pages 19-20",high,educational_infographic,optional_after_answer,module3_moisture_clouds,module3_moisture_clouds,module3_moisture_clouds.png,/assets/cap-visuals/module3_moisture_clouds.png,approved,true,"Saturation, dew point, condensation, fog, precipitation, and cumulonimbus cloud formation.","Saturation, dew point, condensation, fog, precipitation, and cumulonimbus cloud formation.","Saturation, dew point, condensation, fog, precipitation, and cumulonimbus cloud formation.",high,close,false,0.8,original_textbook_grounded,Mitchell_Aerospace_sample_style_analysis,draft,AD-M3-Q077,45
AD-M3-Q079,3,4,Moisture and Clouds,AD3-4-fog,AD3-4-fog,AD3-4-fog,multiple_choice,direct_definition,medium,recall,Which answer best matches this description: fog is a cloud of tiny water droplets at or near the ground?,fog,strong vertical wind near storms,ice crystals only at high altitude,rain frozen on contact,A,Fog is a cloud of tiny water droplets at or near the ground.,Fog is correct because it means fog is a cloud of tiny water droplets at or near the ground.,Correct. Fog is a cloud of tiny water droplets at or near the ground.,"Not this one. Strong vertical wind near storms is related to aviation or weather, but this question is specifically about fog.","Not this one. Ice crystals only at high altitude is related to aviation or weather, but this question is specifically about fog.","Not this one. Rain frozen on contact is related to aviation or weather, but this question is specifically about fog.",Fog = cloud on the ground.,"Review Module 3, Chapter 4, pages 20, then explain fog in your own words.",Aerospace Dimensions Module 3: Air Environment,20,"Module 3, Chapter 4, pages 20",high,educational_infographic,optional_after_answer,module3_moisture_clouds,module3_moisture_clouds,module3_moisture_clouds.png,/assets/cap-visuals/module3_moisture_clouds.png,approved,true,"Saturation, dew point, condensation, fog, precipitation, and cumulonimbus cloud formation.","Saturation, dew point, condensation, fog, precipitation, and cumulonimbus cloud formation.","Saturation, dew point, condensation, fog, precipitation, and cumulonimbus cloud formation.",high,close,true,1.0,original_textbook_grounded,Mitchell_Aerospace_sample_style_analysis,draft,AD-M3-Q080,35
AD-M3-Q080,3,4,Moisture and Clouds,AD3-4-fog,AD3-4-fog,AD3-4-fog,multiple_choice,brief_application,medium_hard,application,Which concept best explains this situation? How is fog best described.?,rain frozen on contact,strong vertical wind near storms,ice crystals only at high altitude,fog,D,Fog is a cloud of tiny water droplets at or near the ground.,Fog is correct because it means fog is a cloud of tiny water droplets at or near the ground.,"Not this one. Rain frozen on contact is related to aviation or weather, but this question is specifically about fog.","Not this one. Strong vertical wind near storms is related to aviation or weather, but this question is specifically about fog.","Not this one. Ice crystals only at high altitude is related to aviation or weather, but this question is specifically about fog.",Correct. Fog is a cloud of tiny water droplets at or near the ground.,Fog = cloud on the ground.,"Review Module 3, Chapter 4, pages 20, then explain fog in your own words.",Aerospace Dimensions Module 3: Air Environment,20,"Module 3, Chapter 4, pages 20",high,educational_infographic,optional_after_answer,module3_moisture_clouds,module3_moisture_clouds,module3_moisture_clouds.png,/assets/cap-visuals/module3_moisture_clouds.png,approved,true,"Saturation, dew point, condensation, fog, precipitation, and cumulonimbus cloud formation.","Saturation, dew point, condensation, fog, precipitation, and cumulonimbus cloud formation.","Saturation, dew point, condensation, fog, precipitation, and cumulonimbus cloud formation.",high,close,true,0.8,original_textbook_grounded,Mitchell_Aerospace_sample_style_analysis,draft,AD-M3-Q079,45
AD-M3-Q081,3,4,Moisture and Clouds,AD3-4-precipitation,AD3-4-precipitation,AD3-4-precipitation,multiple_choice,direct_definition,medium,recall,"Which answer best matches this description: precipitation is condensed water vapor that falls to Earth's surface, such as rain, snow, or ice?",precipitation,dew point,humidity,advection,A,"Precipitation is condensed water vapor that falls to earth's surface, such as rain, snow, or ice.","Precipitation is correct because it means precipitation is condensed water vapor that falls to Earth's surface, such as rain, snow, or ice.","Correct. Precipitation is condensed water vapor that falls to earth's surface, such as rain, snow, or ice.","Not this one. Dew point is related to aviation or weather, but this question is specifically about precipitation.","Not this one. Humidity is related to aviation or weather, but this question is specifically about precipitation.","Not this one. Advection is related to aviation or weather, but this question is specifically about precipitation.",Precipitation = water falling from sky.,"Review Module 3, Chapter 4, pages 20-21, then explain precipitation in your own words.",Aerospace Dimensions Module 3: Air Environment,20-21,"Module 3, Chapter 4, pages 20-21",high,educational_infographic,optional_after_answer,module3_moisture_clouds,module3_moisture_clouds,module3_moisture_clouds.png,/assets/cap-visuals/module3_moisture_clouds.png,approved,true,"Saturation, dew point, condensation, fog, precipitation, and cumulonimbus cloud formation.","Saturation, dew point, condensation, fog, precipitation, and cumulonimbus cloud formation.","Saturation, dew point, condensation, fog, precipitation, and cumulonimbus cloud formation.",high,close,true,1.0,original_textbook_grounded,Mitchell_Aerospace_sample_style_analysis,draft,AD-M3-Q082,35
AD-M3-Q082,3,4,Moisture and Clouds,AD3-4-precipitation,AD3-4-precipitation,AD3-4-precipitation,multiple_choice,brief_application,medium_hard,application,"Which concept best explains this situation? Which term includes rain, snow, and freezing rain.?",dew point,advection,precipitation,humidity,C,"Precipitation is condensed water vapor that falls to earth's surface, such as rain, snow, or ice.","Precipitation is correct because it means precipitation is condensed water vapor that falls to Earth's surface, such as rain, snow, or ice.","Not this one. Dew point is related to aviation or weather, but this question is specifically about precipitation.","Not this one. Advection is related to aviation or weather, but this question is specifically about precipitation.","Correct. Precipitation is condensed water vapor that falls to earth's surface, such as rain, snow, or ice.","Not this one. Humidity is related to aviation or weather, but this question is specifically about precipitation.",Precipitation = water falling from sky.,"Review Module 3, Chapter 4, pages 20-21, then explain precipitation in your own words.",Aerospace Dimensions Module 3: Air Environment,20-21,"Module 3, Chapter 4, pages 20-21",high,educational_infographic,optional_after_answer,module3_moisture_clouds,module3_moisture_clouds,module3_moisture_clouds.png,/assets/cap-visuals/module3_moisture_clouds.png,approved,true,"Saturation, dew point, condensation, fog, precipitation, and cumulonimbus cloud formation.","Saturation, dew point, condensation, fog, precipitation, and cumulonimbus cloud formation.","Saturation, dew point, condensation, fog, precipitation, and cumulonimbus cloud formation.",high,close,false,0.8,original_textbook_grounded,Mitchell_Aerospace_sample_style_analysis,draft,AD-M3-Q081,45
AD-M3-Q083,3,4,Moisture and Clouds,AD3-4-cumulonimbus_cloud,AD3-4-cumulonimbus_cloud,AD3-4-cumulonimbus_cloud,multiple_choice,direct_definition,medium,recall,"Which answer best matches this description: a cumulonimbus cloud is a towering storm cloud that produces thunder, lightning, heavy rain, and sometimes hail or tornadoes?",fair-weather cumulus,cumulonimbus cloud,stratus,cirrus,B,"A cumulonimbus cloud is a towering storm cloud that produces thunder, lightning, heavy rain, and sometimes hail or tornadoes.","Cumulonimbus cloud is correct because it means a cumulonimbus cloud is a towering storm cloud that produces thunder, lightning, heavy rain, and sometimes hail or tornadoes.","Not this one. Fair-weather cumulus is related to aviation or weather, but this question is specifically about cumulonimbus cloud.","Correct. A cumulonimbus cloud is a towering storm cloud that produces thunder, lightning, heavy rain, and sometimes hail or tornadoes.","Not this one. Stratus is related to aviation or weather, but this question is specifically about cumulonimbus cloud.","Not this one. Cirrus is related to aviation or weather, but this question is specifically about cumulonimbus cloud.",Cumulonimbus = storm cloud.,"Review Module 3, Chapter 4, pages 23-24, then explain cumulonimbus cloud in your own words.",Aerospace Dimensions Module 3: Air Environment,23-24,"Module 3, Chapter 4, pages 23-24",high,educational_infographic,optional_after_answer,module3_moisture_clouds,module3_moisture_clouds,module3_moisture_clouds.png,/assets/cap-visuals/module3_moisture_clouds.png,approved,true,"Saturation, dew point, condensation, fog, precipitation, and cumulonimbus cloud formation.","Saturation, dew point, condensation, fog, precipitation, and cumulonimbus cloud formation.","Saturation, dew point, condensation, fog, precipitation, and cumulonimbus cloud formation.",high,close,true,1.0,original_textbook_grounded,Mitchell_Aerospace_sample_style_analysis,draft,AD-M3-Q084,35
AD-M3-Q084,3,4,Moisture and Clouds,AD3-4-cumulonimbus_cloud,AD3-4-cumulonimbus_cloud,AD3-4-cumulonimbus_cloud,multiple_choice,brief_application,medium_hard,application,Which concept best explains this situation? Which cloud type is most associated with thunderstorms and severe weather.?,fair-weather cumulus,cumulonimbus cloud,stratus,cirrus,B,"A cumulonimbus cloud is a towering storm cloud that produces thunder, lightning, heavy rain, and sometimes hail or tornadoes.","Cumulonimbus cloud is correct because it means a cumulonimbus cloud is a towering storm cloud that produces thunder, lightning, heavy rain, and sometimes hail or tornadoes.","Not this one. Fair-weather cumulus is related to aviation or weather, but this question is specifically about cumulonimbus cloud.","Correct. A cumulonimbus cloud is a towering storm cloud that produces thunder, lightning, heavy rain, and sometimes hail or tornadoes.","Not this one. Stratus is related to aviation or weather, but this question is specifically about cumulonimbus cloud.","Not this one. Cirrus is related to aviation or weather, but this question is specifically about cumulonimbus cloud.",Cumulonimbus = storm cloud.,"Review Module 3, Chapter 4, pages 23-24, then explain cumulonimbus cloud in your own words.",Aerospace Dimensions Module 3: Air Environment,23-24,"Module 3, Chapter 4, pages 23-24",high,educational_infographic,optional_after_answer,module3_moisture_clouds,module3_moisture_clouds,module3_moisture_clouds.png,/assets/cap-visuals/module3_moisture_clouds.png,approved,true,"Saturation, dew point, condensation, fog, precipitation, and cumulonimbus cloud formation.","Saturation, dew point, condensation, fog, precipitation, and cumulonimbus cloud formation.","Saturation, dew point, condensation, fog, precipitation, and cumulonimbus cloud formation.",high,close,true,0.8,original_textbook_grounded,Mitchell_Aerospace_sample_style_analysis,draft,AD-M3-Q083,45
AD-M3-Q085,3,5,Weather Systems and Severe Weather,AD3-5-air_mass,AD3-5-air_mass,AD3-5-air_mass,multiple_choice,direct_definition,medium,recall,Which answer best matches this description: an air mass is a huge body of air with the same temperature and moisture characteristics?,a rotating funnel touching ground,air mass,a narrow band of rising air only,a line on a weather map,B,An air mass is a huge body of air with the same temperature and moisture characteristics.,Air mass is correct because it means an air mass is a huge body of air with the same temperature and moisture characteristics.,"Not this one. A rotating funnel touching ground is related to aviation or weather, but this question is specifically about air mass.",Correct. An air mass is a huge body of air with the same temperature and moisture characteristics.,"Not this one. A narrow band of rising air only is related to aviation or weather, but this question is specifically about air mass.","Not this one. A line on a weather map is related to aviation or weather, but this question is specifically about air mass.",Air mass = big block of same air.,"Review Module 3, Chapter 5, pages 32-33, then explain air mass in your own words.",Aerospace Dimensions Module 3: Air Environment,32-33,"Module 3, Chapter 5, pages 32-33",high,educational_infographic,optional_after_answer,module3_fronts_air_masses,module3_fronts_air_masses,module3_fronts_air_masses.png,/assets/cap-visuals/module3_fronts_air_masses.png,approved,true,"Major air masses and the structure of warm, cold, stationary, and occluded fronts.","Major air masses and the structure of warm, cold, stationary, and occluded fronts.","Major air masses and the structure of warm, cold, stationary, and occluded fronts.",high,close,true,1.0,original_textbook_grounded,Mitchell_Aerospace_sample_style_analysis,draft,AD-M3-Q086,35
AD-M3-Q086,3,5,Weather Systems and Severe Weather,AD3-5-air_mass,AD3-5-air_mass,AD3-5-air_mass,multiple_choice,brief_application,medium_hard,application,Which concept best explains this situation? What is an air mass.?,a line on a weather map,a narrow band of rising air only,air mass,a rotating funnel touching ground,C,An air mass is a huge body of air with the same temperature and moisture characteristics.,Air mass is correct because it means an air mass is a huge body of air with the same temperature and moisture characteristics.,"Not this one. A line on a weather map is related to aviation or weather, but this question is specifically about air mass.","Not this one. A narrow band of rising air only is related to aviation or weather, but this question is specifically about air mass.",Correct. An air mass is a huge body of air with the same temperature and moisture characteristics.,"Not this one. A rotating funnel touching ground is related to aviation or weather, but this question is specifically about air mass.",Air mass = big block of same air.,"Review Module 3, Chapter 5, pages 32-33, then explain air mass in your own words.",Aerospace Dimensions Module 3: Air Environment,32-33,"Module 3, Chapter 5, pages 32-33",high,educational_infographic,optional_after_answer,module3_fronts_air_masses,module3_fronts_air_masses,module3_fronts_air_masses.png,/assets/cap-visuals/module3_fronts_air_masses.png,approved,true,"Major air masses and the structure of warm, cold, stationary, and occluded fronts.","Major air masses and the structure of warm, cold, stationary, and occluded fronts.","Major air masses and the structure of warm, cold, stationary, and occluded fronts.",high,close,false,0.8,original_textbook_grounded,Mitchell_Aerospace_sample_style_analysis,draft,AD-M3-Q085,45
AD-M3-Q087,3,5,Weather Systems and Severe Weather,AD3-5-warm_front,AD3-5-warm_front,AD3-5-warm_front,multiple_choice,direct_definition,medium,recall,Which answer best matches this description: a warm front occurs when advancing warm air overrides colder air?,stationary front,occluded front,warm front,cold front,C,A warm front occurs when advancing warm air overrides colder air.,Warm front is correct because it means a warm front occurs when advancing warm air overrides colder air.,"Not this one. Stationary front is related to aviation or weather, but this question is specifically about warm front.","Not this one. Occluded front is related to aviation or weather, but this question is specifically about warm front.",Correct. A warm front occurs when advancing warm air overrides colder air.,"Not this one. Cold front is related to aviation or weather, but this question is specifically about warm front.",Warm front = warm air rides up.,"Review Module 3, Chapter 5, pages 33, then explain warm front in your own words.",Aerospace Dimensions Module 3: Air Environment,33,"Module 3, Chapter 5, pages 33",high,educational_infographic,optional_after_answer,module3_fronts_air_masses,module3_fronts_air_masses,module3_fronts_air_masses.png,/assets/cap-visuals/module3_fronts_air_masses.png,approved,true,"Major air masses and the structure of warm, cold, stationary, and occluded fronts.","Major air masses and the structure of warm, cold, stationary, and occluded fronts.","Major air masses and the structure of warm, cold, stationary, and occluded fronts.",high,close,true,1.0,original_textbook_grounded,Mitchell_Aerospace_sample_style_analysis,draft,AD-M3-Q088,35
AD-M3-Q088,3,5,Weather Systems and Severe Weather,AD3-5-warm_front,AD3-5-warm_front,AD3-5-warm_front,multiple_choice,brief_application,medium_hard,application,Which concept best explains this situation? Which front forms when warm air moves into an area of colder air and rises over it.?,cold front,occluded front,warm front,stationary front,C,A warm front occurs when advancing warm air overrides colder air.,Warm front is correct because it means a warm front occurs when advancing warm air overrides colder air.,"Not this one. Cold front is related to aviation or weather, but this question is specifically about warm front.","Not this one. Occluded front is related to aviation or weather, but this question is specifically about warm front.",Correct. A warm front occurs when advancing warm air overrides colder air.,"Not this one. Stationary front is related to aviation or weather, but this question is specifically about warm front.",Warm front = warm air rides up.,"Review Module 3, Chapter 5, pages 33, then explain warm front in your own words.",Aerospace Dimensions Module 3: Air Environment,33,"Module 3, Chapter 5, pages 33",high,educational_infographic,optional_after_answer,module3_fronts_air_masses,module3_fronts_air_masses,module3_fronts_air_masses.png,/assets/cap-visuals/module3_fronts_air_masses.png,approved,true,"Major air masses and the structure of warm, cold, stationary, and occluded fronts.","Major air masses and the structure of warm, cold, stationary, and occluded fronts.","Major air masses and the structure of warm, cold, stationary, and occluded fronts.",high,close,true,0.8,original_textbook_grounded,Mitchell_Aerospace_sample_style_analysis,draft,AD-M3-Q087,45
AD-M3-Q089,3,5,Weather Systems and Severe Weather,AD3-5-cold_front,AD3-5-cold_front,AD3-5-cold_front,multiple_choice,direct_definition,medium,recall,Which answer best matches this description: a cold front occurs when advancing cold air pushes warmer air up and out of the way?,warm front,humidity front,cold front,stationary front,C,A cold front occurs when advancing cold air pushes warmer air up and out of the way.,Cold front is correct because it means a cold front occurs when advancing cold air pushes warmer air up and out of the way.,"Not this one. Warm front is related to aviation or weather, but this question is specifically about cold front.","Not this one. Humidity front is related to aviation or weather, but this question is specifically about cold front.",Correct. A cold front occurs when advancing cold air pushes warmer air up and out of the way.,"Not this one. Stationary front is related to aviation or weather, but this question is specifically about cold front.",Cold front = cold air undercuts warm.,"Review Module 3, Chapter 5, pages 33, then explain cold front in your own words.",Aerospace Dimensions Module 3: Air Environment,33,"Module 3, Chapter 5, pages 33",high,educational_infographic,optional_after_answer,module3_fronts_air_masses,module3_fronts_air_masses,module3_fronts_air_masses.png,/assets/cap-visuals/module3_fronts_air_masses.png,approved,true,"Major air masses and the structure of warm, cold, stationary, and occluded fronts.","Major air masses and the structure of warm, cold, stationary, and occluded fronts.","Major air masses and the structure of warm, cold, stationary, and occluded fronts.",high,close,true,1.0,original_textbook_grounded,Mitchell_Aerospace_sample_style_analysis,draft,AD-M3-Q090,35
AD-M3-Q090,3,5,Weather Systems and Severe Weather,AD3-5-cold_front,AD3-5-cold_front,AD3-5-cold_front,multiple_choice,brief_application,medium_hard,application,Which concept best explains this situation? Which front generally moves faster and forces warm air upward abruptly.?,stationary front,cold front,warm front,humidity front,B,A cold front occurs when advancing cold air pushes warmer air up and out of the way.,Cold front is correct because it means a cold front occurs when advancing cold air pushes warmer air up and out of the way.,"Not this one. Stationary front is related to aviation or weather, but this question is specifically about cold front.",Correct. A cold front occurs when advancing cold air pushes warmer air up and out of the way.,"Not this one. Warm front is related to aviation or weather, but this question is specifically about cold front.","Not this one. Humidity front is related to aviation or weather, but this question is specifically about cold front.",Cold front = cold air undercuts warm.,"Review Module 3, Chapter 5, pages 33, then explain cold front in your own words.",Aerospace Dimensions Module 3: Air Environment,33,"Module 3, Chapter 5, pages 33",high,educational_infographic,optional_after_answer,module3_fronts_air_masses,module3_fronts_air_masses,module3_fronts_air_masses.png,/assets/cap-visuals/module3_fronts_air_masses.png,approved,true,"Major air masses and the structure of warm, cold, stationary, and occluded fronts.","Major air masses and the structure of warm, cold, stationary, and occluded fronts.","Major air masses and the structure of warm, cold, stationary, and occluded fronts.",high,close,false,0.8,original_textbook_grounded,Mitchell_Aerospace_sample_style_analysis,draft,AD-M3-Q089,45
AD-M3-Q091,3,5,Weather Systems and Severe Weather,AD3-5-stationary_front,AD3-5-stationary_front,AD3-5-stationary_front,multiple_choice,direct_definition,medium,recall,Which answer best matches this description: a stationary front occurs when two air masses meet but neither advances enough to replace the other?,a front composed of three hurricanes,a front where warm air always wins,stationary front,a front that exists only over oceans,C,A stationary front occurs when two air masses meet but neither advances enough to replace the other.,Stationary front is correct because it means a stationary front occurs when two air masses meet but neither advances enough to replace the other.,"Not this one. A front composed of three hurricanes is related to aviation or weather, but this question is specifically about stationary front.","Not this one. A front where warm air always wins is related to aviation or weather, but this question is specifically about stationary front.",Correct. A stationary front occurs when two air masses meet but neither advances enough to replace the other.,"Not this one. A front that exists only over oceans is related to aviation or weather, but this question is specifically about stationary front.",Stationary = standoff.,"Review Module 3, Chapter 5, pages 33, then explain stationary front in your own words.",Aerospace Dimensions Module 3: Air Environment,33,"Module 3, Chapter 5, pages 33",high,educational_infographic,optional_after_answer,module3_fronts_air_masses,module3_fronts_air_masses,module3_fronts_air_masses.png,/assets/cap-visuals/module3_fronts_air_masses.png,approved,true,"Major air masses and the structure of warm, cold, stationary, and occluded fronts.","Major air masses and the structure of warm, cold, stationary, and occluded fronts.","Major air masses and the structure of warm, cold, stationary, and occluded fronts.",high,close,true,1.0,original_textbook_grounded,Mitchell_Aerospace_sample_style_analysis,draft,AD-M3-Q092,35
AD-M3-Q092,3,5,Weather Systems and Severe Weather,AD3-5-stationary_front,AD3-5-stationary_front,AD3-5-stationary_front,multiple_choice,brief_application,medium_hard,application,Which concept best explains this situation? What is a stationary front.?,a front that exists only over oceans,a front where warm air always wins,a front composed of three hurricanes,stationary front,D,A stationary front occurs when two air masses meet but neither advances enough to replace the other.,Stationary front is correct because it means a stationary front occurs when two air masses meet but neither advances enough to replace the other.,"Not this one. A front that exists only over oceans is related to aviation or weather, but this question is specifically about stationary front.","Not this one. A front where warm air always wins is related to aviation or weather, but this question is specifically about stationary front.","Not this one. A front composed of three hurricanes is related to aviation or weather, but this question is specifically about stationary front.",Correct. A stationary front occurs when two air masses meet but neither advances enough to replace the other.,Stationary = standoff.,"Review Module 3, Chapter 5, pages 33, then explain stationary front in your own words.",Aerospace Dimensions Module 3: Air Environment,33,"Module 3, Chapter 5, pages 33",high,educational_infographic,optional_after_answer,module3_fronts_air_masses,module3_fronts_air_masses,module3_fronts_air_masses.png,/assets/cap-visuals/module3_fronts_air_masses.png,approved,true,"Major air masses and the structure of warm, cold, stationary, and occluded fronts.","Major air masses and the structure of warm, cold, stationary, and occluded fronts.","Major air masses and the structure of warm, cold, stationary, and occluded fronts.",high,close,true,0.8,original_textbook_grounded,Mitchell_Aerospace_sample_style_analysis,draft,AD-M3-Q091,45
AD-M3-Q093,3,5,Weather Systems and Severe Weather,AD3-5-occluded_front,AD3-5-occluded_front,AD3-5-occluded_front,multiple_choice,direct_definition,medium,recall,Which answer best matches this description: an occluded front develops when one front overtakes another and lifts warm air aloft?,warm front,occluded front,cold front,stationary front,B,An occluded front develops when one front overtakes another and lifts warm air aloft.,Occluded front is correct because it means an occluded front develops when one front overtakes another and lifts warm air aloft.,"Not this one. Warm front is related to aviation or weather, but this question is specifically about occluded front.",Correct. An occluded front develops when one front overtakes another and lifts warm air aloft.,"Not this one. Cold front is related to aviation or weather, but this question is specifically about occluded front.","Not this one. Stationary front is related to aviation or weather, but this question is specifically about occluded front.",Occluded = overtaken and lifted.,"Review Module 3, Chapter 5, pages 33, then explain occluded front in your own words.",Aerospace Dimensions Module 3: Air Environment,33,"Module 3, Chapter 5, pages 33",high,educational_infographic,optional_after_answer,module3_fronts_air_masses,module3_fronts_air_masses,module3_fronts_air_masses.png,/assets/cap-visuals/module3_fronts_air_masses.png,approved,true,"Major air masses and the structure of warm, cold, stationary, and occluded fronts.","Major air masses and the structure of warm, cold, stationary, and occluded fronts.","Major air masses and the structure of warm, cold, stationary, and occluded fronts.",high,close,true,1.0,original_textbook_grounded,Mitchell_Aerospace_sample_style_analysis,draft,AD-M3-Q094,35
AD-M3-Q094,3,5,Weather Systems and Severe Weather,AD3-5-occluded_front,AD3-5-occluded_front,AD3-5-occluded_front,multiple_choice,brief_application,medium_hard,application,Which concept best explains this situation? Which front involves three air masses and results when one front overtakes another.?,cold front,occluded front,stationary front,warm front,B,An occluded front develops when one front overtakes another and lifts warm air aloft.,Occluded front is correct because it means an occluded front develops when one front overtakes another and lifts warm air aloft.,"Not this one. Cold front is related to aviation or weather, but this question is specifically about occluded front.",Correct. An occluded front develops when one front overtakes another and lifts warm air aloft.,"Not this one. Stationary front is related to aviation or weather, but this question is specifically about occluded front.","Not this one. Warm front is related to aviation or weather, but this question is specifically about occluded front.",Occluded = overtaken and lifted.,"Review Module 3, Chapter 5, pages 33, then explain occluded front in your own words.",Aerospace Dimensions Module 3: Air Environment,33,"Module 3, Chapter 5, pages 33",high,educational_infographic,optional_after_answer,module3_fronts_air_masses,module3_fronts_air_masses,module3_fronts_air_masses.png,/assets/cap-visuals/module3_fronts_air_masses.png,approved,true,"Major air masses and the structure of warm, cold, stationary, and occluded fronts.","Major air masses and the structure of warm, cold, stationary, and occluded fronts.","Major air masses and the structure of warm, cold, stationary, and occluded fronts.",high,close,false,0.8,original_textbook_grounded,Mitchell_Aerospace_sample_style_analysis,draft,AD-M3-Q093,45
AD-M3-Q095,3,5,Weather Systems and Severe Weather,AD3-5-thunderstorm_stages,AD3-5-thunderstorm_stages,AD3-5-thunderstorm_stages,multiple_choice,direct_definition,medium,recall,"Which answer best matches this description: thunderstorms pass through the building, mature, and dissipating stages?","building, dissipating, mature","building, mature, freezing",thunderstorm stages,"mature, dissipating, building",C,"Thunderstorms pass through the building, mature, and dissipating stages.","Thunderstorm stages is correct because it means thunderstorms pass through the building, mature, and dissipating stages.","Not this one. Building, dissipating, mature is related to aviation or weather, but this question is specifically about thunderstorm stages.","Not this one. Building, mature, freezing is related to aviation or weather, but this question is specifically about thunderstorm stages.","Correct. Thunderstorms pass through the building, mature, and dissipating stages.","Not this one. Mature, dissipating, building is related to aviation or weather, but this question is specifically about thunderstorm stages.","Thunderstorm stages: build, mature, dissipate.","Review Module 3, Chapter 5, pages 34, then explain thunderstorm stages in your own words.",Aerospace Dimensions Module 3: Air Environment,34,"Module 3, Chapter 5, pages 34",high,educational_infographic,optional_after_answer,module3_severe_weather_safety,module3_severe_weather_safety,module3_severe_weather_safety.png,/assets/cap-visuals/module3_severe_weather_safety.png,approved,true,"Thunderstorm life cycle, tornado awareness, and key hurricane structure and safety ideas.","Thunderstorm life cycle, tornado awareness, and key hurricane structure and safety ideas.","Thunderstorm life cycle, tornado awareness, and key hurricane structure and safety ideas.",high,close,true,1.0,original_textbook_grounded,Mitchell_Aerospace_sample_style_analysis,draft,AD-M3-Q096,35
AD-M3-Q096,3,5,Weather Systems and Severe Weather,AD3-5-thunderstorm_stages,AD3-5-thunderstorm_stages,AD3-5-thunderstorm_stages,multiple_choice,brief_application,medium_hard,application,Which concept best explains this situation? What is the correct sequence of thunderstorm stages.?,thunderstorm stages,"building, dissipating, mature","building, mature, freezing","mature, dissipating, building",A,"Thunderstorms pass through the building, mature, and dissipating stages.","Thunderstorm stages is correct because it means thunderstorms pass through the building, mature, and dissipating stages.","Correct. Thunderstorms pass through the building, mature, and dissipating stages.","Not this one. Building, dissipating, mature is related to aviation or weather, but this question is specifically about thunderstorm stages.","Not this one. Building, mature, freezing is related to aviation or weather, but this question is specifically about thunderstorm stages.","Not this one. Mature, dissipating, building is related to aviation or weather, but this question is specifically about thunderstorm stages.","Thunderstorm stages: build, mature, dissipate.","Review Module 3, Chapter 5, pages 34, then explain thunderstorm stages in your own words.",Aerospace Dimensions Module 3: Air Environment,34,"Module 3, Chapter 5, pages 34",high,educational_infographic,optional_after_answer,module3_severe_weather_safety,module3_severe_weather_safety,module3_severe_weather_safety.png,/assets/cap-visuals/module3_severe_weather_safety.png,approved,true,"Thunderstorm life cycle, tornado awareness, and key hurricane structure and safety ideas.","Thunderstorm life cycle, tornado awareness, and key hurricane structure and safety ideas.","Thunderstorm life cycle, tornado awareness, and key hurricane structure and safety ideas.",high,close,true,0.8,original_textbook_grounded,Mitchell_Aerospace_sample_style_analysis,draft,AD-M3-Q095,45
AD-M3-Q097,3,5,Weather Systems and Severe Weather,AD3-5-tornado,AD3-5-tornado,AD3-5-tornado,multiple_choice,direct_definition,medium,recall,Which answer best matches this description: a tornado is a violently rotating funnel of low-pressure air that must touch the ground to be called a tornado?,thunderstorm,tornado,microburst,hurricane,B,A tornado is a violently rotating funnel of low-pressure air that must touch the ground to be called a tornado.,Tornado is correct because it means a tornado is a violently rotating funnel of low-pressure air that must touch the ground to be called a tornado.,"Not this one. Thunderstorm is related to aviation or weather, but this question is specifically about tornado.",Correct. A tornado is a violently rotating funnel of low-pressure air that must touch the ground to be called a tornado.,"Not this one. Microburst is related to aviation or weather, but this question is specifically about tornado.","Not this one. Hurricane is related to aviation or weather, but this question is specifically about tornado.",Tornado = funnel touching ground.,"Review Module 3, Chapter 5, pages 36, then explain tornado in your own words.",Aerospace Dimensions Module 3: Air Environment,36,"Module 3, Chapter 5, pages 36",high,educational_infographic,optional_after_answer,module3_severe_weather_safety,module3_severe_weather_safety,module3_severe_weather_safety.png,/assets/cap-visuals/module3_severe_weather_safety.png,approved,true,"Thunderstorm life cycle, tornado awareness, and key hurricane structure and safety ideas.","Thunderstorm life cycle, tornado awareness, and key hurricane structure and safety ideas.","Thunderstorm life cycle, tornado awareness, and key hurricane structure and safety ideas.",high,close,true,1.0,original_textbook_grounded,Mitchell_Aerospace_sample_style_analysis,draft,AD-M3-Q098,35
AD-M3-Q098,3,5,Weather Systems and Severe Weather,AD3-5-tornado,AD3-5-tornado,AD3-5-tornado,multiple_choice,brief_application,medium_hard,application,Which concept best explains this situation? Which severe weather event must touch the ground to be called by its proper name.?,thunderstorm,tornado,hurricane,microburst,B,A tornado is a violently rotating funnel of low-pressure air that must touch the ground to be called a tornado.,Tornado is correct because it means a tornado is a violently rotating funnel of low-pressure air that must touch the ground to be called a tornado.,"Not this one. Thunderstorm is related to aviation or weather, but this question is specifically about tornado.",Correct. A tornado is a violently rotating funnel of low-pressure air that must touch the ground to be called a tornado.,"Not this one. Hurricane is related to aviation or weather, but this question is specifically about tornado.","Not this one. Microburst is related to aviation or weather, but this question is specifically about tornado.",Tornado = funnel touching ground.,"Review Module 3, Chapter 5, pages 36, then explain tornado in your own words.",Aerospace Dimensions Module 3: Air Environment,36,"Module 3, Chapter 5, pages 36",high,educational_infographic,optional_after_answer,module3_severe_weather_safety,module3_severe_weather_safety,module3_severe_weather_safety.png,/assets/cap-visuals/module3_severe_weather_safety.png,approved,true,"Thunderstorm life cycle, tornado awareness, and key hurricane structure and safety ideas.","Thunderstorm life cycle, tornado awareness, and key hurricane structure and safety ideas.","Thunderstorm life cycle, tornado awareness, and key hurricane structure and safety ideas.",high,close,false,0.8,original_textbook_grounded,Mitchell_Aerospace_sample_style_analysis,draft,AD-M3-Q097,45
AD-M3-Q099,3,5,Weather Systems and Severe Weather,AD3-5-hurricane,AD3-5-hurricane,AD3-5-hurricane,multiple_choice,direct_definition,medium,recall,"Which answer best matches this description: a hurricane is a tropical cyclone with very strong winds, storm surge, flooding, and a calm eye at the center?",dust devil,cold front,tornado,hurricane,D,"A hurricane is a tropical cyclone with very strong winds, storm surge, flooding, and a calm eye at the center.","Hurricane is correct because it means a hurricane is a tropical cyclone with very strong winds, storm surge, flooding, and a calm eye at the center.","Not this one. Dust devil is related to aviation or weather, but this question is specifically about hurricane.","Not this one. Cold front is related to aviation or weather, but this question is specifically about hurricane.","Not this one. Tornado is related to aviation or weather, but this question is specifically about hurricane.","Correct. A hurricane is a tropical cyclone with very strong winds, storm surge, flooding, and a calm eye at the center.",Hurricane = huge storm with an eye.,"Review Module 3, Chapter 5, pages 36-37, then explain hurricane in your own words.",Aerospace Dimensions Module 3: Air Environment,36-37,"Module 3, Chapter 5, pages 36-37",high,educational_infographic,optional_after_answer,module3_severe_weather_safety,module3_severe_weather_safety,module3_severe_weather_safety.png,/assets/cap-visuals/module3_severe_weather_safety.png,approved,true,"Thunderstorm life cycle, tornado awareness, and key hurricane structure and safety ideas.","Thunderstorm life cycle, tornado awareness, and key hurricane structure and safety ideas.","Thunderstorm life cycle, tornado awareness, and key hurricane structure and safety ideas.",high,close,true,1.0,original_textbook_grounded,Mitchell_Aerospace_sample_style_analysis,draft,AD-M3-Q100,35
AD-M3-Q100,3,5,Weather Systems and Severe Weather,AD3-5-hurricane,AD3-5-hurricane,AD3-5-hurricane,multiple_choice,brief_application,medium_hard,application,Which concept best explains this situation? Which severe weather system is known for a calm eye surrounded by destructive winds.?,hurricane,tornado,dust devil,cold front,A,"A hurricane is a tropical cyclone with very strong winds, storm surge, flooding, and a calm eye at the center.","Hurricane is correct because it means a hurricane is a tropical cyclone with very strong winds, storm surge, flooding, and a calm eye at the center.","Correct. A hurricane is a tropical cyclone with very strong winds, storm surge, flooding, and a calm eye at the center.","Not this one. Tornado is related to aviation or weather, but this question is specifically about hurricane.","Not this one. Dust devil is related to aviation or weather, but this question is specifically about hurricane.","Not this one. Cold front is related to aviation or weather, but this question is specifically about hurricane.",Hurricane = huge storm with an eye.,"Review Module 3, Chapter 5, pages 36-37, then explain hurricane in your own words.",Aerospace Dimensions Module 3: Air Environment,36-37,"Module 3, Chapter 5, pages 36-37",high,educational_infographic,optional_after_answer,module3_severe_weather_safety,module3_severe_weather_safety,module3_severe_weather_safety.png,/assets/cap-visuals/module3_severe_weather_safety.png,approved,true,"Thunderstorm life cycle, tornado awareness, and key hurricane structure and safety ideas.","Thunderstorm life cycle, tornado awareness, and key hurricane structure and safety ideas.","Thunderstorm life cycle, tornado awareness, and key hurricane structure and safety ideas.",high,close,true,0.8,original_textbook_grounded,Mitchell_Aerospace_sample_style_analysis,draft,AD-M3-Q099,45
