external_id,module_number,chapter_number,chapter_title,objective_code,concept_code,question_family_code,question_type,question_style,difficulty,cognitive_level,question_text,choice_a,choice_b,choice_c,choice_d,correct_letter,short_explanation,explanation,choice_a_explanation,choice_b_explanation,choice_c_explanation,choice_d_explanation,memory_aid,remediation_text,source_document,source_pages,source_reference_text,visual_priority,visual_type,visual_display_mode,visual_asset_key,visual_group,visual_file_name,visual_storage_path,visual_status,show_visual_button,visual_brief,visual_caption,visual_alt_text,exam_likeness,distractor_difficulty,eligible_for_final_exam,final_exam_weight,content_origin,style_reference,review_status,reinforcement_question_ids,estimated_time_seconds,package_code
AD-M7-Q001,7,1,Introduction to Cyber Security,AD7-1-cyberspace_definition,AD7-1-cyberspace_definition,AD7-1-cyberspace_definition,multiple_choice,direct_exam_style,medium,recall,Which answer best defines cyberspace?,the environment that lets digital technology communicate via the Internet,a single computer used only for security testing,the physical room where servers are stored,a law that controls online behavior,A,Cyberspace is the environment that lets digital technology communicate through the Internet.,"Cyberspace refers to the digital environment where devices, services, and users connect and communicate through the Internet. It is broader than one computer or one room, and it is not a law or policy.",Correct. Cyberspace is the environment that lets digital technology communicate through the Internet.,"Not quite. ""a single computer used only for security testing"" is related to Module 7 cyber security, but it is not the best answer here. The best answer is ""the environment that lets digital technology communicate via the Internet"" because cyberspace is the environment that lets digital technology communicate through the Internet.","Not quite. ""the physical room where servers are stored"" is related to Module 7 cyber security, but it is not the best answer here. The best answer is ""the environment that lets digital technology communicate via the Internet"" because cyberspace is the environment that lets digital technology communicate through the Internet.","Not quite. ""a law that controls online behavior"" is related to Module 7 cyber security, but it is not the best answer here. The best answer is ""the environment that lets digital technology communicate via the Internet"" because cyberspace is the environment that lets digital technology communicate through the Internet.",Cyber + space = digital space.,"Review Module 7, Chapter 1, pages 1-3. Then explain cyberspace definition in your own words and compare it with the closest distractor.",Aerospace Dimensions Module 7: Cyber Security,1-3,"Module 7, Chapter 1, pages 1-3",high,educational_infographic,optional_after_answer,module7_cyberspace_basics,module7_cyberspace_basics,cyberspace_and_cybersecurity_basics_infographic.png,/assets/cap-visuals/cyberspace_and_cybersecurity_basics_infographic.png,approved,true,"Cyberspace layers, devices, clients, servers, networks, and key cyber concepts.","Cyberspace layers, devices, clients, servers, networks, and key cyber concepts.","Cyberspace layers, devices, clients, servers, networks, and key cyber concepts.",high,close,true,1.0,original_textbook_grounded,Mitchell_Aerospace_sample_style_analysis,draft,AD-M7-Q002,35,AD_M7_100
AD-M7-Q002,7,1,Introduction to Cyber Security,AD7-1-cyberspace_definition,AD7-1-cyberspace_definition,AD7-1-cyberspace_definition,multiple_choice,scenario_exam_style,medium,application,A cadet says cyberspace is the virtual environment where connected digital devices and online services interact. Which term fits best?,a single computer used only for security testing,the environment that lets digital technology communicate via the Internet,the physical room where servers are stored,a law that controls online behavior,B,Cyberspace is the environment that lets digital technology communicate through the Internet.,"Cyberspace refers to the digital environment where devices, services, and users connect and communicate through the Internet. It is broader than one computer or one room, and it is not a law or policy.","Not quite. ""a single computer used only for security testing"" is related to Module 7 cyber security, but it is not the best answer here. The best answer is ""the environment that lets digital technology communicate via the Internet"" because cyberspace is the environment that lets digital technology communicate through the Internet.",Correct. Cyberspace is the environment that lets digital technology communicate through the Internet.,"Not quite. ""the physical room where servers are stored"" is related to Module 7 cyber security, but it is not the best answer here. The best answer is ""the environment that lets digital technology communicate via the Internet"" because cyberspace is the environment that lets digital technology communicate through the Internet.","Not quite. ""a law that controls online behavior"" is related to Module 7 cyber security, but it is not the best answer here. The best answer is ""the environment that lets digital technology communicate via the Internet"" because cyberspace is the environment that lets digital technology communicate through the Internet.",Cyber + space = digital space.,"Review Module 7, Chapter 1, pages 1-3. Then explain cyberspace definition in your own words and compare it with the closest distractor.",Aerospace Dimensions Module 7: Cyber Security,1-3,"Module 7, Chapter 1, pages 1-3",high,educational_infographic,optional_after_answer,module7_cyberspace_basics,module7_cyberspace_basics,cyberspace_and_cybersecurity_basics_infographic.png,/assets/cap-visuals/cyberspace_and_cybersecurity_basics_infographic.png,approved,true,"Cyberspace layers, devices, clients, servers, networks, and key cyber concepts.","Cyberspace layers, devices, clients, servers, networks, and key cyber concepts.","Cyberspace layers, devices, clients, servers, networks, and key cyber concepts.",high,close,true,1.0,original_textbook_grounded,Mitchell_Aerospace_sample_style_analysis,draft,AD-M7-Q001,45,AD_M7_100
AD-M7-Q003,7,1,Introduction to Cyber Security,AD7-1-physical_layer,AD7-1-physical_layer,AD7-1-physical_layer,multiple_choice,direct_exam_style,medium,recall,Which description best matches the physical layer of cyberspace?,the online services and data you cannot physically touch,the moral rules for using computers responsibly,the part of cyberspace made of devices and hardware you can touch,the process of splitting a message into packets,C,The physical layer is the hardware side of cyberspace—the devices you can touch.,"The physical layer includes hardware such as computers, phones, tablets, routers, and other devices that connect to the Internet. It is different from online data and services, which belong to the digital layer.","Not quite. ""the online services and data you cannot physically touch"" is related to Module 7 cyber security, but it is not the best answer here. The best answer is ""the part of cyberspace made of devices and hardware you can touch"" because the physical layer is the hardware side of cyberspace—the devices you can touch.","Not quite. ""the moral rules for using computers responsibly"" is related to Module 7 cyber security, but it is not the best answer here. The best answer is ""the part of cyberspace made of devices and hardware you can touch"" because the physical layer is the hardware side of cyberspace—the devices you can touch.",Correct. The physical layer is the hardware side of cyberspace—the devices you can touch.,"Not quite. ""the process of splitting a message into packets"" is related to Module 7 cyber security, but it is not the best answer here. The best answer is ""the part of cyberspace made of devices and hardware you can touch"" because the physical layer is the hardware side of cyberspace—the devices you can touch.",Physical = touchable.,"Review Module 7, Chapter 1, pages 2-3. Then explain physical layer in your own words and compare it with the closest distractor.",Aerospace Dimensions Module 7: Cyber Security,2-3,"Module 7, Chapter 1, pages 2-3",high,educational_infographic,optional_after_answer,module7_cyberspace_basics,module7_cyberspace_basics,cyberspace_and_cybersecurity_basics_infographic.png,/assets/cap-visuals/cyberspace_and_cybersecurity_basics_infographic.png,approved,true,"Cyberspace layers, devices, clients, servers, networks, and key cyber concepts.","Cyberspace layers, devices, clients, servers, networks, and key cyber concepts.","Cyberspace layers, devices, clients, servers, networks, and key cyber concepts.",high,close,true,1.0,original_textbook_grounded,Mitchell_Aerospace_sample_style_analysis,draft,AD-M7-Q004,35,AD_M7_100
AD-M7-Q004,7,1,Introduction to Cyber Security,AD7-1-physical_layer,AD7-1-physical_layer,AD7-1-physical_layer,multiple_choice,scenario_exam_style,medium,application,"A cadet points to a laptop, tablet, router, and game console and asks what part of cyberspace they belong to. What is the best answer?",the online services and data you cannot physically touch,the moral rules for using computers responsibly,the process of splitting a message into packets,the part of cyberspace made of devices and hardware you can touch,D,The physical layer is the hardware side of cyberspace—the devices you can touch.,"The physical layer includes hardware such as computers, phones, tablets, routers, and other devices that connect to the Internet. It is different from online data and services, which belong to the digital layer.","Not quite. ""the online services and data you cannot physically touch"" is related to Module 7 cyber security, but it is not the best answer here. The best answer is ""the part of cyberspace made of devices and hardware you can touch"" because the physical layer is the hardware side of cyberspace—the devices you can touch.","Not quite. ""the moral rules for using computers responsibly"" is related to Module 7 cyber security, but it is not the best answer here. The best answer is ""the part of cyberspace made of devices and hardware you can touch"" because the physical layer is the hardware side of cyberspace—the devices you can touch.","Not quite. ""the process of splitting a message into packets"" is related to Module 7 cyber security, but it is not the best answer here. The best answer is ""the part of cyberspace made of devices and hardware you can touch"" because the physical layer is the hardware side of cyberspace—the devices you can touch.",Correct. The physical layer is the hardware side of cyberspace—the devices you can touch.,Physical = touchable.,"Review Module 7, Chapter 1, pages 2-3. Then explain physical layer in your own words and compare it with the closest distractor.",Aerospace Dimensions Module 7: Cyber Security,2-3,"Module 7, Chapter 1, pages 2-3",high,educational_infographic,optional_after_answer,module7_cyberspace_basics,module7_cyberspace_basics,cyberspace_and_cybersecurity_basics_infographic.png,/assets/cap-visuals/cyberspace_and_cybersecurity_basics_infographic.png,approved,true,"Cyberspace layers, devices, clients, servers, networks, and key cyber concepts.","Cyberspace layers, devices, clients, servers, networks, and key cyber concepts.","Cyberspace layers, devices, clients, servers, networks, and key cyber concepts.",high,close,true,1.0,original_textbook_grounded,Mitchell_Aerospace_sample_style_analysis,draft,AD-M7-Q003,45,AD_M7_100
AD-M7-Q005,7,1,Introduction to Cyber Security,AD7-1-digital_layer,AD7-1-digital_layer,AD7-1-digital_layer,multiple_choice,direct_exam_style,medium,recall,Which answer best describes the digital layer of cyberspace?,"the data, programs, and services that run in cyberspace",the hardware devices connected to a network,a crime committed online for profit,a special kind of web browser,A,The digital layer is the information and services that run across connected systems.,"The digital layer includes data, software, and online services that people access through connected devices. It is different from the physical devices themselves.",Correct. The digital layer is the information and services that run across connected systems.,"Not quite. ""the hardware devices connected to a network"" is related to Module 7 cyber security, but it is not the best answer here. The best answer is ""the data, programs, and services that run in cyberspace"" because the digital layer is the information and services that run across connected systems.","Not quite. ""a crime committed online for profit"" is related to Module 7 cyber security, but it is not the best answer here. The best answer is ""the data, programs, and services that run in cyberspace"" because the digital layer is the information and services that run across connected systems.","Not quite. ""a special kind of web browser"" is related to Module 7 cyber security, but it is not the best answer here. The best answer is ""the data, programs, and services that run in cyberspace"" because the digital layer is the information and services that run across connected systems.","Digital = data, not devices.","Review Module 7, Chapter 1, pages 2-3. Then explain digital layer in your own words and compare it with the closest distractor.",Aerospace Dimensions Module 7: Cyber Security,2-3,"Module 7, Chapter 1, pages 2-3",high,educational_infographic,optional_after_answer,module7_cyberspace_basics,module7_cyberspace_basics,cyberspace_and_cybersecurity_basics_infographic.png,/assets/cap-visuals/cyberspace_and_cybersecurity_basics_infographic.png,approved,true,"Cyberspace layers, devices, clients, servers, networks, and key cyber concepts.","Cyberspace layers, devices, clients, servers, networks, and key cyber concepts.","Cyberspace layers, devices, clients, servers, networks, and key cyber concepts.",high,close,true,1.0,original_textbook_grounded,Mitchell_Aerospace_sample_style_analysis,draft,AD-M7-Q006,35,AD_M7_100
AD-M7-Q006,7,1,Introduction to Cyber Security,AD7-1-digital_layer,AD7-1-digital_layer,AD7-1-digital_layer,multiple_choice,scenario_exam_style,medium,application,A file is stored in the cloud and shared through an online app. Which part of cyberspace is being described most directly?,the hardware devices connected to a network,"the data, programs, and services that run in cyberspace",a crime committed online for profit,a special kind of web browser,B,The digital layer is the information and services that run across connected systems.,"The digital layer includes data, software, and online services that people access through connected devices. It is different from the physical devices themselves.","Not quite. ""the hardware devices connected to a network"" is related to Module 7 cyber security, but it is not the best answer here. The best answer is ""the data, programs, and services that run in cyberspace"" because the digital layer is the information and services that run across connected systems.",Correct. The digital layer is the information and services that run across connected systems.,"Not quite. ""a crime committed online for profit"" is related to Module 7 cyber security, but it is not the best answer here. The best answer is ""the data, programs, and services that run in cyberspace"" because the digital layer is the information and services that run across connected systems.","Not quite. ""a special kind of web browser"" is related to Module 7 cyber security, but it is not the best answer here. The best answer is ""the data, programs, and services that run in cyberspace"" because the digital layer is the information and services that run across connected systems.","Digital = data, not devices.","Review Module 7, Chapter 1, pages 2-3. Then explain digital layer in your own words and compare it with the closest distractor.",Aerospace Dimensions Module 7: Cyber Security,2-3,"Module 7, Chapter 1, pages 2-3",high,educational_infographic,optional_after_answer,module7_cyberspace_basics,module7_cyberspace_basics,cyberspace_and_cybersecurity_basics_infographic.png,/assets/cap-visuals/cyberspace_and_cybersecurity_basics_infographic.png,approved,true,"Cyberspace layers, devices, clients, servers, networks, and key cyber concepts.","Cyberspace layers, devices, clients, servers, networks, and key cyber concepts.","Cyberspace layers, devices, clients, servers, networks, and key cyber concepts.",high,close,true,1.0,original_textbook_grounded,Mitchell_Aerospace_sample_style_analysis,draft,AD-M7-Q005,45,AD_M7_100
AD-M7-Q007,7,1,Introduction to Cyber Security,AD7-1-network_definition,AD7-1-network_definition,AD7-1-network_definition,multiple_choice,direct_exam_style,medium,recall,What is a network?,a single file sent through email,a rule for choosing strong passwords,a channel that links devices so they can share data,a crime that targets online banking,C,A network links devices together so they can communicate and share data.,"A network is a communication channel that connects computers and other devices so information and resources can be shared. It is not a file, password rule, or crime type.","Not quite. ""a single file sent through email"" is related to Module 7 cyber security, but it is not the best answer here. The best answer is ""a channel that links devices so they can share data"" because a network links devices together so they can communicate and share data.","Not quite. ""a rule for choosing strong passwords"" is related to Module 7 cyber security, but it is not the best answer here. The best answer is ""a channel that links devices so they can share data"" because a network links devices together so they can communicate and share data.",Correct. A network links devices together so they can communicate and share data.,"Not quite. ""a crime that targets online banking"" is related to Module 7 cyber security, but it is not the best answer here. The best answer is ""a channel that links devices so they can share data"" because a network links devices together so they can communicate and share data.",Network = linked devices.,"Review Module 7, Chapter 1, pages 3-4. Then explain network definition in your own words and compare it with the closest distractor.",Aerospace Dimensions Module 7: Cyber Security,3-4,"Module 7, Chapter 1, pages 3-4",high,educational_infographic,optional_after_answer,module7_network_communication,module7_network_communication,how_networks_communicate_infographic.png,/assets/cap-visuals/how_networks_communicate_infographic.png,approved,true,"Packets, switches, routers, client-server communication, the internet, and network addresses.","Packets, switches, routers, client-server communication, the internet, and network addresses.","Packets, switches, routers, client-server communication, the internet, and network addresses.",high,close,true,1.0,original_textbook_grounded,Mitchell_Aerospace_sample_style_analysis,draft,AD-M7-Q008,35,AD_M7_100
AD-M7-Q008,7,1,Introduction to Cyber Security,AD7-1-network_definition,AD7-1-network_definition,AD7-1-network_definition,multiple_choice,scenario_exam_style,medium,application,"Several computers, printers, and tablets are linked so they can exchange files and use the same resources. What is that arrangement called?",a single file sent through email,a rule for choosing strong passwords,a crime that targets online banking,a channel that links devices so they can share data,D,A network links devices together so they can communicate and share data.,"A network is a communication channel that connects computers and other devices so information and resources can be shared. It is not a file, password rule, or crime type.","Not quite. ""a single file sent through email"" is related to Module 7 cyber security, but it is not the best answer here. The best answer is ""a channel that links devices so they can share data"" because a network links devices together so they can communicate and share data.","Not quite. ""a rule for choosing strong passwords"" is related to Module 7 cyber security, but it is not the best answer here. The best answer is ""a channel that links devices so they can share data"" because a network links devices together so they can communicate and share data.","Not quite. ""a crime that targets online banking"" is related to Module 7 cyber security, but it is not the best answer here. The best answer is ""a channel that links devices so they can share data"" because a network links devices together so they can communicate and share data.",Correct. A network links devices together so they can communicate and share data.,Network = linked devices.,"Review Module 7, Chapter 1, pages 3-4. Then explain network definition in your own words and compare it with the closest distractor.",Aerospace Dimensions Module 7: Cyber Security,3-4,"Module 7, Chapter 1, pages 3-4",high,educational_infographic,optional_after_answer,module7_network_communication,module7_network_communication,how_networks_communicate_infographic.png,/assets/cap-visuals/how_networks_communicate_infographic.png,approved,true,"Packets, switches, routers, client-server communication, the internet, and network addresses.","Packets, switches, routers, client-server communication, the internet, and network addresses.","Packets, switches, routers, client-server communication, the internet, and network addresses.",high,close,true,1.0,original_textbook_grounded,Mitchell_Aerospace_sample_style_analysis,draft,AD-M7-Q007,45,AD_M7_100
AD-M7-Q009,7,1,Introduction to Cyber Security,AD7-1-packet_switching,AD7-1-packet_switching,AD7-1-packet_switching,multiple_choice,direct_exam_style,medium,recall,What is packet switching?,splitting a message into small packets so it can travel efficiently across a network,hiding a message inside a picture file,disconnecting a device from the Internet,storing a message on only one server,A,Packet switching sends information as small packets that are reassembled later.,"Packet switching breaks a large message into smaller packets so networks can send data more efficiently. If one path is unavailable, packets may take another route and still be reassembled at the end.",Correct. Packet switching sends information as small packets that are reassembled later.,"Not quite. ""hiding a message inside a picture file"" is related to Module 7 cyber security, but it is not the best answer here. The best answer is ""splitting a message into small packets so it can travel efficiently across a network"" because packet switching sends information as small packets that are reassembled later.","Not quite. ""disconnecting a device from the Internet"" is related to Module 7 cyber security, but it is not the best answer here. The best answer is ""splitting a message into small packets so it can travel efficiently across a network"" because packet switching sends information as small packets that are reassembled later.","Not quite. ""storing a message on only one server"" is related to Module 7 cyber security, but it is not the best answer here. The best answer is ""splitting a message into small packets so it can travel efficiently across a network"" because packet switching sends information as small packets that are reassembled later.",Packets split to fit.,"Review Module 7, Chapter 1, pages 4-5. Then explain packet switching in your own words and compare it with the closest distractor.",Aerospace Dimensions Module 7: Cyber Security,4-5,"Module 7, Chapter 1, pages 4-5",high,educational_infographic,optional_after_answer,module7_network_communication,module7_network_communication,how_networks_communicate_infographic.png,/assets/cap-visuals/how_networks_communicate_infographic.png,approved,true,"Packets, switches, routers, client-server communication, the internet, and network addresses.","Packets, switches, routers, client-server communication, the internet, and network addresses.","Packets, switches, routers, client-server communication, the internet, and network addresses.",high,close,true,1.0,original_textbook_grounded,Mitchell_Aerospace_sample_style_analysis,draft,AD-M7-Q010,35,AD_M7_100
AD-M7-Q010,7,1,Introduction to Cyber Security,AD7-1-packet_switching,AD7-1-packet_switching,AD7-1-packet_switching,multiple_choice,scenario_exam_style,medium,application,"A long message is divided into smaller parts, sent along available paths, and reassembled at the destination. What process is this?",hiding a message inside a picture file,splitting a message into small packets so it can travel efficiently across a network,disconnecting a device from the Internet,storing a message on only one server,B,Packet switching sends information as small packets that are reassembled later.,"Packet switching breaks a large message into smaller packets so networks can send data more efficiently. If one path is unavailable, packets may take another route and still be reassembled at the end.","Not quite. ""hiding a message inside a picture file"" is related to Module 7 cyber security, but it is not the best answer here. The best answer is ""splitting a message into small packets so it can travel efficiently across a network"" because packet switching sends information as small packets that are reassembled later.",Correct. Packet switching sends information as small packets that are reassembled later.,"Not quite. ""disconnecting a device from the Internet"" is related to Module 7 cyber security, but it is not the best answer here. The best answer is ""splitting a message into small packets so it can travel efficiently across a network"" because packet switching sends information as small packets that are reassembled later.","Not quite. ""storing a message on only one server"" is related to Module 7 cyber security, but it is not the best answer here. The best answer is ""splitting a message into small packets so it can travel efficiently across a network"" because packet switching sends information as small packets that are reassembled later.",Packets split to fit.,"Review Module 7, Chapter 1, pages 4-5. Then explain packet switching in your own words and compare it with the closest distractor.",Aerospace Dimensions Module 7: Cyber Security,4-5,"Module 7, Chapter 1, pages 4-5",high,educational_infographic,optional_after_answer,module7_network_communication,module7_network_communication,how_networks_communicate_infographic.png,/assets/cap-visuals/how_networks_communicate_infographic.png,approved,true,"Packets, switches, routers, client-server communication, the internet, and network addresses.","Packets, switches, routers, client-server communication, the internet, and network addresses.","Packets, switches, routers, client-server communication, the internet, and network addresses.",high,close,true,1.0,original_textbook_grounded,Mitchell_Aerospace_sample_style_analysis,draft,AD-M7-Q009,45,AD_M7_100
AD-M7-Q011,7,1,Introduction to Cyber Security,AD7-1-client_definition,AD7-1-client_definition,AD7-1-client_definition,multiple_choice,direct_exam_style,medium,recall,"In a client-server network, what is a client?",a device that only creates wireless signals,a computer that provides resources to other devices,a device or program that requests access to a service or resource,a packet header that identifies a message,C,A client is the part of the network that requests a service or resource.,"A client is a device or program that asks for data or services from another system. In a client-server model, the server provides and the client requests.","Not quite. ""a device that only creates wireless signals"" is related to Module 7 cyber security, but it is not the best answer here. The best answer is ""a device or program that requests access to a service or resource"" because a client is the part of the network that requests a service or resource.","Not quite. ""a computer that provides resources to other devices"" is related to Module 7 cyber security, but it is not the best answer here. The best answer is ""a device or program that requests access to a service or resource"" because a client is the part of the network that requests a service or resource.",Correct. A client is the part of the network that requests a service or resource.,"Not quite. ""a packet header that identifies a message"" is related to Module 7 cyber security, but it is not the best answer here. The best answer is ""a device or program that requests access to a service or resource"" because a client is the part of the network that requests a service or resource.",Client asks.,"Review Module 7, Chapter 1, pages 5-6. Then explain client definition in your own words and compare it with the closest distractor.",Aerospace Dimensions Module 7: Cyber Security,5-6,"Module 7, Chapter 1, pages 5-6",high,educational_infographic,optional_after_answer,module7_network_communication,module7_network_communication,how_networks_communicate_infographic.png,/assets/cap-visuals/how_networks_communicate_infographic.png,approved,true,"Packets, switches, routers, client-server communication, the internet, and network addresses.","Packets, switches, routers, client-server communication, the internet, and network addresses.","Packets, switches, routers, client-server communication, the internet, and network addresses.",high,close,true,1.0,original_textbook_grounded,Mitchell_Aerospace_sample_style_analysis,draft,AD-M7-Q012,35,AD_M7_100
AD-M7-Q012,7,1,Introduction to Cyber Security,AD7-1-client_definition,AD7-1-client_definition,AD7-1-client_definition,multiple_choice,scenario_exam_style,medium,application,A student computer asks the printer server for permission to print a document. What role is the student computer playing?,a device that only creates wireless signals,a computer that provides resources to other devices,a packet header that identifies a message,a device or program that requests access to a service or resource,D,A client is the part of the network that requests a service or resource.,"A client is a device or program that asks for data or services from another system. In a client-server model, the server provides and the client requests.","Not quite. ""a device that only creates wireless signals"" is related to Module 7 cyber security, but it is not the best answer here. The best answer is ""a device or program that requests access to a service or resource"" because a client is the part of the network that requests a service or resource.","Not quite. ""a computer that provides resources to other devices"" is related to Module 7 cyber security, but it is not the best answer here. The best answer is ""a device or program that requests access to a service or resource"" because a client is the part of the network that requests a service or resource.","Not quite. ""a packet header that identifies a message"" is related to Module 7 cyber security, but it is not the best answer here. The best answer is ""a device or program that requests access to a service or resource"" because a client is the part of the network that requests a service or resource.",Correct. A client is the part of the network that requests a service or resource.,Client asks.,"Review Module 7, Chapter 1, pages 5-6. Then explain client definition in your own words and compare it with the closest distractor.",Aerospace Dimensions Module 7: Cyber Security,5-6,"Module 7, Chapter 1, pages 5-6",high,educational_infographic,optional_after_answer,module7_network_communication,module7_network_communication,how_networks_communicate_infographic.png,/assets/cap-visuals/how_networks_communicate_infographic.png,approved,true,"Packets, switches, routers, client-server communication, the internet, and network addresses.","Packets, switches, routers, client-server communication, the internet, and network addresses.","Packets, switches, routers, client-server communication, the internet, and network addresses.",high,close,true,1.0,original_textbook_grounded,Mitchell_Aerospace_sample_style_analysis,draft,AD-M7-Q011,45,AD_M7_100
AD-M7-Q013,7,1,Introduction to Cyber Security,AD7-1-server_definition,AD7-1-server_definition,AD7-1-server_definition,multiple_choice,direct_exam_style,medium,recall,What is a server?,a computer or program that provides sharable resources and services,a device that only receives entertainment content,a hacker who tests systems ethically,a private browsing setting in a web browser,A,A server provides resources or services to clients on a network.,"A server is a computer or program that provides resources, files, websites, or other services to clients. Its main job is to serve requests from connected devices.",Correct. A server provides resources or services to clients on a network.,"Not quite. ""a device that only receives entertainment content"" is related to Module 7 cyber security, but it is not the best answer here. The best answer is ""a computer or program that provides sharable resources and services"" because a server provides resources or services to clients on a network.","Not quite. ""a hacker who tests systems ethically"" is related to Module 7 cyber security, but it is not the best answer here. The best answer is ""a computer or program that provides sharable resources and services"" because a server provides resources or services to clients on a network.","Not quite. ""a private browsing setting in a web browser"" is related to Module 7 cyber security, but it is not the best answer here. The best answer is ""a computer or program that provides sharable resources and services"" because a server provides resources or services to clients on a network.",Server serves.,"Review Module 7, Chapter 1, pages 5-6. Then explain server definition in your own words and compare it with the closest distractor.",Aerospace Dimensions Module 7: Cyber Security,5-6,"Module 7, Chapter 1, pages 5-6",high,educational_infographic,optional_after_answer,module7_network_communication,module7_network_communication,how_networks_communicate_infographic.png,/assets/cap-visuals/how_networks_communicate_infographic.png,approved,true,"Packets, switches, routers, client-server communication, the internet, and network addresses.","Packets, switches, routers, client-server communication, the internet, and network addresses.","Packets, switches, routers, client-server communication, the internet, and network addresses.",high,close,true,1.0,original_textbook_grounded,Mitchell_Aerospace_sample_style_analysis,draft,AD-M7-Q014,35,AD_M7_100
AD-M7-Q014,7,1,Introduction to Cyber Security,AD7-1-server_definition,AD7-1-server_definition,AD7-1-server_definition,multiple_choice,scenario_exam_style,medium,application,A networked printer or website host waits for requests and then provides access to a resource. What role is it performing?,a device that only receives entertainment content,a computer or program that provides sharable resources and services,a hacker who tests systems ethically,a private browsing setting in a web browser,B,A server provides resources or services to clients on a network.,"A server is a computer or program that provides resources, files, websites, or other services to clients. Its main job is to serve requests from connected devices.","Not quite. ""a device that only receives entertainment content"" is related to Module 7 cyber security, but it is not the best answer here. The best answer is ""a computer or program that provides sharable resources and services"" because a server provides resources or services to clients on a network.",Correct. A server provides resources or services to clients on a network.,"Not quite. ""a hacker who tests systems ethically"" is related to Module 7 cyber security, but it is not the best answer here. The best answer is ""a computer or program that provides sharable resources and services"" because a server provides resources or services to clients on a network.","Not quite. ""a private browsing setting in a web browser"" is related to Module 7 cyber security, but it is not the best answer here. The best answer is ""a computer or program that provides sharable resources and services"" because a server provides resources or services to clients on a network.",Server serves.,"Review Module 7, Chapter 1, pages 5-6. Then explain server definition in your own words and compare it with the closest distractor.",Aerospace Dimensions Module 7: Cyber Security,5-6,"Module 7, Chapter 1, pages 5-6",high,educational_infographic,optional_after_answer,module7_network_communication,module7_network_communication,how_networks_communicate_infographic.png,/assets/cap-visuals/how_networks_communicate_infographic.png,approved,true,"Packets, switches, routers, client-server communication, the internet, and network addresses.","Packets, switches, routers, client-server communication, the internet, and network addresses.","Packets, switches, routers, client-server communication, the internet, and network addresses.",high,close,true,1.0,original_textbook_grounded,Mitchell_Aerospace_sample_style_analysis,draft,AD-M7-Q013,45,AD_M7_100
AD-M7-Q015,7,1,Introduction to Cyber Security,AD7-1-internet_definition,AD7-1-internet_definition,AD7-1-internet_definition,multiple_choice,direct_exam_style,medium,recall,Which answer best defines the Internet?,a single company that stores all websites,a security tool used only by governments,a worldwide collection of different networks connecting millions of devices,a type of cookie stored in a browser,C,The Internet is a worldwide network of interconnected networks.,"The Internet is a global system made of many networks connected together. It allows businesses, schools, governments, and individuals to communicate and exchange information.","Not quite. ""a single company that stores all websites"" is related to Module 7 cyber security, but it is not the best answer here. The best answer is ""a worldwide collection of different networks connecting millions of devices"" because the Internet is a worldwide network of interconnected networks.","Not quite. ""a security tool used only by governments"" is related to Module 7 cyber security, but it is not the best answer here. The best answer is ""a worldwide collection of different networks connecting millions of devices"" because the Internet is a worldwide network of interconnected networks.",Correct. The Internet is a worldwide network of interconnected networks.,"Not quite. ""a type of cookie stored in a browser"" is related to Module 7 cyber security, but it is not the best answer here. The best answer is ""a worldwide collection of different networks connecting millions of devices"" because the Internet is a worldwide network of interconnected networks.",Internet = network of networks.,"Review Module 7, Chapter 1, pages 6-7. Then explain internet definition in your own words and compare it with the closest distractor.",Aerospace Dimensions Module 7: Cyber Security,6-7,"Module 7, Chapter 1, pages 6-7",high,educational_infographic,optional_after_answer,module7_network_communication,module7_network_communication,how_networks_communicate_infographic.png,/assets/cap-visuals/how_networks_communicate_infographic.png,approved,true,"Packets, switches, routers, client-server communication, the internet, and network addresses.","Packets, switches, routers, client-server communication, the internet, and network addresses.","Packets, switches, routers, client-server communication, the internet, and network addresses.",high,close,true,1.0,original_textbook_grounded,Mitchell_Aerospace_sample_style_analysis,draft,AD-M7-Q016,35,AD_M7_100
AD-M7-Q016,7,1,Introduction to Cyber Security,AD7-1-internet_definition,AD7-1-internet_definition,AD7-1-internet_definition,multiple_choice,scenario_exam_style,medium,application,A cadet says the Internet is really a network of networks that connects devices all over the world. Which answer agrees best?,a single company that stores all websites,a security tool used only by governments,a type of cookie stored in a browser,a worldwide collection of different networks connecting millions of devices,D,The Internet is a worldwide network of interconnected networks.,"The Internet is a global system made of many networks connected together. It allows businesses, schools, governments, and individuals to communicate and exchange information.","Not quite. ""a single company that stores all websites"" is related to Module 7 cyber security, but it is not the best answer here. The best answer is ""a worldwide collection of different networks connecting millions of devices"" because the Internet is a worldwide network of interconnected networks.","Not quite. ""a security tool used only by governments"" is related to Module 7 cyber security, but it is not the best answer here. The best answer is ""a worldwide collection of different networks connecting millions of devices"" because the Internet is a worldwide network of interconnected networks.","Not quite. ""a type of cookie stored in a browser"" is related to Module 7 cyber security, but it is not the best answer here. The best answer is ""a worldwide collection of different networks connecting millions of devices"" because the Internet is a worldwide network of interconnected networks.",Correct. The Internet is a worldwide network of interconnected networks.,Internet = network of networks.,"Review Module 7, Chapter 1, pages 6-7. Then explain internet definition in your own words and compare it with the closest distractor.",Aerospace Dimensions Module 7: Cyber Security,6-7,"Module 7, Chapter 1, pages 6-7",high,educational_infographic,optional_after_answer,module7_network_communication,module7_network_communication,how_networks_communicate_infographic.png,/assets/cap-visuals/how_networks_communicate_infographic.png,approved,true,"Packets, switches, routers, client-server communication, the internet, and network addresses.","Packets, switches, routers, client-server communication, the internet, and network addresses.","Packets, switches, routers, client-server communication, the internet, and network addresses.",high,close,true,1.0,original_textbook_grounded,Mitchell_Aerospace_sample_style_analysis,draft,AD-M7-Q015,45,AD_M7_100
AD-M7-Q017,7,1,Introduction to Cyber Security,AD7-1-cyber_security_definition,AD7-1-cyber_security_definition,AD7-1-cyber_security_definition,multiple_choice,direct_exam_style,medium,recall,What is cyber security?,"the tools, policies, safeguards, and practices used to protect systems, networks, and data",a type of online advertisement based on browsing history,a public promise made by a user online,a harmless software update that improves performance,A,"Cyber security is the protection of systems, networks, and data using tools, policies, and safe practices.","Cyber security is the collection of tools, safeguards, policies, and practices used to defend cyberspace and its users. It aims to protect data and systems from unauthorized access, damage, or theft.","Correct. Cyber security is the protection of systems, networks, and data using tools, policies, and safe practices.","Not quite. ""a type of online advertisement based on browsing history"" is related to Module 7 cyber security, but it is not the best answer here. The best answer is ""the tools, policies, safeguards, and practices used to protect systems, networks, and data"" because cyber security is the protection of systems, networks, and data using tools, policies, and safe practices.","Not quite. ""a public promise made by a user online"" is related to Module 7 cyber security, but it is not the best answer here. The best answer is ""the tools, policies, safeguards, and practices used to protect systems, networks, and data"" because cyber security is the protection of systems, networks, and data using tools, policies, and safe practices.","Not quite. ""a harmless software update that improves performance"" is related to Module 7 cyber security, but it is not the best answer here. The best answer is ""the tools, policies, safeguards, and practices used to protect systems, networks, and data"" because cyber security is the protection of systems, networks, and data using tools, policies, and safe practices.","Protect systems, protect data, protect people.","Review Module 7, Chapter 1, pages 7-9. Then explain cyber security definition in your own words and compare it with the closest distractor.",Aerospace Dimensions Module 7: Cyber Security,7-9,"Module 7, Chapter 1, pages 7-9",high,educational_infographic,optional_after_answer,module7_cyberspace_basics,module7_cyberspace_basics,cyberspace_and_cybersecurity_basics_infographic.png,/assets/cap-visuals/cyberspace_and_cybersecurity_basics_infographic.png,approved,true,"Cyberspace layers, devices, clients, servers, networks, and key cyber concepts.","Cyberspace layers, devices, clients, servers, networks, and key cyber concepts.","Cyberspace layers, devices, clients, servers, networks, and key cyber concepts.",high,close,true,1.0,original_textbook_grounded,Mitchell_Aerospace_sample_style_analysis,draft,AD-M7-Q018,35,AD_M7_100
AD-M7-Q018,7,1,Introduction to Cyber Security,AD7-1-cyber_security_definition,AD7-1-cyber_security_definition,AD7-1-cyber_security_definition,multiple_choice,scenario_exam_style,medium,application,"A company uses security tools, policies, and safe practices to protect its devices and data from unauthorized access. What broad concept does this describe?",a type of online advertisement based on browsing history,"the tools, policies, safeguards, and practices used to protect systems, networks, and data",a public promise made by a user online,a harmless software update that improves performance,B,"Cyber security is the protection of systems, networks, and data using tools, policies, and safe practices.","Cyber security is the collection of tools, safeguards, policies, and practices used to defend cyberspace and its users. It aims to protect data and systems from unauthorized access, damage, or theft.","Not quite. ""a type of online advertisement based on browsing history"" is related to Module 7 cyber security, but it is not the best answer here. The best answer is ""the tools, policies, safeguards, and practices used to protect systems, networks, and data"" because cyber security is the protection of systems, networks, and data using tools, policies, and safe practices.","Correct. Cyber security is the protection of systems, networks, and data using tools, policies, and safe practices.","Not quite. ""a public promise made by a user online"" is related to Module 7 cyber security, but it is not the best answer here. The best answer is ""the tools, policies, safeguards, and practices used to protect systems, networks, and data"" because cyber security is the protection of systems, networks, and data using tools, policies, and safe practices.","Not quite. ""a harmless software update that improves performance"" is related to Module 7 cyber security, but it is not the best answer here. The best answer is ""the tools, policies, safeguards, and practices used to protect systems, networks, and data"" because cyber security is the protection of systems, networks, and data using tools, policies, and safe practices.","Protect systems, protect data, protect people.","Review Module 7, Chapter 1, pages 7-9. Then explain cyber security definition in your own words and compare it with the closest distractor.",Aerospace Dimensions Module 7: Cyber Security,7-9,"Module 7, Chapter 1, pages 7-9",high,educational_infographic,optional_after_answer,module7_cyberspace_basics,module7_cyberspace_basics,cyberspace_and_cybersecurity_basics_infographic.png,/assets/cap-visuals/cyberspace_and_cybersecurity_basics_infographic.png,approved,true,"Cyberspace layers, devices, clients, servers, networks, and key cyber concepts.","Cyberspace layers, devices, clients, servers, networks, and key cyber concepts.","Cyberspace layers, devices, clients, servers, networks, and key cyber concepts.",high,close,true,1.0,original_textbook_grounded,Mitchell_Aerospace_sample_style_analysis,draft,AD-M7-Q017,45,AD_M7_100
AD-M7-Q019,7,1,Introduction to Cyber Security,AD7-1-cybercrime_definition,AD7-1-cybercrime_definition,AD7-1-cybercrime_definition,multiple_choice,direct_exam_style,medium,recall,Which answer best defines cybercrime?,a military attack by one nation against another nation’s systems,a moral principle for behaving responsibly online,a crime that involves a computer or a network,a networking method that reassembles messages,C,Cybercrime is criminal activity that involves computers or networks.,"Cybercrime is any crime that uses a computer or network as the tool or the target. Examples include identity theft, phishing, fraud, and malware attacks carried out for illegal purposes.","Not quite. ""a military attack by one nation against another nation’s systems"" is related to Module 7 cyber security, but it is not the best answer here. The best answer is ""a crime that involves a computer or a network"" because cybercrime is criminal activity that involves computers or networks.","Not quite. ""a moral principle for behaving responsibly online"" is related to Module 7 cyber security, but it is not the best answer here. The best answer is ""a crime that involves a computer or a network"" because cybercrime is criminal activity that involves computers or networks.",Correct. Cybercrime is criminal activity that involves computers or networks.,"Not quite. ""a networking method that reassembles messages"" is related to Module 7 cyber security, but it is not the best answer here. The best answer is ""a crime that involves a computer or a network"" because cybercrime is criminal activity that involves computers or networks.",Crime + cyber = illegal online/computer activity.,"Review Module 7, Chapter 1, pages 9-10. Then explain cybercrime definition in your own words and compare it with the closest distractor.",Aerospace Dimensions Module 7: Cyber Security,9-10,"Module 7, Chapter 1, pages 9-10",high,educational_infographic,optional_after_answer,module7_cyberspace_basics,module7_cyberspace_basics,cyberspace_and_cybersecurity_basics_infographic.png,/assets/cap-visuals/cyberspace_and_cybersecurity_basics_infographic.png,approved,true,"Cyberspace layers, devices, clients, servers, networks, and key cyber concepts.","Cyberspace layers, devices, clients, servers, networks, and key cyber concepts.","Cyberspace layers, devices, clients, servers, networks, and key cyber concepts.",high,close,true,1.0,original_textbook_grounded,Mitchell_Aerospace_sample_style_analysis,draft,AD-M7-Q020,35,AD_M7_100
AD-M7-Q020,7,1,Introduction to Cyber Security,AD7-1-cybercrime_definition,AD7-1-cybercrime_definition,AD7-1-cybercrime_definition,multiple_choice,scenario_exam_style,medium,application,Someone steals banking information by tricking users online and uses the data for fraud. What category best fits this activity?,a military attack by one nation against another nation’s systems,a moral principle for behaving responsibly online,a networking method that reassembles messages,a crime that involves a computer or a network,D,Cybercrime is criminal activity that involves computers or networks.,"Cybercrime is any crime that uses a computer or network as the tool or the target. Examples include identity theft, phishing, fraud, and malware attacks carried out for illegal purposes.","Not quite. ""a military attack by one nation against another nation’s systems"" is related to Module 7 cyber security, but it is not the best answer here. The best answer is ""a crime that involves a computer or a network"" because cybercrime is criminal activity that involves computers or networks.","Not quite. ""a moral principle for behaving responsibly online"" is related to Module 7 cyber security, but it is not the best answer here. The best answer is ""a crime that involves a computer or a network"" because cybercrime is criminal activity that involves computers or networks.","Not quite. ""a networking method that reassembles messages"" is related to Module 7 cyber security, but it is not the best answer here. The best answer is ""a crime that involves a computer or a network"" because cybercrime is criminal activity that involves computers or networks.",Correct. Cybercrime is criminal activity that involves computers or networks.,Crime + cyber = illegal online/computer activity.,"Review Module 7, Chapter 1, pages 9-10. Then explain cybercrime definition in your own words and compare it with the closest distractor.",Aerospace Dimensions Module 7: Cyber Security,9-10,"Module 7, Chapter 1, pages 9-10",high,educational_infographic,optional_after_answer,module7_cyberspace_basics,module7_cyberspace_basics,cyberspace_and_cybersecurity_basics_infographic.png,/assets/cap-visuals/cyberspace_and_cybersecurity_basics_infographic.png,approved,true,"Cyberspace layers, devices, clients, servers, networks, and key cyber concepts.","Cyberspace layers, devices, clients, servers, networks, and key cyber concepts.","Cyberspace layers, devices, clients, servers, networks, and key cyber concepts.",high,close,true,1.0,original_textbook_grounded,Mitchell_Aerospace_sample_style_analysis,draft,AD-M7-Q019,45,AD_M7_100
AD-M7-Q021,7,1,Introduction to Cyber Security,AD7-1-cyberwarfare_definition,AD7-1-cyberwarfare_definition,AD7-1-cyberwarfare_definition,multiple_choice,direct_exam_style,medium,recall,What is cyberwarfare?,the use of technology to attack a nation through networks and computer systems,a prank message sent by one student to another,a company policy about safe passwords,a browser mode that does not save history,A,Cyberwarfare is the use of digital technology to attack another nation’s systems.,"Cyberwarfare involves the use of computers, networks, and related technology to attack or disrupt another nation. It is larger in scope and purpose than ordinary cybercrime.",Correct. Cyberwarfare is the use of digital technology to attack another nation’s systems.,"Not quite. ""a prank message sent by one student to another"" is related to Module 7 cyber security, but it is not the best answer here. The best answer is ""the use of technology to attack a nation through networks and computer systems"" because cyberwarfare is the use of digital technology to attack another nation’s systems.","Not quite. ""a company policy about safe passwords"" is related to Module 7 cyber security, but it is not the best answer here. The best answer is ""the use of technology to attack a nation through networks and computer systems"" because cyberwarfare is the use of digital technology to attack another nation’s systems.","Not quite. ""a browser mode that does not save history"" is related to Module 7 cyber security, but it is not the best answer here. The best answer is ""the use of technology to attack a nation through networks and computer systems"" because cyberwarfare is the use of digital technology to attack another nation’s systems.",Warfare = nation vs. nation in cyberspace.,"Review Module 7, Chapter 1, pages 9-10. Then explain cyberwarfare definition in your own words and compare it with the closest distractor.",Aerospace Dimensions Module 7: Cyber Security,9-10,"Module 7, Chapter 1, pages 9-10",high,educational_infographic,optional_after_answer,module7_cyberspace_basics,module7_cyberspace_basics,cyberspace_and_cybersecurity_basics_infographic.png,/assets/cap-visuals/cyberspace_and_cybersecurity_basics_infographic.png,approved,true,"Cyberspace layers, devices, clients, servers, networks, and key cyber concepts.","Cyberspace layers, devices, clients, servers, networks, and key cyber concepts.","Cyberspace layers, devices, clients, servers, networks, and key cyber concepts.",high,close,true,1.0,original_textbook_grounded,Mitchell_Aerospace_sample_style_analysis,draft,AD-M7-Q022,35,AD_M7_100
AD-M7-Q022,7,1,Introduction to Cyber Security,AD7-1-cyberwarfare_definition,AD7-1-cyberwarfare_definition,AD7-1-cyberwarfare_definition,multiple_choice,scenario_exam_style,medium,application,"If one nation uses digital attacks to disrupt another nation’s critical computer systems, what is the best term for that activity?",a prank message sent by one student to another,the use of technology to attack a nation through networks and computer systems,a company policy about safe passwords,a browser mode that does not save history,B,Cyberwarfare is the use of digital technology to attack another nation’s systems.,"Cyberwarfare involves the use of computers, networks, and related technology to attack or disrupt another nation. It is larger in scope and purpose than ordinary cybercrime.","Not quite. ""a prank message sent by one student to another"" is related to Module 7 cyber security, but it is not the best answer here. The best answer is ""the use of technology to attack a nation through networks and computer systems"" because cyberwarfare is the use of digital technology to attack another nation’s systems.",Correct. Cyberwarfare is the use of digital technology to attack another nation’s systems.,"Not quite. ""a company policy about safe passwords"" is related to Module 7 cyber security, but it is not the best answer here. The best answer is ""the use of technology to attack a nation through networks and computer systems"" because cyberwarfare is the use of digital technology to attack another nation’s systems.","Not quite. ""a browser mode that does not save history"" is related to Module 7 cyber security, but it is not the best answer here. The best answer is ""the use of technology to attack a nation through networks and computer systems"" because cyberwarfare is the use of digital technology to attack another nation’s systems.",Warfare = nation vs. nation in cyberspace.,"Review Module 7, Chapter 1, pages 9-10. Then explain cyberwarfare definition in your own words and compare it with the closest distractor.",Aerospace Dimensions Module 7: Cyber Security,9-10,"Module 7, Chapter 1, pages 9-10",high,educational_infographic,optional_after_answer,module7_cyberspace_basics,module7_cyberspace_basics,cyberspace_and_cybersecurity_basics_infographic.png,/assets/cap-visuals/cyberspace_and_cybersecurity_basics_infographic.png,approved,true,"Cyberspace layers, devices, clients, servers, networks, and key cyber concepts.","Cyberspace layers, devices, clients, servers, networks, and key cyber concepts.","Cyberspace layers, devices, clients, servers, networks, and key cyber concepts.",high,close,true,1.0,original_textbook_grounded,Mitchell_Aerospace_sample_style_analysis,draft,AD-M7-Q021,45,AD_M7_100
AD-M7-Q023,7,1,Introduction to Cyber Security,AD7-1-cyber_ethics_definition,AD7-1-cyber_ethics_definition,AD7-1-cyber_ethics_definition,multiple_choice,direct_exam_style,medium,recall,Which answer best defines cyber ethics?,a hidden tracking file stored by websites,a process for routing data across the Internet,"the moral, legal, and social principles that guide behavior when using computers",a criminal who breaks into systems for profit,C,"Cyber ethics is responsible, lawful, and respectful behavior when using technology.","Cyber ethics refers to the moral, legal, and social principles that guide behavior online and with digital tools. It includes respecting privacy, following rules, and using technology responsibly.","Not quite. ""a hidden tracking file stored by websites"" is related to Module 7 cyber security, but it is not the best answer here. The best answer is ""the moral, legal, and social principles that guide behavior when using computers"" because cyber ethics is responsible, lawful, and respectful behavior when using technology.","Not quite. ""a process for routing data across the Internet"" is related to Module 7 cyber security, but it is not the best answer here. The best answer is ""the moral, legal, and social principles that guide behavior when using computers"" because cyber ethics is responsible, lawful, and respectful behavior when using technology.","Correct. Cyber ethics is responsible, lawful, and respectful behavior when using technology.","Not quite. ""a criminal who breaks into systems for profit"" is related to Module 7 cyber security, but it is not the best answer here. The best answer is ""the moral, legal, and social principles that guide behavior when using computers"" because cyber ethics is responsible, lawful, and respectful behavior when using technology.",Ethics = doing right online.,"Review Module 7, Chapter 1, pages 10-12. Then explain cyber ethics definition in your own words and compare it with the closest distractor.",Aerospace Dimensions Module 7: Cyber Security,10-12,"Module 7, Chapter 1, pages 10-12",high,educational_infographic,optional_after_answer,module7_cyberspace_basics,module7_cyberspace_basics,cyberspace_and_cybersecurity_basics_infographic.png,/assets/cap-visuals/cyberspace_and_cybersecurity_basics_infographic.png,approved,true,"Cyberspace layers, devices, clients, servers, networks, and key cyber concepts.","Cyberspace layers, devices, clients, servers, networks, and key cyber concepts.","Cyberspace layers, devices, clients, servers, networks, and key cyber concepts.",high,close,true,1.0,original_textbook_grounded,Mitchell_Aerospace_sample_style_analysis,draft,AD-M7-Q024,35,AD_M7_100
AD-M7-Q024,7,1,Introduction to Cyber Security,AD7-1-cyber_ethics_definition,AD7-1-cyber_ethics_definition,AD7-1-cyber_ethics_definition,multiple_choice,scenario_exam_style,medium,application,A cadet chooses not to copy pirated software because using technology responsibly matters. Which concept does that decision reflect?,a hidden tracking file stored by websites,a process for routing data across the Internet,a criminal who breaks into systems for profit,"the moral, legal, and social principles that guide behavior when using computers",D,"Cyber ethics is responsible, lawful, and respectful behavior when using technology.","Cyber ethics refers to the moral, legal, and social principles that guide behavior online and with digital tools. It includes respecting privacy, following rules, and using technology responsibly.","Not quite. ""a hidden tracking file stored by websites"" is related to Module 7 cyber security, but it is not the best answer here. The best answer is ""the moral, legal, and social principles that guide behavior when using computers"" because cyber ethics is responsible, lawful, and respectful behavior when using technology.","Not quite. ""a process for routing data across the Internet"" is related to Module 7 cyber security, but it is not the best answer here. The best answer is ""the moral, legal, and social principles that guide behavior when using computers"" because cyber ethics is responsible, lawful, and respectful behavior when using technology.","Not quite. ""a criminal who breaks into systems for profit"" is related to Module 7 cyber security, but it is not the best answer here. The best answer is ""the moral, legal, and social principles that guide behavior when using computers"" because cyber ethics is responsible, lawful, and respectful behavior when using technology.","Correct. Cyber ethics is responsible, lawful, and respectful behavior when using technology.",Ethics = doing right online.,"Review Module 7, Chapter 1, pages 10-12. Then explain cyber ethics definition in your own words and compare it with the closest distractor.",Aerospace Dimensions Module 7: Cyber Security,10-12,"Module 7, Chapter 1, pages 10-12",high,educational_infographic,optional_after_answer,module7_cyberspace_basics,module7_cyberspace_basics,cyberspace_and_cybersecurity_basics_infographic.png,/assets/cap-visuals/cyberspace_and_cybersecurity_basics_infographic.png,approved,true,"Cyberspace layers, devices, clients, servers, networks, and key cyber concepts.","Cyberspace layers, devices, clients, servers, networks, and key cyber concepts.","Cyberspace layers, devices, clients, servers, networks, and key cyber concepts.",high,close,true,1.0,original_textbook_grounded,Mitchell_Aerospace_sample_style_analysis,draft,AD-M7-Q023,45,AD_M7_100
AD-M7-Q025,7,2,Common Cyberattacks: Beware of the Attack,AD7-2-cyberattack_definition,AD7-2-cyberattack_definition,AD7-2-cyberattack_definition,multiple_choice,direct_exam_style,medium,recall,Which answer best defines a cyberattack?,"a malicious attempt to damage, steal from, or gain unauthorized access to a system or network",a routine software update that patches a vulnerability,a network address that identifies a device,a privacy setting that clears browsing history,A,"A cyberattack is a malicious attempt to damage, steal, or gain unauthorized access.","A cyberattack is an intentional harmful action against systems, networks, or data. It can aim to steal information, disrupt services, or gain access without permission.","Correct. A cyberattack is a malicious attempt to damage, steal, or gain unauthorized access.","Not quite. ""a routine software update that patches a vulnerability"" is related to Module 7 cyber security, but it is not the best answer here. The best answer is ""a malicious attempt to damage, steal from, or gain unauthorized access to a system or network"" because a cyberattack is a malicious attempt to damage, steal, or gain unauthorized access.","Not quite. ""a network address that identifies a device"" is related to Module 7 cyber security, but it is not the best answer here. The best answer is ""a malicious attempt to damage, steal from, or gain unauthorized access to a system or network"" because a cyberattack is a malicious attempt to damage, steal, or gain unauthorized access.","Not quite. ""a privacy setting that clears browsing history"" is related to Module 7 cyber security, but it is not the best answer here. The best answer is ""a malicious attempt to damage, steal from, or gain unauthorized access to a system or network"" because a cyberattack is a malicious attempt to damage, steal, or gain unauthorized access.",Attack = harm or unauthorized access.,"Review Module 7, Chapter 2, pages 17-19. Then explain cyberattack definition in your own words and compare it with the closest distractor.",Aerospace Dimensions Module 7: Cyber Security,17-19,"Module 7, Chapter 2, pages 17-19",high,educational_infographic,optional_after_answer,module7_common_cyberattacks,module7_common_cyberattacks,cybersecurity_attacks_and_defense_guide.png,/assets/cap-visuals/cybersecurity_attacks_and_defense_guide.png,approved,true,"Malware, phishing, social engineering, denial-of-service attacks, hacker types, and defensive ideas.","Malware, phishing, social engineering, denial-of-service attacks, hacker types, and defensive ideas.","Malware, phishing, social engineering, denial-of-service attacks, hacker types, and defensive ideas.",high,close,true,1.0,original_textbook_grounded,Mitchell_Aerospace_sample_style_analysis,draft,AD-M7-Q026,35,AD_M7_100
AD-M7-Q026,7,2,Common Cyberattacks: Beware of the Attack,AD7-2-cyberattack_definition,AD7-2-cyberattack_definition,AD7-2-cyberattack_definition,multiple_choice,scenario_exam_style,medium,application,An unauthorized user tries to disrupt a company network and steal data. What is the best name for this kind of action?,a routine software update that patches a vulnerability,"a malicious attempt to damage, steal from, or gain unauthorized access to a system or network",a network address that identifies a device,a privacy setting that clears browsing history,B,"A cyberattack is a malicious attempt to damage, steal, or gain unauthorized access.","A cyberattack is an intentional harmful action against systems, networks, or data. It can aim to steal information, disrupt services, or gain access without permission.","Not quite. ""a routine software update that patches a vulnerability"" is related to Module 7 cyber security, but it is not the best answer here. The best answer is ""a malicious attempt to damage, steal from, or gain unauthorized access to a system or network"" because a cyberattack is a malicious attempt to damage, steal, or gain unauthorized access.","Correct. A cyberattack is a malicious attempt to damage, steal, or gain unauthorized access.","Not quite. ""a network address that identifies a device"" is related to Module 7 cyber security, but it is not the best answer here. The best answer is ""a malicious attempt to damage, steal from, or gain unauthorized access to a system or network"" because a cyberattack is a malicious attempt to damage, steal, or gain unauthorized access.","Not quite. ""a privacy setting that clears browsing history"" is related to Module 7 cyber security, but it is not the best answer here. The best answer is ""a malicious attempt to damage, steal from, or gain unauthorized access to a system or network"" because a cyberattack is a malicious attempt to damage, steal, or gain unauthorized access.",Attack = harm or unauthorized access.,"Review Module 7, Chapter 2, pages 17-19. Then explain cyberattack definition in your own words and compare it with the closest distractor.",Aerospace Dimensions Module 7: Cyber Security,17-19,"Module 7, Chapter 2, pages 17-19",high,educational_infographic,optional_after_answer,module7_common_cyberattacks,module7_common_cyberattacks,cybersecurity_attacks_and_defense_guide.png,/assets/cap-visuals/cybersecurity_attacks_and_defense_guide.png,approved,true,"Malware, phishing, social engineering, denial-of-service attacks, hacker types, and defensive ideas.","Malware, phishing, social engineering, denial-of-service attacks, hacker types, and defensive ideas.","Malware, phishing, social engineering, denial-of-service attacks, hacker types, and defensive ideas.",high,close,true,1.0,original_textbook_grounded,Mitchell_Aerospace_sample_style_analysis,draft,AD-M7-Q025,45,AD_M7_100
AD-M7-Q027,7,2,Common Cyberattacks: Beware of the Attack,AD7-2-malware_definition,AD7-2-malware_definition,AD7-2-malware_definition,multiple_choice,direct_exam_style,medium,recall,What is malware?,a strong password created by a user,a file backup stored in the cloud,"software designed to disrupt, damage, or gain unauthorized access to a computer system",a legal notice that explains privacy rules,C,Malware is harmful software used to damage systems or gain unauthorized access.,"Malware is a broad term for malicious software such as viruses, worms, spyware, and trojans. Its purpose is to disrupt, damage, spy on, or control computer systems without permission.","Not quite. ""a strong password created by a user"" is related to Module 7 cyber security, but it is not the best answer here. The best answer is ""software designed to disrupt, damage, or gain unauthorized access to a computer system"" because malware is harmful software used to damage systems or gain unauthorized access.","Not quite. ""a file backup stored in the cloud"" is related to Module 7 cyber security, but it is not the best answer here. The best answer is ""software designed to disrupt, damage, or gain unauthorized access to a computer system"" because malware is harmful software used to damage systems or gain unauthorized access.",Correct. Malware is harmful software used to damage systems or gain unauthorized access.,"Not quite. ""a legal notice that explains privacy rules"" is related to Module 7 cyber security, but it is not the best answer here. The best answer is ""software designed to disrupt, damage, or gain unauthorized access to a computer system"" because malware is harmful software used to damage systems or gain unauthorized access.",Malware = malicious software.,"Review Module 7, Chapter 2, pages 20-23. Then explain malware definition in your own words and compare it with the closest distractor.",Aerospace Dimensions Module 7: Cyber Security,20-23,"Module 7, Chapter 2, pages 20-23",high,educational_infographic,optional_after_answer,module7_common_cyberattacks,module7_common_cyberattacks,cybersecurity_attacks_and_defense_guide.png,/assets/cap-visuals/cybersecurity_attacks_and_defense_guide.png,approved,true,"Malware, phishing, social engineering, denial-of-service attacks, hacker types, and defensive ideas.","Malware, phishing, social engineering, denial-of-service attacks, hacker types, and defensive ideas.","Malware, phishing, social engineering, denial-of-service attacks, hacker types, and defensive ideas.",high,close,true,1.0,original_textbook_grounded,Mitchell_Aerospace_sample_style_analysis,draft,AD-M7-Q028,35,AD_M7_100
AD-M7-Q028,7,2,Common Cyberattacks: Beware of the Attack,AD7-2-malware_definition,AD7-2-malware_definition,AD7-2-malware_definition,multiple_choice,scenario_exam_style,medium,application,A file installs harmful software that damages data and opens backdoors for attackers. What general term best fits this software?,a strong password created by a user,a file backup stored in the cloud,a legal notice that explains privacy rules,"software designed to disrupt, damage, or gain unauthorized access to a computer system",D,Malware is harmful software used to damage systems or gain unauthorized access.,"Malware is a broad term for malicious software such as viruses, worms, spyware, and trojans. Its purpose is to disrupt, damage, spy on, or control computer systems without permission.","Not quite. ""a strong password created by a user"" is related to Module 7 cyber security, but it is not the best answer here. The best answer is ""software designed to disrupt, damage, or gain unauthorized access to a computer system"" because malware is harmful software used to damage systems or gain unauthorized access.","Not quite. ""a file backup stored in the cloud"" is related to Module 7 cyber security, but it is not the best answer here. The best answer is ""software designed to disrupt, damage, or gain unauthorized access to a computer system"" because malware is harmful software used to damage systems or gain unauthorized access.","Not quite. ""a legal notice that explains privacy rules"" is related to Module 7 cyber security, but it is not the best answer here. The best answer is ""software designed to disrupt, damage, or gain unauthorized access to a computer system"" because malware is harmful software used to damage systems or gain unauthorized access.",Correct. Malware is harmful software used to damage systems or gain unauthorized access.,Malware = malicious software.,"Review Module 7, Chapter 2, pages 20-23. Then explain malware definition in your own words and compare it with the closest distractor.",Aerospace Dimensions Module 7: Cyber Security,20-23,"Module 7, Chapter 2, pages 20-23",high,educational_infographic,optional_after_answer,module7_common_cyberattacks,module7_common_cyberattacks,cybersecurity_attacks_and_defense_guide.png,/assets/cap-visuals/cybersecurity_attacks_and_defense_guide.png,approved,true,"Malware, phishing, social engineering, denial-of-service attacks, hacker types, and defensive ideas.","Malware, phishing, social engineering, denial-of-service attacks, hacker types, and defensive ideas.","Malware, phishing, social engineering, denial-of-service attacks, hacker types, and defensive ideas.",high,close,true,1.0,original_textbook_grounded,Mitchell_Aerospace_sample_style_analysis,draft,AD-M7-Q027,45,AD_M7_100
AD-M7-Q029,7,2,Common Cyberattacks: Beware of the Attack,AD7-2-virus_definition,AD7-2-virus_definition,AD7-2-virus_definition,multiple_choice,direct_exam_style,medium,recall,Which description best matches a computer virus?,malware that attaches itself to other files or programs and spreads when executed,a standalone program that spreads by itself across a network,a fake message that tricks users into giving information,a scan that looks for known weaknesses,A,A virus attaches to another file or program and spreads when that file runs.,A computer virus is malware that attaches itself to a host file or program. It spreads when the infected file is executed and can damage files or system operation.,Correct. A virus attaches to another file or program and spreads when that file runs.,"Not quite. ""a standalone program that spreads by itself across a network"" is related to Module 7 cyber security, but it is not the best answer here. The best answer is ""malware that attaches itself to other files or programs and spreads when executed"" because a virus attaches to another file or program and spreads when that file runs.","Not quite. ""a fake message that tricks users into giving information"" is related to Module 7 cyber security, but it is not the best answer here. The best answer is ""malware that attaches itself to other files or programs and spreads when executed"" because a virus attaches to another file or program and spreads when that file runs.","Not quite. ""a scan that looks for known weaknesses"" is related to Module 7 cyber security, but it is not the best answer here. The best answer is ""malware that attaches itself to other files or programs and spreads when executed"" because a virus attaches to another file or program and spreads when that file runs.",Virus rides with a host.,"Review Module 7, Chapter 2, pages 20-22. Then explain virus definition in your own words and compare it with the closest distractor.",Aerospace Dimensions Module 7: Cyber Security,20-22,"Module 7, Chapter 2, pages 20-22",high,educational_infographic,optional_after_answer,module7_common_cyberattacks,module7_common_cyberattacks,cybersecurity_attacks_and_defense_guide.png,/assets/cap-visuals/cybersecurity_attacks_and_defense_guide.png,approved,true,"Malware, phishing, social engineering, denial-of-service attacks, hacker types, and defensive ideas.","Malware, phishing, social engineering, denial-of-service attacks, hacker types, and defensive ideas.","Malware, phishing, social engineering, denial-of-service attacks, hacker types, and defensive ideas.",high,close,true,1.0,original_textbook_grounded,Mitchell_Aerospace_sample_style_analysis,draft,AD-M7-Q030,35,AD_M7_100
AD-M7-Q030,7,2,Common Cyberattacks: Beware of the Attack,AD7-2-virus_definition,AD7-2-virus_definition,AD7-2-virus_definition,multiple_choice,scenario_exam_style,medium,application,A harmful file hides inside a program and begins spreading when a user runs that infected program. What kind of malware is it?,a standalone program that spreads by itself across a network,malware that attaches itself to other files or programs and spreads when executed,a fake message that tricks users into giving information,a scan that looks for known weaknesses,B,A virus attaches to another file or program and spreads when that file runs.,A computer virus is malware that attaches itself to a host file or program. It spreads when the infected file is executed and can damage files or system operation.,"Not quite. ""a standalone program that spreads by itself across a network"" is related to Module 7 cyber security, but it is not the best answer here. The best answer is ""malware that attaches itself to other files or programs and spreads when executed"" because a virus attaches to another file or program and spreads when that file runs.",Correct. A virus attaches to another file or program and spreads when that file runs.,"Not quite. ""a fake message that tricks users into giving information"" is related to Module 7 cyber security, but it is not the best answer here. The best answer is ""malware that attaches itself to other files or programs and spreads when executed"" because a virus attaches to another file or program and spreads when that file runs.","Not quite. ""a scan that looks for known weaknesses"" is related to Module 7 cyber security, but it is not the best answer here. The best answer is ""malware that attaches itself to other files or programs and spreads when executed"" because a virus attaches to another file or program and spreads when that file runs.",Virus rides with a host.,"Review Module 7, Chapter 2, pages 20-22. Then explain virus definition in your own words and compare it with the closest distractor.",Aerospace Dimensions Module 7: Cyber Security,20-22,"Module 7, Chapter 2, pages 20-22",high,educational_infographic,optional_after_answer,module7_common_cyberattacks,module7_common_cyberattacks,cybersecurity_attacks_and_defense_guide.png,/assets/cap-visuals/cybersecurity_attacks_and_defense_guide.png,approved,true,"Malware, phishing, social engineering, denial-of-service attacks, hacker types, and defensive ideas.","Malware, phishing, social engineering, denial-of-service attacks, hacker types, and defensive ideas.","Malware, phishing, social engineering, denial-of-service attacks, hacker types, and defensive ideas.",high,close,true,1.0,original_textbook_grounded,Mitchell_Aerospace_sample_style_analysis,draft,AD-M7-Q029,45,AD_M7_100
AD-M7-Q031,7,2,Common Cyberattacks: Beware of the Attack,AD7-2-worm_definition,AD7-2-worm_definition,AD7-2-worm_definition,multiple_choice,direct_exam_style,medium,recall,Which answer best defines a computer worm?,malware disguised as legitimate software,software that secretly tracks what you do,a standalone self-replicating program that spreads across networks,an attack that floods a system with requests,C,A worm spreads by itself across networks without attaching to another file.,"A computer worm is self-replicating malware that spreads through networks on its own. Unlike a virus, it does not need to attach itself to another file or program first.","Not quite. ""malware disguised as legitimate software"" is related to Module 7 cyber security, but it is not the best answer here. The best answer is ""a standalone self-replicating program that spreads across networks"" because a worm spreads by itself across networks without attaching to another file.","Not quite. ""software that secretly tracks what you do"" is related to Module 7 cyber security, but it is not the best answer here. The best answer is ""a standalone self-replicating program that spreads across networks"" because a worm spreads by itself across networks without attaching to another file.",Correct. A worm spreads by itself across networks without attaching to another file.,"Not quite. ""an attack that floods a system with requests"" is related to Module 7 cyber security, but it is not the best answer here. The best answer is ""a standalone self-replicating program that spreads across networks"" because a worm spreads by itself across networks without attaching to another file.",Worm wriggles on its own.,"Review Module 7, Chapter 2, pages 20-22. Then explain worm definition in your own words and compare it with the closest distractor.",Aerospace Dimensions Module 7: Cyber Security,20-22,"Module 7, Chapter 2, pages 20-22",high,educational_infographic,optional_after_answer,module7_common_cyberattacks,module7_common_cyberattacks,cybersecurity_attacks_and_defense_guide.png,/assets/cap-visuals/cybersecurity_attacks_and_defense_guide.png,approved,true,"Malware, phishing, social engineering, denial-of-service attacks, hacker types, and defensive ideas.","Malware, phishing, social engineering, denial-of-service attacks, hacker types, and defensive ideas.","Malware, phishing, social engineering, denial-of-service attacks, hacker types, and defensive ideas.",high,close,true,1.0,original_textbook_grounded,Mitchell_Aerospace_sample_style_analysis,draft,AD-M7-Q032,35,AD_M7_100
AD-M7-Q032,7,2,Common Cyberattacks: Beware of the Attack,AD7-2-worm_definition,AD7-2-worm_definition,AD7-2-worm_definition,multiple_choice,scenario_exam_style,medium,application,A self-replicating program scans a network for vulnerable devices and spreads without needing a host file. What is it?,malware disguised as legitimate software,software that secretly tracks what you do,an attack that floods a system with requests,a standalone self-replicating program that spreads across networks,D,A worm spreads by itself across networks without attaching to another file.,"A computer worm is self-replicating malware that spreads through networks on its own. Unlike a virus, it does not need to attach itself to another file or program first.","Not quite. ""malware disguised as legitimate software"" is related to Module 7 cyber security, but it is not the best answer here. The best answer is ""a standalone self-replicating program that spreads across networks"" because a worm spreads by itself across networks without attaching to another file.","Not quite. ""software that secretly tracks what you do"" is related to Module 7 cyber security, but it is not the best answer here. The best answer is ""a standalone self-replicating program that spreads across networks"" because a worm spreads by itself across networks without attaching to another file.","Not quite. ""an attack that floods a system with requests"" is related to Module 7 cyber security, but it is not the best answer here. The best answer is ""a standalone self-replicating program that spreads across networks"" because a worm spreads by itself across networks without attaching to another file.",Correct. A worm spreads by itself across networks without attaching to another file.,Worm wriggles on its own.,"Review Module 7, Chapter 2, pages 20-22. Then explain worm definition in your own words and compare it with the closest distractor.",Aerospace Dimensions Module 7: Cyber Security,20-22,"Module 7, Chapter 2, pages 20-22",high,educational_infographic,optional_after_answer,module7_common_cyberattacks,module7_common_cyberattacks,cybersecurity_attacks_and_defense_guide.png,/assets/cap-visuals/cybersecurity_attacks_and_defense_guide.png,approved,true,"Malware, phishing, social engineering, denial-of-service attacks, hacker types, and defensive ideas.","Malware, phishing, social engineering, denial-of-service attacks, hacker types, and defensive ideas.","Malware, phishing, social engineering, denial-of-service attacks, hacker types, and defensive ideas.",high,close,true,1.0,original_textbook_grounded,Mitchell_Aerospace_sample_style_analysis,draft,AD-M7-Q031,45,AD_M7_100
AD-M7-Q033,7,2,Common Cyberattacks: Beware of the Attack,AD7-2-spyware_definition,AD7-2-spyware_definition,AD7-2-spyware_definition,multiple_choice,direct_exam_style,medium,recall,What is spyware?,malware that secretly collects information about a user without consent,a safe browser feature for private browsing,a fake website that demands payment to unlock files,a network device that forwards packets,A,Spyware secretly monitors activity and collects information without the user’s permission.,"Spyware is malware that secretly gathers information about a user, such as browsing habits or keystrokes. Its main purpose is surveillance or theft of information.",Correct. Spyware secretly monitors activity and collects information without the user’s permission.,"Not quite. ""a safe browser feature for private browsing"" is related to Module 7 cyber security, but it is not the best answer here. The best answer is ""malware that secretly collects information about a user without consent"" because spyware secretly monitors activity and collects information without the user’s permission.","Not quite. ""a fake website that demands payment to unlock files"" is related to Module 7 cyber security, but it is not the best answer here. The best answer is ""malware that secretly collects information about a user without consent"" because spyware secretly monitors activity and collects information without the user’s permission.","Not quite. ""a network device that forwards packets"" is related to Module 7 cyber security, but it is not the best answer here. The best answer is ""malware that secretly collects information about a user without consent"" because spyware secretly monitors activity and collects information without the user’s permission.",Spyware = software that spies.,"Review Module 7, Chapter 2, pages 22-23. Then explain spyware definition in your own words and compare it with the closest distractor.",Aerospace Dimensions Module 7: Cyber Security,22-23,"Module 7, Chapter 2, pages 22-23",high,educational_infographic,optional_after_answer,module7_common_cyberattacks,module7_common_cyberattacks,cybersecurity_attacks_and_defense_guide.png,/assets/cap-visuals/cybersecurity_attacks_and_defense_guide.png,approved,true,"Malware, phishing, social engineering, denial-of-service attacks, hacker types, and defensive ideas.","Malware, phishing, social engineering, denial-of-service attacks, hacker types, and defensive ideas.","Malware, phishing, social engineering, denial-of-service attacks, hacker types, and defensive ideas.",high,close,true,1.0,original_textbook_grounded,Mitchell_Aerospace_sample_style_analysis,draft,AD-M7-Q034,35,AD_M7_100
AD-M7-Q034,7,2,Common Cyberattacks: Beware of the Attack,AD7-2-spyware_definition,AD7-2-spyware_definition,AD7-2-spyware_definition,multiple_choice,scenario_exam_style,medium,application,A hidden program records browsing habits and keystrokes so the data can be sold or misused. What type of malware is this?,a safe browser feature for private browsing,malware that secretly collects information about a user without consent,a fake website that demands payment to unlock files,a network device that forwards packets,B,Spyware secretly monitors activity and collects information without the user’s permission.,"Spyware is malware that secretly gathers information about a user, such as browsing habits or keystrokes. Its main purpose is surveillance or theft of information.","Not quite. ""a safe browser feature for private browsing"" is related to Module 7 cyber security, but it is not the best answer here. The best answer is ""malware that secretly collects information about a user without consent"" because spyware secretly monitors activity and collects information without the user’s permission.",Correct. Spyware secretly monitors activity and collects information without the user’s permission.,"Not quite. ""a fake website that demands payment to unlock files"" is related to Module 7 cyber security, but it is not the best answer here. The best answer is ""malware that secretly collects information about a user without consent"" because spyware secretly monitors activity and collects information without the user’s permission.","Not quite. ""a network device that forwards packets"" is related to Module 7 cyber security, but it is not the best answer here. The best answer is ""malware that secretly collects information about a user without consent"" because spyware secretly monitors activity and collects information without the user’s permission.",Spyware = software that spies.,"Review Module 7, Chapter 2, pages 22-23. Then explain spyware definition in your own words and compare it with the closest distractor.",Aerospace Dimensions Module 7: Cyber Security,22-23,"Module 7, Chapter 2, pages 22-23",high,educational_infographic,optional_after_answer,module7_common_cyberattacks,module7_common_cyberattacks,cybersecurity_attacks_and_defense_guide.png,/assets/cap-visuals/cybersecurity_attacks_and_defense_guide.png,approved,true,"Malware, phishing, social engineering, denial-of-service attacks, hacker types, and defensive ideas.","Malware, phishing, social engineering, denial-of-service attacks, hacker types, and defensive ideas.","Malware, phishing, social engineering, denial-of-service attacks, hacker types, and defensive ideas.",high,close,true,1.0,original_textbook_grounded,Mitchell_Aerospace_sample_style_analysis,draft,AD-M7-Q033,45,AD_M7_100
AD-M7-Q035,7,2,Common Cyberattacks: Beware of the Attack,AD7-2-trojan_definition,AD7-2-trojan_definition,AD7-2-trojan_definition,multiple_choice,direct_exam_style,medium,recall,Which answer best describes a trojan?,malware that self-replicates across a network,an attack that uses many devices to flood a target,malware that looks legitimate but hides malicious intent,a software tool used to detect vulnerabilities,C,A trojan looks harmless or useful but actually carries malicious code.,"A trojan disguises itself as legitimate software or a harmless file in order to trick the user into installing it. After installation, it may open a backdoor, steal data, or load additional malware.","Not quite. ""malware that self-replicates across a network"" is related to Module 7 cyber security, but it is not the best answer here. The best answer is ""malware that looks legitimate but hides malicious intent"" because a trojan looks harmless or useful but actually carries malicious code.","Not quite. ""an attack that uses many devices to flood a target"" is related to Module 7 cyber security, but it is not the best answer here. The best answer is ""malware that looks legitimate but hides malicious intent"" because a trojan looks harmless or useful but actually carries malicious code.",Correct. A trojan looks harmless or useful but actually carries malicious code.,"Not quite. ""a software tool used to detect vulnerabilities"" is related to Module 7 cyber security, but it is not the best answer here. The best answer is ""malware that looks legitimate but hides malicious intent"" because a trojan looks harmless or useful but actually carries malicious code.","Trojan horse = looks safe, hides danger.","Review Module 7, Chapter 2, pages 22-24. Then explain trojan definition in your own words and compare it with the closest distractor.",Aerospace Dimensions Module 7: Cyber Security,22-24,"Module 7, Chapter 2, pages 22-24",high,educational_infographic,optional_after_answer,module7_common_cyberattacks,module7_common_cyberattacks,cybersecurity_attacks_and_defense_guide.png,/assets/cap-visuals/cybersecurity_attacks_and_defense_guide.png,approved,true,"Malware, phishing, social engineering, denial-of-service attacks, hacker types, and defensive ideas.","Malware, phishing, social engineering, denial-of-service attacks, hacker types, and defensive ideas.","Malware, phishing, social engineering, denial-of-service attacks, hacker types, and defensive ideas.",high,close,true,1.0,original_textbook_grounded,Mitchell_Aerospace_sample_style_analysis,draft,AD-M7-Q036,35,AD_M7_100
AD-M7-Q036,7,2,Common Cyberattacks: Beware of the Attack,AD7-2-trojan_definition,AD7-2-trojan_definition,AD7-2-trojan_definition,multiple_choice,scenario_exam_style,medium,application,"A file appears helpful and safe, but once installed it opens a backdoor and lets attackers in. What kind of malware is it?",malware that self-replicates across a network,an attack that uses many devices to flood a target,a software tool used to detect vulnerabilities,malware that looks legitimate but hides malicious intent,D,A trojan looks harmless or useful but actually carries malicious code.,"A trojan disguises itself as legitimate software or a harmless file in order to trick the user into installing it. After installation, it may open a backdoor, steal data, or load additional malware.","Not quite. ""malware that self-replicates across a network"" is related to Module 7 cyber security, but it is not the best answer here. The best answer is ""malware that looks legitimate but hides malicious intent"" because a trojan looks harmless or useful but actually carries malicious code.","Not quite. ""an attack that uses many devices to flood a target"" is related to Module 7 cyber security, but it is not the best answer here. The best answer is ""malware that looks legitimate but hides malicious intent"" because a trojan looks harmless or useful but actually carries malicious code.","Not quite. ""a software tool used to detect vulnerabilities"" is related to Module 7 cyber security, but it is not the best answer here. The best answer is ""malware that looks legitimate but hides malicious intent"" because a trojan looks harmless or useful but actually carries malicious code.",Correct. A trojan looks harmless or useful but actually carries malicious code.,"Trojan horse = looks safe, hides danger.","Review Module 7, Chapter 2, pages 22-24. Then explain trojan definition in your own words and compare it with the closest distractor.",Aerospace Dimensions Module 7: Cyber Security,22-24,"Module 7, Chapter 2, pages 22-24",high,educational_infographic,optional_after_answer,module7_common_cyberattacks,module7_common_cyberattacks,cybersecurity_attacks_and_defense_guide.png,/assets/cap-visuals/cybersecurity_attacks_and_defense_guide.png,approved,true,"Malware, phishing, social engineering, denial-of-service attacks, hacker types, and defensive ideas.","Malware, phishing, social engineering, denial-of-service attacks, hacker types, and defensive ideas.","Malware, phishing, social engineering, denial-of-service attacks, hacker types, and defensive ideas.",high,close,true,1.0,original_textbook_grounded,Mitchell_Aerospace_sample_style_analysis,draft,AD-M7-Q035,45,AD_M7_100
AD-M7-Q037,7,2,Common Cyberattacks: Beware of the Attack,AD7-2-phishing_definition,AD7-2-phishing_definition,AD7-2-phishing_definition,multiple_choice,direct_exam_style,medium,recall,Which answer best defines phishing?,fraudulent messages that trick people into revealing information or clicking malicious links,packets captured as they travel across a network,a secure encrypted connection between private devices,a process for defending systems with antivirus software,A,Phishing uses fake messages to trick users into giving up information or clicking harmful links.,"Phishing is a deceptive attack that uses emails, texts, or messages that appear trustworthy. Its goal is to get victims to reveal information, click malicious links, or open dangerous attachments.",Correct. Phishing uses fake messages to trick users into giving up information or clicking harmful links.,"Not quite. ""packets captured as they travel across a network"" is related to Module 7 cyber security, but it is not the best answer here. The best answer is ""fraudulent messages that trick people into revealing information or clicking malicious links"" because phishing uses fake messages to trick users into giving up information or clicking harmful links.","Not quite. ""a secure encrypted connection between private devices"" is related to Module 7 cyber security, but it is not the best answer here. The best answer is ""fraudulent messages that trick people into revealing information or clicking malicious links"" because phishing uses fake messages to trick users into giving up information or clicking harmful links.","Not quite. ""a process for defending systems with antivirus software"" is related to Module 7 cyber security, but it is not the best answer here. The best answer is ""fraudulent messages that trick people into revealing information or clicking malicious links"" because phishing uses fake messages to trick users into giving up information or clicking harmful links.",Phishing = fishing for your info.,"Review Module 7, Chapter 2, pages 24-27. Then explain phishing definition in your own words and compare it with the closest distractor.",Aerospace Dimensions Module 7: Cyber Security,24-27,"Module 7, Chapter 2, pages 24-27",high,educational_infographic,optional_after_answer,module7_common_cyberattacks,module7_common_cyberattacks,cybersecurity_attacks_and_defense_guide.png,/assets/cap-visuals/cybersecurity_attacks_and_defense_guide.png,approved,true,"Malware, phishing, social engineering, denial-of-service attacks, hacker types, and defensive ideas.","Malware, phishing, social engineering, denial-of-service attacks, hacker types, and defensive ideas.","Malware, phishing, social engineering, denial-of-service attacks, hacker types, and defensive ideas.",high,close,true,1.0,original_textbook_grounded,Mitchell_Aerospace_sample_style_analysis,draft,AD-M7-Q038,35,AD_M7_100
AD-M7-Q038,7,2,Common Cyberattacks: Beware of the Attack,AD7-2-phishing_definition,AD7-2-phishing_definition,AD7-2-phishing_definition,multiple_choice,scenario_exam_style,medium,application,An email pretends to be from a bank and urges the user to click a link and enter login details. What kind of attack is this?,packets captured as they travel across a network,fraudulent messages that trick people into revealing information or clicking malicious links,a secure encrypted connection between private devices,a process for defending systems with antivirus software,B,Phishing uses fake messages to trick users into giving up information or clicking harmful links.,"Phishing is a deceptive attack that uses emails, texts, or messages that appear trustworthy. Its goal is to get victims to reveal information, click malicious links, or open dangerous attachments.","Not quite. ""packets captured as they travel across a network"" is related to Module 7 cyber security, but it is not the best answer here. The best answer is ""fraudulent messages that trick people into revealing information or clicking malicious links"" because phishing uses fake messages to trick users into giving up information or clicking harmful links.",Correct. Phishing uses fake messages to trick users into giving up information or clicking harmful links.,"Not quite. ""a secure encrypted connection between private devices"" is related to Module 7 cyber security, but it is not the best answer here. The best answer is ""fraudulent messages that trick people into revealing information or clicking malicious links"" because phishing uses fake messages to trick users into giving up information or clicking harmful links.","Not quite. ""a process for defending systems with antivirus software"" is related to Module 7 cyber security, but it is not the best answer here. The best answer is ""fraudulent messages that trick people into revealing information or clicking malicious links"" because phishing uses fake messages to trick users into giving up information or clicking harmful links.",Phishing = fishing for your info.,"Review Module 7, Chapter 2, pages 24-27. Then explain phishing definition in your own words and compare it with the closest distractor.",Aerospace Dimensions Module 7: Cyber Security,24-27,"Module 7, Chapter 2, pages 24-27",high,educational_infographic,optional_after_answer,module7_common_cyberattacks,module7_common_cyberattacks,cybersecurity_attacks_and_defense_guide.png,/assets/cap-visuals/cybersecurity_attacks_and_defense_guide.png,approved,true,"Malware, phishing, social engineering, denial-of-service attacks, hacker types, and defensive ideas.","Malware, phishing, social engineering, denial-of-service attacks, hacker types, and defensive ideas.","Malware, phishing, social engineering, denial-of-service attacks, hacker types, and defensive ideas.",high,close,true,1.0,original_textbook_grounded,Mitchell_Aerospace_sample_style_analysis,draft,AD-M7-Q037,45,AD_M7_100
AD-M7-Q039,7,2,Common Cyberattacks: Beware of the Attack,AD7-2-social_engineering_definition,AD7-2-social_engineering_definition,AD7-2-social_engineering_definition,multiple_choice,direct_exam_style,medium,recall,What is social engineering?,a self-replicating malware program,a network address for a device,manipulating people into revealing confidential information or taking unsafe actions,a temporary cookie deleted when the browser closes,C,Social engineering exploits people rather than computer code.,"Social engineering is the manipulation of people into revealing information or performing unsafe actions. The attacker relies on trust, fear, urgency, or curiosity instead of technical exploitation alone.","Not quite. ""a self-replicating malware program"" is related to Module 7 cyber security, but it is not the best answer here. The best answer is ""manipulating people into revealing confidential information or taking unsafe actions"" because social engineering exploits people rather than computer code.","Not quite. ""a network address for a device"" is related to Module 7 cyber security, but it is not the best answer here. The best answer is ""manipulating people into revealing confidential information or taking unsafe actions"" because social engineering exploits people rather than computer code.",Correct. Social engineering exploits people rather than computer code.,"Not quite. ""a temporary cookie deleted when the browser closes"" is related to Module 7 cyber security, but it is not the best answer here. The best answer is ""manipulating people into revealing confidential information or taking unsafe actions"" because social engineering exploits people rather than computer code.","People are the target, not just the tech.","Review Module 7, Chapter 2, pages 27-29. Then explain social engineering definition in your own words and compare it with the closest distractor.",Aerospace Dimensions Module 7: Cyber Security,27-29,"Module 7, Chapter 2, pages 27-29",high,educational_infographic,optional_after_answer,module7_common_cyberattacks,module7_common_cyberattacks,cybersecurity_attacks_and_defense_guide.png,/assets/cap-visuals/cybersecurity_attacks_and_defense_guide.png,approved,true,"Malware, phishing, social engineering, denial-of-service attacks, hacker types, and defensive ideas.","Malware, phishing, social engineering, denial-of-service attacks, hacker types, and defensive ideas.","Malware, phishing, social engineering, denial-of-service attacks, hacker types, and defensive ideas.",high,close,true,1.0,original_textbook_grounded,Mitchell_Aerospace_sample_style_analysis,draft,AD-M7-Q040,35,AD_M7_100
AD-M7-Q040,7,2,Common Cyberattacks: Beware of the Attack,AD7-2-social_engineering_definition,AD7-2-social_engineering_definition,AD7-2-social_engineering_definition,multiple_choice,scenario_exam_style,medium,application,An attacker uses urgency and trust to convince someone to share a password even though no technical hacking occurs. What tactic is this?,a self-replicating malware program,a network address for a device,a temporary cookie deleted when the browser closes,manipulating people into revealing confidential information or taking unsafe actions,D,Social engineering exploits people rather than computer code.,"Social engineering is the manipulation of people into revealing information or performing unsafe actions. The attacker relies on trust, fear, urgency, or curiosity instead of technical exploitation alone.","Not quite. ""a self-replicating malware program"" is related to Module 7 cyber security, but it is not the best answer here. The best answer is ""manipulating people into revealing confidential information or taking unsafe actions"" because social engineering exploits people rather than computer code.","Not quite. ""a network address for a device"" is related to Module 7 cyber security, but it is not the best answer here. The best answer is ""manipulating people into revealing confidential information or taking unsafe actions"" because social engineering exploits people rather than computer code.","Not quite. ""a temporary cookie deleted when the browser closes"" is related to Module 7 cyber security, but it is not the best answer here. The best answer is ""manipulating people into revealing confidential information or taking unsafe actions"" because social engineering exploits people rather than computer code.",Correct. Social engineering exploits people rather than computer code.,"People are the target, not just the tech.","Review Module 7, Chapter 2, pages 27-29. Then explain social engineering definition in your own words and compare it with the closest distractor.",Aerospace Dimensions Module 7: Cyber Security,27-29,"Module 7, Chapter 2, pages 27-29",high,educational_infographic,optional_after_answer,module7_common_cyberattacks,module7_common_cyberattacks,cybersecurity_attacks_and_defense_guide.png,/assets/cap-visuals/cybersecurity_attacks_and_defense_guide.png,approved,true,"Malware, phishing, social engineering, denial-of-service attacks, hacker types, and defensive ideas.","Malware, phishing, social engineering, denial-of-service attacks, hacker types, and defensive ideas.","Malware, phishing, social engineering, denial-of-service attacks, hacker types, and defensive ideas.",high,close,true,1.0,original_textbook_grounded,Mitchell_Aerospace_sample_style_analysis,draft,AD-M7-Q039,45,AD_M7_100
AD-M7-Q041,7,2,Common Cyberattacks: Beware of the Attack,AD7-2-dos_ddos_definition,AD7-2-dos_ddos_definition,AD7-2-dos_ddos_definition,multiple_choice,direct_exam_style,medium,recall,Which answer best describes a denial-of-service attack?,an attack that overwhelms a system or service with traffic so legitimate users cannot access it,a malware program that tracks browsing activity,a penetration test done to improve security,a session restored after a browser closes,A,A denial-of-service attack makes a service unavailable by overwhelming it with traffic.,"A denial-of-service attack aims to make a system or service unavailable by flooding it with traffic or requests. A distributed denial-of-service attack uses multiple devices, making the attack harder to stop.",Correct. A denial-of-service attack makes a service unavailable by overwhelming it with traffic.,"Not quite. ""a malware program that tracks browsing activity"" is related to Module 7 cyber security, but it is not the best answer here. The best answer is ""an attack that overwhelms a system or service with traffic so legitimate users cannot access it"" because a denial-of-service attack makes a service unavailable by overwhelming it with traffic.","Not quite. ""a penetration test done to improve security"" is related to Module 7 cyber security, but it is not the best answer here. The best answer is ""an attack that overwhelms a system or service with traffic so legitimate users cannot access it"" because a denial-of-service attack makes a service unavailable by overwhelming it with traffic.","Not quite. ""a session restored after a browser closes"" is related to Module 7 cyber security, but it is not the best answer here. The best answer is ""an attack that overwhelms a system or service with traffic so legitimate users cannot access it"" because a denial-of-service attack makes a service unavailable by overwhelming it with traffic.",DoS = deny service.,"Review Module 7, Chapter 2, pages 29-31. Then explain dos ddos definition in your own words and compare it with the closest distractor.",Aerospace Dimensions Module 7: Cyber Security,29-31,"Module 7, Chapter 2, pages 29-31",high,educational_infographic,optional_after_answer,module7_common_cyberattacks,module7_common_cyberattacks,cybersecurity_attacks_and_defense_guide.png,/assets/cap-visuals/cybersecurity_attacks_and_defense_guide.png,approved,true,"Malware, phishing, social engineering, denial-of-service attacks, hacker types, and defensive ideas.","Malware, phishing, social engineering, denial-of-service attacks, hacker types, and defensive ideas.","Malware, phishing, social engineering, denial-of-service attacks, hacker types, and defensive ideas.",high,close,true,1.0,original_textbook_grounded,Mitchell_Aerospace_sample_style_analysis,draft,AD-M7-Q042,35,AD_M7_100
AD-M7-Q042,7,2,Common Cyberattacks: Beware of the Attack,AD7-2-dos_ddos_definition,AD7-2-dos_ddos_definition,AD7-2-dos_ddos_definition,multiple_choice,scenario_exam_style,medium,application,A website is flooded with so many requests that real users cannot reach it. What kind of attack is this?,a malware program that tracks browsing activity,an attack that overwhelms a system or service with traffic so legitimate users cannot access it,a penetration test done to improve security,a session restored after a browser closes,B,A denial-of-service attack makes a service unavailable by overwhelming it with traffic.,"A denial-of-service attack aims to make a system or service unavailable by flooding it with traffic or requests. A distributed denial-of-service attack uses multiple devices, making the attack harder to stop.","Not quite. ""a malware program that tracks browsing activity"" is related to Module 7 cyber security, but it is not the best answer here. The best answer is ""an attack that overwhelms a system or service with traffic so legitimate users cannot access it"" because a denial-of-service attack makes a service unavailable by overwhelming it with traffic.",Correct. A denial-of-service attack makes a service unavailable by overwhelming it with traffic.,"Not quite. ""a penetration test done to improve security"" is related to Module 7 cyber security, but it is not the best answer here. The best answer is ""an attack that overwhelms a system or service with traffic so legitimate users cannot access it"" because a denial-of-service attack makes a service unavailable by overwhelming it with traffic.","Not quite. ""a session restored after a browser closes"" is related to Module 7 cyber security, but it is not the best answer here. The best answer is ""an attack that overwhelms a system or service with traffic so legitimate users cannot access it"" because a denial-of-service attack makes a service unavailable by overwhelming it with traffic.",DoS = deny service.,"Review Module 7, Chapter 2, pages 29-31. Then explain dos ddos definition in your own words and compare it with the closest distractor.",Aerospace Dimensions Module 7: Cyber Security,29-31,"Module 7, Chapter 2, pages 29-31",high,educational_infographic,optional_after_answer,module7_common_cyberattacks,module7_common_cyberattacks,cybersecurity_attacks_and_defense_guide.png,/assets/cap-visuals/cybersecurity_attacks_and_defense_guide.png,approved,true,"Malware, phishing, social engineering, denial-of-service attacks, hacker types, and defensive ideas.","Malware, phishing, social engineering, denial-of-service attacks, hacker types, and defensive ideas.","Malware, phishing, social engineering, denial-of-service attacks, hacker types, and defensive ideas.",high,close,true,1.0,original_textbook_grounded,Mitchell_Aerospace_sample_style_analysis,draft,AD-M7-Q041,45,AD_M7_100
AD-M7-Q043,7,2,Common Cyberattacks: Beware of the Attack,AD7-2-ethical_hacking_definition,AD7-2-ethical_hacking_definition,AD7-2-ethical_hacking_definition,multiple_choice,direct_exam_style,medium,recall,What is ethical hacking?,breaking into systems for personal gain or damage,silently capturing packets moving across a network,testing systems to find vulnerabilities so they can be fixed,pretending to be a website to steal a password,C,Ethical hacking is authorized testing used to improve security.,Ethical hacking involves legally and ethically testing systems and networks to find weaknesses before malicious attackers do. It is different from black-hat hacking because the goal is improvement and defense.,"Not quite. ""breaking into systems for personal gain or damage"" is related to Module 7 cyber security, but it is not the best answer here. The best answer is ""testing systems to find vulnerabilities so they can be fixed"" because ethical hacking is authorized testing used to improve security.","Not quite. ""silently capturing packets moving across a network"" is related to Module 7 cyber security, but it is not the best answer here. The best answer is ""testing systems to find vulnerabilities so they can be fixed"" because ethical hacking is authorized testing used to improve security.",Correct. Ethical hacking is authorized testing used to improve security.,"Not quite. ""pretending to be a website to steal a password"" is related to Module 7 cyber security, but it is not the best answer here. The best answer is ""testing systems to find vulnerabilities so they can be fixed"" because ethical hacking is authorized testing used to improve security.",White hats hack to help.,"Review Module 7, Chapter 2, pages 31-34. Then explain ethical hacking definition in your own words and compare it with the closest distractor.",Aerospace Dimensions Module 7: Cyber Security,31-34,"Module 7, Chapter 2, pages 31-34",high,educational_infographic,optional_after_answer,module7_common_cyberattacks,module7_common_cyberattacks,cybersecurity_attacks_and_defense_guide.png,/assets/cap-visuals/cybersecurity_attacks_and_defense_guide.png,approved,true,"Malware, phishing, social engineering, denial-of-service attacks, hacker types, and defensive ideas.","Malware, phishing, social engineering, denial-of-service attacks, hacker types, and defensive ideas.","Malware, phishing, social engineering, denial-of-service attacks, hacker types, and defensive ideas.",high,close,true,1.0,original_textbook_grounded,Mitchell_Aerospace_sample_style_analysis,draft,AD-M7-Q044,35,AD_M7_100
AD-M7-Q044,7,2,Common Cyberattacks: Beware of the Attack,AD7-2-ethical_hacking_definition,AD7-2-ethical_hacking_definition,AD7-2-ethical_hacking_definition,multiple_choice,scenario_exam_style,medium,application,A security professional is authorized to probe a network for weaknesses before criminals can exploit them. What is this activity called?,breaking into systems for personal gain or damage,silently capturing packets moving across a network,pretending to be a website to steal a password,testing systems to find vulnerabilities so they can be fixed,D,Ethical hacking is authorized testing used to improve security.,Ethical hacking involves legally and ethically testing systems and networks to find weaknesses before malicious attackers do. It is different from black-hat hacking because the goal is improvement and defense.,"Not quite. ""breaking into systems for personal gain or damage"" is related to Module 7 cyber security, but it is not the best answer here. The best answer is ""testing systems to find vulnerabilities so they can be fixed"" because ethical hacking is authorized testing used to improve security.","Not quite. ""silently capturing packets moving across a network"" is related to Module 7 cyber security, but it is not the best answer here. The best answer is ""testing systems to find vulnerabilities so they can be fixed"" because ethical hacking is authorized testing used to improve security.","Not quite. ""pretending to be a website to steal a password"" is related to Module 7 cyber security, but it is not the best answer here. The best answer is ""testing systems to find vulnerabilities so they can be fixed"" because ethical hacking is authorized testing used to improve security.",Correct. Ethical hacking is authorized testing used to improve security.,White hats hack to help.,"Review Module 7, Chapter 2, pages 31-34. Then explain ethical hacking definition in your own words and compare it with the closest distractor.",Aerospace Dimensions Module 7: Cyber Security,31-34,"Module 7, Chapter 2, pages 31-34",high,educational_infographic,optional_after_answer,module7_common_cyberattacks,module7_common_cyberattacks,cybersecurity_attacks_and_defense_guide.png,/assets/cap-visuals/cybersecurity_attacks_and_defense_guide.png,approved,true,"Malware, phishing, social engineering, denial-of-service attacks, hacker types, and defensive ideas.","Malware, phishing, social engineering, denial-of-service attacks, hacker types, and defensive ideas.","Malware, phishing, social engineering, denial-of-service attacks, hacker types, and defensive ideas.",high,close,true,1.0,original_textbook_grounded,Mitchell_Aerospace_sample_style_analysis,draft,AD-M7-Q043,45,AD_M7_100
AD-M7-Q045,7,3,Improving Your Personal Security,AD7-3-privacy_definition,AD7-3-privacy_definition,AD7-3-privacy_definition,multiple_choice,direct_exam_style,medium,recall,Which answer best defines privacy?,the right to be free from being observed or disturbed by other people,the process of storing cookies across multiple websites,the use of malware to destroy a hard drive,a browser setting that hides your IP address automatically,A,Privacy is the right to control access to yourself and your information.,"Privacy means being free from unwanted observation or disturbance. In cyber security, it also includes control over who can access your personal information and how it is used.",Correct. Privacy is the right to control access to yourself and your information.,"Not quite. ""the process of storing cookies across multiple websites"" is related to Module 7 cyber security, but it is not the best answer here. The best answer is ""the right to be free from being observed or disturbed by other people"" because privacy is the right to control access to yourself and your information.","Not quite. ""the use of malware to destroy a hard drive"" is related to Module 7 cyber security, but it is not the best answer here. The best answer is ""the right to be free from being observed or disturbed by other people"" because privacy is the right to control access to yourself and your information.","Not quite. ""a browser setting that hides your IP address automatically"" is related to Module 7 cyber security, but it is not the best answer here. The best answer is ""the right to be free from being observed or disturbed by other people"" because privacy is the right to control access to yourself and your information.",Privacy = control over who sees.,"Review Module 7, Chapter 3, pages 39-40. Then explain privacy definition in your own words and compare it with the closest distractor.",Aerospace Dimensions Module 7: Cyber Security,39-40,"Module 7, Chapter 3, pages 39-40",high,educational_infographic,optional_after_answer,module7_personal_security_privacy,module7_personal_security_privacy,improving_personal_security_online_privacy.png,/assets/cap-visuals/improving_personal_security_online_privacy.png,approved,true,"Privacy, PII, cookies, privacy settings, strong passwords, encryption, and VPN use.","Privacy, PII, cookies, privacy settings, strong passwords, encryption, and VPN use.","Privacy, PII, cookies, privacy settings, strong passwords, encryption, and VPN use.",high,close,true,1.0,original_textbook_grounded,Mitchell_Aerospace_sample_style_analysis,draft,AD-M7-Q046,35,AD_M7_100
AD-M7-Q046,7,3,Improving Your Personal Security,AD7-3-privacy_definition,AD7-3-privacy_definition,AD7-3-privacy_definition,multiple_choice,scenario_exam_style,medium,application,A student wants control over who can observe personal information and daily activities. Which concept best matches that concern?,the process of storing cookies across multiple websites,the right to be free from being observed or disturbed by other people,the use of malware to destroy a hard drive,a browser setting that hides your IP address automatically,B,Privacy is the right to control access to yourself and your information.,"Privacy means being free from unwanted observation or disturbance. In cyber security, it also includes control over who can access your personal information and how it is used.","Not quite. ""the process of storing cookies across multiple websites"" is related to Module 7 cyber security, but it is not the best answer here. The best answer is ""the right to be free from being observed or disturbed by other people"" because privacy is the right to control access to yourself and your information.",Correct. Privacy is the right to control access to yourself and your information.,"Not quite. ""the use of malware to destroy a hard drive"" is related to Module 7 cyber security, but it is not the best answer here. The best answer is ""the right to be free from being observed or disturbed by other people"" because privacy is the right to control access to yourself and your information.","Not quite. ""a browser setting that hides your IP address automatically"" is related to Module 7 cyber security, but it is not the best answer here. The best answer is ""the right to be free from being observed or disturbed by other people"" because privacy is the right to control access to yourself and your information.",Privacy = control over who sees.,"Review Module 7, Chapter 3, pages 39-40. Then explain privacy definition in your own words and compare it with the closest distractor.",Aerospace Dimensions Module 7: Cyber Security,39-40,"Module 7, Chapter 3, pages 39-40",high,educational_infographic,optional_after_answer,module7_personal_security_privacy,module7_personal_security_privacy,improving_personal_security_online_privacy.png,/assets/cap-visuals/improving_personal_security_online_privacy.png,approved,true,"Privacy, PII, cookies, privacy settings, strong passwords, encryption, and VPN use.","Privacy, PII, cookies, privacy settings, strong passwords, encryption, and VPN use.","Privacy, PII, cookies, privacy settings, strong passwords, encryption, and VPN use.",high,close,true,1.0,original_textbook_grounded,Mitchell_Aerospace_sample_style_analysis,draft,AD-M7-Q045,45,AD_M7_100
AD-M7-Q047,7,3,Improving Your Personal Security,AD7-3-online_privacy_definition,AD7-3-online_privacy_definition,AD7-3-online_privacy_definition,multiple_choice,direct_exam_style,medium,recall,What is online privacy?,the process of sending packets along alternate routes,a computer worm that spreads over networks,the ability to control what personal information is accessible to others online,a hardware device that stores files for clients,C,Online privacy is control over what personal information others can access on the internet.,Online privacy is the ability to manage who can see and use your personal information and activity online. It is a major part of protecting your digital life.,"Not quite. ""the process of sending packets along alternate routes"" is related to Module 7 cyber security, but it is not the best answer here. The best answer is ""the ability to control what personal information is accessible to others online"" because online privacy is control over what personal information others can access on the internet.","Not quite. ""a computer worm that spreads over networks"" is related to Module 7 cyber security, but it is not the best answer here. The best answer is ""the ability to control what personal information is accessible to others online"" because online privacy is control over what personal information others can access on the internet.",Correct. Online privacy is control over what personal information others can access on the internet.,"Not quite. ""a hardware device that stores files for clients"" is related to Module 7 cyber security, but it is not the best answer here. The best answer is ""the ability to control what personal information is accessible to others online"" because online privacy is control over what personal information others can access on the internet.",Online privacy = control your online story.,"Review Module 7, Chapter 3, pages 40-42. Then explain online privacy definition in your own words and compare it with the closest distractor.",Aerospace Dimensions Module 7: Cyber Security,40-42,"Module 7, Chapter 3, pages 40-42",high,educational_infographic,optional_after_answer,module7_personal_security_privacy,module7_personal_security_privacy,improving_personal_security_online_privacy.png,/assets/cap-visuals/improving_personal_security_online_privacy.png,approved,true,"Privacy, PII, cookies, privacy settings, strong passwords, encryption, and VPN use.","Privacy, PII, cookies, privacy settings, strong passwords, encryption, and VPN use.","Privacy, PII, cookies, privacy settings, strong passwords, encryption, and VPN use.",high,close,true,1.0,original_textbook_grounded,Mitchell_Aerospace_sample_style_analysis,draft,AD-M7-Q048,35,AD_M7_100
AD-M7-Q048,7,3,Improving Your Personal Security,AD7-3-online_privacy_definition,AD7-3-online_privacy_definition,AD7-3-online_privacy_definition,multiple_choice,scenario_exam_style,medium,application,A user adjusts settings to limit who can see personal details and activity on the internet. What broad goal is the user pursuing?,the process of sending packets along alternate routes,a computer worm that spreads over networks,a hardware device that stores files for clients,the ability to control what personal information is accessible to others online,D,Online privacy is control over what personal information others can access on the internet.,Online privacy is the ability to manage who can see and use your personal information and activity online. It is a major part of protecting your digital life.,"Not quite. ""the process of sending packets along alternate routes"" is related to Module 7 cyber security, but it is not the best answer here. The best answer is ""the ability to control what personal information is accessible to others online"" because online privacy is control over what personal information others can access on the internet.","Not quite. ""a computer worm that spreads over networks"" is related to Module 7 cyber security, but it is not the best answer here. The best answer is ""the ability to control what personal information is accessible to others online"" because online privacy is control over what personal information others can access on the internet.","Not quite. ""a hardware device that stores files for clients"" is related to Module 7 cyber security, but it is not the best answer here. The best answer is ""the ability to control what personal information is accessible to others online"" because online privacy is control over what personal information others can access on the internet.",Correct. Online privacy is control over what personal information others can access on the internet.,Online privacy = control your online story.,"Review Module 7, Chapter 3, pages 40-42. Then explain online privacy definition in your own words and compare it with the closest distractor.",Aerospace Dimensions Module 7: Cyber Security,40-42,"Module 7, Chapter 3, pages 40-42",high,educational_infographic,optional_after_answer,module7_personal_security_privacy,module7_personal_security_privacy,improving_personal_security_online_privacy.png,/assets/cap-visuals/improving_personal_security_online_privacy.png,approved,true,"Privacy, PII, cookies, privacy settings, strong passwords, encryption, and VPN use.","Privacy, PII, cookies, privacy settings, strong passwords, encryption, and VPN use.","Privacy, PII, cookies, privacy settings, strong passwords, encryption, and VPN use.",high,close,true,1.0,original_textbook_grounded,Mitchell_Aerospace_sample_style_analysis,draft,AD-M7-Q047,45,AD_M7_100
AD-M7-Q049,7,3,Improving Your Personal Security,AD7-3-pii_definition,AD7-3-pii_definition,AD7-3-pii_definition,multiple_choice,direct_exam_style,medium,recall,Which answer best describes personally identifiable information (PII)?,personally identifiable information that can identify a person directly or when combined with other data,software updates that protect a device from known flaws,small files websites store to remember visits,public posts that increase online reputation,A,PII is information that can be used to identify a specific person.,"Personally identifiable information includes details such as your name, address, email, date of birth, phone number, and other data that can identify you directly or indirectly. Protecting PII is a core privacy task.",Correct. PII is information that can be used to identify a specific person.,"Not quite. ""software updates that protect a device from known flaws"" is related to Module 7 cyber security, but it is not the best answer here. The best answer is ""personally identifiable information that can identify a person directly or when combined with other data"" because pII is information that can be used to identify a specific person.","Not quite. ""small files websites store to remember visits"" is related to Module 7 cyber security, but it is not the best answer here. The best answer is ""personally identifiable information that can identify a person directly or when combined with other data"" because pII is information that can be used to identify a specific person.","Not quite. ""public posts that increase online reputation"" is related to Module 7 cyber security, but it is not the best answer here. The best answer is ""personally identifiable information that can identify a person directly or when combined with other data"" because pII is information that can be used to identify a specific person.",PII = points to an individual.,"Review Module 7, Chapter 3, pages 40-42. Then explain pii definition in your own words and compare it with the closest distractor.",Aerospace Dimensions Module 7: Cyber Security,40-42,"Module 7, Chapter 3, pages 40-42",high,educational_infographic,optional_after_answer,module7_personal_security_privacy,module7_personal_security_privacy,improving_personal_security_online_privacy.png,/assets/cap-visuals/improving_personal_security_online_privacy.png,approved,true,"Privacy, PII, cookies, privacy settings, strong passwords, encryption, and VPN use.","Privacy, PII, cookies, privacy settings, strong passwords, encryption, and VPN use.","Privacy, PII, cookies, privacy settings, strong passwords, encryption, and VPN use.",high,close,true,1.0,original_textbook_grounded,Mitchell_Aerospace_sample_style_analysis,draft,AD-M7-Q050,35,AD_M7_100
AD-M7-Q050,7,3,Improving Your Personal Security,AD7-3-pii_definition,AD7-3-pii_definition,AD7-3-pii_definition,multiple_choice,scenario_exam_style,medium,application,"A survey asks for a home address, date of birth, phone number, and social security number. What type of information is being requested?",software updates that protect a device from known flaws,personally identifiable information that can identify a person directly or when combined with other data,small files websites store to remember visits,public posts that increase online reputation,B,PII is information that can be used to identify a specific person.,"Personally identifiable information includes details such as your name, address, email, date of birth, phone number, and other data that can identify you directly or indirectly. Protecting PII is a core privacy task.","Not quite. ""software updates that protect a device from known flaws"" is related to Module 7 cyber security, but it is not the best answer here. The best answer is ""personally identifiable information that can identify a person directly or when combined with other data"" because pII is information that can be used to identify a specific person.",Correct. PII is information that can be used to identify a specific person.,"Not quite. ""small files websites store to remember visits"" is related to Module 7 cyber security, but it is not the best answer here. The best answer is ""personally identifiable information that can identify a person directly or when combined with other data"" because pII is information that can be used to identify a specific person.","Not quite. ""public posts that increase online reputation"" is related to Module 7 cyber security, but it is not the best answer here. The best answer is ""personally identifiable information that can identify a person directly or when combined with other data"" because pII is information that can be used to identify a specific person.",PII = points to an individual.,"Review Module 7, Chapter 3, pages 40-42. Then explain pii definition in your own words and compare it with the closest distractor.",Aerospace Dimensions Module 7: Cyber Security,40-42,"Module 7, Chapter 3, pages 40-42",high,educational_infographic,optional_after_answer,module7_personal_security_privacy,module7_personal_security_privacy,improving_personal_security_online_privacy.png,/assets/cap-visuals/improving_personal_security_online_privacy.png,approved,true,"Privacy, PII, cookies, privacy settings, strong passwords, encryption, and VPN use.","Privacy, PII, cookies, privacy settings, strong passwords, encryption, and VPN use.","Privacy, PII, cookies, privacy settings, strong passwords, encryption, and VPN use.",high,close,true,1.0,original_textbook_grounded,Mitchell_Aerospace_sample_style_analysis,draft,AD-M7-Q049,45,AD_M7_100
AD-M7-Q051,7,3,Improving Your Personal Security,AD7-3-cookie_definition,AD7-3-cookie_definition,AD7-3-cookie_definition,multiple_choice,direct_exam_style,medium,recall,What is a computer cookie?,a type of malware hidden inside a useful app,a secure encrypted tunnel across the internet,a small text file created by a web browser to store information about a visit,a software tool that detects vulnerable systems,C,A cookie is a small browser file that stores information about a website visit.,"Computer cookies are small text files created by websites and stored by a browser. They can improve convenience, but they can also be used to track activity.","Not quite. ""a type of malware hidden inside a useful app"" is related to Module 7 cyber security, but it is not the best answer here. The best answer is ""a small text file created by a web browser to store information about a visit"" because a cookie is a small browser file that stores information about a website visit.","Not quite. ""a secure encrypted tunnel across the internet"" is related to Module 7 cyber security, but it is not the best answer here. The best answer is ""a small text file created by a web browser to store information about a visit"" because a cookie is a small browser file that stores information about a website visit.",Correct. A cookie is a small browser file that stores information about a website visit.,"Not quite. ""a software tool that detects vulnerable systems"" is related to Module 7 cyber security, but it is not the best answer here. The best answer is ""a small text file created by a web browser to store information about a visit"" because a cookie is a small browser file that stores information about a website visit.","Cookie = tiny file, not tasty snack.","Review Module 7, Chapter 3, pages 42-44. Then explain cookie definition in your own words and compare it with the closest distractor.",Aerospace Dimensions Module 7: Cyber Security,42-44,"Module 7, Chapter 3, pages 42-44",high,educational_infographic,optional_after_answer,module7_personal_security_privacy,module7_personal_security_privacy,improving_personal_security_online_privacy.png,/assets/cap-visuals/improving_personal_security_online_privacy.png,approved,true,"Privacy, PII, cookies, privacy settings, strong passwords, encryption, and VPN use.","Privacy, PII, cookies, privacy settings, strong passwords, encryption, and VPN use.","Privacy, PII, cookies, privacy settings, strong passwords, encryption, and VPN use.",high,close,true,1.0,original_textbook_grounded,Mitchell_Aerospace_sample_style_analysis,draft,AD-M7-Q052,35,AD_M7_100
AD-M7-Q052,7,3,Improving Your Personal Security,AD7-3-cookie_definition,AD7-3-cookie_definition,AD7-3-cookie_definition,multiple_choice,scenario_exam_style,medium,application,A website remembers a user’s preferences and keeps some information between visits by storing a small text file. What is that file called?,a type of malware hidden inside a useful app,a secure encrypted tunnel across the internet,a software tool that detects vulnerable systems,a small text file created by a web browser to store information about a visit,D,A cookie is a small browser file that stores information about a website visit.,"Computer cookies are small text files created by websites and stored by a browser. They can improve convenience, but they can also be used to track activity.","Not quite. ""a type of malware hidden inside a useful app"" is related to Module 7 cyber security, but it is not the best answer here. The best answer is ""a small text file created by a web browser to store information about a visit"" because a cookie is a small browser file that stores information about a website visit.","Not quite. ""a secure encrypted tunnel across the internet"" is related to Module 7 cyber security, but it is not the best answer here. The best answer is ""a small text file created by a web browser to store information about a visit"" because a cookie is a small browser file that stores information about a website visit.","Not quite. ""a software tool that detects vulnerable systems"" is related to Module 7 cyber security, but it is not the best answer here. The best answer is ""a small text file created by a web browser to store information about a visit"" because a cookie is a small browser file that stores information about a website visit.",Correct. A cookie is a small browser file that stores information about a website visit.,"Cookie = tiny file, not tasty snack.","Review Module 7, Chapter 3, pages 42-44. Then explain cookie definition in your own words and compare it with the closest distractor.",Aerospace Dimensions Module 7: Cyber Security,42-44,"Module 7, Chapter 3, pages 42-44",high,educational_infographic,optional_after_answer,module7_personal_security_privacy,module7_personal_security_privacy,improving_personal_security_online_privacy.png,/assets/cap-visuals/improving_personal_security_online_privacy.png,approved,true,"Privacy, PII, cookies, privacy settings, strong passwords, encryption, and VPN use.","Privacy, PII, cookies, privacy settings, strong passwords, encryption, and VPN use.","Privacy, PII, cookies, privacy settings, strong passwords, encryption, and VPN use.",high,close,true,1.0,original_textbook_grounded,Mitchell_Aerospace_sample_style_analysis,draft,AD-M7-Q051,45,AD_M7_100
AD-M7-Q053,7,3,Improving Your Personal Security,AD7-3-first_party_cookies,AD7-3-first_party_cookies,AD7-3-first_party_cookies,multiple_choice,direct_exam_style,medium,recall,Which answer best describes first-party cookies?,cookies created by the website a user is directly visiting,cookies created by outside advertisers across multiple sites,temporary cookies deleted when a browser closes,stored passwords created by a password manager,A,First-party cookies come from the site you are visiting directly.,First-party cookies are created by the website the user is actually visiting. They are commonly used for practical site functions such as login sessions and preferences.,Correct. First-party cookies come from the site you are visiting directly.,"Not quite. ""cookies created by outside advertisers across multiple sites"" is related to Module 7 cyber security, but it is not the best answer here. The best answer is ""cookies created by the website a user is directly visiting"" because first-party cookies come from the site you are visiting directly.","Not quite. ""temporary cookies deleted when a browser closes"" is related to Module 7 cyber security, but it is not the best answer here. The best answer is ""cookies created by the website a user is directly visiting"" because first-party cookies come from the site you are visiting directly.","Not quite. ""stored passwords created by a password manager"" is related to Module 7 cyber security, but it is not the best answer here. The best answer is ""cookies created by the website a user is directly visiting"" because first-party cookies come from the site you are visiting directly.",First party = the site in front of you.,"Review Module 7, Chapter 3, pages 43-44. Then explain first party cookies in your own words and compare it with the closest distractor.",Aerospace Dimensions Module 7: Cyber Security,43-44,"Module 7, Chapter 3, pages 43-44",high,educational_infographic,optional_after_answer,module7_personal_security_privacy,module7_personal_security_privacy,improving_personal_security_online_privacy.png,/assets/cap-visuals/improving_personal_security_online_privacy.png,approved,true,"Privacy, PII, cookies, privacy settings, strong passwords, encryption, and VPN use.","Privacy, PII, cookies, privacy settings, strong passwords, encryption, and VPN use.","Privacy, PII, cookies, privacy settings, strong passwords, encryption, and VPN use.",high,close,true,1.0,original_textbook_grounded,Mitchell_Aerospace_sample_style_analysis,draft,AD-M7-Q054,35,AD_M7_100
AD-M7-Q054,7,3,Improving Your Personal Security,AD7-3-first_party_cookies,AD7-3-first_party_cookies,AD7-3-first_party_cookies,multiple_choice,scenario_exam_style,medium,application,A shopping site saves your login and preferences while you browse that same site. Which type of cookie is doing that?,cookies created by outside advertisers across multiple sites,cookies created by the website a user is directly visiting,temporary cookies deleted when a browser closes,stored passwords created by a password manager,B,First-party cookies come from the site you are visiting directly.,First-party cookies are created by the website the user is actually visiting. They are commonly used for practical site functions such as login sessions and preferences.,"Not quite. ""cookies created by outside advertisers across multiple sites"" is related to Module 7 cyber security, but it is not the best answer here. The best answer is ""cookies created by the website a user is directly visiting"" because first-party cookies come from the site you are visiting directly.",Correct. First-party cookies come from the site you are visiting directly.,"Not quite. ""temporary cookies deleted when a browser closes"" is related to Module 7 cyber security, but it is not the best answer here. The best answer is ""cookies created by the website a user is directly visiting"" because first-party cookies come from the site you are visiting directly.","Not quite. ""stored passwords created by a password manager"" is related to Module 7 cyber security, but it is not the best answer here. The best answer is ""cookies created by the website a user is directly visiting"" because first-party cookies come from the site you are visiting directly.",First party = the site in front of you.,"Review Module 7, Chapter 3, pages 43-44. Then explain first party cookies in your own words and compare it with the closest distractor.",Aerospace Dimensions Module 7: Cyber Security,43-44,"Module 7, Chapter 3, pages 43-44",high,educational_infographic,optional_after_answer,module7_personal_security_privacy,module7_personal_security_privacy,improving_personal_security_online_privacy.png,/assets/cap-visuals/improving_personal_security_online_privacy.png,approved,true,"Privacy, PII, cookies, privacy settings, strong passwords, encryption, and VPN use.","Privacy, PII, cookies, privacy settings, strong passwords, encryption, and VPN use.","Privacy, PII, cookies, privacy settings, strong passwords, encryption, and VPN use.",high,close,true,1.0,original_textbook_grounded,Mitchell_Aerospace_sample_style_analysis,draft,AD-M7-Q053,45,AD_M7_100
AD-M7-Q055,7,3,Improving Your Personal Security,AD7-3-third_party_cookies,AD7-3-third_party_cookies,AD7-3-third_party_cookies,multiple_choice,direct_exam_style,medium,recall,What are third-party cookies?,cookies deleted when the browser session ends,cookies used only to keep items in a shopping cart on one site,"cookies created by a different company, often used to track users across websites",browser bookmarks saved on a device,C,Third-party cookies are set by outside companies and often used for tracking across sites.,Third-party cookies are created by a company other than the website being visited directly. They are often used for advertising and cross-site tracking.,"Not quite. ""cookies deleted when the browser session ends"" is related to Module 7 cyber security, but it is not the best answer here. The best answer is ""cookies created by a different company, often used to track users across websites"" because third-party cookies are set by outside companies and often used for tracking across sites.","Not quite. ""cookies used only to keep items in a shopping cart on one site"" is related to Module 7 cyber security, but it is not the best answer here. The best answer is ""cookies created by a different company, often used to track users across websites"" because third-party cookies are set by outside companies and often used for tracking across sites.",Correct. Third-party cookies are set by outside companies and often used for tracking across sites.,"Not quite. ""browser bookmarks saved on a device"" is related to Module 7 cyber security, but it is not the best answer here. The best answer is ""cookies created by a different company, often used to track users across websites"" because third-party cookies are set by outside companies and often used for tracking across sites.",Third party = outsider tracking.,"Review Module 7, Chapter 3, pages 43-44. Then explain third party cookies in your own words and compare it with the closest distractor.",Aerospace Dimensions Module 7: Cyber Security,43-44,"Module 7, Chapter 3, pages 43-44",high,educational_infographic,optional_after_answer,module7_personal_security_privacy,module7_personal_security_privacy,improving_personal_security_online_privacy.png,/assets/cap-visuals/improving_personal_security_online_privacy.png,approved,true,"Privacy, PII, cookies, privacy settings, strong passwords, encryption, and VPN use.","Privacy, PII, cookies, privacy settings, strong passwords, encryption, and VPN use.","Privacy, PII, cookies, privacy settings, strong passwords, encryption, and VPN use.",high,close,true,1.0,original_textbook_grounded,Mitchell_Aerospace_sample_style_analysis,draft,AD-M7-Q056,35,AD_M7_100
AD-M7-Q056,7,3,Improving Your Personal Security,AD7-3-third_party_cookies,AD7-3-third_party_cookies,AD7-3-third_party_cookies,multiple_choice,scenario_exam_style,medium,application,"A user visits one website, but an advertising company stores tracking information that follows the user across many sites. What type of cookies are these?",cookies deleted when the browser session ends,cookies used only to keep items in a shopping cart on one site,browser bookmarks saved on a device,"cookies created by a different company, often used to track users across websites",D,Third-party cookies are set by outside companies and often used for tracking across sites.,Third-party cookies are created by a company other than the website being visited directly. They are often used for advertising and cross-site tracking.,"Not quite. ""cookies deleted when the browser session ends"" is related to Module 7 cyber security, but it is not the best answer here. The best answer is ""cookies created by a different company, often used to track users across websites"" because third-party cookies are set by outside companies and often used for tracking across sites.","Not quite. ""cookies used only to keep items in a shopping cart on one site"" is related to Module 7 cyber security, but it is not the best answer here. The best answer is ""cookies created by a different company, often used to track users across websites"" because third-party cookies are set by outside companies and often used for tracking across sites.","Not quite. ""browser bookmarks saved on a device"" is related to Module 7 cyber security, but it is not the best answer here. The best answer is ""cookies created by a different company, often used to track users across websites"" because third-party cookies are set by outside companies and often used for tracking across sites.",Correct. Third-party cookies are set by outside companies and often used for tracking across sites.,Third party = outsider tracking.,"Review Module 7, Chapter 3, pages 43-44. Then explain third party cookies in your own words and compare it with the closest distractor.",Aerospace Dimensions Module 7: Cyber Security,43-44,"Module 7, Chapter 3, pages 43-44",high,educational_infographic,optional_after_answer,module7_personal_security_privacy,module7_personal_security_privacy,improving_personal_security_online_privacy.png,/assets/cap-visuals/improving_personal_security_online_privacy.png,approved,true,"Privacy, PII, cookies, privacy settings, strong passwords, encryption, and VPN use.","Privacy, PII, cookies, privacy settings, strong passwords, encryption, and VPN use.","Privacy, PII, cookies, privacy settings, strong passwords, encryption, and VPN use.",high,close,true,1.0,original_textbook_grounded,Mitchell_Aerospace_sample_style_analysis,draft,AD-M7-Q055,45,AD_M7_100
AD-M7-Q057,7,3,Improving Your Personal Security,AD7-3-session_cookies,AD7-3-session_cookies,AD7-3-session_cookies,multiple_choice,direct_exam_style,medium,recall,Which answer best defines session cookies?,temporary cookies that store information during a visit and are deleted when the browser closes,cookies set by advertisers across multiple sites,malware that records browsing activity,a browser mode that never stores data anywhere,A,Session cookies are temporary and usually disappear when the browser closes.,Session cookies help a website remember information while the user moves from page to page during a single visit. They are usually deleted when the browser session ends.,Correct. Session cookies are temporary and usually disappear when the browser closes.,"Not quite. ""cookies set by advertisers across multiple sites"" is related to Module 7 cyber security, but it is not the best answer here. The best answer is ""temporary cookies that store information during a visit and are deleted when the browser closes"" because session cookies are temporary and usually disappear when the browser closes.","Not quite. ""malware that records browsing activity"" is related to Module 7 cyber security, but it is not the best answer here. The best answer is ""temporary cookies that store information during a visit and are deleted when the browser closes"" because session cookies are temporary and usually disappear when the browser closes.","Not quite. ""a browser mode that never stores data anywhere"" is related to Module 7 cyber security, but it is not the best answer here. The best answer is ""temporary cookies that store information during a visit and are deleted when the browser closes"" because session cookies are temporary and usually disappear when the browser closes.",Session = for this visit only.,"Review Module 7, Chapter 3, pages 43-44. Then explain session cookies in your own words and compare it with the closest distractor.",Aerospace Dimensions Module 7: Cyber Security,43-44,"Module 7, Chapter 3, pages 43-44",high,educational_infographic,optional_after_answer,module7_personal_security_privacy,module7_personal_security_privacy,improving_personal_security_online_privacy.png,/assets/cap-visuals/improving_personal_security_online_privacy.png,approved,true,"Privacy, PII, cookies, privacy settings, strong passwords, encryption, and VPN use.","Privacy, PII, cookies, privacy settings, strong passwords, encryption, and VPN use.","Privacy, PII, cookies, privacy settings, strong passwords, encryption, and VPN use.",high,close,true,1.0,original_textbook_grounded,Mitchell_Aerospace_sample_style_analysis,draft,AD-M7-Q058,35,AD_M7_100
AD-M7-Q058,7,3,Improving Your Personal Security,AD7-3-session_cookies,AD7-3-session_cookies,AD7-3-session_cookies,multiple_choice,scenario_exam_style,medium,application,A website keeps a user signed in during one visit but clears that temporary information once the browser closes. What kind of cookies were used?,cookies set by advertisers across multiple sites,temporary cookies that store information during a visit and are deleted when the browser closes,malware that records browsing activity,a browser mode that never stores data anywhere,B,Session cookies are temporary and usually disappear when the browser closes.,Session cookies help a website remember information while the user moves from page to page during a single visit. They are usually deleted when the browser session ends.,"Not quite. ""cookies set by advertisers across multiple sites"" is related to Module 7 cyber security, but it is not the best answer here. The best answer is ""temporary cookies that store information during a visit and are deleted when the browser closes"" because session cookies are temporary and usually disappear when the browser closes.",Correct. Session cookies are temporary and usually disappear when the browser closes.,"Not quite. ""malware that records browsing activity"" is related to Module 7 cyber security, but it is not the best answer here. The best answer is ""temporary cookies that store information during a visit and are deleted when the browser closes"" because session cookies are temporary and usually disappear when the browser closes.","Not quite. ""a browser mode that never stores data anywhere"" is related to Module 7 cyber security, but it is not the best answer here. The best answer is ""temporary cookies that store information during a visit and are deleted when the browser closes"" because session cookies are temporary and usually disappear when the browser closes.",Session = for this visit only.,"Review Module 7, Chapter 3, pages 43-44. Then explain session cookies in your own words and compare it with the closest distractor.",Aerospace Dimensions Module 7: Cyber Security,43-44,"Module 7, Chapter 3, pages 43-44",high,educational_infographic,optional_after_answer,module7_personal_security_privacy,module7_personal_security_privacy,improving_personal_security_online_privacy.png,/assets/cap-visuals/improving_personal_security_online_privacy.png,approved,true,"Privacy, PII, cookies, privacy settings, strong passwords, encryption, and VPN use.","Privacy, PII, cookies, privacy settings, strong passwords, encryption, and VPN use.","Privacy, PII, cookies, privacy settings, strong passwords, encryption, and VPN use.",high,close,true,1.0,original_textbook_grounded,Mitchell_Aerospace_sample_style_analysis,draft,AD-M7-Q057,45,AD_M7_100
AD-M7-Q059,7,3,Improving Your Personal Security,AD7-3-incognito_mode,AD7-3-incognito_mode,AD7-3-incognito_mode,multiple_choice,direct_exam_style,medium,recall,What is incognito mode?,a feature that makes a user invisible to websites and internet providers,a tool that encrypts all traffic across public Wi-Fi,"a browser privacy feature that does not save browsing history, cookies, or site data on that device",a system that automatically creates strong passwords,C,"Incognito mode helps keep local browsing data off the device, but it does not make you invisible online.","Incognito mode is a browser feature that reduces what is stored on the local device, such as browsing history and cookies. It does not hide your activity from websites, schools, workplaces, or ISPs.","Not quite. ""a feature that makes a user invisible to websites and internet providers"" is related to Module 7 cyber security, but it is not the best answer here. The best answer is ""a browser privacy feature that does not save browsing history, cookies, or site data on that device"" because incognito mode helps keep local browsing data off the device, but it does not make you invisible online.","Not quite. ""a tool that encrypts all traffic across public Wi-Fi"" is related to Module 7 cyber security, but it is not the best answer here. The best answer is ""a browser privacy feature that does not save browsing history, cookies, or site data on that device"" because incognito mode helps keep local browsing data off the device, but it does not make you invisible online.","Correct. Incognito mode helps keep local browsing data off the device, but it does not make you invisible online.","Not quite. ""a system that automatically creates strong passwords"" is related to Module 7 cyber security, but it is not the best answer here. The best answer is ""a browser privacy feature that does not save browsing history, cookies, or site data on that device"" because incognito mode helps keep local browsing data off the device, but it does not make you invisible online.","Incognito hides from the device, not the world.","Review Module 7, Chapter 3, pages 45-46. Then explain incognito mode in your own words and compare it with the closest distractor.",Aerospace Dimensions Module 7: Cyber Security,45-46,"Module 7, Chapter 3, pages 45-46",high,educational_infographic,optional_after_answer,module7_personal_security_privacy,module7_personal_security_privacy,improving_personal_security_online_privacy.png,/assets/cap-visuals/improving_personal_security_online_privacy.png,approved,true,"Privacy, PII, cookies, privacy settings, strong passwords, encryption, and VPN use.","Privacy, PII, cookies, privacy settings, strong passwords, encryption, and VPN use.","Privacy, PII, cookies, privacy settings, strong passwords, encryption, and VPN use.",high,close,true,1.0,original_textbook_grounded,Mitchell_Aerospace_sample_style_analysis,draft,AD-M7-Q060,35,AD_M7_100
AD-M7-Q060,7,3,Improving Your Personal Security,AD7-3-incognito_mode,AD7-3-incognito_mode,AD7-3-incognito_mode,multiple_choice,scenario_exam_style,medium,application,A student uses a shared computer and does not want the next user to see the browsing history on that device. Which browser feature is most relevant?,a feature that makes a user invisible to websites and internet providers,a tool that encrypts all traffic across public Wi-Fi,a system that automatically creates strong passwords,"a browser privacy feature that does not save browsing history, cookies, or site data on that device",D,"Incognito mode helps keep local browsing data off the device, but it does not make you invisible online.","Incognito mode is a browser feature that reduces what is stored on the local device, such as browsing history and cookies. It does not hide your activity from websites, schools, workplaces, or ISPs.","Not quite. ""a feature that makes a user invisible to websites and internet providers"" is related to Module 7 cyber security, but it is not the best answer here. The best answer is ""a browser privacy feature that does not save browsing history, cookies, or site data on that device"" because incognito mode helps keep local browsing data off the device, but it does not make you invisible online.","Not quite. ""a tool that encrypts all traffic across public Wi-Fi"" is related to Module 7 cyber security, but it is not the best answer here. The best answer is ""a browser privacy feature that does not save browsing history, cookies, or site data on that device"" because incognito mode helps keep local browsing data off the device, but it does not make you invisible online.","Not quite. ""a system that automatically creates strong passwords"" is related to Module 7 cyber security, but it is not the best answer here. The best answer is ""a browser privacy feature that does not save browsing history, cookies, or site data on that device"" because incognito mode helps keep local browsing data off the device, but it does not make you invisible online.","Correct. Incognito mode helps keep local browsing data off the device, but it does not make you invisible online.","Incognito hides from the device, not the world.","Review Module 7, Chapter 3, pages 45-46. Then explain incognito mode in your own words and compare it with the closest distractor.",Aerospace Dimensions Module 7: Cyber Security,45-46,"Module 7, Chapter 3, pages 45-46",high,educational_infographic,optional_after_answer,module7_personal_security_privacy,module7_personal_security_privacy,improving_personal_security_online_privacy.png,/assets/cap-visuals/improving_personal_security_online_privacy.png,approved,true,"Privacy, PII, cookies, privacy settings, strong passwords, encryption, and VPN use.","Privacy, PII, cookies, privacy settings, strong passwords, encryption, and VPN use.","Privacy, PII, cookies, privacy settings, strong passwords, encryption, and VPN use.",high,close,true,1.0,original_textbook_grounded,Mitchell_Aerospace_sample_style_analysis,draft,AD-M7-Q059,45,AD_M7_100
AD-M7-Q061,7,3,Improving Your Personal Security,AD7-3-strong_passwords,AD7-3-strong_passwords,AD7-3-strong_passwords,multiple_choice,direct_exam_style,medium,recall,Which answer best describes a strong password?,"passwords that are long, unique, and hard to guess",passwords based on birthdays and common words,passwords reused on every website,passwords shared with friends for convenience,A,"A strong password is long, unique, and difficult to guess.",Strong passwords are usually long and contain a mix of characters without using obvious personal information. Using a unique password for each account reduces the damage if one account is compromised.,"Correct. A strong password is long, unique, and difficult to guess.","Not quite. ""passwords based on birthdays and common words"" is related to Module 7 cyber security, but it is not the best answer here. The best answer is ""passwords that are long, unique, and hard to guess"" because a strong password is long, unique, and difficult to guess.","Not quite. ""passwords reused on every website"" is related to Module 7 cyber security, but it is not the best answer here. The best answer is ""passwords that are long, unique, and hard to guess"" because a strong password is long, unique, and difficult to guess.","Not quite. ""passwords shared with friends for convenience"" is related to Module 7 cyber security, but it is not the best answer here. The best answer is ""passwords that are long, unique, and hard to guess"" because a strong password is long, unique, and difficult to guess.",Long + unique = strong.,"Review Module 7, Chapter 3, pages 46-48. Then explain strong passwords in your own words and compare it with the closest distractor.",Aerospace Dimensions Module 7: Cyber Security,46-48,"Module 7, Chapter 3, pages 46-48",high,educational_infographic,optional_after_answer,module7_personal_security_privacy,module7_personal_security_privacy,improving_personal_security_online_privacy.png,/assets/cap-visuals/improving_personal_security_online_privacy.png,approved,true,"Privacy, PII, cookies, privacy settings, strong passwords, encryption, and VPN use.","Privacy, PII, cookies, privacy settings, strong passwords, encryption, and VPN use.","Privacy, PII, cookies, privacy settings, strong passwords, encryption, and VPN use.",high,close,true,1.0,original_textbook_grounded,Mitchell_Aerospace_sample_style_analysis,draft,AD-M7-Q062,35,AD_M7_100
AD-M7-Q062,7,3,Improving Your Personal Security,AD7-3-strong_passwords,AD7-3-strong_passwords,AD7-3-strong_passwords,multiple_choice,scenario_exam_style,medium,application,A user wants better account security. Which kind of password choice is best?,passwords based on birthdays and common words,"passwords that are long, unique, and hard to guess",passwords reused on every website,passwords shared with friends for convenience,B,"A strong password is long, unique, and difficult to guess.",Strong passwords are usually long and contain a mix of characters without using obvious personal information. Using a unique password for each account reduces the damage if one account is compromised.,"Not quite. ""passwords based on birthdays and common words"" is related to Module 7 cyber security, but it is not the best answer here. The best answer is ""passwords that are long, unique, and hard to guess"" because a strong password is long, unique, and difficult to guess.","Correct. A strong password is long, unique, and difficult to guess.","Not quite. ""passwords reused on every website"" is related to Module 7 cyber security, but it is not the best answer here. The best answer is ""passwords that are long, unique, and hard to guess"" because a strong password is long, unique, and difficult to guess.","Not quite. ""passwords shared with friends for convenience"" is related to Module 7 cyber security, but it is not the best answer here. The best answer is ""passwords that are long, unique, and hard to guess"" because a strong password is long, unique, and difficult to guess.",Long + unique = strong.,"Review Module 7, Chapter 3, pages 46-48. Then explain strong passwords in your own words and compare it with the closest distractor.",Aerospace Dimensions Module 7: Cyber Security,46-48,"Module 7, Chapter 3, pages 46-48",high,educational_infographic,optional_after_answer,module7_personal_security_privacy,module7_personal_security_privacy,improving_personal_security_online_privacy.png,/assets/cap-visuals/improving_personal_security_online_privacy.png,approved,true,"Privacy, PII, cookies, privacy settings, strong passwords, encryption, and VPN use.","Privacy, PII, cookies, privacy settings, strong passwords, encryption, and VPN use.","Privacy, PII, cookies, privacy settings, strong passwords, encryption, and VPN use.",high,close,true,1.0,original_textbook_grounded,Mitchell_Aerospace_sample_style_analysis,draft,AD-M7-Q061,45,AD_M7_100
AD-M7-Q063,7,3,Improving Your Personal Security,AD7-3-end_to_end_encryption_vpn,AD7-3-end_to_end_encryption_vpn,AD7-3-end_to_end_encryption_vpn,multiple_choice,direct_exam_style,medium,recall,Which answer best matches the purpose of end-to-end encryption and VPN use?,a cookie setting used for advertising across websites,a process for scanning software flaws on a server,"a security method that protects data in transit by encrypting it, especially useful on untrusted networks",a tactic that tricks users into revealing passwords,C,Encryption and VPN use help protect data traveling across networks.,End-to-end encryption protects messages so only the intended recipient can read them. A VPN encrypts traffic from the device to a private network and is especially helpful when using public Wi-Fi.,"Not quite. ""a cookie setting used for advertising across websites"" is related to Module 7 cyber security, but it is not the best answer here. The best answer is ""a security method that protects data in transit by encrypting it, especially useful on untrusted networks"" because encryption and VPN use help protect data traveling across networks.","Not quite. ""a process for scanning software flaws on a server"" is related to Module 7 cyber security, but it is not the best answer here. The best answer is ""a security method that protects data in transit by encrypting it, especially useful on untrusted networks"" because encryption and VPN use help protect data traveling across networks.",Correct. Encryption and VPN use help protect data traveling across networks.,"Not quite. ""a tactic that tricks users into revealing passwords"" is related to Module 7 cyber security, but it is not the best answer here. The best answer is ""a security method that protects data in transit by encrypting it, especially useful on untrusted networks"" because encryption and VPN use help protect data traveling across networks.",Lock the data while it travels.,"Review Module 7, Chapter 3, pages 47-49. Then explain end to end encryption vpn in your own words and compare it with the closest distractor.",Aerospace Dimensions Module 7: Cyber Security,47-49,"Module 7, Chapter 3, pages 47-49",high,educational_infographic,optional_after_answer,module7_personal_security_privacy,module7_personal_security_privacy,improving_personal_security_online_privacy.png,/assets/cap-visuals/improving_personal_security_online_privacy.png,approved,true,"Privacy, PII, cookies, privacy settings, strong passwords, encryption, and VPN use.","Privacy, PII, cookies, privacy settings, strong passwords, encryption, and VPN use.","Privacy, PII, cookies, privacy settings, strong passwords, encryption, and VPN use.",high,close,true,1.0,original_textbook_grounded,Mitchell_Aerospace_sample_style_analysis,draft,AD-M7-Q064,35,AD_M7_100
AD-M7-Q064,7,3,Improving Your Personal Security,AD7-3-end_to_end_encryption_vpn,AD7-3-end_to_end_encryption_vpn,AD7-3-end_to_end_encryption_vpn,multiple_choice,scenario_exam_style,medium,application,A cadet connects to coffee-shop Wi-Fi and wants the traffic protected from nearby snoops. Which security idea best fits that goal?,a cookie setting used for advertising across websites,a process for scanning software flaws on a server,a tactic that tricks users into revealing passwords,"a security method that protects data in transit by encrypting it, especially useful on untrusted networks",D,Encryption and VPN use help protect data traveling across networks.,End-to-end encryption protects messages so only the intended recipient can read them. A VPN encrypts traffic from the device to a private network and is especially helpful when using public Wi-Fi.,"Not quite. ""a cookie setting used for advertising across websites"" is related to Module 7 cyber security, but it is not the best answer here. The best answer is ""a security method that protects data in transit by encrypting it, especially useful on untrusted networks"" because encryption and VPN use help protect data traveling across networks.","Not quite. ""a process for scanning software flaws on a server"" is related to Module 7 cyber security, but it is not the best answer here. The best answer is ""a security method that protects data in transit by encrypting it, especially useful on untrusted networks"" because encryption and VPN use help protect data traveling across networks.","Not quite. ""a tactic that tricks users into revealing passwords"" is related to Module 7 cyber security, but it is not the best answer here. The best answer is ""a security method that protects data in transit by encrypting it, especially useful on untrusted networks"" because encryption and VPN use help protect data traveling across networks.",Correct. Encryption and VPN use help protect data traveling across networks.,Lock the data while it travels.,"Review Module 7, Chapter 3, pages 47-49. Then explain end to end encryption vpn in your own words and compare it with the closest distractor.",Aerospace Dimensions Module 7: Cyber Security,47-49,"Module 7, Chapter 3, pages 47-49",high,educational_infographic,optional_after_answer,module7_personal_security_privacy,module7_personal_security_privacy,improving_personal_security_online_privacy.png,/assets/cap-visuals/improving_personal_security_online_privacy.png,approved,true,"Privacy, PII, cookies, privacy settings, strong passwords, encryption, and VPN use.","Privacy, PII, cookies, privacy settings, strong passwords, encryption, and VPN use.","Privacy, PII, cookies, privacy settings, strong passwords, encryption, and VPN use.",high,close,true,1.0,original_textbook_grounded,Mitchell_Aerospace_sample_style_analysis,draft,AD-M7-Q063,45,AD_M7_100
AD-M7-Q065,7,4,Protecting Your Digital Footprint,AD7-4-digital_footprint_definition,AD7-4-digital_footprint_definition,AD7-4-digital_footprint_definition,multiple_choice,direct_exam_style,medium,recall,Which answer best defines a digital footprint?,the trail of data created by a user through online activity,a hidden malware file that records keystrokes,a network path selected by a router,a hardware device that hosts websites,A,A digital footprint is the data trail created by online activity.,"A digital footprint is the trail of information a person leaves behind while using the internet. It can affect privacy, reputation, and future opportunities.",Correct. A digital footprint is the data trail created by online activity.,"Not quite. ""a hidden malware file that records keystrokes"" is related to Module 7 cyber security, but it is not the best answer here. The best answer is ""the trail of data created by a user through online activity"" because a digital footprint is the data trail created by online activity.","Not quite. ""a network path selected by a router"" is related to Module 7 cyber security, but it is not the best answer here. The best answer is ""the trail of data created by a user through online activity"" because a digital footprint is the data trail created by online activity.","Not quite. ""a hardware device that hosts websites"" is related to Module 7 cyber security, but it is not the best answer here. The best answer is ""the trail of data created by a user through online activity"" because a digital footprint is the data trail created by online activity.",Footprint = online trail.,"Review Module 7, Chapter 4, pages 50-52. Then explain digital footprint definition in your own words and compare it with the closest distractor.",Aerospace Dimensions Module 7: Cyber Security,50-52,"Module 7, Chapter 4, pages 50-52",high,educational_infographic,optional_after_answer,module7_digital_footprint_safety,module7_digital_footprint_safety,cybersecurity_protect_your_digital_footprint.png,/assets/cap-visuals/cybersecurity_protect_your_digital_footprint.png,approved,true,"Active and passive footprints, metadata, online reputation, oversharing risks, and safety actions.","Active and passive footprints, metadata, online reputation, oversharing risks, and safety actions.","Active and passive footprints, metadata, online reputation, oversharing risks, and safety actions.",high,close,true,1.0,original_textbook_grounded,Mitchell_Aerospace_sample_style_analysis,draft,AD-M7-Q066,35,AD_M7_100
AD-M7-Q066,7,4,Protecting Your Digital Footprint,AD7-4-digital_footprint_definition,AD7-4-digital_footprint_definition,AD7-4-digital_footprint_definition,multiple_choice,scenario_exam_style,medium,application,"A person’s posts, purchases, searches, and online interactions leave behind a trace. What is that trace called?",a hidden malware file that records keystrokes,the trail of data created by a user through online activity,a network path selected by a router,a hardware device that hosts websites,B,A digital footprint is the data trail created by online activity.,"A digital footprint is the trail of information a person leaves behind while using the internet. It can affect privacy, reputation, and future opportunities.","Not quite. ""a hidden malware file that records keystrokes"" is related to Module 7 cyber security, but it is not the best answer here. The best answer is ""the trail of data created by a user through online activity"" because a digital footprint is the data trail created by online activity.",Correct. A digital footprint is the data trail created by online activity.,"Not quite. ""a network path selected by a router"" is related to Module 7 cyber security, but it is not the best answer here. The best answer is ""the trail of data created by a user through online activity"" because a digital footprint is the data trail created by online activity.","Not quite. ""a hardware device that hosts websites"" is related to Module 7 cyber security, but it is not the best answer here. The best answer is ""the trail of data created by a user through online activity"" because a digital footprint is the data trail created by online activity.",Footprint = online trail.,"Review Module 7, Chapter 4, pages 50-52. Then explain digital footprint definition in your own words and compare it with the closest distractor.",Aerospace Dimensions Module 7: Cyber Security,50-52,"Module 7, Chapter 4, pages 50-52",high,educational_infographic,optional_after_answer,module7_digital_footprint_safety,module7_digital_footprint_safety,cybersecurity_protect_your_digital_footprint.png,/assets/cap-visuals/cybersecurity_protect_your_digital_footprint.png,approved,true,"Active and passive footprints, metadata, online reputation, oversharing risks, and safety actions.","Active and passive footprints, metadata, online reputation, oversharing risks, and safety actions.","Active and passive footprints, metadata, online reputation, oversharing risks, and safety actions.",high,close,true,1.0,original_textbook_grounded,Mitchell_Aerospace_sample_style_analysis,draft,AD-M7-Q065,45,AD_M7_100
AD-M7-Q067,7,4,Protecting Your Digital Footprint,AD7-4-active_footprint,AD7-4-active_footprint,AD7-4-active_footprint,multiple_choice,direct_exam_style,medium,recall,What is an active footprint?,data collected without the user actively sharing it,a type of cyberattack using repeated messages,data intentionally left behind by a user who deliberately shares information online,a browser feature that blocks third-party cookies,C,An active footprint is data you intentionally put online.,"An active footprint is created when a user deliberately shares something online, such as a post, comment, review, or uploaded image. Because it is intentional, the user has direct control over the act of sharing.","Not quite. ""data collected without the user actively sharing it"" is related to Module 7 cyber security, but it is not the best answer here. The best answer is ""data intentionally left behind by a user who deliberately shares information online"" because an active footprint is data you intentionally put online.","Not quite. ""a type of cyberattack using repeated messages"" is related to Module 7 cyber security, but it is not the best answer here. The best answer is ""data intentionally left behind by a user who deliberately shares information online"" because an active footprint is data you intentionally put online.",Correct. An active footprint is data you intentionally put online.,"Not quite. ""a browser feature that blocks third-party cookies"" is related to Module 7 cyber security, but it is not the best answer here. The best answer is ""data intentionally left behind by a user who deliberately shares information online"" because an active footprint is data you intentionally put online.",Active = you acted.,"Review Module 7, Chapter 4, pages 52-53. Then explain active footprint in your own words and compare it with the closest distractor.",Aerospace Dimensions Module 7: Cyber Security,52-53,"Module 7, Chapter 4, pages 52-53",high,educational_infographic,optional_after_answer,module7_digital_footprint_safety,module7_digital_footprint_safety,cybersecurity_protect_your_digital_footprint.png,/assets/cap-visuals/cybersecurity_protect_your_digital_footprint.png,approved,true,"Active and passive footprints, metadata, online reputation, oversharing risks, and safety actions.","Active and passive footprints, metadata, online reputation, oversharing risks, and safety actions.","Active and passive footprints, metadata, online reputation, oversharing risks, and safety actions.",high,close,true,1.0,original_textbook_grounded,Mitchell_Aerospace_sample_style_analysis,draft,AD-M7-Q068,35,AD_M7_100
AD-M7-Q068,7,4,Protecting Your Digital Footprint,AD7-4-active_footprint,AD7-4-active_footprint,AD7-4-active_footprint,multiple_choice,scenario_exam_style,medium,application,"A user posts photos, comments on a forum, and uploads a video under their own profile. What type of footprint are these actions creating?",data collected without the user actively sharing it,a type of cyberattack using repeated messages,a browser feature that blocks third-party cookies,data intentionally left behind by a user who deliberately shares information online,D,An active footprint is data you intentionally put online.,"An active footprint is created when a user deliberately shares something online, such as a post, comment, review, or uploaded image. Because it is intentional, the user has direct control over the act of sharing.","Not quite. ""data collected without the user actively sharing it"" is related to Module 7 cyber security, but it is not the best answer here. The best answer is ""data intentionally left behind by a user who deliberately shares information online"" because an active footprint is data you intentionally put online.","Not quite. ""a type of cyberattack using repeated messages"" is related to Module 7 cyber security, but it is not the best answer here. The best answer is ""data intentionally left behind by a user who deliberately shares information online"" because an active footprint is data you intentionally put online.","Not quite. ""a browser feature that blocks third-party cookies"" is related to Module 7 cyber security, but it is not the best answer here. The best answer is ""data intentionally left behind by a user who deliberately shares information online"" because an active footprint is data you intentionally put online.",Correct. An active footprint is data you intentionally put online.,Active = you acted.,"Review Module 7, Chapter 4, pages 52-53. Then explain active footprint in your own words and compare it with the closest distractor.",Aerospace Dimensions Module 7: Cyber Security,52-53,"Module 7, Chapter 4, pages 52-53",high,educational_infographic,optional_after_answer,module7_digital_footprint_safety,module7_digital_footprint_safety,cybersecurity_protect_your_digital_footprint.png,/assets/cap-visuals/cybersecurity_protect_your_digital_footprint.png,approved,true,"Active and passive footprints, metadata, online reputation, oversharing risks, and safety actions.","Active and passive footprints, metadata, online reputation, oversharing risks, and safety actions.","Active and passive footprints, metadata, online reputation, oversharing risks, and safety actions.",high,close,true,1.0,original_textbook_grounded,Mitchell_Aerospace_sample_style_analysis,draft,AD-M7-Q067,45,AD_M7_100
AD-M7-Q069,7,4,Protecting Your Digital Footprint,AD7-4-passive_footprint,AD7-4-passive_footprint,AD7-4-passive_footprint,multiple_choice,direct_exam_style,medium,recall,Which answer best describes a passive footprint?,data collected about a user without the user intentionally sharing it,data a user uploads on purpose to a public profile,an ethical hacking scan of a network,a message split into packets and reassembled later,A,A passive footprint is information gathered without the user actively sharing it.,"A passive footprint forms when websites, apps, or services collect information about the user in the background. Tracking, search history, and device data are common examples.",Correct. A passive footprint is information gathered without the user actively sharing it.,"Not quite. ""data a user uploads on purpose to a public profile"" is related to Module 7 cyber security, but it is not the best answer here. The best answer is ""data collected about a user without the user intentionally sharing it"" because a passive footprint is information gathered without the user actively sharing it.","Not quite. ""an ethical hacking scan of a network"" is related to Module 7 cyber security, but it is not the best answer here. The best answer is ""data collected about a user without the user intentionally sharing it"" because a passive footprint is information gathered without the user actively sharing it.","Not quite. ""a message split into packets and reassembled later"" is related to Module 7 cyber security, but it is not the best answer here. The best answer is ""data collected about a user without the user intentionally sharing it"" because a passive footprint is information gathered without the user actively sharing it.",Passive = picked up in the background.,"Review Module 7, Chapter 4, pages 52-53. Then explain passive footprint in your own words and compare it with the closest distractor.",Aerospace Dimensions Module 7: Cyber Security,52-53,"Module 7, Chapter 4, pages 52-53",high,educational_infographic,optional_after_answer,module7_digital_footprint_safety,module7_digital_footprint_safety,cybersecurity_protect_your_digital_footprint.png,/assets/cap-visuals/cybersecurity_protect_your_digital_footprint.png,approved,true,"Active and passive footprints, metadata, online reputation, oversharing risks, and safety actions.","Active and passive footprints, metadata, online reputation, oversharing risks, and safety actions.","Active and passive footprints, metadata, online reputation, oversharing risks, and safety actions.",high,close,true,1.0,original_textbook_grounded,Mitchell_Aerospace_sample_style_analysis,draft,AD-M7-Q070,35,AD_M7_100
AD-M7-Q070,7,4,Protecting Your Digital Footprint,AD7-4-passive_footprint,AD7-4-passive_footprint,AD7-4-passive_footprint,multiple_choice,scenario_exam_style,medium,application,"A website logs how often a person visits, what they click, and where they connect from even though the person never posts anything. What type of footprint is this?",data a user uploads on purpose to a public profile,data collected about a user without the user intentionally sharing it,an ethical hacking scan of a network,a message split into packets and reassembled later,B,A passive footprint is information gathered without the user actively sharing it.,"A passive footprint forms when websites, apps, or services collect information about the user in the background. Tracking, search history, and device data are common examples.","Not quite. ""data a user uploads on purpose to a public profile"" is related to Module 7 cyber security, but it is not the best answer here. The best answer is ""data collected about a user without the user intentionally sharing it"" because a passive footprint is information gathered without the user actively sharing it.",Correct. A passive footprint is information gathered without the user actively sharing it.,"Not quite. ""an ethical hacking scan of a network"" is related to Module 7 cyber security, but it is not the best answer here. The best answer is ""data collected about a user without the user intentionally sharing it"" because a passive footprint is information gathered without the user actively sharing it.","Not quite. ""a message split into packets and reassembled later"" is related to Module 7 cyber security, but it is not the best answer here. The best answer is ""data collected about a user without the user intentionally sharing it"" because a passive footprint is information gathered without the user actively sharing it.",Passive = picked up in the background.,"Review Module 7, Chapter 4, pages 52-53. Then explain passive footprint in your own words and compare it with the closest distractor.",Aerospace Dimensions Module 7: Cyber Security,52-53,"Module 7, Chapter 4, pages 52-53",high,educational_infographic,optional_after_answer,module7_digital_footprint_safety,module7_digital_footprint_safety,cybersecurity_protect_your_digital_footprint.png,/assets/cap-visuals/cybersecurity_protect_your_digital_footprint.png,approved,true,"Active and passive footprints, metadata, online reputation, oversharing risks, and safety actions.","Active and passive footprints, metadata, online reputation, oversharing risks, and safety actions.","Active and passive footprints, metadata, online reputation, oversharing risks, and safety actions.",high,close,true,1.0,original_textbook_grounded,Mitchell_Aerospace_sample_style_analysis,draft,AD-M7-Q069,45,AD_M7_100
AD-M7-Q071,7,4,Protecting Your Digital Footprint,AD7-4-metadata_definition,AD7-4-metadata_definition,AD7-4-metadata_definition,multiple_choice,direct_exam_style,medium,recall,What is metadata?,a private password used to unlock encrypted files,a physical device used to connect to Wi-Fi,descriptive data that tells information about other data,a software update that fixes a vulnerability,C,"Metadata is data about data, such as time, location, or device details.","Metadata describes other data. For example, a photo can include the date, time, location, and device used, which can reveal more than the visible picture alone.","Not quite. ""a private password used to unlock encrypted files"" is related to Module 7 cyber security, but it is not the best answer here. The best answer is ""descriptive data that tells information about other data"" because metadata is data about data, such as time, location, or device details.","Not quite. ""a physical device used to connect to Wi-Fi"" is related to Module 7 cyber security, but it is not the best answer here. The best answer is ""descriptive data that tells information about other data"" because metadata is data about data, such as time, location, or device details.","Correct. Metadata is data about data, such as time, location, or device details.","Not quite. ""a software update that fixes a vulnerability"" is related to Module 7 cyber security, but it is not the best answer here. The best answer is ""descriptive data that tells information about other data"" because metadata is data about data, such as time, location, or device details.",Meta = about the data.,"Review Module 7, Chapter 4, pages 53-54. Then explain metadata definition in your own words and compare it with the closest distractor.",Aerospace Dimensions Module 7: Cyber Security,53-54,"Module 7, Chapter 4, pages 53-54",high,educational_infographic,optional_after_answer,module7_digital_footprint_safety,module7_digital_footprint_safety,cybersecurity_protect_your_digital_footprint.png,/assets/cap-visuals/cybersecurity_protect_your_digital_footprint.png,approved,true,"Active and passive footprints, metadata, online reputation, oversharing risks, and safety actions.","Active and passive footprints, metadata, online reputation, oversharing risks, and safety actions.","Active and passive footprints, metadata, online reputation, oversharing risks, and safety actions.",high,close,true,1.0,original_textbook_grounded,Mitchell_Aerospace_sample_style_analysis,draft,AD-M7-Q072,35,AD_M7_100
AD-M7-Q072,7,4,Protecting Your Digital Footprint,AD7-4-metadata_definition,AD7-4-metadata_definition,AD7-4-metadata_definition,multiple_choice,scenario_exam_style,medium,application,"A photo file reveals when it was taken, where it was taken, and which device captured it. What is that extra information called?",a private password used to unlock encrypted files,a physical device used to connect to Wi-Fi,a software update that fixes a vulnerability,descriptive data that tells information about other data,D,"Metadata is data about data, such as time, location, or device details.","Metadata describes other data. For example, a photo can include the date, time, location, and device used, which can reveal more than the visible picture alone.","Not quite. ""a private password used to unlock encrypted files"" is related to Module 7 cyber security, but it is not the best answer here. The best answer is ""descriptive data that tells information about other data"" because metadata is data about data, such as time, location, or device details.","Not quite. ""a physical device used to connect to Wi-Fi"" is related to Module 7 cyber security, but it is not the best answer here. The best answer is ""descriptive data that tells information about other data"" because metadata is data about data, such as time, location, or device details.","Not quite. ""a software update that fixes a vulnerability"" is related to Module 7 cyber security, but it is not the best answer here. The best answer is ""descriptive data that tells information about other data"" because metadata is data about data, such as time, location, or device details.","Correct. Metadata is data about data, such as time, location, or device details.",Meta = about the data.,"Review Module 7, Chapter 4, pages 53-54. Then explain metadata definition in your own words and compare it with the closest distractor.",Aerospace Dimensions Module 7: Cyber Security,53-54,"Module 7, Chapter 4, pages 53-54",high,educational_infographic,optional_after_answer,module7_digital_footprint_safety,module7_digital_footprint_safety,cybersecurity_protect_your_digital_footprint.png,/assets/cap-visuals/cybersecurity_protect_your_digital_footprint.png,approved,true,"Active and passive footprints, metadata, online reputation, oversharing risks, and safety actions.","Active and passive footprints, metadata, online reputation, oversharing risks, and safety actions.","Active and passive footprints, metadata, online reputation, oversharing risks, and safety actions.",high,close,true,1.0,original_textbook_grounded,Mitchell_Aerospace_sample_style_analysis,draft,AD-M7-Q071,45,AD_M7_100
AD-M7-Q073,7,4,Protecting Your Digital Footprint,AD7-4-online_reputation,AD7-4-online_reputation,AD7-4-online_reputation,multiple_choice,direct_exam_style,medium,recall,Which answer best matches the idea of online reputation?,the impression other people form based on what they find about you online,the number of packets used to send a message,the hidden code that lets a worm replicate,the process of deleting local browsing data,A,Online reputation is how people judge you based on your digital footprint.,"Online reputation is the image other people form when they find your posts, comments, photos, and other online traces. Schools, employers, and organizations may use it when making decisions.",Correct. Online reputation is how people judge you based on your digital footprint.,"Not quite. ""the number of packets used to send a message"" is related to Module 7 cyber security, but it is not the best answer here. The best answer is ""the impression other people form based on what they find about you online"" because online reputation is how people judge you based on your digital footprint.","Not quite. ""the hidden code that lets a worm replicate"" is related to Module 7 cyber security, but it is not the best answer here. The best answer is ""the impression other people form based on what they find about you online"" because online reputation is how people judge you based on your digital footprint.","Not quite. ""the process of deleting local browsing data"" is related to Module 7 cyber security, but it is not the best answer here. The best answer is ""the impression other people form based on what they find about you online"" because online reputation is how people judge you based on your digital footprint.",What they find shapes what they think.,"Review Module 7, Chapter 4, pages 54-56. Then explain online reputation in your own words and compare it with the closest distractor.",Aerospace Dimensions Module 7: Cyber Security,54-56,"Module 7, Chapter 4, pages 54-56",high,educational_infographic,optional_after_answer,module7_digital_footprint_safety,module7_digital_footprint_safety,cybersecurity_protect_your_digital_footprint.png,/assets/cap-visuals/cybersecurity_protect_your_digital_footprint.png,approved,true,"Active and passive footprints, metadata, online reputation, oversharing risks, and safety actions.","Active and passive footprints, metadata, online reputation, oversharing risks, and safety actions.","Active and passive footprints, metadata, online reputation, oversharing risks, and safety actions.",high,close,true,1.0,original_textbook_grounded,Mitchell_Aerospace_sample_style_analysis,draft,AD-M7-Q074,35,AD_M7_100
AD-M7-Q074,7,4,Protecting Your Digital Footprint,AD7-4-online_reputation,AD7-4-online_reputation,AD7-4-online_reputation,multiple_choice,scenario_exam_style,medium,application,An employer searches a student’s name online and uses old posts to judge whether the student is a good fit. What concept is most directly involved?,the number of packets used to send a message,the impression other people form based on what they find about you online,the hidden code that lets a worm replicate,the process of deleting local browsing data,B,Online reputation is how people judge you based on your digital footprint.,"Online reputation is the image other people form when they find your posts, comments, photos, and other online traces. Schools, employers, and organizations may use it when making decisions.","Not quite. ""the number of packets used to send a message"" is related to Module 7 cyber security, but it is not the best answer here. The best answer is ""the impression other people form based on what they find about you online"" because online reputation is how people judge you based on your digital footprint.",Correct. Online reputation is how people judge you based on your digital footprint.,"Not quite. ""the hidden code that lets a worm replicate"" is related to Module 7 cyber security, but it is not the best answer here. The best answer is ""the impression other people form based on what they find about you online"" because online reputation is how people judge you based on your digital footprint.","Not quite. ""the process of deleting local browsing data"" is related to Module 7 cyber security, but it is not the best answer here. The best answer is ""the impression other people form based on what they find about you online"" because online reputation is how people judge you based on your digital footprint.",What they find shapes what they think.,"Review Module 7, Chapter 4, pages 54-56. Then explain online reputation in your own words and compare it with the closest distractor.",Aerospace Dimensions Module 7: Cyber Security,54-56,"Module 7, Chapter 4, pages 54-56",high,educational_infographic,optional_after_answer,module7_digital_footprint_safety,module7_digital_footprint_safety,cybersecurity_protect_your_digital_footprint.png,/assets/cap-visuals/cybersecurity_protect_your_digital_footprint.png,approved,true,"Active and passive footprints, metadata, online reputation, oversharing risks, and safety actions.","Active and passive footprints, metadata, online reputation, oversharing risks, and safety actions.","Active and passive footprints, metadata, online reputation, oversharing risks, and safety actions.",high,close,true,1.0,original_textbook_grounded,Mitchell_Aerospace_sample_style_analysis,draft,AD-M7-Q073,45,AD_M7_100
AD-M7-Q075,7,4,Protecting Your Digital Footprint,AD7-4-healthy_digital_footprint,AD7-4-healthy_digital_footprint,AD7-4-healthy_digital_footprint,multiple_choice,direct_exam_style,medium,recall,Which choice best reflects a healthy digital footprint?,sharing passwords to build trust,posting everything publicly so nothing is hidden,"careful, respectful online behavior that protects privacy and reputation",ignoring privacy settings because apps know best,C,"A healthy digital footprint comes from smart, respectful, privacy-aware online habits.","A healthy digital footprint is built by posting thoughtfully, limiting personal details, reviewing privacy settings, and behaving respectfully online. These habits reduce risk and strengthen reputation.","Not quite. ""sharing passwords to build trust"" is related to Module 7 cyber security, but it is not the best answer here. The best answer is ""careful, respectful online behavior that protects privacy and reputation"" because a healthy digital footprint comes from smart, respectful, privacy-aware online habits.","Not quite. ""posting everything publicly so nothing is hidden"" is related to Module 7 cyber security, but it is not the best answer here. The best answer is ""careful, respectful online behavior that protects privacy and reputation"" because a healthy digital footprint comes from smart, respectful, privacy-aware online habits.","Correct. A healthy digital footprint comes from smart, respectful, privacy-aware online habits.","Not quite. ""ignoring privacy settings because apps know best"" is related to Module 7 cyber security, but it is not the best answer here. The best answer is ""careful, respectful online behavior that protects privacy and reputation"" because a healthy digital footprint comes from smart, respectful, privacy-aware online habits.",Post with future-you in mind.,"Review Module 7, Chapter 4, pages 55-57. Then explain healthy digital footprint in your own words and compare it with the closest distractor.",Aerospace Dimensions Module 7: Cyber Security,55-57,"Module 7, Chapter 4, pages 55-57",high,educational_infographic,optional_after_answer,module7_digital_footprint_safety,module7_digital_footprint_safety,cybersecurity_protect_your_digital_footprint.png,/assets/cap-visuals/cybersecurity_protect_your_digital_footprint.png,approved,true,"Active and passive footprints, metadata, online reputation, oversharing risks, and safety actions.","Active and passive footprints, metadata, online reputation, oversharing risks, and safety actions.","Active and passive footprints, metadata, online reputation, oversharing risks, and safety actions.",high,close,true,1.0,original_textbook_grounded,Mitchell_Aerospace_sample_style_analysis,draft,AD-M7-Q076,35,AD_M7_100
AD-M7-Q076,7,4,Protecting Your Digital Footprint,AD7-4-healthy_digital_footprint,AD7-4-healthy_digital_footprint,AD7-4-healthy_digital_footprint,multiple_choice,scenario_exam_style,medium,application,"A user thinks before posting, keeps personal details limited, uses strong passwords, and reviews privacy settings. Which description fits that pattern?",sharing passwords to build trust,posting everything publicly so nothing is hidden,ignoring privacy settings because apps know best,"careful, respectful online behavior that protects privacy and reputation",D,"A healthy digital footprint comes from smart, respectful, privacy-aware online habits.","A healthy digital footprint is built by posting thoughtfully, limiting personal details, reviewing privacy settings, and behaving respectfully online. These habits reduce risk and strengthen reputation.","Not quite. ""sharing passwords to build trust"" is related to Module 7 cyber security, but it is not the best answer here. The best answer is ""careful, respectful online behavior that protects privacy and reputation"" because a healthy digital footprint comes from smart, respectful, privacy-aware online habits.","Not quite. ""posting everything publicly so nothing is hidden"" is related to Module 7 cyber security, but it is not the best answer here. The best answer is ""careful, respectful online behavior that protects privacy and reputation"" because a healthy digital footprint comes from smart, respectful, privacy-aware online habits.","Not quite. ""ignoring privacy settings because apps know best"" is related to Module 7 cyber security, but it is not the best answer here. The best answer is ""careful, respectful online behavior that protects privacy and reputation"" because a healthy digital footprint comes from smart, respectful, privacy-aware online habits.","Correct. A healthy digital footprint comes from smart, respectful, privacy-aware online habits.",Post with future-you in mind.,"Review Module 7, Chapter 4, pages 55-57. Then explain healthy digital footprint in your own words and compare it with the closest distractor.",Aerospace Dimensions Module 7: Cyber Security,55-57,"Module 7, Chapter 4, pages 55-57",high,educational_infographic,optional_after_answer,module7_digital_footprint_safety,module7_digital_footprint_safety,cybersecurity_protect_your_digital_footprint.png,/assets/cap-visuals/cybersecurity_protect_your_digital_footprint.png,approved,true,"Active and passive footprints, metadata, online reputation, oversharing risks, and safety actions.","Active and passive footprints, metadata, online reputation, oversharing risks, and safety actions.","Active and passive footprints, metadata, online reputation, oversharing risks, and safety actions.",high,close,false,0.5,original_textbook_grounded,Mitchell_Aerospace_sample_style_analysis,draft,AD-M7-Q075,45,AD_M7_100
AD-M7-Q077,7,4,Protecting Your Digital Footprint,AD7-4-cyberbullying_definition,AD7-4-cyberbullying_definition,AD7-4-cyberbullying_definition,multiple_choice,direct_exam_style,medium,recall,Which answer best defines cyberbullying?,"electronic harassment intended to intimidate, threaten, or hurt a person or group",advice given by a security consultant after an audit,a server responding to a client request,a harmless joke that leaves no lasting impact,A,Cyberbullying is harmful electronic harassment meant to hurt or intimidate someone.,"Cyberbullying is the use of electronic communication to harass, threaten, intimidate, or humiliate a person or group. It is a real safety concern and should be reported to a trusted adult or authority.",Correct. Cyberbullying is harmful electronic harassment meant to hurt or intimidate someone.,"Not quite. ""advice given by a security consultant after an audit"" is related to Module 7 cyber security, but it is not the best answer here. The best answer is ""electronic harassment intended to intimidate, threaten, or hurt a person or group"" because cyberbullying is harmful electronic harassment meant to hurt or intimidate someone.","Not quite. ""a server responding to a client request"" is related to Module 7 cyber security, but it is not the best answer here. The best answer is ""electronic harassment intended to intimidate, threaten, or hurt a person or group"" because cyberbullying is harmful electronic harassment meant to hurt or intimidate someone.","Not quite. ""a harmless joke that leaves no lasting impact"" is related to Module 7 cyber security, but it is not the best answer here. The best answer is ""electronic harassment intended to intimidate, threaten, or hurt a person or group"" because cyberbullying is harmful electronic harassment meant to hurt or intimidate someone.",Bullying + cyber = online harm.,"Review Module 7, Chapter 4, pages 57-58. Then explain cyberbullying definition in your own words and compare it with the closest distractor.",Aerospace Dimensions Module 7: Cyber Security,57-58,"Module 7, Chapter 4, pages 57-58",high,educational_infographic,optional_after_answer,module7_digital_footprint_safety,module7_digital_footprint_safety,cybersecurity_protect_your_digital_footprint.png,/assets/cap-visuals/cybersecurity_protect_your_digital_footprint.png,approved,true,"Active and passive footprints, metadata, online reputation, oversharing risks, and safety actions.","Active and passive footprints, metadata, online reputation, oversharing risks, and safety actions.","Active and passive footprints, metadata, online reputation, oversharing risks, and safety actions.",high,close,false,0.5,original_textbook_grounded,Mitchell_Aerospace_sample_style_analysis,draft,AD-M7-Q078,35,AD_M7_100
AD-M7-Q078,7,4,Protecting Your Digital Footprint,AD7-4-cyberbullying_definition,AD7-4-cyberbullying_definition,AD7-4-cyberbullying_definition,multiple_choice,scenario_exam_style,medium,application,"Repeated online insults, rumors, and humiliation are directed at a student through messages and posts. What is this behavior called?",advice given by a security consultant after an audit,"electronic harassment intended to intimidate, threaten, or hurt a person or group",a server responding to a client request,a harmless joke that leaves no lasting impact,B,Cyberbullying is harmful electronic harassment meant to hurt or intimidate someone.,"Cyberbullying is the use of electronic communication to harass, threaten, intimidate, or humiliate a person or group. It is a real safety concern and should be reported to a trusted adult or authority.","Not quite. ""advice given by a security consultant after an audit"" is related to Module 7 cyber security, but it is not the best answer here. The best answer is ""electronic harassment intended to intimidate, threaten, or hurt a person or group"" because cyberbullying is harmful electronic harassment meant to hurt or intimidate someone.",Correct. Cyberbullying is harmful electronic harassment meant to hurt or intimidate someone.,"Not quite. ""a server responding to a client request"" is related to Module 7 cyber security, but it is not the best answer here. The best answer is ""electronic harassment intended to intimidate, threaten, or hurt a person or group"" because cyberbullying is harmful electronic harassment meant to hurt or intimidate someone.","Not quite. ""a harmless joke that leaves no lasting impact"" is related to Module 7 cyber security, but it is not the best answer here. The best answer is ""electronic harassment intended to intimidate, threaten, or hurt a person or group"" because cyberbullying is harmful electronic harassment meant to hurt or intimidate someone.",Bullying + cyber = online harm.,"Review Module 7, Chapter 4, pages 57-58. Then explain cyberbullying definition in your own words and compare it with the closest distractor.",Aerospace Dimensions Module 7: Cyber Security,57-58,"Module 7, Chapter 4, pages 57-58",high,educational_infographic,optional_after_answer,module7_digital_footprint_safety,module7_digital_footprint_safety,cybersecurity_protect_your_digital_footprint.png,/assets/cap-visuals/cybersecurity_protect_your_digital_footprint.png,approved,true,"Active and passive footprints, metadata, online reputation, oversharing risks, and safety actions.","Active and passive footprints, metadata, online reputation, oversharing risks, and safety actions.","Active and passive footprints, metadata, online reputation, oversharing risks, and safety actions.",high,close,false,0.5,original_textbook_grounded,Mitchell_Aerospace_sample_style_analysis,draft,AD-M7-Q077,45,AD_M7_100
AD-M7-Q079,7,4,Protecting Your Digital Footprint,AD7-4-cyberstalking_definition,AD7-4-cyberstalking_definition,AD7-4-cyberstalking_definition,multiple_choice,direct_exam_style,medium,recall,What is cyberstalking?,tricking users with a fake email to steal information,sharing your own content on purpose,"using electronic communications to repeatedly monitor, follow, or harass someone",the hidden data attached to a photo file,C,Cyberstalking is repeated electronic monitoring or harassment that makes someone feel unsafe.,"Cyberstalking uses electronic communication to follow, monitor, or harass another person. Because it can escalate and create safety risks, it should be taken seriously and reported.","Not quite. ""tricking users with a fake email to steal information"" is related to Module 7 cyber security, but it is not the best answer here. The best answer is ""using electronic communications to repeatedly monitor, follow, or harass someone"" because cyberstalking is repeated electronic monitoring or harassment that makes someone feel unsafe.","Not quite. ""sharing your own content on purpose"" is related to Module 7 cyber security, but it is not the best answer here. The best answer is ""using electronic communications to repeatedly monitor, follow, or harass someone"" because cyberstalking is repeated electronic monitoring or harassment that makes someone feel unsafe.",Correct. Cyberstalking is repeated electronic monitoring or harassment that makes someone feel unsafe.,"Not quite. ""the hidden data attached to a photo file"" is related to Module 7 cyber security, but it is not the best answer here. The best answer is ""using electronic communications to repeatedly monitor, follow, or harass someone"" because cyberstalking is repeated electronic monitoring or harassment that makes someone feel unsafe.",Stalking = unwanted watching and contacting.,"Review Module 7, Chapter 4, pages 58-59. Then explain cyberstalking definition in your own words and compare it with the closest distractor.",Aerospace Dimensions Module 7: Cyber Security,58-59,"Module 7, Chapter 4, pages 58-59",high,educational_infographic,optional_after_answer,module7_digital_footprint_safety,module7_digital_footprint_safety,cybersecurity_protect_your_digital_footprint.png,/assets/cap-visuals/cybersecurity_protect_your_digital_footprint.png,approved,true,"Active and passive footprints, metadata, online reputation, oversharing risks, and safety actions.","Active and passive footprints, metadata, online reputation, oversharing risks, and safety actions.","Active and passive footprints, metadata, online reputation, oversharing risks, and safety actions.",high,close,false,0.5,original_textbook_grounded,Mitchell_Aerospace_sample_style_analysis,draft,AD-M7-Q080,35,AD_M7_100
AD-M7-Q080,7,4,Protecting Your Digital Footprint,AD7-4-cyberstalking_definition,AD7-4-cyberstalking_definition,AD7-4-cyberstalking_definition,multiple_choice,scenario_exam_style,medium,application,"Someone repeatedly watches another person’s online activity, sends unwanted messages, and makes the target feel unsafe. What is this behavior called?",tricking users with a fake email to steal information,sharing your own content on purpose,the hidden data attached to a photo file,"using electronic communications to repeatedly monitor, follow, or harass someone",D,Cyberstalking is repeated electronic monitoring or harassment that makes someone feel unsafe.,"Cyberstalking uses electronic communication to follow, monitor, or harass another person. Because it can escalate and create safety risks, it should be taken seriously and reported.","Not quite. ""tricking users with a fake email to steal information"" is related to Module 7 cyber security, but it is not the best answer here. The best answer is ""using electronic communications to repeatedly monitor, follow, or harass someone"" because cyberstalking is repeated electronic monitoring or harassment that makes someone feel unsafe.","Not quite. ""sharing your own content on purpose"" is related to Module 7 cyber security, but it is not the best answer here. The best answer is ""using electronic communications to repeatedly monitor, follow, or harass someone"" because cyberstalking is repeated electronic monitoring or harassment that makes someone feel unsafe.","Not quite. ""the hidden data attached to a photo file"" is related to Module 7 cyber security, but it is not the best answer here. The best answer is ""using electronic communications to repeatedly monitor, follow, or harass someone"" because cyberstalking is repeated electronic monitoring or harassment that makes someone feel unsafe.",Correct. Cyberstalking is repeated electronic monitoring or harassment that makes someone feel unsafe.,Stalking = unwanted watching and contacting.,"Review Module 7, Chapter 4, pages 58-59. Then explain cyberstalking definition in your own words and compare it with the closest distractor.",Aerospace Dimensions Module 7: Cyber Security,58-59,"Module 7, Chapter 4, pages 58-59",high,educational_infographic,optional_after_answer,module7_digital_footprint_safety,module7_digital_footprint_safety,cybersecurity_protect_your_digital_footprint.png,/assets/cap-visuals/cybersecurity_protect_your_digital_footprint.png,approved,true,"Active and passive footprints, metadata, online reputation, oversharing risks, and safety actions.","Active and passive footprints, metadata, online reputation, oversharing risks, and safety actions.","Active and passive footprints, metadata, online reputation, oversharing risks, and safety actions.",high,close,false,0.5,original_textbook_grounded,Mitchell_Aerospace_sample_style_analysis,draft,AD-M7-Q079,45,AD_M7_100
AD-M7-Q081,7,4,Protecting Your Digital Footprint,AD7-4-cyber_predator_safety,AD7-4-cyber_predator_safety,AD7-4-cyber_predator_safety,multiple_choice,direct_exam_style,medium,recall,Which answer best fits safe action around cyber predators?,warning signs and protective actions related to online predators who try to exploit people,a website storing a session cookie,a student using a VPN on public Wi-Fi,a company offering a security certification,A,"Cyber predator situations require blocking, reporting, telling a trusted adult, and saving evidence.","Cyber predators exploit people online to cause harm. Warning signs include requests for personal information or private photos and pressure to communicate secretly or meet in person. The safest response is to block, report, tell a trusted adult, and save evidence.","Correct. Cyber predator situations require blocking, reporting, telling a trusted adult, and saving evidence.","Not quite. ""a website storing a session cookie"" is related to Module 7 cyber security, but it is not the best answer here. The best answer is ""warning signs and protective actions related to online predators who try to exploit people"" because cyber predator situations require blocking, reporting, telling a trusted adult, and saving evidence.","Not quite. ""a student using a VPN on public Wi-Fi"" is related to Module 7 cyber security, but it is not the best answer here. The best answer is ""warning signs and protective actions related to online predators who try to exploit people"" because cyber predator situations require blocking, reporting, telling a trusted adult, and saving evidence.","Not quite. ""a company offering a security certification"" is related to Module 7 cyber security, but it is not the best answer here. The best answer is ""warning signs and protective actions related to online predators who try to exploit people"" because cyber predator situations require blocking, reporting, telling a trusted adult, and saving evidence.","Red flag? Block, report, tell, save.","Review Module 7, Chapter 4, pages 59-60. Then explain cyber predator safety in your own words and compare it with the closest distractor.",Aerospace Dimensions Module 7: Cyber Security,59-60,"Module 7, Chapter 4, pages 59-60",high,educational_infographic,optional_after_answer,module7_digital_footprint_safety,module7_digital_footprint_safety,cybersecurity_protect_your_digital_footprint.png,/assets/cap-visuals/cybersecurity_protect_your_digital_footprint.png,approved,true,"Active and passive footprints, metadata, online reputation, oversharing risks, and safety actions.","Active and passive footprints, metadata, online reputation, oversharing risks, and safety actions.","Active and passive footprints, metadata, online reputation, oversharing risks, and safety actions.",high,close,false,0.5,original_textbook_grounded,Mitchell_Aerospace_sample_style_analysis,draft,AD-M7-Q082,35,AD_M7_100
AD-M7-Q082,7,4,Protecting Your Digital Footprint,AD7-4-cyber_predator_safety,AD7-4-cyber_predator_safety,AD7-4-cyber_predator_safety,multiple_choice,scenario_exam_style,medium,application,"An online contact asks for personal information, requests photos, and pressures a young user to meet offline. What is the safest response?",a website storing a session cookie,warning signs and protective actions related to online predators who try to exploit people,a student using a VPN on public Wi-Fi,a company offering a security certification,B,"Cyber predator situations require blocking, reporting, telling a trusted adult, and saving evidence.","Cyber predators exploit people online to cause harm. Warning signs include requests for personal information or private photos and pressure to communicate secretly or meet in person. The safest response is to block, report, tell a trusted adult, and save evidence.","Not quite. ""a website storing a session cookie"" is related to Module 7 cyber security, but it is not the best answer here. The best answer is ""warning signs and protective actions related to online predators who try to exploit people"" because cyber predator situations require blocking, reporting, telling a trusted adult, and saving evidence.","Correct. Cyber predator situations require blocking, reporting, telling a trusted adult, and saving evidence.","Not quite. ""a student using a VPN on public Wi-Fi"" is related to Module 7 cyber security, but it is not the best answer here. The best answer is ""warning signs and protective actions related to online predators who try to exploit people"" because cyber predator situations require blocking, reporting, telling a trusted adult, and saving evidence.","Not quite. ""a company offering a security certification"" is related to Module 7 cyber security, but it is not the best answer here. The best answer is ""warning signs and protective actions related to online predators who try to exploit people"" because cyber predator situations require blocking, reporting, telling a trusted adult, and saving evidence.","Red flag? Block, report, tell, save.","Review Module 7, Chapter 4, pages 59-60. Then explain cyber predator safety in your own words and compare it with the closest distractor.",Aerospace Dimensions Module 7: Cyber Security,59-60,"Module 7, Chapter 4, pages 59-60",high,educational_infographic,optional_after_answer,module7_digital_footprint_safety,module7_digital_footprint_safety,cybersecurity_protect_your_digital_footprint.png,/assets/cap-visuals/cybersecurity_protect_your_digital_footprint.png,approved,true,"Active and passive footprints, metadata, online reputation, oversharing risks, and safety actions.","Active and passive footprints, metadata, online reputation, oversharing risks, and safety actions.","Active and passive footprints, metadata, online reputation, oversharing risks, and safety actions.",high,close,false,0.5,original_textbook_grounded,Mitchell_Aerospace_sample_style_analysis,draft,AD-M7-Q081,45,AD_M7_100
AD-M7-Q083,7,5,The Future of Cyber Security,AD7-5-career_demand,AD7-5-career_demand,AD7-5-career_demand,multiple_choice,direct_exam_style,medium,recall,Why is cyber security considered a field with growing demand?,cyber security jobs are disappearing because systems can protect themselves,only the military needs cyber security workers,cyber security is a growing field because attacks are increasing and many organizations need protection,cyber security is useful only for people who want to hack illegally,C,"Demand is growing because more organizations need people to defend systems, data, and infrastructure.","Cyber security demand is growing because cyberattacks continue to increase while organizations in healthcare, finance, government, retail, aerospace, and many other sectors need protection. There is also a shortage of qualified professionals.","Not quite. ""cyber security jobs are disappearing because systems can protect themselves"" is related to Module 7 cyber security, but it is not the best answer here. The best answer is ""cyber security is a growing field because attacks are increasing and many organizations need protection"" because demand is growing because more organizations need people to defend systems, data, and infrastructure.","Not quite. ""only the military needs cyber security workers"" is related to Module 7 cyber security, but it is not the best answer here. The best answer is ""cyber security is a growing field because attacks are increasing and many organizations need protection"" because demand is growing because more organizations need people to defend systems, data, and infrastructure.","Correct. Demand is growing because more organizations need people to defend systems, data, and infrastructure.","Not quite. ""cyber security is useful only for people who want to hack illegally"" is related to Module 7 cyber security, but it is not the best answer here. The best answer is ""cyber security is a growing field because attacks are increasing and many organizations need protection"" because demand is growing because more organizations need people to defend systems, data, and infrastructure.",More attacks + more tech = more need.,"Review Module 7, Chapter 5, pages 61-62. Then explain career demand in your own words and compare it with the closest distractor.",Aerospace Dimensions Module 7: Cyber Security,61-62,"Module 7, Chapter 5, pages 61-62",high,educational_infographic,optional_after_answer,module7_cyber_careers_pathways,module7_cyber_careers_pathways,cyber_security_career_pathway_infographic.png,/assets/cap-visuals/cyber_security_career_pathway_infographic.png,approved,true,"Degree pathways, certifications, career levels, cyber roles, and future trends.","Degree pathways, certifications, career levels, cyber roles, and future trends.","Degree pathways, certifications, career levels, cyber roles, and future trends.",high,close,false,0.5,original_textbook_grounded,Mitchell_Aerospace_sample_style_analysis,draft,AD-M7-Q084,35,AD_M7_100
AD-M7-Q084,7,5,The Future of Cyber Security,AD7-5-career_demand,AD7-5-career_demand,AD7-5-career_demand,multiple_choice,scenario_exam_style,hard,application,A student asks why there are so many opportunities in cyber security careers. Which answer is best?,cyber security jobs are disappearing because systems can protect themselves,only the military needs cyber security workers,cyber security is useful only for people who want to hack illegally,cyber security is a growing field because attacks are increasing and many organizations need protection,D,"Demand is growing because more organizations need people to defend systems, data, and infrastructure.","Cyber security demand is growing because cyberattacks continue to increase while organizations in healthcare, finance, government, retail, aerospace, and many other sectors need protection. There is also a shortage of qualified professionals.","Not quite. ""cyber security jobs are disappearing because systems can protect themselves"" is related to Module 7 cyber security, but it is not the best answer here. The best answer is ""cyber security is a growing field because attacks are increasing and many organizations need protection"" because demand is growing because more organizations need people to defend systems, data, and infrastructure.","Not quite. ""only the military needs cyber security workers"" is related to Module 7 cyber security, but it is not the best answer here. The best answer is ""cyber security is a growing field because attacks are increasing and many organizations need protection"" because demand is growing because more organizations need people to defend systems, data, and infrastructure.","Not quite. ""cyber security is useful only for people who want to hack illegally"" is related to Module 7 cyber security, but it is not the best answer here. The best answer is ""cyber security is a growing field because attacks are increasing and many organizations need protection"" because demand is growing because more organizations need people to defend systems, data, and infrastructure.","Correct. Demand is growing because more organizations need people to defend systems, data, and infrastructure.",More attacks + more tech = more need.,"Review Module 7, Chapter 5, pages 61-62. Then explain career demand in your own words and compare it with the closest distractor.",Aerospace Dimensions Module 7: Cyber Security,61-62,"Module 7, Chapter 5, pages 61-62",high,educational_infographic,optional_after_answer,module7_cyber_careers_pathways,module7_cyber_careers_pathways,cyber_security_career_pathway_infographic.png,/assets/cap-visuals/cyber_security_career_pathway_infographic.png,approved,true,"Degree pathways, certifications, career levels, cyber roles, and future trends.","Degree pathways, certifications, career levels, cyber roles, and future trends.","Degree pathways, certifications, career levels, cyber roles, and future trends.",high,close,false,0.5,original_textbook_grounded,Mitchell_Aerospace_sample_style_analysis,draft,AD-M7-Q083,45,AD_M7_100
AD-M7-Q085,7,5,The Future of Cyber Security,AD7-5-degree_programs,AD7-5-degree_programs,AD7-5-degree_programs,multiple_choice,direct_exam_style,medium,recall,Which answer best describes a degree-program pathway into cyber security?,college programs such as cyber security or related majors that provide formal preparation for cyber careers,temporary tracking files stored by a browser,a public Wi-Fi habit that avoids encryption,a message split into packets for routing,A,Degree programs are formal college pathways that prepare students for cyber careers.,"Cyber security degree programs provide formal education and training for future professionals. Related majors such as information technology, computer science, information systems, and digital forensics can also build a strong foundation.",Correct. Degree programs are formal college pathways that prepare students for cyber careers.,"Not quite. ""temporary tracking files stored by a browser"" is related to Module 7 cyber security, but it is not the best answer here. The best answer is ""college programs such as cyber security or related majors that provide formal preparation for cyber careers"" because degree programs are formal college pathways that prepare students for cyber careers.","Not quite. ""a public Wi-Fi habit that avoids encryption"" is related to Module 7 cyber security, but it is not the best answer here. The best answer is ""college programs such as cyber security or related majors that provide formal preparation for cyber careers"" because degree programs are formal college pathways that prepare students for cyber careers.","Not quite. ""a message split into packets for routing"" is related to Module 7 cyber security, but it is not the best answer here. The best answer is ""college programs such as cyber security or related majors that provide formal preparation for cyber careers"" because degree programs are formal college pathways that prepare students for cyber careers.",Degree = structured long path.,"Review Module 7, Chapter 5, pages 61-62. Then explain degree programs in your own words and compare it with the closest distractor.",Aerospace Dimensions Module 7: Cyber Security,61-62,"Module 7, Chapter 5, pages 61-62",high,educational_infographic,optional_after_answer,module7_cyber_careers_pathways,module7_cyber_careers_pathways,cyber_security_career_pathway_infographic.png,/assets/cap-visuals/cyber_security_career_pathway_infographic.png,approved,true,"Degree pathways, certifications, career levels, cyber roles, and future trends.","Degree pathways, certifications, career levels, cyber roles, and future trends.","Degree pathways, certifications, career levels, cyber roles, and future trends.",high,close,false,0.5,original_textbook_grounded,Mitchell_Aerospace_sample_style_analysis,draft,AD-M7-Q086,35,AD_M7_100
AD-M7-Q086,7,5,The Future of Cyber Security,AD7-5-degree_programs,AD7-5-degree_programs,AD7-5-degree_programs,multiple_choice,scenario_exam_style,hard,application,A student enrolls in a university program to build structured knowledge and professional skills for cyber work. Which pathway is this?,temporary tracking files stored by a browser,college programs such as cyber security or related majors that provide formal preparation for cyber careers,a public Wi-Fi habit that avoids encryption,a message split into packets for routing,B,Degree programs are formal college pathways that prepare students for cyber careers.,"Cyber security degree programs provide formal education and training for future professionals. Related majors such as information technology, computer science, information systems, and digital forensics can also build a strong foundation.","Not quite. ""temporary tracking files stored by a browser"" is related to Module 7 cyber security, but it is not the best answer here. The best answer is ""college programs such as cyber security or related majors that provide formal preparation for cyber careers"" because degree programs are formal college pathways that prepare students for cyber careers.",Correct. Degree programs are formal college pathways that prepare students for cyber careers.,"Not quite. ""a public Wi-Fi habit that avoids encryption"" is related to Module 7 cyber security, but it is not the best answer here. The best answer is ""college programs such as cyber security or related majors that provide formal preparation for cyber careers"" because degree programs are formal college pathways that prepare students for cyber careers.","Not quite. ""a message split into packets for routing"" is related to Module 7 cyber security, but it is not the best answer here. The best answer is ""college programs such as cyber security or related majors that provide formal preparation for cyber careers"" because degree programs are formal college pathways that prepare students for cyber careers.",Degree = structured long path.,"Review Module 7, Chapter 5, pages 61-62. Then explain degree programs in your own words and compare it with the closest distractor.",Aerospace Dimensions Module 7: Cyber Security,61-62,"Module 7, Chapter 5, pages 61-62",high,educational_infographic,optional_after_answer,module7_cyber_careers_pathways,module7_cyber_careers_pathways,cyber_security_career_pathway_infographic.png,/assets/cap-visuals/cyber_security_career_pathway_infographic.png,approved,true,"Degree pathways, certifications, career levels, cyber roles, and future trends.","Degree pathways, certifications, career levels, cyber roles, and future trends.","Degree pathways, certifications, career levels, cyber roles, and future trends.",high,close,false,0.5,original_textbook_grounded,Mitchell_Aerospace_sample_style_analysis,draft,AD-M7-Q085,45,AD_M7_100
AD-M7-Q087,7,5,The Future of Cyber Security,AD7-5-computer_science_definition,AD7-5-computer_science_definition,AD7-5-computer_science_definition,multiple_choice,direct_exam_style,medium,recall,What is computer science?,a list of laws about online behavior,a malware category that spies on users,the study of computing systems and how they function,a type of cookie deleted when the browser closes,C,Computer science is the study of computing systems and how they work.,"Computer science is a broad field focused on computing systems, programming, algorithms, and related topics. It can serve as a strong pathway into cyber security even if the degree is not named cyber security.","Not quite. ""a list of laws about online behavior"" is related to Module 7 cyber security, but it is not the best answer here. The best answer is ""the study of computing systems and how they function"" because computer science is the study of computing systems and how they work.","Not quite. ""a malware category that spies on users"" is related to Module 7 cyber security, but it is not the best answer here. The best answer is ""the study of computing systems and how they function"" because computer science is the study of computing systems and how they work.",Correct. Computer science is the study of computing systems and how they work.,"Not quite. ""a type of cookie deleted when the browser closes"" is related to Module 7 cyber security, but it is not the best answer here. The best answer is ""the study of computing systems and how they function"" because computer science is the study of computing systems and how they work.",CS = how computing systems work.,"Review Module 7, Chapter 5, pages 62. Then explain computer science definition in your own words and compare it with the closest distractor.",Aerospace Dimensions Module 7: Cyber Security,62,"Module 7, Chapter 5, pages 62",high,educational_infographic,optional_after_answer,module7_cyber_careers_pathways,module7_cyber_careers_pathways,cyber_security_career_pathway_infographic.png,/assets/cap-visuals/cyber_security_career_pathway_infographic.png,approved,true,"Degree pathways, certifications, career levels, cyber roles, and future trends.","Degree pathways, certifications, career levels, cyber roles, and future trends.","Degree pathways, certifications, career levels, cyber roles, and future trends.",high,close,false,0.5,original_textbook_grounded,Mitchell_Aerospace_sample_style_analysis,draft,AD-M7-Q088,35,AD_M7_100
AD-M7-Q088,7,5,The Future of Cyber Security,AD7-5-computer_science_definition,AD7-5-computer_science_definition,AD7-5-computer_science_definition,multiple_choice,scenario_exam_style,hard,application,"A student studies programming, operating systems, networks, and how computers work. Which broader field is being studied?",a list of laws about online behavior,a malware category that spies on users,a type of cookie deleted when the browser closes,the study of computing systems and how they function,D,Computer science is the study of computing systems and how they work.,"Computer science is a broad field focused on computing systems, programming, algorithms, and related topics. It can serve as a strong pathway into cyber security even if the degree is not named cyber security.","Not quite. ""a list of laws about online behavior"" is related to Module 7 cyber security, but it is not the best answer here. The best answer is ""the study of computing systems and how they function"" because computer science is the study of computing systems and how they work.","Not quite. ""a malware category that spies on users"" is related to Module 7 cyber security, but it is not the best answer here. The best answer is ""the study of computing systems and how they function"" because computer science is the study of computing systems and how they work.","Not quite. ""a type of cookie deleted when the browser closes"" is related to Module 7 cyber security, but it is not the best answer here. The best answer is ""the study of computing systems and how they function"" because computer science is the study of computing systems and how they work.",Correct. Computer science is the study of computing systems and how they work.,CS = how computing systems work.,"Review Module 7, Chapter 5, pages 62. Then explain computer science definition in your own words and compare it with the closest distractor.",Aerospace Dimensions Module 7: Cyber Security,62,"Module 7, Chapter 5, pages 62",high,educational_infographic,optional_after_answer,module7_cyber_careers_pathways,module7_cyber_careers_pathways,cyber_security_career_pathway_infographic.png,/assets/cap-visuals/cyber_security_career_pathway_infographic.png,approved,true,"Degree pathways, certifications, career levels, cyber roles, and future trends.","Degree pathways, certifications, career levels, cyber roles, and future trends.","Degree pathways, certifications, career levels, cyber roles, and future trends.",high,close,false,0.5,original_textbook_grounded,Mitchell_Aerospace_sample_style_analysis,draft,AD-M7-Q087,45,AD_M7_100
AD-M7-Q089,7,5,The Future of Cyber Security,AD7-5-certification_benefits,AD7-5-certification_benefits,AD7-5-certification_benefits,multiple_choice,direct_exam_style,medium,recall,Why can cyber security certifications be valuable?,certifications validate skills and can help someone qualify for or stand out in cyber security jobs,certifications remove the need to learn new skills later,certifications guarantee a high-level executive role immediately,certifications are only useful for criminal hackers,A,Certifications can validate skill and improve employability.,Cyber security certifications can show employers that a candidate has studied key topics and passed a relevant exam. They can supplement a degree or help someone pursue an entry-level role without a full degree.,Correct. Certifications can validate skill and improve employability.,"Not quite. ""certifications remove the need to learn new skills later"" is related to Module 7 cyber security, but it is not the best answer here. The best answer is ""certifications validate skills and can help someone qualify for or stand out in cyber security jobs"" because certifications can validate skill and improve employability.","Not quite. ""certifications guarantee a high-level executive role immediately"" is related to Module 7 cyber security, but it is not the best answer here. The best answer is ""certifications validate skills and can help someone qualify for or stand out in cyber security jobs"" because certifications can validate skill and improve employability.","Not quite. ""certifications are only useful for criminal hackers"" is related to Module 7 cyber security, but it is not the best answer here. The best answer is ""certifications validate skills and can help someone qualify for or stand out in cyber security jobs"" because certifications can validate skill and improve employability.",Certs show commitment and competence.,"Review Module 7, Chapter 5, pages 62-63. Then explain certification benefits in your own words and compare it with the closest distractor.",Aerospace Dimensions Module 7: Cyber Security,62-63,"Module 7, Chapter 5, pages 62-63",high,educational_infographic,optional_after_answer,module7_cyber_careers_pathways,module7_cyber_careers_pathways,cyber_security_career_pathway_infographic.png,/assets/cap-visuals/cyber_security_career_pathway_infographic.png,approved,true,"Degree pathways, certifications, career levels, cyber roles, and future trends.","Degree pathways, certifications, career levels, cyber roles, and future trends.","Degree pathways, certifications, career levels, cyber roles, and future trends.",high,close,false,0.5,original_textbook_grounded,Mitchell_Aerospace_sample_style_analysis,draft,AD-M7-Q090,35,AD_M7_100
AD-M7-Q090,7,5,The Future of Cyber Security,AD7-5-certification_benefits,AD7-5-certification_benefits,AD7-5-certification_benefits,multiple_choice,scenario_exam_style,hard,application,A student wants a faster and often less expensive way to prove cyber knowledge to employers. What makes certifications useful?,certifications remove the need to learn new skills later,certifications validate skills and can help someone qualify for or stand out in cyber security jobs,certifications guarantee a high-level executive role immediately,certifications are only useful for criminal hackers,B,Certifications can validate skill and improve employability.,Cyber security certifications can show employers that a candidate has studied key topics and passed a relevant exam. They can supplement a degree or help someone pursue an entry-level role without a full degree.,"Not quite. ""certifications remove the need to learn new skills later"" is related to Module 7 cyber security, but it is not the best answer here. The best answer is ""certifications validate skills and can help someone qualify for or stand out in cyber security jobs"" because certifications can validate skill and improve employability.",Correct. Certifications can validate skill and improve employability.,"Not quite. ""certifications guarantee a high-level executive role immediately"" is related to Module 7 cyber security, but it is not the best answer here. The best answer is ""certifications validate skills and can help someone qualify for or stand out in cyber security jobs"" because certifications can validate skill and improve employability.","Not quite. ""certifications are only useful for criminal hackers"" is related to Module 7 cyber security, but it is not the best answer here. The best answer is ""certifications validate skills and can help someone qualify for or stand out in cyber security jobs"" because certifications can validate skill and improve employability.",Certs show commitment and competence.,"Review Module 7, Chapter 5, pages 62-63. Then explain certification benefits in your own words and compare it with the closest distractor.",Aerospace Dimensions Module 7: Cyber Security,62-63,"Module 7, Chapter 5, pages 62-63",high,educational_infographic,optional_after_answer,module7_cyber_careers_pathways,module7_cyber_careers_pathways,cyber_security_career_pathway_infographic.png,/assets/cap-visuals/cyber_security_career_pathway_infographic.png,approved,true,"Degree pathways, certifications, career levels, cyber roles, and future trends.","Degree pathways, certifications, career levels, cyber roles, and future trends.","Degree pathways, certifications, career levels, cyber roles, and future trends.",high,close,false,0.5,original_textbook_grounded,Mitchell_Aerospace_sample_style_analysis,draft,AD-M7-Q089,45,AD_M7_100
AD-M7-Q091,7,5,The Future of Cyber Security,AD7-5-intro_cyber_skills,AD7-5-intro_cyber_skills,AD7-5-intro_cyber_skills,multiple_choice,direct_exam_style,medium,recall,What is the main focus of introductory cyber security skills certifications?,they focus only on advanced web exploitation and buffer overflows,they train only senior executives in governance,"introductory cyber security certifications cover basic security concepts, attacks, defenses, and core principles",they are designed only for physical self-defense,C,Introductory cyber security certifications build a foundation in core security concepts.,"Introductory cyber security certifications are designed for people new to the field. They cover foundational concepts such as security principles, attacks and defenses, policies, encryption, and basic networking or system protection ideas.","Not quite. ""they focus only on advanced web exploitation and buffer overflows"" is related to Module 7 cyber security, but it is not the best answer here. The best answer is ""introductory cyber security certifications cover basic security concepts, attacks, defenses, and core principles"" because introductory cyber security certifications build a foundation in core security concepts.","Not quite. ""they train only senior executives in governance"" is related to Module 7 cyber security, but it is not the best answer here. The best answer is ""introductory cyber security certifications cover basic security concepts, attacks, defenses, and core principles"" because introductory cyber security certifications build a foundation in core security concepts.",Correct. Introductory cyber security certifications build a foundation in core security concepts.,"Not quite. ""they are designed only for physical self-defense"" is related to Module 7 cyber security, but it is not the best answer here. The best answer is ""introductory cyber security certifications cover basic security concepts, attacks, defenses, and core principles"" because introductory cyber security certifications build a foundation in core security concepts.",Intro certs = core concepts first.,"Review Module 7, Chapter 5, pages 63. Then explain intro cyber skills in your own words and compare it with the closest distractor.",Aerospace Dimensions Module 7: Cyber Security,63,"Module 7, Chapter 5, pages 63",high,educational_infographic,optional_after_answer,module7_cyber_careers_pathways,module7_cyber_careers_pathways,cyber_security_career_pathway_infographic.png,/assets/cap-visuals/cyber_security_career_pathway_infographic.png,approved,true,"Degree pathways, certifications, career levels, cyber roles, and future trends.","Degree pathways, certifications, career levels, cyber roles, and future trends.","Degree pathways, certifications, career levels, cyber roles, and future trends.",high,close,false,0.5,original_textbook_grounded,Mitchell_Aerospace_sample_style_analysis,draft,AD-M7-Q092,35,AD_M7_100
AD-M7-Q092,7,5,The Future of Cyber Security,AD7-5-intro_cyber_skills,AD7-5-intro_cyber_skills,AD7-5-intro_cyber_skills,multiple_choice,scenario_exam_style,hard,application,"A beginner wants a foundation in attacks, defenses, policies, business continuity, and basic security ideas. Which certification category fits best?",they focus only on advanced web exploitation and buffer overflows,they train only senior executives in governance,they are designed only for physical self-defense,"introductory cyber security certifications cover basic security concepts, attacks, defenses, and core principles",D,Introductory cyber security certifications build a foundation in core security concepts.,"Introductory cyber security certifications are designed for people new to the field. They cover foundational concepts such as security principles, attacks and defenses, policies, encryption, and basic networking or system protection ideas.","Not quite. ""they focus only on advanced web exploitation and buffer overflows"" is related to Module 7 cyber security, but it is not the best answer here. The best answer is ""introductory cyber security certifications cover basic security concepts, attacks, defenses, and core principles"" because introductory cyber security certifications build a foundation in core security concepts.","Not quite. ""they train only senior executives in governance"" is related to Module 7 cyber security, but it is not the best answer here. The best answer is ""introductory cyber security certifications cover basic security concepts, attacks, defenses, and core principles"" because introductory cyber security certifications build a foundation in core security concepts.","Not quite. ""they are designed only for physical self-defense"" is related to Module 7 cyber security, but it is not the best answer here. The best answer is ""introductory cyber security certifications cover basic security concepts, attacks, defenses, and core principles"" because introductory cyber security certifications build a foundation in core security concepts.",Correct. Introductory cyber security certifications build a foundation in core security concepts.,Intro certs = core concepts first.,"Review Module 7, Chapter 5, pages 63. Then explain intro cyber skills in your own words and compare it with the closest distractor.",Aerospace Dimensions Module 7: Cyber Security,63,"Module 7, Chapter 5, pages 63",high,educational_infographic,optional_after_answer,module7_cyber_careers_pathways,module7_cyber_careers_pathways,cyber_security_career_pathway_infographic.png,/assets/cap-visuals/cyber_security_career_pathway_infographic.png,approved,true,"Degree pathways, certifications, career levels, cyber roles, and future trends.","Degree pathways, certifications, career levels, cyber roles, and future trends.","Degree pathways, certifications, career levels, cyber roles, and future trends.",high,close,false,0.5,original_textbook_grounded,Mitchell_Aerospace_sample_style_analysis,draft,AD-M7-Q091,45,AD_M7_100
AD-M7-Q093,7,5,The Future of Cyber Security,AD7-5-ethical_hacking_certs,AD7-5-ethical_hacking_certs,AD7-5-ethical_hacking_certs,multiple_choice,direct_exam_style,medium,recall,Which answer best describes ethical hacking certifications?,ethical hacking certifications focus on finding vulnerabilities and thinking like an attacker to improve security,they focus only on tracking advertising cookies,they are mainly about choosing privacy settings in a browser,they define how to store data in session cookies,A,Ethical hacking certifications train people to find weaknesses the way an attacker would—legally and ethically.,"Ethical hacking certifications teach the methods used to assess a system’s security from an attacker’s perspective. The goal is defensive improvement, not illegal activity.",Correct. Ethical hacking certifications train people to find weaknesses the way an attacker would—legally and ethically.,"Not quite. ""they focus only on tracking advertising cookies"" is related to Module 7 cyber security, but it is not the best answer here. The best answer is ""ethical hacking certifications focus on finding vulnerabilities and thinking like an attacker to improve security"" because ethical hacking certifications train people to find weaknesses the way an attacker would—legally and ethically.","Not quite. ""they are mainly about choosing privacy settings in a browser"" is related to Module 7 cyber security, but it is not the best answer here. The best answer is ""ethical hacking certifications focus on finding vulnerabilities and thinking like an attacker to improve security"" because ethical hacking certifications train people to find weaknesses the way an attacker would—legally and ethically.","Not quite. ""they define how to store data in session cookies"" is related to Module 7 cyber security, but it is not the best answer here. The best answer is ""ethical hacking certifications focus on finding vulnerabilities and thinking like an attacker to improve security"" because ethical hacking certifications train people to find weaknesses the way an attacker would—legally and ethically.",Hack like a bad guy to stop a bad guy.,"Review Module 7, Chapter 5, pages 63. Then explain ethical hacking certs in your own words and compare it with the closest distractor.",Aerospace Dimensions Module 7: Cyber Security,63,"Module 7, Chapter 5, pages 63",high,educational_infographic,optional_after_answer,module7_cyber_careers_pathways,module7_cyber_careers_pathways,cyber_security_career_pathway_infographic.png,/assets/cap-visuals/cyber_security_career_pathway_infographic.png,approved,true,"Degree pathways, certifications, career levels, cyber roles, and future trends.","Degree pathways, certifications, career levels, cyber roles, and future trends.","Degree pathways, certifications, career levels, cyber roles, and future trends.",high,close,false,0.5,original_textbook_grounded,Mitchell_Aerospace_sample_style_analysis,draft,AD-M7-Q094,35,AD_M7_100
AD-M7-Q094,7,5,The Future of Cyber Security,AD7-5-ethical_hacking_certs,AD7-5-ethical_hacking_certs,AD7-5-ethical_hacking_certs,multiple_choice,scenario_exam_style,hard,application,"A learner studies reconnaissance, vulnerabilities, malware, attack techniques, and laws so systems can be tested and improved. Which certification category is this?",they focus only on tracking advertising cookies,ethical hacking certifications focus on finding vulnerabilities and thinking like an attacker to improve security,they are mainly about choosing privacy settings in a browser,they define how to store data in session cookies,B,Ethical hacking certifications train people to find weaknesses the way an attacker would—legally and ethically.,"Ethical hacking certifications teach the methods used to assess a system’s security from an attacker’s perspective. The goal is defensive improvement, not illegal activity.","Not quite. ""they focus only on tracking advertising cookies"" is related to Module 7 cyber security, but it is not the best answer here. The best answer is ""ethical hacking certifications focus on finding vulnerabilities and thinking like an attacker to improve security"" because ethical hacking certifications train people to find weaknesses the way an attacker would—legally and ethically.",Correct. Ethical hacking certifications train people to find weaknesses the way an attacker would—legally and ethically.,"Not quite. ""they are mainly about choosing privacy settings in a browser"" is related to Module 7 cyber security, but it is not the best answer here. The best answer is ""ethical hacking certifications focus on finding vulnerabilities and thinking like an attacker to improve security"" because ethical hacking certifications train people to find weaknesses the way an attacker would—legally and ethically.","Not quite. ""they define how to store data in session cookies"" is related to Module 7 cyber security, but it is not the best answer here. The best answer is ""ethical hacking certifications focus on finding vulnerabilities and thinking like an attacker to improve security"" because ethical hacking certifications train people to find weaknesses the way an attacker would—legally and ethically.",Hack like a bad guy to stop a bad guy.,"Review Module 7, Chapter 5, pages 63. Then explain ethical hacking certs in your own words and compare it with the closest distractor.",Aerospace Dimensions Module 7: Cyber Security,63,"Module 7, Chapter 5, pages 63",high,educational_infographic,optional_after_answer,module7_cyber_careers_pathways,module7_cyber_careers_pathways,cyber_security_career_pathway_infographic.png,/assets/cap-visuals/cyber_security_career_pathway_infographic.png,approved,true,"Degree pathways, certifications, career levels, cyber roles, and future trends.","Degree pathways, certifications, career levels, cyber roles, and future trends.","Degree pathways, certifications, career levels, cyber roles, and future trends.",high,close,false,0.5,original_textbook_grounded,Mitchell_Aerospace_sample_style_analysis,draft,AD-M7-Q093,45,AD_M7_100
AD-M7-Q095,7,5,The Future of Cyber Security,AD7-5-information_system_security_certs,AD7-5-information_system_security_certs,AD7-5-information_system_security_certs,multiple_choice,direct_exam_style,medium,recall,What do information system security certifications mainly emphasize?,they are limited to web design and graphic layout,they focus only on social media etiquette,"information system security certifications focus on securing information assets through risk management, access control, and security operations",they teach only how to assemble computers physically,C,Information system security certifications emphasize protecting information assets and managing security operations.,"Information system security certifications focus on the technical and managerial aspects of protecting information assets. Topics often include risk management, access control, networking, cryptography, and security operations.","Not quite. ""they are limited to web design and graphic layout"" is related to Module 7 cyber security, but it is not the best answer here. The best answer is ""information system security certifications focus on securing information assets through risk management, access control, and security operations"" because information system security certifications emphasize protecting information assets and managing security operations.","Not quite. ""they focus only on social media etiquette"" is related to Module 7 cyber security, but it is not the best answer here. The best answer is ""information system security certifications focus on securing information assets through risk management, access control, and security operations"" because information system security certifications emphasize protecting information assets and managing security operations.",Correct. Information system security certifications emphasize protecting information assets and managing security operations.,"Not quite. ""they teach only how to assemble computers physically"" is related to Module 7 cyber security, but it is not the best answer here. The best answer is ""information system security certifications focus on securing information assets through risk management, access control, and security operations"" because information system security certifications emphasize protecting information assets and managing security operations.",Protect the information system as a whole.,"Review Module 7, Chapter 5, pages 63. Then explain information system security certs in your own words and compare it with the closest distractor.",Aerospace Dimensions Module 7: Cyber Security,63,"Module 7, Chapter 5, pages 63",high,educational_infographic,optional_after_answer,module7_cyber_careers_pathways,module7_cyber_careers_pathways,cyber_security_career_pathway_infographic.png,/assets/cap-visuals/cyber_security_career_pathway_infographic.png,approved,true,"Degree pathways, certifications, career levels, cyber roles, and future trends.","Degree pathways, certifications, career levels, cyber roles, and future trends.","Degree pathways, certifications, career levels, cyber roles, and future trends.",high,close,false,0.5,original_textbook_grounded,Mitchell_Aerospace_sample_style_analysis,draft,AD-M7-Q096,35,AD_M7_100
AD-M7-Q096,7,5,The Future of Cyber Security,AD7-5-information_system_security_certs,AD7-5-information_system_security_certs,AD7-5-information_system_security_certs,multiple_choice,scenario_exam_style,hard,application,"A professional wants deeper expertise in risk management, access control, security operations, networking, and cryptography. Which certification category best matches?",they are limited to web design and graphic layout,they focus only on social media etiquette,they teach only how to assemble computers physically,"information system security certifications focus on securing information assets through risk management, access control, and security operations",D,Information system security certifications emphasize protecting information assets and managing security operations.,"Information system security certifications focus on the technical and managerial aspects of protecting information assets. Topics often include risk management, access control, networking, cryptography, and security operations.","Not quite. ""they are limited to web design and graphic layout"" is related to Module 7 cyber security, but it is not the best answer here. The best answer is ""information system security certifications focus on securing information assets through risk management, access control, and security operations"" because information system security certifications emphasize protecting information assets and managing security operations.","Not quite. ""they focus only on social media etiquette"" is related to Module 7 cyber security, but it is not the best answer here. The best answer is ""information system security certifications focus on securing information assets through risk management, access control, and security operations"" because information system security certifications emphasize protecting information assets and managing security operations.","Not quite. ""they teach only how to assemble computers physically"" is related to Module 7 cyber security, but it is not the best answer here. The best answer is ""information system security certifications focus on securing information assets through risk management, access control, and security operations"" because information system security certifications emphasize protecting information assets and managing security operations.",Correct. Information system security certifications emphasize protecting information assets and managing security operations.,Protect the information system as a whole.,"Review Module 7, Chapter 5, pages 63. Then explain information system security certs in your own words and compare it with the closest distractor.",Aerospace Dimensions Module 7: Cyber Security,63,"Module 7, Chapter 5, pages 63",high,educational_infographic,optional_after_answer,module7_cyber_careers_pathways,module7_cyber_careers_pathways,cyber_security_career_pathway_infographic.png,/assets/cap-visuals/cyber_security_career_pathway_infographic.png,approved,true,"Degree pathways, certifications, career levels, cyber roles, and future trends.","Degree pathways, certifications, career levels, cyber roles, and future trends.","Degree pathways, certifications, career levels, cyber roles, and future trends.",high,close,false,0.5,original_textbook_grounded,Mitchell_Aerospace_sample_style_analysis,draft,AD-M7-Q095,45,AD_M7_100
AD-M7-Q097,7,5,The Future of Cyber Security,AD7-5-penetration_testing_certs,AD7-5-penetration_testing_certs,AD7-5-penetration_testing_certs,multiple_choice,direct_exam_style,medium,recall,Which answer best describes penetration testing certifications?,penetration testing certifications focus on simulated attacks used to identify vulnerabilities,they focus mainly on cookie consent banners,they are limited to general online shopping safety,they define the digital layer of cyberspace,A,Penetration testing certifications focus on simulated attacks used to uncover weaknesses.,Penetration testing certifications prepare professionals to simulate attacks in a controlled and legal way. The goal is to discover vulnerabilities before a real attacker can exploit them.,Correct. Penetration testing certifications focus on simulated attacks used to uncover weaknesses.,"Not quite. ""they focus mainly on cookie consent banners"" is related to Module 7 cyber security, but it is not the best answer here. The best answer is ""penetration testing certifications focus on simulated attacks used to identify vulnerabilities"" because penetration testing certifications focus on simulated attacks used to uncover weaknesses.","Not quite. ""they are limited to general online shopping safety"" is related to Module 7 cyber security, but it is not the best answer here. The best answer is ""penetration testing certifications focus on simulated attacks used to identify vulnerabilities"" because penetration testing certifications focus on simulated attacks used to uncover weaknesses.","Not quite. ""they define the digital layer of cyberspace"" is related to Module 7 cyber security, but it is not the best answer here. The best answer is ""penetration testing certifications focus on simulated attacks used to identify vulnerabilities"" because penetration testing certifications focus on simulated attacks used to uncover weaknesses.",Pen test = test by attacking safely.,"Review Module 7, Chapter 5, pages 63-64. Then explain penetration testing certs in your own words and compare it with the closest distractor.",Aerospace Dimensions Module 7: Cyber Security,63-64,"Module 7, Chapter 5, pages 63-64",high,educational_infographic,optional_after_answer,module7_cyber_careers_pathways,module7_cyber_careers_pathways,cyber_security_career_pathway_infographic.png,/assets/cap-visuals/cyber_security_career_pathway_infographic.png,approved,true,"Degree pathways, certifications, career levels, cyber roles, and future trends.","Degree pathways, certifications, career levels, cyber roles, and future trends.","Degree pathways, certifications, career levels, cyber roles, and future trends.",high,close,false,0.5,original_textbook_grounded,Mitchell_Aerospace_sample_style_analysis,draft,AD-M7-Q098,35,AD_M7_100
AD-M7-Q098,7,5,The Future of Cyber Security,AD7-5-penetration_testing_certs,AD7-5-penetration_testing_certs,AD7-5-penetration_testing_certs,multiple_choice,scenario_exam_style,hard,application,"A learner wants to practice vulnerability scanning, web application attacks, privilege escalation, and exploitation in order to discover weaknesses. Which certification category fits best?",they focus mainly on cookie consent banners,penetration testing certifications focus on simulated attacks used to identify vulnerabilities,they are limited to general online shopping safety,they define the digital layer of cyberspace,B,Penetration testing certifications focus on simulated attacks used to uncover weaknesses.,Penetration testing certifications prepare professionals to simulate attacks in a controlled and legal way. The goal is to discover vulnerabilities before a real attacker can exploit them.,"Not quite. ""they focus mainly on cookie consent banners"" is related to Module 7 cyber security, but it is not the best answer here. The best answer is ""penetration testing certifications focus on simulated attacks used to identify vulnerabilities"" because penetration testing certifications focus on simulated attacks used to uncover weaknesses.",Correct. Penetration testing certifications focus on simulated attacks used to uncover weaknesses.,"Not quite. ""they are limited to general online shopping safety"" is related to Module 7 cyber security, but it is not the best answer here. The best answer is ""penetration testing certifications focus on simulated attacks used to identify vulnerabilities"" because penetration testing certifications focus on simulated attacks used to uncover weaknesses.","Not quite. ""they define the digital layer of cyberspace"" is related to Module 7 cyber security, but it is not the best answer here. The best answer is ""penetration testing certifications focus on simulated attacks used to identify vulnerabilities"" because penetration testing certifications focus on simulated attacks used to uncover weaknesses.",Pen test = test by attacking safely.,"Review Module 7, Chapter 5, pages 63-64. Then explain penetration testing certs in your own words and compare it with the closest distractor.",Aerospace Dimensions Module 7: Cyber Security,63-64,"Module 7, Chapter 5, pages 63-64",high,educational_infographic,optional_after_answer,module7_cyber_careers_pathways,module7_cyber_careers_pathways,cyber_security_career_pathway_infographic.png,/assets/cap-visuals/cyber_security_career_pathway_infographic.png,approved,true,"Degree pathways, certifications, career levels, cyber roles, and future trends.","Degree pathways, certifications, career levels, cyber roles, and future trends.","Degree pathways, certifications, career levels, cyber roles, and future trends.",high,close,false,0.5,original_textbook_grounded,Mitchell_Aerospace_sample_style_analysis,draft,AD-M7-Q097,45,AD_M7_100
AD-M7-Q099,7,5,The Future of Cyber Security,AD7-5-career_roles_levels,AD7-5-career_roles_levels,AD7-5-career_roles_levels,multiple_choice,direct_exam_style,medium,recall,Which statement best reflects how cyber security careers are organized?,all cyber jobs have the exact same duties regardless of experience,only advanced roles matter because entry-level jobs do not build useful skills,"cyber careers range from entry-level to advanced roles, with analysts, consultants, testers, engineers, architects, and CISOs at different stages",career progress in cyber security is impossible without illegal hacking experience,C,"Cyber careers develop across levels, with responsibilities and roles changing as experience grows.","Cyber security careers often progress from entry-level roles to intermediate and advanced roles. As experience grows, responsibilities expand from monitoring and investigating to consulting, engineering, designing security architecture, and leading strategy.","Not quite. ""all cyber jobs have the exact same duties regardless of experience"" is related to Module 7 cyber security, but it is not the best answer here. The best answer is ""cyber careers range from entry-level to advanced roles, with analysts, consultants, testers, engineers, architects, and CISOs at different stages"" because cyber careers develop across levels, with responsibilities and roles changing as experience grows.","Not quite. ""only advanced roles matter because entry-level jobs do not build useful skills"" is related to Module 7 cyber security, but it is not the best answer here. The best answer is ""cyber careers range from entry-level to advanced roles, with analysts, consultants, testers, engineers, architects, and CISOs at different stages"" because cyber careers develop across levels, with responsibilities and roles changing as experience grows.","Correct. Cyber careers develop across levels, with responsibilities and roles changing as experience grows.","Not quite. ""career progress in cyber security is impossible without illegal hacking experience"" is related to Module 7 cyber security, but it is not the best answer here. The best answer is ""cyber careers range from entry-level to advanced roles, with analysts, consultants, testers, engineers, architects, and CISOs at different stages"" because cyber careers develop across levels, with responsibilities and roles changing as experience grows.","Climb the ladder: entry, intermediate, advanced.","Review Module 7, Chapter 5, pages 64. Then explain career roles levels in your own words and compare it with the closest distractor.",Aerospace Dimensions Module 7: Cyber Security,64,"Module 7, Chapter 5, pages 64",high,educational_infographic,optional_after_answer,module7_cyber_careers_pathways,module7_cyber_careers_pathways,cyber_security_career_pathway_infographic.png,/assets/cap-visuals/cyber_security_career_pathway_infographic.png,approved,true,"Degree pathways, certifications, career levels, cyber roles, and future trends.","Degree pathways, certifications, career levels, cyber roles, and future trends.","Degree pathways, certifications, career levels, cyber roles, and future trends.",high,close,false,0.5,original_textbook_grounded,Mitchell_Aerospace_sample_style_analysis,draft,AD-M7-Q100,35,AD_M7_100
AD-M7-Q100,7,5,The Future of Cyber Security,AD7-5-career_roles_levels,AD7-5-career_roles_levels,AD7-5-career_roles_levels,multiple_choice,scenario_exam_style,hard,application,A student compares entry-level roles like specialist or investigator with intermediate roles like analyst or penetration tester and advanced roles like architect or CISO. What broad idea does this illustrate?,all cyber jobs have the exact same duties regardless of experience,only advanced roles matter because entry-level jobs do not build useful skills,career progress in cyber security is impossible without illegal hacking experience,"cyber careers range from entry-level to advanced roles, with analysts, consultants, testers, engineers, architects, and CISOs at different stages",D,"Cyber careers develop across levels, with responsibilities and roles changing as experience grows.","Cyber security careers often progress from entry-level roles to intermediate and advanced roles. As experience grows, responsibilities expand from monitoring and investigating to consulting, engineering, designing security architecture, and leading strategy.","Not quite. ""all cyber jobs have the exact same duties regardless of experience"" is related to Module 7 cyber security, but it is not the best answer here. The best answer is ""cyber careers range from entry-level to advanced roles, with analysts, consultants, testers, engineers, architects, and CISOs at different stages"" because cyber careers develop across levels, with responsibilities and roles changing as experience grows.","Not quite. ""only advanced roles matter because entry-level jobs do not build useful skills"" is related to Module 7 cyber security, but it is not the best answer here. The best answer is ""cyber careers range from entry-level to advanced roles, with analysts, consultants, testers, engineers, architects, and CISOs at different stages"" because cyber careers develop across levels, with responsibilities and roles changing as experience grows.","Not quite. ""career progress in cyber security is impossible without illegal hacking experience"" is related to Module 7 cyber security, but it is not the best answer here. The best answer is ""cyber careers range from entry-level to advanced roles, with analysts, consultants, testers, engineers, architects, and CISOs at different stages"" because cyber careers develop across levels, with responsibilities and roles changing as experience grows.","Correct. Cyber careers develop across levels, with responsibilities and roles changing as experience grows.","Climb the ladder: entry, intermediate, advanced.","Review Module 7, Chapter 5, pages 64. Then explain career roles levels in your own words and compare it with the closest distractor.",Aerospace Dimensions Module 7: Cyber Security,64,"Module 7, Chapter 5, pages 64",high,educational_infographic,optional_after_answer,module7_cyber_careers_pathways,module7_cyber_careers_pathways,cyber_security_career_pathway_infographic.png,/assets/cap-visuals/cyber_security_career_pathway_infographic.png,approved,true,"Degree pathways, certifications, career levels, cyber roles, and future trends.","Degree pathways, certifications, career levels, cyber roles, and future trends.","Degree pathways, certifications, career levels, cyber roles, and future trends.",high,close,false,0.5,original_textbook_grounded,Mitchell_Aerospace_sample_style_analysis,draft,AD-M7-Q099,45,AD_M7_100
