external_id,module_number,chapter_number,chapter_title,objective_code,concept_code,question_family_code,question_type,question_style,difficulty,cognitive_level,question_text,choice_a,choice_b,choice_c,choice_d,correct_letter,short_explanation,explanation,choice_a_explanation,choice_b_explanation,choice_c_explanation,choice_d_explanation,memory_aid,remediation_text,source_document,source_pages,source_reference_text,visual_priority,visual_type,visual_display_mode,visual_asset_key,visual_group,visual_file_name,visual_storage_path,visual_status,show_visual_button,visual_brief,visual_caption,visual_alt_text,exam_likeness,distractor_difficulty,eligible_for_final_exam,final_exam_weight,content_origin,style_reference,review_status,reinforcement_question_ids,estimated_time_seconds,package_code
AD-M5-Q001,5,1,Space,AD5-1-space-begin-62,AD5-1-space-begin-62,AD5-1-space-begin-62,multiple_choice,direct_exam_style,medium,recall,What altitude is the more widely accepted point where space begins?,62 miles / 100 km,50 miles / 80.5 km,80–90 miles / 129–145 km,1 astronomical unit,A,"The more widely accepted boundary for space is 62 miles, or 100 kilometers.","Module 5 distinguishes the historical 50-mile definition from the more widely accepted 62-mile (100 km) boundary. The atmosphere thins gradually, so the boundary is a convention rather than a sharp physical line.","Correct. The more widely accepted boundary for space is 62 miles, or 100 kilometers.",Not correct. 50 miles / 80.5 km does not match the concept being tested here.,Not correct. 80–90 miles / 129–145 km does not match the concept being tested here.,Not correct. 1 astronomical unit does not match the concept being tested here.,62 miles = common edge of space.,"Review Aerospace Dimensions Module 5, Chapter 1, pages 2. Then explain the concept without looking at the answer choices.",Aerospace Dimensions Module 5 — Space Environment,2,"Module 5, Chapter 1, pages 2",recommended,infographic,optional_modal,module5_space_basics,module5_space_basics,module5_space_basics_study_guide.png,/assets/cap-visuals/module5_space_basics_study_guide.png,approved,true,"Where space begins, the vacuum of space, pressure, temperature, microgravity, regions of space, and Van Allen belts.",Space Basics & the Space Environment,"Where space begins, the vacuum of space, pressure, temperature, microgravity, regions of space, and Van Allen belts.",high,close,true,1.0,Aerospace_Dimensions_Module_5_source_grounded,Module_4_100_question_bank_style,draft,AD-M5-Q002,35,AD_M5_100
AD-M5-Q002,5,1,Space,AD5-1-space-begin-62,AD5-1-space-begin-62,AD5-1-space-begin-62,multiple_choice,brief_application,medium_hard,application,A cadet is asked for the commonly accepted 'edge of space.' Which answer should the cadet give?,50 miles / 80.5 km,62 miles / 100 km,80–90 miles / 129–145 km,1 astronomical unit,B,"The more widely accepted boundary for space is 62 miles, or 100 kilometers.","Module 5 distinguishes the historical 50-mile definition from the more widely accepted 62-mile (100 km) boundary. The atmosphere thins gradually, so the boundary is a convention rather than a sharp physical line.",Not correct. 50 miles / 80.5 km does not match the concept being tested here.,"Correct. The more widely accepted boundary for space is 62 miles, or 100 kilometers.",Not correct. 80–90 miles / 129–145 km does not match the concept being tested here.,Not correct. 1 astronomical unit does not match the concept being tested here.,62 miles = common edge of space.,"Review Aerospace Dimensions Module 5, Chapter 1, pages 2. Then explain the concept without looking at the answer choices.",Aerospace Dimensions Module 5 — Space Environment,2,"Module 5, Chapter 1, pages 2",recommended,infographic,optional_modal,module5_space_basics,module5_space_basics,module5_space_basics_study_guide.png,/assets/cap-visuals/module5_space_basics_study_guide.png,approved,true,"Where space begins, the vacuum of space, pressure, temperature, microgravity, regions of space, and Van Allen belts.",Space Basics & the Space Environment,"Where space begins, the vacuum of space, pressure, temperature, microgravity, regions of space, and Van Allen belts.",high,close,true,0.8,Aerospace_Dimensions_Module_5_source_grounded,Module_4_100_question_bank_style,draft,AD-M5-Q001,45,AD_M5_100
AD-M5-Q003,5,1,Space,AD5-1-orbit-altitude,AD5-1-orbit-altitude,AD5-1-orbit-altitude,multiple_choice,direct_exam_style,medium,recall,About what altitude must an object reach to remain in Earth orbit according to Module 5?,Exactly 50 miles,Exactly 62 miles,About 80–90 miles / 129–145 km,About 10 miles,C,Reaching space and staying in orbit are not the same; orbit generally requires roughly 80–90 miles altitude.,The chapter notes that an object orbiting Earth generally needs to be around 80 or 90 miles high to stay in orbit. That is higher than the commonly accepted 62-mile edge of space.,Not correct. Exactly 50 miles does not match the concept being tested here.,Not correct. Exactly 62 miles does not match the concept being tested here.,Correct. Reaching space and staying in orbit are not the same; orbit generally requires roughly 80–90 miles altitude.,Not correct. About 10 miles does not match the concept being tested here.,Space ≠ orbit; orbit needs higher altitude.,"Review Aerospace Dimensions Module 5, Chapter 1, pages 2. Then explain the concept without looking at the answer choices.",Aerospace Dimensions Module 5 — Space Environment,2,"Module 5, Chapter 1, pages 2",recommended,infographic,optional_modal,module5_space_basics,module5_space_basics,module5_space_basics_study_guide.png,/assets/cap-visuals/module5_space_basics_study_guide.png,approved,true,"Where space begins, the vacuum of space, pressure, temperature, microgravity, regions of space, and Van Allen belts.",Space Basics & the Space Environment,"Where space begins, the vacuum of space, pressure, temperature, microgravity, regions of space, and Van Allen belts.",high,close,true,1.0,Aerospace_Dimensions_Module_5_source_grounded,Module_4_100_question_bank_style,draft,AD-M5-Q004,35,AD_M5_100
AD-M5-Q004,5,1,Space,AD5-1-orbit-altitude,AD5-1-orbit-altitude,AD5-1-orbit-altitude,multiple_choice,brief_application,medium_hard,application,A vehicle has crossed the 62-mile boundary but still cannot maintain orbit. Which fact best explains this?,Exactly 50 miles,Exactly 62 miles,About 10 miles,About 80–90 miles / 129–145 km,D,Reaching space and staying in orbit are not the same; orbit generally requires roughly 80–90 miles altitude.,The chapter notes that an object orbiting Earth generally needs to be around 80 or 90 miles high to stay in orbit. That is higher than the commonly accepted 62-mile edge of space.,Not correct. Exactly 50 miles does not match the concept being tested here.,Not correct. Exactly 62 miles does not match the concept being tested here.,Not correct. About 10 miles does not match the concept being tested here.,Correct. Reaching space and staying in orbit are not the same; orbit generally requires roughly 80–90 miles altitude.,Space ≠ orbit; orbit needs higher altitude.,"Review Aerospace Dimensions Module 5, Chapter 1, pages 2. Then explain the concept without looking at the answer choices.",Aerospace Dimensions Module 5 — Space Environment,2,"Module 5, Chapter 1, pages 2",recommended,infographic,optional_modal,module5_space_basics,module5_space_basics,module5_space_basics_study_guide.png,/assets/cap-visuals/module5_space_basics_study_guide.png,approved,true,"Where space begins, the vacuum of space, pressure, temperature, microgravity, regions of space, and Van Allen belts.",Space Basics & the Space Environment,"Where space begins, the vacuum of space, pressure, temperature, microgravity, regions of space, and Van Allen belts.",high,close,false,0.8,Aerospace_Dimensions_Module_5_source_grounded,Module_4_100_question_bank_style,draft,AD-M5-Q003,45,AD_M5_100
AD-M5-Q005,5,1,Space,AD5-1-vacuum,AD5-1-vacuum,AD5-1-vacuum,multiple_choice,direct_exam_style,medium,recall,What does it mean to say outer space is almost a vacuum?,It contains very few molecules spread extremely far apart,It contains no matter anywhere,It is filled with breathable oxygen,It has greater pressure than Earth,A,"Outer space is almost empty, with very few molecules widely separated from one another.","A vacuum is nearly empty space. Module 5 notes that outer space is not perfectly empty, but gas molecules are so sparse that they interact very little.","Correct. Outer space is almost empty, with very few molecules widely separated from one another.",Not correct. It contains no matter anywhere does not match the concept being tested here.,Not correct. It is filled with breathable oxygen does not match the concept being tested here.,Not correct. It has greater pressure than Earth does not match the concept being tested here.,Vacuum = very few particles.,"Review Aerospace Dimensions Module 5, Chapter 1, pages 3. Then explain the concept without looking at the answer choices.",Aerospace Dimensions Module 5 — Space Environment,3,"Module 5, Chapter 1, pages 3",recommended,infographic,optional_modal,module5_space_basics,module5_space_basics,module5_space_basics_study_guide.png,/assets/cap-visuals/module5_space_basics_study_guide.png,approved,true,"Where space begins, the vacuum of space, pressure, temperature, microgravity, regions of space, and Van Allen belts.",Space Basics & the Space Environment,"Where space begins, the vacuum of space, pressure, temperature, microgravity, regions of space, and Van Allen belts.",high,close,true,1.0,Aerospace_Dimensions_Module_5_source_grounded,Module_4_100_question_bank_style,draft,AD-M5-Q006,35,AD_M5_100
AD-M5-Q006,5,1,Space,AD5-1-vacuum,AD5-1-vacuum,AD5-1-vacuum,multiple_choice,brief_application,medium_hard,application,A spacecraft enters a region where gas molecules are so far apart that they rarely interact. Which characteristic of space is being described?,It contains no matter anywhere,It contains very few molecules spread extremely far apart,It is filled with breathable oxygen,It has greater pressure than Earth,B,"Outer space is almost empty, with very few molecules widely separated from one another.","A vacuum is nearly empty space. Module 5 notes that outer space is not perfectly empty, but gas molecules are so sparse that they interact very little.",Not correct. It contains no matter anywhere does not match the concept being tested here.,"Correct. Outer space is almost empty, with very few molecules widely separated from one another.",Not correct. It is filled with breathable oxygen does not match the concept being tested here.,Not correct. It has greater pressure than Earth does not match the concept being tested here.,Vacuum = very few particles.,"Review Aerospace Dimensions Module 5, Chapter 1, pages 3. Then explain the concept without looking at the answer choices.",Aerospace Dimensions Module 5 — Space Environment,3,"Module 5, Chapter 1, pages 3",recommended,infographic,optional_modal,module5_space_basics,module5_space_basics,module5_space_basics_study_guide.png,/assets/cap-visuals/module5_space_basics_study_guide.png,approved,true,"Where space begins, the vacuum of space, pressure, temperature, microgravity, regions of space, and Van Allen belts.",Space Basics & the Space Environment,"Where space begins, the vacuum of space, pressure, temperature, microgravity, regions of space, and Van Allen belts.",high,close,true,0.8,Aerospace_Dimensions_Module_5_source_grounded,Module_4_100_question_bank_style,draft,AD-M5-Q005,45,AD_M5_100
AD-M5-Q007,5,1,Space,AD5-1-pressure,AD5-1-pressure,AD5-1-pressure,multiple_choice,direct_exam_style,medium,recall,What is the pressure like in outer space?,About the same as sea level,Much higher than on Earth,Nearly zero,Exactly one atmosphere,C,"Pressure in space is nearly zero, so humans require pressurized suits and spacecraft.","With virtually no external pressure, gases and fluids in the body would expand dangerously. Pressurized spacecraft and suits compensate for the near-vacuum outside.",Not correct. About the same as sea level does not match the concept being tested here.,Not correct. Much higher than on Earth does not match the concept being tested here.,"Correct. Pressure in space is nearly zero, so humans require pressurized suits and spacecraft.",Not correct. Exactly one atmosphere does not match the concept being tested here.,Near-zero pressure → pressurized protection.,"Review Aerospace Dimensions Module 5, Chapter 1, pages 3. Then explain the concept without looking at the answer choices.",Aerospace Dimensions Module 5 — Space Environment,3,"Module 5, Chapter 1, pages 3",recommended,infographic,optional_modal,module5_space_basics,module5_space_basics,module5_space_basics_study_guide.png,/assets/cap-visuals/module5_space_basics_study_guide.png,approved,true,"Where space begins, the vacuum of space, pressure, temperature, microgravity, regions of space, and Van Allen belts.",Space Basics & the Space Environment,"Where space begins, the vacuum of space, pressure, temperature, microgravity, regions of space, and Van Allen belts.",high,close,true,1.0,Aerospace_Dimensions_Module_5_source_grounded,Module_4_100_question_bank_style,draft,AD-M5-Q008,35,AD_M5_100
AD-M5-Q008,5,1,Space,AD5-1-pressure,AD5-1-pressure,AD5-1-pressure,multiple_choice,brief_application,medium_hard,application,Why must a spacesuit maintain pressure around an astronaut?,About the same as sea level,Much higher than on Earth,Exactly one atmosphere,Nearly zero,D,"Pressure in space is nearly zero, so humans require pressurized suits and spacecraft.","With virtually no external pressure, gases and fluids in the body would expand dangerously. Pressurized spacecraft and suits compensate for the near-vacuum outside.",Not correct. About the same as sea level does not match the concept being tested here.,Not correct. Much higher than on Earth does not match the concept being tested here.,Not correct. Exactly one atmosphere does not match the concept being tested here.,"Correct. Pressure in space is nearly zero, so humans require pressurized suits and spacecraft.",Near-zero pressure → pressurized protection.,"Review Aerospace Dimensions Module 5, Chapter 1, pages 3. Then explain the concept without looking at the answer choices.",Aerospace Dimensions Module 5 — Space Environment,3,"Module 5, Chapter 1, pages 3",recommended,infographic,optional_modal,module5_space_basics,module5_space_basics,module5_space_basics_study_guide.png,/assets/cap-visuals/module5_space_basics_study_guide.png,approved,true,"Where space begins, the vacuum of space, pressure, temperature, microgravity, regions of space, and Van Allen belts.",Space Basics & the Space Environment,"Where space begins, the vacuum of space, pressure, temperature, microgravity, regions of space, and Van Allen belts.",high,close,false,0.8,Aerospace_Dimensions_Module_5_source_grounded,Module_4_100_question_bank_style,draft,AD-M5-Q007,45,AD_M5_100
AD-M5-Q009,5,1,Space,AD5-1-absolute-zero,AD5-1-absolute-zero,AD5-1-absolute-zero,multiple_choice,direct_exam_style,medium,recall,What is absolute zero?,"The theoretical coldest temperature, where molecules have the least energy",The boiling point of water,The center temperature of the Sun,The average temperature of Earth,A,"Absolute zero is 0 K, the theoretical coldest temperature.",Module 5 defines absolute zero as the point where molecules no longer move or have the least amount of energy. It is the basis of the Kelvin scale.,"Correct. Absolute zero is 0 K, the theoretical coldest temperature.",Not correct. The boiling point of water does not match the concept being tested here.,Not correct. The center temperature of the Sun does not match the concept being tested here.,Not correct. The average temperature of Earth does not match the concept being tested here.,Absolute zero = minimum motion.,"Review Aerospace Dimensions Module 5, Chapter 1, pages 3-4. Then explain the concept without looking at the answer choices.",Aerospace Dimensions Module 5 — Space Environment,3-4,"Module 5, Chapter 1, pages 3-4",recommended,infographic,optional_modal,module5_space_basics,module5_space_basics,module5_space_basics_study_guide.png,/assets/cap-visuals/module5_space_basics_study_guide.png,approved,true,"Where space begins, the vacuum of space, pressure, temperature, microgravity, regions of space, and Van Allen belts.",Space Basics & the Space Environment,"Where space begins, the vacuum of space, pressure, temperature, microgravity, regions of space, and Van Allen belts.",high,close,true,1.0,Aerospace_Dimensions_Module_5_source_grounded,Module_4_100_question_bank_style,draft,AD-M5-Q010,35,AD_M5_100
AD-M5-Q010,5,1,Space,AD5-1-absolute-zero,AD5-1-absolute-zero,AD5-1-absolute-zero,multiple_choice,brief_application,medium_hard,application,A scientist refers to 0 K as the point of minimum molecular motion. What term is being described?,Kelvin,Absolute zero,Microgravity,Vacuum,B,"Absolute zero is 0 K, the theoretical coldest temperature.",Module 5 defines absolute zero as the point where molecules no longer move or have the least amount of energy. It is the basis of the Kelvin scale.,Not correct. Kelvin does not match the concept being tested here.,"Correct. Absolute zero is 0 K, the theoretical coldest temperature.",Not correct. Microgravity does not match the concept being tested here.,Not correct. Vacuum does not match the concept being tested here.,Absolute zero = minimum motion.,"Review Aerospace Dimensions Module 5, Chapter 1, pages 3-4. Then explain the concept without looking at the answer choices.",Aerospace Dimensions Module 5 — Space Environment,3-4,"Module 5, Chapter 1, pages 3-4",recommended,infographic,optional_modal,module5_space_basics,module5_space_basics,module5_space_basics_study_guide.png,/assets/cap-visuals/module5_space_basics_study_guide.png,approved,true,"Where space begins, the vacuum of space, pressure, temperature, microgravity, regions of space, and Van Allen belts.",Space Basics & the Space Environment,"Where space begins, the vacuum of space, pressure, temperature, microgravity, regions of space, and Van Allen belts.",high,close,true,0.8,Aerospace_Dimensions_Module_5_source_grounded,Module_4_100_question_bank_style,draft,AD-M5-Q009,45,AD_M5_100
AD-M5-Q011,5,1,Space,AD5-1-kelvin,AD5-1-kelvin,AD5-1-kelvin,multiple_choice,direct_exam_style,medium,recall,Which temperature scale is based on absolute zero?,Fahrenheit,Celsius,Kelvin,Mach,C,Kelvin is the scientific temperature scale based on absolute zero.,The Kelvin scale starts at absolute zero and is commonly used by scientists when discussing very low temperatures in space.,Not correct. Fahrenheit does not match the concept being tested here.,Not correct. Celsius does not match the concept being tested here.,Correct. Kelvin is the scientific temperature scale based on absolute zero.,Not correct. Mach does not match the concept being tested here.,K = Kelvin = starts at absolute zero.,"Review Aerospace Dimensions Module 5, Chapter 1, pages 3. Then explain the concept without looking at the answer choices.",Aerospace Dimensions Module 5 — Space Environment,3,"Module 5, Chapter 1, pages 3",recommended,infographic,optional_modal,module5_space_basics,module5_space_basics,module5_space_basics_study_guide.png,/assets/cap-visuals/module5_space_basics_study_guide.png,approved,true,"Where space begins, the vacuum of space, pressure, temperature, microgravity, regions of space, and Van Allen belts.",Space Basics & the Space Environment,"Where space begins, the vacuum of space, pressure, temperature, microgravity, regions of space, and Van Allen belts.",high,close,true,1.0,Aerospace_Dimensions_Module_5_source_grounded,Module_4_100_question_bank_style,draft,AD-M5-Q012,35,AD_M5_100
AD-M5-Q012,5,1,Space,AD5-1-kelvin,AD5-1-kelvin,AD5-1-kelvin,multiple_choice,brief_application,medium_hard,application,An astronomer reports a space temperature as 2.725 K. What does the K stand for?,Fahrenheit,Celsius,Mach,Kelvin,D,Kelvin is the scientific temperature scale based on absolute zero.,The Kelvin scale starts at absolute zero and is commonly used by scientists when discussing very low temperatures in space.,Not correct. Fahrenheit does not match the concept being tested here.,Not correct. Celsius does not match the concept being tested here.,Not correct. Mach does not match the concept being tested here.,Correct. Kelvin is the scientific temperature scale based on absolute zero.,K = Kelvin = starts at absolute zero.,"Review Aerospace Dimensions Module 5, Chapter 1, pages 3. Then explain the concept without looking at the answer choices.",Aerospace Dimensions Module 5 — Space Environment,3,"Module 5, Chapter 1, pages 3",recommended,infographic,optional_modal,module5_space_basics,module5_space_basics,module5_space_basics_study_guide.png,/assets/cap-visuals/module5_space_basics_study_guide.png,approved,true,"Where space begins, the vacuum of space, pressure, temperature, microgravity, regions of space, and Van Allen belts.",Space Basics & the Space Environment,"Where space begins, the vacuum of space, pressure, temperature, microgravity, regions of space, and Van Allen belts.",high,close,false,0.8,Aerospace_Dimensions_Module_5_source_grounded,Module_4_100_question_bank_style,draft,AD-M5-Q011,45,AD_M5_100
AD-M5-Q013,5,1,Space,AD5-1-microgravity,AD5-1-microgravity,AD5-1-microgravity,multiple_choice,direct_exam_style,medium,recall,What does microgravity mean?,Very low gravity levels that create a floating condition,No gravity anywhere,Gravity found only on the Moon,Artificial gravity inside a spacecraft,A,Microgravity means small or low gravity levels that produce a floating condition.,Microgravity does not mean gravity disappears. It describes a very low-gravity or free-fall environment in which astronauts and objects appear to float.,Correct. Microgravity means small or low gravity levels that produce a floating condition.,Not correct. No gravity anywhere does not match the concept being tested here.,Not correct. Gravity found only on the Moon does not match the concept being tested here.,Not correct. Artificial gravity inside a spacecraft does not match the concept being tested here.,Micro = small; microgravity = low-gravity floating.,"Review Aerospace Dimensions Module 5, Chapter 1, pages 4-5. Then explain the concept without looking at the answer choices.",Aerospace Dimensions Module 5 — Space Environment,4-5,"Module 5, Chapter 1, pages 4-5",recommended,infographic,optional_modal,module5_space_basics,module5_space_basics,module5_space_basics_study_guide.png,/assets/cap-visuals/module5_space_basics_study_guide.png,approved,true,"Where space begins, the vacuum of space, pressure, temperature, microgravity, regions of space, and Van Allen belts.",Space Basics & the Space Environment,"Where space begins, the vacuum of space, pressure, temperature, microgravity, regions of space, and Van Allen belts.",high,close,true,1.0,Aerospace_Dimensions_Module_5_source_grounded,Module_4_100_question_bank_style,draft,AD-M5-Q014,35,AD_M5_100
AD-M5-Q014,5,1,Space,AD5-1-microgravity,AD5-1-microgravity,AD5-1-microgravity,multiple_choice,brief_application,medium_hard,application,Astronauts and loose objects appear to float while orbiting Earth. Which Module 5 term best describes this condition?,No gravity anywhere,Very low gravity levels that create a floating condition,Gravity found only on the Moon,Artificial gravity inside a spacecraft,B,Microgravity means small or low gravity levels that produce a floating condition.,Microgravity does not mean gravity disappears. It describes a very low-gravity or free-fall environment in which astronauts and objects appear to float.,Not correct. No gravity anywhere does not match the concept being tested here.,Correct. Microgravity means small or low gravity levels that produce a floating condition.,Not correct. Gravity found only on the Moon does not match the concept being tested here.,Not correct. Artificial gravity inside a spacecraft does not match the concept being tested here.,Micro = small; microgravity = low-gravity floating.,"Review Aerospace Dimensions Module 5, Chapter 1, pages 4-5. Then explain the concept without looking at the answer choices.",Aerospace Dimensions Module 5 — Space Environment,4-5,"Module 5, Chapter 1, pages 4-5",recommended,infographic,optional_modal,module5_space_basics,module5_space_basics,module5_space_basics_study_guide.png,/assets/cap-visuals/module5_space_basics_study_guide.png,approved,true,"Where space begins, the vacuum of space, pressure, temperature, microgravity, regions of space, and Van Allen belts.",Space Basics & the Space Environment,"Where space begins, the vacuum of space, pressure, temperature, microgravity, regions of space, and Van Allen belts.",high,close,true,0.8,Aerospace_Dimensions_Module_5_source_grounded,Module_4_100_question_bank_style,draft,AD-M5-Q013,45,AD_M5_100
AD-M5-Q015,5,1,Space,AD5-1-space-regions,AD5-1-space-regions,AD5-1-space-regions,multiple_choice,direct_exam_style,medium,recall,Which sequence correctly moves outward through the three space regions discussed in Module 5?,Interstellar → cislunar → interplanetary,Interplanetary → cislunar → interstellar,Cislunar → interplanetary → interstellar,Cislunar → interstellar → interplanetary,C,The regions progress from cislunar to interplanetary to interstellar space.,Cislunar space is the Earth–Moon region. Interplanetary space lies within a solar system among planets. Interstellar space lies from one solar system to another.,Not correct. Interstellar → cislunar → interplanetary does not match the concept being tested here.,Not correct. Interplanetary → cislunar → interstellar does not match the concept being tested here.,Correct. The regions progress from cislunar to interplanetary to interstellar space.,Not correct. Cislunar → interstellar → interplanetary does not match the concept being tested here.,Moon region → planet region → star-system region.,"Review Aerospace Dimensions Module 5, Chapter 1, pages 1,5-6. Then explain the concept without looking at the answer choices.",Aerospace Dimensions Module 5 — Space Environment,"1,5-6","Module 5, Chapter 1, pages 1,5-6",recommended,infographic,optional_modal,module5_galaxies_universe,module5_galaxies_universe,module5_galaxies_milky_way_universe.png,/assets/cap-visuals/module5_galaxies_milky_way_universe.png,approved,true,"Galaxy types, the Milky Way, the universe, and the progression from cislunar to interstellar space.","Galaxies, the Milky Way & the Universe","Galaxy types, the Milky Way, the universe, and the progression from cislunar to interstellar space.",high,close,true,1.0,Aerospace_Dimensions_Module_5_source_grounded,Module_4_100_question_bank_style,draft,AD-M5-Q016,35,AD_M5_100
AD-M5-Q016,5,1,Space,AD5-1-space-regions,AD5-1-space-regions,AD5-1-space-regions,multiple_choice,brief_application,medium_hard,application,"A mission begins in the Earth–Moon region, travels among the planets, and then heads toward another star system. Which sequence of terms matches the journey?",Interstellar → cislunar → interplanetary,Interplanetary → cislunar → interstellar,Cislunar → interstellar → interplanetary,Cislunar → interplanetary → interstellar,D,The regions progress from cislunar to interplanetary to interstellar space.,Cislunar space is the Earth–Moon region. Interplanetary space lies within a solar system among planets. Interstellar space lies from one solar system to another.,Not correct. Interstellar → cislunar → interplanetary does not match the concept being tested here.,Not correct. Interplanetary → cislunar → interstellar does not match the concept being tested here.,Not correct. Cislunar → interstellar → interplanetary does not match the concept being tested here.,Correct. The regions progress from cislunar to interplanetary to interstellar space.,Moon region → planet region → star-system region.,"Review Aerospace Dimensions Module 5, Chapter 1, pages 1,5-6. Then explain the concept without looking at the answer choices.",Aerospace Dimensions Module 5 — Space Environment,"1,5-6","Module 5, Chapter 1, pages 1,5-6",recommended,infographic,optional_modal,module5_galaxies_universe,module5_galaxies_universe,module5_galaxies_milky_way_universe.png,/assets/cap-visuals/module5_galaxies_milky_way_universe.png,approved,true,"Galaxy types, the Milky Way, the universe, and the progression from cislunar to interstellar space.","Galaxies, the Milky Way & the Universe","Galaxy types, the Milky Way, the universe, and the progression from cislunar to interstellar space.",high,close,false,0.8,Aerospace_Dimensions_Module_5_source_grounded,Module_4_100_question_bank_style,draft,AD-M5-Q015,45,AD_M5_100
AD-M5-Q017,5,1,Space,AD5-1-galaxy,AD5-1-galaxy,AD5-1-galaxy,multiple_choice,direct_exam_style,medium,recall,What is a galaxy?,An enormous collection of stars arranged in a particular shape,A single solar system,A moon orbiting a planet,A small icy body orbiting the Sun,A,A galaxy is an enormous collection of stars arranged in a particular shape.,"Module 5 defines a galaxy as an enormous collection of stars. Galaxies occur in recognizable shapes, including elliptical, spiral, and irregular.",Correct. A galaxy is an enormous collection of stars arranged in a particular shape.,Not correct. A single solar system does not match the concept being tested here.,Not correct. A moon orbiting a planet does not match the concept being tested here.,Not correct. A small icy body orbiting the Sun does not match the concept being tested here.,Galaxy = giant family of stars.,"Review Aerospace Dimensions Module 5, Chapter 1, pages 6. Then explain the concept without looking at the answer choices.",Aerospace Dimensions Module 5 — Space Environment,6,"Module 5, Chapter 1, pages 6",recommended,infographic,optional_modal,module5_galaxies_universe,module5_galaxies_universe,module5_galaxies_milky_way_universe.png,/assets/cap-visuals/module5_galaxies_milky_way_universe.png,approved,true,"Galaxy types, the Milky Way, the universe, and the progression from cislunar to interstellar space.","Galaxies, the Milky Way & the Universe","Galaxy types, the Milky Way, the universe, and the progression from cislunar to interstellar space.",high,close,true,1.0,Aerospace_Dimensions_Module_5_source_grounded,Module_4_100_question_bank_style,draft,AD-M5-Q018,35,AD_M5_100
AD-M5-Q018,5,1,Space,AD5-1-galaxy,AD5-1-galaxy,AD5-1-galaxy,multiple_choice,brief_application,medium_hard,application,An astronomer observes billions of stars organized into one enormous structure. What is that structure called?,A single solar system,An enormous collection of stars arranged in a particular shape,A moon orbiting a planet,A small icy body orbiting the Sun,B,A galaxy is an enormous collection of stars arranged in a particular shape.,"Module 5 defines a galaxy as an enormous collection of stars. Galaxies occur in recognizable shapes, including elliptical, spiral, and irregular.",Not correct. A single solar system does not match the concept being tested here.,Correct. A galaxy is an enormous collection of stars arranged in a particular shape.,Not correct. A moon orbiting a planet does not match the concept being tested here.,Not correct. A small icy body orbiting the Sun does not match the concept being tested here.,Galaxy = giant family of stars.,"Review Aerospace Dimensions Module 5, Chapter 1, pages 6. Then explain the concept without looking at the answer choices.",Aerospace Dimensions Module 5 — Space Environment,6,"Module 5, Chapter 1, pages 6",recommended,infographic,optional_modal,module5_galaxies_universe,module5_galaxies_universe,module5_galaxies_milky_way_universe.png,/assets/cap-visuals/module5_galaxies_milky_way_universe.png,approved,true,"Galaxy types, the Milky Way, the universe, and the progression from cislunar to interstellar space.","Galaxies, the Milky Way & the Universe","Galaxy types, the Milky Way, the universe, and the progression from cislunar to interstellar space.",high,close,true,0.8,Aerospace_Dimensions_Module_5_source_grounded,Module_4_100_question_bank_style,draft,AD-M5-Q017,45,AD_M5_100
AD-M5-Q019,5,1,Space,AD5-1-galaxy-types,AD5-1-galaxy-types,AD5-1-galaxy-types,multiple_choice,direct_exam_style,medium,recall,What are the three main galaxy shapes identified in Module 5?,"Round, square, and triangular","Terrestrial, gas, and ice","Elliptical, spiral, and irregular","Bright, dim, and dark",C,"The three main galaxy types are elliptical, spiral, and irregular.","Elliptical galaxies are oval-shaped, spiral galaxies have arms, and irregular galaxies do not have a regular organized shape.","Not correct. Round, square, and triangular does not match the concept being tested here.","Not correct. Terrestrial, gas, and ice does not match the concept being tested here.","Correct. The three main galaxy types are elliptical, spiral, and irregular.","Not correct. Bright, dim, and dark does not match the concept being tested here.","E-S-I: Elliptical, Spiral, Irregular.","Review Aerospace Dimensions Module 5, Chapter 1, pages 6. Then explain the concept without looking at the answer choices.",Aerospace Dimensions Module 5 — Space Environment,6,"Module 5, Chapter 1, pages 6",recommended,infographic,optional_modal,module5_galaxies_universe,module5_galaxies_universe,module5_galaxies_milky_way_universe.png,/assets/cap-visuals/module5_galaxies_milky_way_universe.png,approved,true,"Galaxy types, the Milky Way, the universe, and the progression from cislunar to interstellar space.","Galaxies, the Milky Way & the Universe","Galaxy types, the Milky Way, the universe, and the progression from cislunar to interstellar space.",high,close,true,1.0,Aerospace_Dimensions_Module_5_source_grounded,Module_4_100_question_bank_style,draft,AD-M5-Q020,35,AD_M5_100
AD-M5-Q020,5,1,Space,AD5-1-galaxy-types,AD5-1-galaxy-types,AD5-1-galaxy-types,multiple_choice,brief_application,medium_hard,application,A galaxy is smooth and oval with no spiral arms. Which of the three Module 5 galaxy types is it?,Spiral,Irregular,Nebula,Elliptical,D,"The three main galaxy types are elliptical, spiral, and irregular.","Elliptical galaxies are oval-shaped, spiral galaxies have arms, and irregular galaxies do not have a regular organized shape.",Not correct. Spiral does not match the concept being tested here.,Not correct. Irregular does not match the concept being tested here.,Not correct. Nebula does not match the concept being tested here.,"Correct. The three main galaxy types are elliptical, spiral, and irregular.","E-S-I: Elliptical, Spiral, Irregular.","Review Aerospace Dimensions Module 5, Chapter 1, pages 6. Then explain the concept without looking at the answer choices.",Aerospace Dimensions Module 5 — Space Environment,6,"Module 5, Chapter 1, pages 6",recommended,infographic,optional_modal,module5_galaxies_universe,module5_galaxies_universe,module5_galaxies_milky_way_universe.png,/assets/cap-visuals/module5_galaxies_milky_way_universe.png,approved,true,"Galaxy types, the Milky Way, the universe, and the progression from cislunar to interstellar space.","Galaxies, the Milky Way & the Universe","Galaxy types, the Milky Way, the universe, and the progression from cislunar to interstellar space.",high,close,false,0.8,Aerospace_Dimensions_Module_5_source_grounded,Module_4_100_question_bank_style,draft,AD-M5-Q019,45,AD_M5_100
AD-M5-Q021,5,1,Space,AD5-1-universe,AD5-1-universe,AD5-1-universe,multiple_choice,direct_exam_style,medium,recall,What does the term universe include?,"Everything: space, galaxies, stars, planets, life, and matter",Only the Milky Way,Only our solar system,Only objects humans can see,A,The universe is the all-encompassing term for everything.,"The universe includes all space and everything in it—galaxies, stars, planets, living things, and more. The Milky Way is only one galaxy within it.",Correct. The universe is the all-encompassing term for everything.,Not correct. Only the Milky Way does not match the concept being tested here.,Not correct. Only our solar system does not match the concept being tested here.,Not correct. Only objects humans can see does not match the concept being tested here.,Universe = everything.,"Review Aerospace Dimensions Module 5, Chapter 1, pages 1,6. Then explain the concept without looking at the answer choices.",Aerospace Dimensions Module 5 — Space Environment,"1,6","Module 5, Chapter 1, pages 1,6",recommended,infographic,optional_modal,module5_galaxies_universe,module5_galaxies_universe,module5_galaxies_milky_way_universe.png,/assets/cap-visuals/module5_galaxies_milky_way_universe.png,approved,true,"Galaxy types, the Milky Way, the universe, and the progression from cislunar to interstellar space.","Galaxies, the Milky Way & the Universe","Galaxy types, the Milky Way, the universe, and the progression from cislunar to interstellar space.",high,close,true,1.0,Aerospace_Dimensions_Module_5_source_grounded,Module_4_100_question_bank_style,draft,AD-M5-Q022,35,AD_M5_100
AD-M5-Q022,5,1,Space,AD5-1-universe,AD5-1-universe,AD5-1-universe,multiple_choice,brief_application,medium_hard,application,A student says the Milky Way is the entire universe. Which statement corrects the student?,Only the Milky Way,"Everything: space, galaxies, stars, planets, life, and matter",Only our solar system,Only objects humans can see,B,The universe is the all-encompassing term for everything.,"The universe includes all space and everything in it—galaxies, stars, planets, living things, and more. The Milky Way is only one galaxy within it.",Not correct. Only the Milky Way does not match the concept being tested here.,Correct. The universe is the all-encompassing term for everything.,Not correct. Only our solar system does not match the concept being tested here.,Not correct. Only objects humans can see does not match the concept being tested here.,Universe = everything.,"Review Aerospace Dimensions Module 5, Chapter 1, pages 1,6. Then explain the concept without looking at the answer choices.",Aerospace Dimensions Module 5 — Space Environment,"1,6","Module 5, Chapter 1, pages 1,6",recommended,infographic,optional_modal,module5_galaxies_universe,module5_galaxies_universe,module5_galaxies_milky_way_universe.png,/assets/cap-visuals/module5_galaxies_milky_way_universe.png,approved,true,"Galaxy types, the Milky Way, the universe, and the progression from cislunar to interstellar space.","Galaxies, the Milky Way & the Universe","Galaxy types, the Milky Way, the universe, and the progression from cislunar to interstellar space.",high,close,true,0.8,Aerospace_Dimensions_Module_5_source_grounded,Module_4_100_question_bank_style,draft,AD-M5-Q021,45,AD_M5_100
AD-M5-Q023,5,1,Space,AD5-1-van-allen,AD5-1-van-allen,AD5-1-van-allen,multiple_choice,direct_exam_style,medium,recall,What are the Van Allen belts?,The rings of Saturn,Cloud bands around Jupiter,Radiation belts around Earth filled with charged particles,Layers inside the Sun,C,The Van Allen belts are charged-particle radiation belts surrounding Earth.,Earth’s magnetic field traps charged particles in radiation belts. Module 5 discusses an inner belt dominated mainly by protons and an outer belt dominated mainly by electrons.,Not correct. The rings of Saturn does not match the concept being tested here.,Not correct. Cloud bands around Jupiter does not match the concept being tested here.,Correct. The Van Allen belts are charged-particle radiation belts surrounding Earth.,Not correct. Layers inside the Sun does not match the concept being tested here.,Van Allen = Earth’s radiation belts.,"Review Aerospace Dimensions Module 5, Chapter 1, pages 7-9. Then explain the concept without looking at the answer choices.",Aerospace Dimensions Module 5 — Space Environment,7-9,"Module 5, Chapter 1, pages 7-9",recommended,infographic,optional_modal,module5_space_basics,module5_space_basics,module5_space_basics_study_guide.png,/assets/cap-visuals/module5_space_basics_study_guide.png,approved,true,"Where space begins, the vacuum of space, pressure, temperature, microgravity, regions of space, and Van Allen belts.",Space Basics & the Space Environment,"Where space begins, the vacuum of space, pressure, temperature, microgravity, regions of space, and Van Allen belts.",high,close,true,1.0,Aerospace_Dimensions_Module_5_source_grounded,Module_4_100_question_bank_style,draft,AD-M5-Q024,35,AD_M5_100
AD-M5-Q024,5,1,Space,AD5-1-van-allen,AD5-1-van-allen,AD5-1-van-allen,multiple_choice,brief_application,medium_hard,application,Mission planners worry about charged particles trapped by Earth’s magnetic field. What region are they concerned about?,The asteroid belt,Saturn's rings,The photosphere,The Van Allen belts,D,The Van Allen belts are charged-particle radiation belts surrounding Earth.,Earth’s magnetic field traps charged particles in radiation belts. Module 5 discusses an inner belt dominated mainly by protons and an outer belt dominated mainly by electrons.,Not correct. The asteroid belt does not match the concept being tested here.,Not correct. Saturn's rings does not match the concept being tested here.,Not correct. The photosphere does not match the concept being tested here.,Correct. The Van Allen belts are charged-particle radiation belts surrounding Earth.,Van Allen = Earth’s radiation belts.,"Review Aerospace Dimensions Module 5, Chapter 1, pages 7-9. Then explain the concept without looking at the answer choices.",Aerospace Dimensions Module 5 — Space Environment,7-9,"Module 5, Chapter 1, pages 7-9",recommended,infographic,optional_modal,module5_space_basics,module5_space_basics,module5_space_basics_study_guide.png,/assets/cap-visuals/module5_space_basics_study_guide.png,approved,true,"Where space begins, the vacuum of space, pressure, temperature, microgravity, regions of space, and Van Allen belts.",Space Basics & the Space Environment,"Where space begins, the vacuum of space, pressure, temperature, microgravity, regions of space, and Van Allen belts.",high,close,false,0.8,Aerospace_Dimensions_Module_5_source_grounded,Module_4_100_question_bank_style,draft,AD-M5-Q023,45,AD_M5_100
AD-M5-Q025,5,2,Stars,AD5-2-star-definition,AD5-2-star-definition,AD5-2-star-definition,multiple_choice,direct_exam_style,medium,recall,What is a star?,A huge mass of hot gases that produces its own light,A rocky body that only reflects light,A moon with an atmosphere,A streak of light in Earth’s atmosphere,A,A star is a huge mass of hot gases that produces its own light through nuclear reactions.,"Unlike planets and moons, stars generate their own light. Nuclear reactions in a star’s core release the energy that makes the star shine.",Correct. A star is a huge mass of hot gases that produces its own light through nuclear reactions.,Not correct. A rocky body that only reflects light does not match the concept being tested here.,Not correct. A moon with an atmosphere does not match the concept being tested here.,Not correct. A streak of light in Earth’s atmosphere does not match the concept being tested here.,Star = makes its own light.,"Review Aerospace Dimensions Module 5, Chapter 2, pages 14. Then explain the concept without looking at the answer choices.",Aerospace Dimensions Module 5 — Space Environment,14,"Module 5, Chapter 2, pages 14",high,infographic,optional_modal,module5_stars_life_cycle,module5_stars_life_cycle,module5_stars_life_cycle.png,/assets/cap-visuals/module5_stars_life_cycle.png,approved,true,"Stars, stellar distance and magnitude, star formation, stellar evolution, H–R diagram, and multiple star systems.",Stars & Their Life Cycle,"Stars, stellar distance and magnitude, star formation, stellar evolution, H–R diagram, and multiple star systems.",high,close,true,1.0,Aerospace_Dimensions_Module_5_source_grounded,Module_4_100_question_bank_style,draft,AD-M5-Q026,35,AD_M5_100
AD-M5-Q026,5,2,Stars,AD5-2-star-definition,AD5-2-star-definition,AD5-2-star-definition,multiple_choice,brief_application,medium_hard,application,An object shines because nuclear reactions in its core release energy. What kind of object is it?,A rocky body that only reflects light,A huge mass of hot gases that produces its own light,A moon with an atmosphere,A streak of light in Earth’s atmosphere,B,A star is a huge mass of hot gases that produces its own light through nuclear reactions.,"Unlike planets and moons, stars generate their own light. Nuclear reactions in a star’s core release the energy that makes the star shine.",Not correct. A rocky body that only reflects light does not match the concept being tested here.,Correct. A star is a huge mass of hot gases that produces its own light through nuclear reactions.,Not correct. A moon with an atmosphere does not match the concept being tested here.,Not correct. A streak of light in Earth’s atmosphere does not match the concept being tested here.,Star = makes its own light.,"Review Aerospace Dimensions Module 5, Chapter 2, pages 14. Then explain the concept without looking at the answer choices.",Aerospace Dimensions Module 5 — Space Environment,14,"Module 5, Chapter 2, pages 14",high,infographic,optional_modal,module5_stars_life_cycle,module5_stars_life_cycle,module5_stars_life_cycle.png,/assets/cap-visuals/module5_stars_life_cycle.png,approved,true,"Stars, stellar distance and magnitude, star formation, stellar evolution, H–R diagram, and multiple star systems.",Stars & Their Life Cycle,"Stars, stellar distance and magnitude, star formation, stellar evolution, H–R diagram, and multiple star systems.",high,close,true,0.8,Aerospace_Dimensions_Module_5_source_grounded,Module_4_100_question_bank_style,draft,AD-M5-Q025,45,AD_M5_100
AD-M5-Q027,5,2,Stars,AD5-2-light-year,AD5-2-light-year,AD5-2-light-year,multiple_choice,direct_exam_style,medium,recall,What is a light-year?,The time light takes to reach the Moon,The brightness of a star,The distance light travels in one Earth year,The age of a star,C,"A light-year is a distance, not a time interval.",Astronomers use light-years because distances between stars are enormous. One light-year is the distance light travels in one Earth year.,Not correct. The time light takes to reach the Moon does not match the concept being tested here.,Not correct. The brightness of a star does not match the concept being tested here.,"Correct. A light-year is a distance, not a time interval.",Not correct. The age of a star does not match the concept being tested here.,"Light-year = distance, not time.","Review Aerospace Dimensions Module 5, Chapter 2, pages 14-15. Then explain the concept without looking at the answer choices.",Aerospace Dimensions Module 5 — Space Environment,14-15,"Module 5, Chapter 2, pages 14-15",high,infographic,optional_modal,module5_stars_life_cycle,module5_stars_life_cycle,module5_stars_life_cycle.png,/assets/cap-visuals/module5_stars_life_cycle.png,approved,true,"Stars, stellar distance and magnitude, star formation, stellar evolution, H–R diagram, and multiple star systems.",Stars & Their Life Cycle,"Stars, stellar distance and magnitude, star formation, stellar evolution, H–R diagram, and multiple star systems.",high,close,true,1.0,Aerospace_Dimensions_Module_5_source_grounded,Module_4_100_question_bank_style,draft,AD-M5-Q028,35,AD_M5_100
AD-M5-Q028,5,2,Stars,AD5-2-light-year,AD5-2-light-year,AD5-2-light-year,multiple_choice,brief_application,medium_hard,application,A cadet says a light-year measures time. What is the best correction?,The time light takes to reach the Moon,The brightness of a star,The age of a star,The distance light travels in one Earth year,D,"A light-year is a distance, not a time interval.",Astronomers use light-years because distances between stars are enormous. One light-year is the distance light travels in one Earth year.,Not correct. The time light takes to reach the Moon does not match the concept being tested here.,Not correct. The brightness of a star does not match the concept being tested here.,Not correct. The age of a star does not match the concept being tested here.,"Correct. A light-year is a distance, not a time interval.","Light-year = distance, not time.","Review Aerospace Dimensions Module 5, Chapter 2, pages 14-15. Then explain the concept without looking at the answer choices.",Aerospace Dimensions Module 5 — Space Environment,14-15,"Module 5, Chapter 2, pages 14-15",high,infographic,optional_modal,module5_stars_life_cycle,module5_stars_life_cycle,module5_stars_life_cycle.png,/assets/cap-visuals/module5_stars_life_cycle.png,approved,true,"Stars, stellar distance and magnitude, star formation, stellar evolution, H–R diagram, and multiple star systems.",Stars & Their Life Cycle,"Stars, stellar distance and magnitude, star formation, stellar evolution, H–R diagram, and multiple star systems.",high,close,false,0.8,Aerospace_Dimensions_Module_5_source_grounded,Module_4_100_question_bank_style,draft,AD-M5-Q027,45,AD_M5_100
AD-M5-Q029,5,2,Stars,AD5-2-parsec,AD5-2-parsec,AD5-2-parsec,multiple_choice,direct_exam_style,medium,recall,One parsec is approximately equal to how many light-years?,3.26 light-years,0.326 light-years,1 light-year,32.6 light-years,A,One parsec equals about 3.26 light-years.,"A parsec is another astronomical distance unit. Since 1 parsec is about 3.26 light-years, 6.5 light-years is roughly 2 parsecs.",Correct. One parsec equals about 3.26 light-years.,Not correct. 0.326 light-years does not match the concept being tested here.,Not correct. 1 light-year does not match the concept being tested here.,Not correct. 32.6 light-years does not match the concept being tested here.,1 pc ≈ 3.26 ly.,"Review Aerospace Dimensions Module 5, Chapter 2, pages 15. Then explain the concept without looking at the answer choices.",Aerospace Dimensions Module 5 — Space Environment,15,"Module 5, Chapter 2, pages 15",high,infographic,optional_modal,module5_stars_life_cycle,module5_stars_life_cycle,module5_stars_life_cycle.png,/assets/cap-visuals/module5_stars_life_cycle.png,approved,true,"Stars, stellar distance and magnitude, star formation, stellar evolution, H–R diagram, and multiple star systems.",Stars & Their Life Cycle,"Stars, stellar distance and magnitude, star formation, stellar evolution, H–R diagram, and multiple star systems.",high,close,true,1.0,Aerospace_Dimensions_Module_5_source_grounded,Module_4_100_question_bank_style,draft,AD-M5-Q030,35,AD_M5_100
AD-M5-Q030,5,2,Stars,AD5-2-parsec,AD5-2-parsec,AD5-2-parsec,multiple_choice,brief_application,medium_hard,application,A distance is about 6.5 light-years. Which estimate is closest in parsecs?,About 0.2 parsecs,About 2 parsecs,About 6.5 parsecs,About 20 parsecs,B,One parsec equals about 3.26 light-years.,"A parsec is another astronomical distance unit. Since 1 parsec is about 3.26 light-years, 6.5 light-years is roughly 2 parsecs.",Not correct. About 0.2 parsecs does not match the concept being tested here.,Correct. One parsec equals about 3.26 light-years.,Not correct. About 6.5 parsecs does not match the concept being tested here.,Not correct. About 20 parsecs does not match the concept being tested here.,1 pc ≈ 3.26 ly.,"Review Aerospace Dimensions Module 5, Chapter 2, pages 15. Then explain the concept without looking at the answer choices.",Aerospace Dimensions Module 5 — Space Environment,15,"Module 5, Chapter 2, pages 15",high,infographic,optional_modal,module5_stars_life_cycle,module5_stars_life_cycle,module5_stars_life_cycle.png,/assets/cap-visuals/module5_stars_life_cycle.png,approved,true,"Stars, stellar distance and magnitude, star formation, stellar evolution, H–R diagram, and multiple star systems.",Stars & Their Life Cycle,"Stars, stellar distance and magnitude, star formation, stellar evolution, H–R diagram, and multiple star systems.",high,close,true,0.8,Aerospace_Dimensions_Module_5_source_grounded,Module_4_100_question_bank_style,draft,AD-M5-Q029,45,AD_M5_100
AD-M5-Q031,5,2,Stars,AD5-2-magnitude,AD5-2-magnitude,AD5-2-magnitude,multiple_choice,direct_exam_style,medium,recall,"In the stellar magnitude system, which number represents the brighter star?",The higher magnitude number,The number closest to 100,The lower magnitude number,Magnitude does not measure brightness,C,Lower magnitude numbers mean brighter stars.,The magnitude scale runs opposite of what many learners expect: lower numbers—and even negative numbers—represent brighter stars.,Not correct. The higher magnitude number does not match the concept being tested here.,Not correct. The number closest to 100 does not match the concept being tested here.,Correct. Lower magnitude numbers mean brighter stars.,Not correct. Magnitude does not measure brightness does not match the concept being tested here.,Magnitude runs backward: lower = brighter.,"Review Aerospace Dimensions Module 5, Chapter 2, pages 15-16. Then explain the concept without looking at the answer choices.",Aerospace Dimensions Module 5 — Space Environment,15-16,"Module 5, Chapter 2, pages 15-16",high,infographic,optional_modal,module5_stars_life_cycle,module5_stars_life_cycle,module5_stars_life_cycle.png,/assets/cap-visuals/module5_stars_life_cycle.png,approved,true,"Stars, stellar distance and magnitude, star formation, stellar evolution, H–R diagram, and multiple star systems.",Stars & Their Life Cycle,"Stars, stellar distance and magnitude, star formation, stellar evolution, H–R diagram, and multiple star systems.",high,close,true,1.0,Aerospace_Dimensions_Module_5_source_grounded,Module_4_100_question_bank_style,draft,AD-M5-Q032,35,AD_M5_100
AD-M5-Q032,5,2,Stars,AD5-2-magnitude,AD5-2-magnitude,AD5-2-magnitude,multiple_choice,brief_application,medium_hard,application,Star A has magnitude -1 and Star B has magnitude +4. Which appears brighter?,"Star B, magnitude +4",They are equally bright,Magnitude cannot compare brightness,"Star A, magnitude -1",D,Lower magnitude numbers mean brighter stars.,The magnitude scale runs opposite of what many learners expect: lower numbers—and even negative numbers—represent brighter stars.,"Not correct. Star B, magnitude +4 does not match the concept being tested here.",Not correct. They are equally bright does not match the concept being tested here.,Not correct. Magnitude cannot compare brightness does not match the concept being tested here.,Correct. Lower magnitude numbers mean brighter stars.,Magnitude runs backward: lower = brighter.,"Review Aerospace Dimensions Module 5, Chapter 2, pages 15-16. Then explain the concept without looking at the answer choices.",Aerospace Dimensions Module 5 — Space Environment,15-16,"Module 5, Chapter 2, pages 15-16",high,infographic,optional_modal,module5_stars_life_cycle,module5_stars_life_cycle,module5_stars_life_cycle.png,/assets/cap-visuals/module5_stars_life_cycle.png,approved,true,"Stars, stellar distance and magnitude, star formation, stellar evolution, H–R diagram, and multiple star systems.",Stars & Their Life Cycle,"Stars, stellar distance and magnitude, star formation, stellar evolution, H–R diagram, and multiple star systems.",high,close,false,0.8,Aerospace_Dimensions_Module_5_source_grounded,Module_4_100_question_bank_style,draft,AD-M5-Q031,45,AD_M5_100
AD-M5-Q033,5,2,Stars,AD5-2-nebula,AD5-2-nebula,AD5-2-nebula,multiple_choice,direct_exam_style,medium,recall,What is a nebula?,A giant cloud of gas and dust,A planet with rings,A dead rocky moon,A region with no radiation,A,A nebula is a giant cloud of gas and dust and can be a birthplace of stars.,"Nebulae are giant clouds of gas and dust. Some are remnants of exploded stars, and some provide the material from which new stars form.",Correct. A nebula is a giant cloud of gas and dust and can be a birthplace of stars.,Not correct. A planet with rings does not match the concept being tested here.,Not correct. A dead rocky moon does not match the concept being tested here.,Not correct. A region with no radiation does not match the concept being tested here.,Nebula = stellar nursery cloud.,"Review Aerospace Dimensions Module 5, Chapter 2, pages 14,17. Then explain the concept without looking at the answer choices.",Aerospace Dimensions Module 5 — Space Environment,"14,17","Module 5, Chapter 2, pages 14,17",high,infographic,optional_modal,module5_stars_life_cycle,module5_stars_life_cycle,module5_stars_life_cycle.png,/assets/cap-visuals/module5_stars_life_cycle.png,approved,true,"Stars, stellar distance and magnitude, star formation, stellar evolution, H–R diagram, and multiple star systems.",Stars & Their Life Cycle,"Stars, stellar distance and magnitude, star formation, stellar evolution, H–R diagram, and multiple star systems.",high,close,true,1.0,Aerospace_Dimensions_Module_5_source_grounded,Module_4_100_question_bank_style,draft,AD-M5-Q034,35,AD_M5_100
AD-M5-Q034,5,2,Stars,AD5-2-nebula,AD5-2-nebula,AD5-2-nebula,multiple_choice,brief_application,medium_hard,application,Gravity begins pulling together material inside a huge cloud of gas and dust. What is that starting cloud called?,A white dwarf,A nebula,A pulsar,A planet,B,A nebula is a giant cloud of gas and dust and can be a birthplace of stars.,"Nebulae are giant clouds of gas and dust. Some are remnants of exploded stars, and some provide the material from which new stars form.",Not correct. A white dwarf does not match the concept being tested here.,Correct. A nebula is a giant cloud of gas and dust and can be a birthplace of stars.,Not correct. A pulsar does not match the concept being tested here.,Not correct. A planet does not match the concept being tested here.,Nebula = stellar nursery cloud.,"Review Aerospace Dimensions Module 5, Chapter 2, pages 14,17. Then explain the concept without looking at the answer choices.",Aerospace Dimensions Module 5 — Space Environment,"14,17","Module 5, Chapter 2, pages 14,17",high,infographic,optional_modal,module5_stars_life_cycle,module5_stars_life_cycle,module5_stars_life_cycle.png,/assets/cap-visuals/module5_stars_life_cycle.png,approved,true,"Stars, stellar distance and magnitude, star formation, stellar evolution, H–R diagram, and multiple star systems.",Stars & Their Life Cycle,"Stars, stellar distance and magnitude, star formation, stellar evolution, H–R diagram, and multiple star systems.",high,close,true,0.8,Aerospace_Dimensions_Module_5_source_grounded,Module_4_100_question_bank_style,draft,AD-M5-Q033,45,AD_M5_100
AD-M5-Q035,5,2,Stars,AD5-2-star-formation,AD5-2-star-formation,AD5-2-star-formation,multiple_choice,direct_exam_style,medium,recall,Which sequence correctly describes the beginning of a star’s life?,White dwarf → nebula → protostar,Supernova → planet → main sequence,Nebula → protostar → main-sequence star,Main sequence → protostar → nebula,C,"Stars begin in nebulae, form protostars, and then enter the main sequence.",Gravity draws gas and dust together in a nebula. The forming object becomes a protostar and eventually reaches the stable main-sequence stage.,Not correct. White dwarf → nebula → protostar does not match the concept being tested here.,Not correct. Supernova → planet → main sequence does not match the concept being tested here.,"Correct. Stars begin in nebulae, form protostars, and then enter the main sequence.",Not correct. Main sequence → protostar → nebula does not match the concept being tested here.,Nebula → proto → main.,"Review Aerospace Dimensions Module 5, Chapter 2, pages 17-18. Then explain the concept without looking at the answer choices.",Aerospace Dimensions Module 5 — Space Environment,17-18,"Module 5, Chapter 2, pages 17-18",high,infographic,optional_modal,module5_stars_life_cycle,module5_stars_life_cycle,module5_stars_life_cycle.png,/assets/cap-visuals/module5_stars_life_cycle.png,approved,true,"Stars, stellar distance and magnitude, star formation, stellar evolution, H–R diagram, and multiple star systems.",Stars & Their Life Cycle,"Stars, stellar distance and magnitude, star formation, stellar evolution, H–R diagram, and multiple star systems.",high,close,true,1.0,Aerospace_Dimensions_Module_5_source_grounded,Module_4_100_question_bank_style,draft,AD-M5-Q036,35,AD_M5_100
AD-M5-Q036,5,2,Stars,AD5-2-star-formation,AD5-2-star-formation,AD5-2-star-formation,multiple_choice,brief_application,medium_hard,application,"A cloud collapses under gravity, becomes a developing star, then settles into a long stable stage. Which sequence is this?",White dwarf → nebula → protostar,Supernova → planet → main sequence,Main sequence → protostar → nebula,Nebula → protostar → main-sequence star,D,"Stars begin in nebulae, form protostars, and then enter the main sequence.",Gravity draws gas and dust together in a nebula. The forming object becomes a protostar and eventually reaches the stable main-sequence stage.,Not correct. White dwarf → nebula → protostar does not match the concept being tested here.,Not correct. Supernova → planet → main sequence does not match the concept being tested here.,Not correct. Main sequence → protostar → nebula does not match the concept being tested here.,"Correct. Stars begin in nebulae, form protostars, and then enter the main sequence.",Nebula → proto → main.,"Review Aerospace Dimensions Module 5, Chapter 2, pages 17-18. Then explain the concept without looking at the answer choices.",Aerospace Dimensions Module 5 — Space Environment,17-18,"Module 5, Chapter 2, pages 17-18",high,infographic,optional_modal,module5_stars_life_cycle,module5_stars_life_cycle,module5_stars_life_cycle.png,/assets/cap-visuals/module5_stars_life_cycle.png,approved,true,"Stars, stellar distance and magnitude, star formation, stellar evolution, H–R diagram, and multiple star systems.",Stars & Their Life Cycle,"Stars, stellar distance and magnitude, star formation, stellar evolution, H–R diagram, and multiple star systems.",high,close,false,0.8,Aerospace_Dimensions_Module_5_source_grounded,Module_4_100_question_bank_style,draft,AD-M5-Q035,45,AD_M5_100
AD-M5-Q037,5,2,Stars,AD5-2-main-sequence,AD5-2-main-sequence,AD5-2-main-sequence,multiple_choice,direct_exam_style,medium,recall,What powers a main-sequence star?,Hydrogen fusion in its core,Reflected sunlight,Burning oxygen in an atmosphere,Energy from nearby planets,A,Main-sequence stars are powered by hydrogen fusion in their cores.,"The main sequence is the long, stable period in a star’s life when hydrogen is being fused into helium in the core.",Correct. Main-sequence stars are powered by hydrogen fusion in their cores.,Not correct. Reflected sunlight does not match the concept being tested here.,Not correct. Burning oxygen in an atmosphere does not match the concept being tested here.,Not correct. Energy from nearby planets does not match the concept being tested here.,Main sequence = stable hydrogen fusion.,"Review Aerospace Dimensions Module 5, Chapter 2, pages 18. Then explain the concept without looking at the answer choices.",Aerospace Dimensions Module 5 — Space Environment,18,"Module 5, Chapter 2, pages 18",high,infographic,optional_modal,module5_stars_life_cycle,module5_stars_life_cycle,module5_stars_life_cycle.png,/assets/cap-visuals/module5_stars_life_cycle.png,approved,true,"Stars, stellar distance and magnitude, star formation, stellar evolution, H–R diagram, and multiple star systems.",Stars & Their Life Cycle,"Stars, stellar distance and magnitude, star formation, stellar evolution, H–R diagram, and multiple star systems.",high,close,true,1.0,Aerospace_Dimensions_Module_5_source_grounded,Module_4_100_question_bank_style,draft,AD-M5-Q038,35,AD_M5_100
AD-M5-Q038,5,2,Stars,AD5-2-main-sequence,AD5-2-main-sequence,AD5-2-main-sequence,multiple_choice,brief_application,medium_hard,application,A star is stable and spends most of its life fusing hydrogen into helium. Which stage is it in?,Protostar stage,Main-sequence stage,Red giant stage,White dwarf stage,B,Main-sequence stars are powered by hydrogen fusion in their cores.,"The main sequence is the long, stable period in a star’s life when hydrogen is being fused into helium in the core.",Not correct. Protostar stage does not match the concept being tested here.,Correct. Main-sequence stars are powered by hydrogen fusion in their cores.,Not correct. Red giant stage does not match the concept being tested here.,Not correct. White dwarf stage does not match the concept being tested here.,Main sequence = stable hydrogen fusion.,"Review Aerospace Dimensions Module 5, Chapter 2, pages 18. Then explain the concept without looking at the answer choices.",Aerospace Dimensions Module 5 — Space Environment,18,"Module 5, Chapter 2, pages 18",high,infographic,optional_modal,module5_stars_life_cycle,module5_stars_life_cycle,module5_stars_life_cycle.png,/assets/cap-visuals/module5_stars_life_cycle.png,approved,true,"Stars, stellar distance and magnitude, star formation, stellar evolution, H–R diagram, and multiple star systems.",Stars & Their Life Cycle,"Stars, stellar distance and magnitude, star formation, stellar evolution, H–R diagram, and multiple star systems.",high,close,true,0.8,Aerospace_Dimensions_Module_5_source_grounded,Module_4_100_question_bank_style,draft,AD-M5-Q037,45,AD_M5_100
AD-M5-Q039,5,2,Stars,AD5-2-average-star-end,AD5-2-average-star-end,AD5-2-average-star-end,multiple_choice,direct_exam_style,medium,recall,Which sequence best describes the later life of an average-mass star like the Sun?,Supergiant → supernova → black hole,Nebula → protostar → planet,Red giant → planetary nebula → white dwarf,White dwarf → red giant → main sequence,C,"Average stars become red giants, shed a planetary nebula, and end as white dwarfs.","An average-mass star expands into a red giant. Its outer layers drift away as a planetary nebula, leaving a hot dense white dwarf.",Not correct. Supergiant → supernova → black hole does not match the concept being tested here.,Not correct. Nebula → protostar → planet does not match the concept being tested here.,"Correct. Average stars become red giants, shed a planetary nebula, and end as white dwarfs.",Not correct. White dwarf → red giant → main sequence does not match the concept being tested here.,Average star → red giant → white dwarf.,"Review Aerospace Dimensions Module 5, Chapter 2, pages 18-19. Then explain the concept without looking at the answer choices.",Aerospace Dimensions Module 5 — Space Environment,18-19,"Module 5, Chapter 2, pages 18-19",high,infographic,optional_modal,module5_stars_life_cycle,module5_stars_life_cycle,module5_stars_life_cycle.png,/assets/cap-visuals/module5_stars_life_cycle.png,approved,true,"Stars, stellar distance and magnitude, star formation, stellar evolution, H–R diagram, and multiple star systems.",Stars & Their Life Cycle,"Stars, stellar distance and magnitude, star formation, stellar evolution, H–R diagram, and multiple star systems.",high,close,true,1.0,Aerospace_Dimensions_Module_5_source_grounded,Module_4_100_question_bank_style,draft,AD-M5-Q040,35,AD_M5_100
AD-M5-Q040,5,2,Stars,AD5-2-average-star-end,AD5-2-average-star-end,AD5-2-average-star-end,multiple_choice,brief_application,medium_hard,application,"A Sun-like star expands, sheds its outer layers, and leaves behind a hot dense core. What is the correct sequence?",Supergiant → supernova → black hole,Nebula → protostar → planet,White dwarf → red giant → main sequence,Red giant → planetary nebula → white dwarf,D,"Average stars become red giants, shed a planetary nebula, and end as white dwarfs.","An average-mass star expands into a red giant. Its outer layers drift away as a planetary nebula, leaving a hot dense white dwarf.",Not correct. Supergiant → supernova → black hole does not match the concept being tested here.,Not correct. Nebula → protostar → planet does not match the concept being tested here.,Not correct. White dwarf → red giant → main sequence does not match the concept being tested here.,"Correct. Average stars become red giants, shed a planetary nebula, and end as white dwarfs.",Average star → red giant → white dwarf.,"Review Aerospace Dimensions Module 5, Chapter 2, pages 18-19. Then explain the concept without looking at the answer choices.",Aerospace Dimensions Module 5 — Space Environment,18-19,"Module 5, Chapter 2, pages 18-19",high,infographic,optional_modal,module5_stars_life_cycle,module5_stars_life_cycle,module5_stars_life_cycle.png,/assets/cap-visuals/module5_stars_life_cycle.png,approved,true,"Stars, stellar distance and magnitude, star formation, stellar evolution, H–R diagram, and multiple star systems.",Stars & Their Life Cycle,"Stars, stellar distance and magnitude, star formation, stellar evolution, H–R diagram, and multiple star systems.",high,close,false,0.8,Aerospace_Dimensions_Module_5_source_grounded,Module_4_100_question_bank_style,draft,AD-M5-Q039,45,AD_M5_100
AD-M5-Q041,5,2,Stars,AD5-2-massive-star-end,AD5-2-massive-star-end,AD5-2-massive-star-end,multiple_choice,direct_exam_style,medium,recall,Which sequence best describes the late life of a high-mass star?,Supergiant → supernova → neutron star or black hole,Red giant → white dwarf only,Nebula → protostar → main sequence only,Planet → comet → asteroid,A,Massive stars can explode as supernovae and leave neutron stars or black holes.,"High-mass stars evolve into supergiants and eventually explode as supernovae. Their collapsed cores can become neutron stars or, if massive enough, black holes.",Correct. Massive stars can explode as supernovae and leave neutron stars or black holes.,Not correct. Red giant → white dwarf only does not match the concept being tested here.,Not correct. Nebula → protostar → main sequence only does not match the concept being tested here.,Not correct. Planet → comet → asteroid does not match the concept being tested here.,Massive → supergiant → supernova → neutron star/black hole.,"Review Aerospace Dimensions Module 5, Chapter 2, pages 18-20. Then explain the concept without looking at the answer choices.",Aerospace Dimensions Module 5 — Space Environment,18-20,"Module 5, Chapter 2, pages 18-20",high,infographic,optional_modal,module5_stars_life_cycle,module5_stars_life_cycle,module5_stars_life_cycle.png,/assets/cap-visuals/module5_stars_life_cycle.png,approved,true,"Stars, stellar distance and magnitude, star formation, stellar evolution, H–R diagram, and multiple star systems.",Stars & Their Life Cycle,"Stars, stellar distance and magnitude, star formation, stellar evolution, H–R diagram, and multiple star systems.",high,close,true,1.0,Aerospace_Dimensions_Module_5_source_grounded,Module_4_100_question_bank_style,draft,AD-M5-Q042,35,AD_M5_100
AD-M5-Q042,5,2,Stars,AD5-2-massive-star-end,AD5-2-massive-star-end,AD5-2-massive-star-end,multiple_choice,brief_application,medium_hard,application,A massive star explodes and its core collapses. What two end states can result?,A planet or comet,A neutron star or a black hole,A white dwarf only,A spiral galaxy,B,Massive stars can explode as supernovae and leave neutron stars or black holes.,"High-mass stars evolve into supergiants and eventually explode as supernovae. Their collapsed cores can become neutron stars or, if massive enough, black holes.",Not correct. A planet or comet does not match the concept being tested here.,Correct. Massive stars can explode as supernovae and leave neutron stars or black holes.,Not correct. A white dwarf only does not match the concept being tested here.,Not correct. A spiral galaxy does not match the concept being tested here.,Massive → supergiant → supernova → neutron star/black hole.,"Review Aerospace Dimensions Module 5, Chapter 2, pages 18-20. Then explain the concept without looking at the answer choices.",Aerospace Dimensions Module 5 — Space Environment,18-20,"Module 5, Chapter 2, pages 18-20",high,infographic,optional_modal,module5_stars_life_cycle,module5_stars_life_cycle,module5_stars_life_cycle.png,/assets/cap-visuals/module5_stars_life_cycle.png,approved,true,"Stars, stellar distance and magnitude, star formation, stellar evolution, H–R diagram, and multiple star systems.",Stars & Their Life Cycle,"Stars, stellar distance and magnitude, star formation, stellar evolution, H–R diagram, and multiple star systems.",high,close,true,0.8,Aerospace_Dimensions_Module_5_source_grounded,Module_4_100_question_bank_style,draft,AD-M5-Q041,45,AD_M5_100
AD-M5-Q043,5,2,Stars,AD5-2-black-hole,AD5-2-black-hole,AD5-2-black-hole,multiple_choice,direct_exam_style,medium,recall,What is a black hole?,A dark sunspot,A cloud of gas and dust,"A collapsed region whose gravity is so strong that nothing, not even light, can escape",A dim planet with no atmosphere,C,A black hole has gravity so strong that even light cannot escape.,Module 5 explains that a sufficiently massive supernova core can implode into a black hole. Its gravitational pull is so strong that nothing can escape.,Not correct. A dark sunspot does not match the concept being tested here.,Not correct. A cloud of gas and dust does not match the concept being tested here.,Correct. A black hole has gravity so strong that even light cannot escape.,Not correct. A dim planet with no atmosphere does not match the concept being tested here.,Black hole = gravity traps even light.,"Review Aerospace Dimensions Module 5, Chapter 2, pages 14,20. Then explain the concept without looking at the answer choices.",Aerospace Dimensions Module 5 — Space Environment,"14,20","Module 5, Chapter 2, pages 14,20",high,infographic,optional_modal,module5_stars_life_cycle,module5_stars_life_cycle,module5_stars_life_cycle.png,/assets/cap-visuals/module5_stars_life_cycle.png,approved,true,"Stars, stellar distance and magnitude, star formation, stellar evolution, H–R diagram, and multiple star systems.",Stars & Their Life Cycle,"Stars, stellar distance and magnitude, star formation, stellar evolution, H–R diagram, and multiple star systems.",high,close,true,1.0,Aerospace_Dimensions_Module_5_source_grounded,Module_4_100_question_bank_style,draft,AD-M5-Q044,35,AD_M5_100
AD-M5-Q044,5,2,Stars,AD5-2-black-hole,AD5-2-black-hole,AD5-2-black-hole,multiple_choice,brief_application,medium_hard,application,"A supernova leaves a core more than about three times the Sun’s mass, and the core implodes. What can form?",A comet,A white dwarf,A planet,A black hole,D,A black hole has gravity so strong that even light cannot escape.,Module 5 explains that a sufficiently massive supernova core can implode into a black hole. Its gravitational pull is so strong that nothing can escape.,Not correct. A comet does not match the concept being tested here.,Not correct. A white dwarf does not match the concept being tested here.,Not correct. A planet does not match the concept being tested here.,Correct. A black hole has gravity so strong that even light cannot escape.,Black hole = gravity traps even light.,"Review Aerospace Dimensions Module 5, Chapter 2, pages 14,20. Then explain the concept without looking at the answer choices.",Aerospace Dimensions Module 5 — Space Environment,"14,20","Module 5, Chapter 2, pages 14,20",high,infographic,optional_modal,module5_stars_life_cycle,module5_stars_life_cycle,module5_stars_life_cycle.png,/assets/cap-visuals/module5_stars_life_cycle.png,approved,true,"Stars, stellar distance and magnitude, star formation, stellar evolution, H–R diagram, and multiple star systems.",Stars & Their Life Cycle,"Stars, stellar distance and magnitude, star formation, stellar evolution, H–R diagram, and multiple star systems.",high,close,false,0.8,Aerospace_Dimensions_Module_5_source_grounded,Module_4_100_question_bank_style,draft,AD-M5-Q043,45,AD_M5_100
AD-M5-Q045,5,2,Stars,AD5-2-hr-diagram,AD5-2-hr-diagram,AD5-2-hr-diagram,multiple_choice,direct_exam_style,medium,recall,What two major star characteristics are compared on a Hertzsprung–Russell (H–R) diagram?,Brightness and surface temperature,Mass and orbital speed,Distance and age,Gravity and atmosphere,A,The H–R diagram compares a star’s brightness with its surface temperature.,"The Hertzsprung–Russell diagram organizes stars by luminosity/brightness and temperature, helping show groups such as the main sequence, giants, supergiants, and white dwarfs.",Correct. The H–R diagram compares a star’s brightness with its surface temperature.,Not correct. Mass and orbital speed does not match the concept being tested here.,Not correct. Distance and age does not match the concept being tested here.,Not correct. Gravity and atmosphere does not match the concept being tested here.,H–R = heat and radiance.,"Review Aerospace Dimensions Module 5, Chapter 2, pages 16,20-21. Then explain the concept without looking at the answer choices.",Aerospace Dimensions Module 5 — Space Environment,"16,20-21","Module 5, Chapter 2, pages 16,20-21",high,infographic,optional_modal,module5_stars_life_cycle,module5_stars_life_cycle,module5_stars_life_cycle.png,/assets/cap-visuals/module5_stars_life_cycle.png,approved,true,"Stars, stellar distance and magnitude, star formation, stellar evolution, H–R diagram, and multiple star systems.",Stars & Their Life Cycle,"Stars, stellar distance and magnitude, star formation, stellar evolution, H–R diagram, and multiple star systems.",high,close,true,1.0,Aerospace_Dimensions_Module_5_source_grounded,Module_4_100_question_bank_style,draft,AD-M5-Q046,35,AD_M5_100
AD-M5-Q046,5,2,Stars,AD5-2-hr-diagram,AD5-2-hr-diagram,AD5-2-hr-diagram,multiple_choice,brief_application,medium_hard,application,A chart places stars from hot to cool across one axis and bright to dim on the other. What chart is it?,A moon-phase chart,A Hertzsprung–Russell (H–R) diagram,A solar-system map,A galaxy classification chart,B,The H–R diagram compares a star’s brightness with its surface temperature.,"The Hertzsprung–Russell diagram organizes stars by luminosity/brightness and temperature, helping show groups such as the main sequence, giants, supergiants, and white dwarfs.",Not correct. A moon-phase chart does not match the concept being tested here.,Correct. The H–R diagram compares a star’s brightness with its surface temperature.,Not correct. A solar-system map does not match the concept being tested here.,Not correct. A galaxy classification chart does not match the concept being tested here.,H–R = heat and radiance.,"Review Aerospace Dimensions Module 5, Chapter 2, pages 16,20-21. Then explain the concept without looking at the answer choices.",Aerospace Dimensions Module 5 — Space Environment,"16,20-21","Module 5, Chapter 2, pages 16,20-21",high,infographic,optional_modal,module5_stars_life_cycle,module5_stars_life_cycle,module5_stars_life_cycle.png,/assets/cap-visuals/module5_stars_life_cycle.png,approved,true,"Stars, stellar distance and magnitude, star formation, stellar evolution, H–R diagram, and multiple star systems.",Stars & Their Life Cycle,"Stars, stellar distance and magnitude, star formation, stellar evolution, H–R diagram, and multiple star systems.",high,close,true,0.8,Aerospace_Dimensions_Module_5_source_grounded,Module_4_100_question_bank_style,draft,AD-M5-Q045,45,AD_M5_100
AD-M5-Q047,5,2,Stars,AD5-2-multiple-stars,AD5-2-multiple-stars,AD5-2-multiple-stars,multiple_choice,direct_exam_style,medium,recall,What is a binary star system?,One star and one planet,Three planets around one star,Two stars orbiting a common center of gravity,Two galaxies colliding,C,A binary star system contains two stars orbiting a common center.,"Module 5 explains that many stars occur in pairs. In a binary system, the two stars orbit their shared center of gravity.",Not correct. One star and one planet does not match the concept being tested here.,Not correct. Three planets around one star does not match the concept being tested here.,Correct. A binary star system contains two stars orbiting a common center.,Not correct. Two galaxies colliding does not match the concept being tested here.,Binary = two stars.,"Review Aerospace Dimensions Module 5, Chapter 2, pages 21. Then explain the concept without looking at the answer choices.",Aerospace Dimensions Module 5 — Space Environment,21,"Module 5, Chapter 2, pages 21",high,infographic,optional_modal,module5_stars_life_cycle,module5_stars_life_cycle,module5_stars_life_cycle.png,/assets/cap-visuals/module5_stars_life_cycle.png,approved,true,"Stars, stellar distance and magnitude, star formation, stellar evolution, H–R diagram, and multiple star systems.",Stars & Their Life Cycle,"Stars, stellar distance and magnitude, star formation, stellar evolution, H–R diagram, and multiple star systems.",high,close,true,1.0,Aerospace_Dimensions_Module_5_source_grounded,Module_4_100_question_bank_style,draft,AD-M5-Q048,35,AD_M5_100
AD-M5-Q048,5,2,Stars,AD5-2-multiple-stars,AD5-2-multiple-stars,AD5-2-multiple-stars,multiple_choice,brief_application,medium_hard,application,"Two stars share the same center of gravity, with one called the primary and the other the companion. What system is this?",A constellation,A galaxy,A solar system,A binary star system,D,A binary star system contains two stars orbiting a common center.,"Module 5 explains that many stars occur in pairs. In a binary system, the two stars orbit their shared center of gravity.",Not correct. A constellation does not match the concept being tested here.,Not correct. A galaxy does not match the concept being tested here.,Not correct. A solar system does not match the concept being tested here.,Correct. A binary star system contains two stars orbiting a common center.,Binary = two stars.,"Review Aerospace Dimensions Module 5, Chapter 2, pages 21. Then explain the concept without looking at the answer choices.",Aerospace Dimensions Module 5 — Space Environment,21,"Module 5, Chapter 2, pages 21",high,infographic,optional_modal,module5_stars_life_cycle,module5_stars_life_cycle,module5_stars_life_cycle.png,/assets/cap-visuals/module5_stars_life_cycle.png,approved,true,"Stars, stellar distance and magnitude, star formation, stellar evolution, H–R diagram, and multiple star systems.",Stars & Their Life Cycle,"Stars, stellar distance and magnitude, star formation, stellar evolution, H–R diagram, and multiple star systems.",high,close,false,0.8,Aerospace_Dimensions_Module_5_source_grounded,Module_4_100_question_bank_style,draft,AD-M5-Q047,45,AD_M5_100
AD-M5-Q049,5,3,"Our Solar System: Sun, Moon, and More",AD5-3-solar-system,AD5-3-solar-system,AD5-3-solar-system,multiple_choice,direct_exam_style,medium,recall,What is our solar system?,The Sun and all bodies under its gravitational influence,Only the eight planets,Only Earth and the Moon,The entire Milky Way galaxy,A,Our solar system includes the Sun and the bodies that orbit it.,"The solar system includes the Sun, planets and their satellites, asteroids, comets, and other bodies held by the Sun’s gravitational influence.",Correct. Our solar system includes the Sun and the bodies that orbit it.,Not correct. Only the eight planets does not match the concept being tested here.,Not correct. Only Earth and the Moon does not match the concept being tested here.,Not correct. The entire Milky Way galaxy does not match the concept being tested here.,Solar system = Sun + its orbiting family.,"Review Aerospace Dimensions Module 5, Chapter 3, pages 26-27. Then explain the concept without looking at the answer choices.",Aerospace Dimensions Module 5 — Space Environment,26-27,"Module 5, Chapter 3, pages 26-27",high,infographic,optional_modal,module5_sun_moon_eclipses,module5_sun_moon_eclipses,module5_sun_moon_eclipses.png,/assets/cap-visuals/module5_sun_moon_eclipses.png,approved,true,"Solar features, lunar characteristics, phases, eclipses, and astronomical units.","The Sun, the Moon & Eclipses","Solar features, lunar characteristics, phases, eclipses, and astronomical units.",high,close,true,1.0,Aerospace_Dimensions_Module_5_source_grounded,Module_4_100_question_bank_style,draft,AD-M5-Q050,35,AD_M5_100
AD-M5-Q050,5,3,"Our Solar System: Sun, Moon, and More",AD5-3-solar-system,AD5-3-solar-system,AD5-3-solar-system,multiple_choice,brief_application,medium_hard,application,"A list includes the Sun, planets, moons, asteroids, and comets that orbit the Sun. What does the list describe?",Only the eight planets,The Sun and all bodies under its gravitational influence,Only Earth and the Moon,The entire Milky Way galaxy,B,Our solar system includes the Sun and the bodies that orbit it.,"The solar system includes the Sun, planets and their satellites, asteroids, comets, and other bodies held by the Sun’s gravitational influence.",Not correct. Only the eight planets does not match the concept being tested here.,Correct. Our solar system includes the Sun and the bodies that orbit it.,Not correct. Only Earth and the Moon does not match the concept being tested here.,Not correct. The entire Milky Way galaxy does not match the concept being tested here.,Solar system = Sun + its orbiting family.,"Review Aerospace Dimensions Module 5, Chapter 3, pages 26-27. Then explain the concept without looking at the answer choices.",Aerospace Dimensions Module 5 — Space Environment,26-27,"Module 5, Chapter 3, pages 26-27",high,infographic,optional_modal,module5_sun_moon_eclipses,module5_sun_moon_eclipses,module5_sun_moon_eclipses.png,/assets/cap-visuals/module5_sun_moon_eclipses.png,approved,true,"Solar features, lunar characteristics, phases, eclipses, and astronomical units.","The Sun, the Moon & Eclipses","Solar features, lunar characteristics, phases, eclipses, and astronomical units.",high,close,true,0.8,Aerospace_Dimensions_Module_5_source_grounded,Module_4_100_question_bank_style,draft,AD-M5-Q049,45,AD_M5_100
AD-M5-Q051,5,3,"Our Solar System: Sun, Moon, and More",AD5-3-au,AD5-3-au,AD5-3-au,multiple_choice,direct_exam_style,medium,recall,What is one astronomical unit (AU)?,The distance from Earth to the Moon,The diameter of the Sun,The average distance from Earth to the Sun,One light-year,C,"One AU is the average Earth–Sun distance, about 93 million miles.",Astronomical units are convenient for measuring distances within our solar system. Earth is approximately 1 AU from the Sun.,Not correct. The distance from Earth to the Moon does not match the concept being tested here.,Not correct. The diameter of the Sun does not match the concept being tested here.,"Correct. One AU is the average Earth–Sun distance, about 93 million miles.",Not correct. One light-year does not match the concept being tested here.,1 AU = Earth to Sun.,"Review Aerospace Dimensions Module 5, Chapter 3, pages 26-27. Then explain the concept without looking at the answer choices.",Aerospace Dimensions Module 5 — Space Environment,26-27,"Module 5, Chapter 3, pages 26-27",high,infographic,optional_modal,module5_sun_moon_eclipses,module5_sun_moon_eclipses,module5_sun_moon_eclipses.png,/assets/cap-visuals/module5_sun_moon_eclipses.png,approved,true,"Solar features, lunar characteristics, phases, eclipses, and astronomical units.","The Sun, the Moon & Eclipses","Solar features, lunar characteristics, phases, eclipses, and astronomical units.",high,close,true,1.0,Aerospace_Dimensions_Module_5_source_grounded,Module_4_100_question_bank_style,draft,AD-M5-Q052,35,AD_M5_100
AD-M5-Q052,5,3,"Our Solar System: Sun, Moon, and More",AD5-3-au,AD5-3-au,AD5-3-au,multiple_choice,brief_application,medium_hard,application,A planet is listed as 1.5 AU from the Sun. What unit is being used?,Light-years,Parsecs,Kelvin,Astronomical units (AU),D,"One AU is the average Earth–Sun distance, about 93 million miles.",Astronomical units are convenient for measuring distances within our solar system. Earth is approximately 1 AU from the Sun.,Not correct. Light-years does not match the concept being tested here.,Not correct. Parsecs does not match the concept being tested here.,Not correct. Kelvin does not match the concept being tested here.,"Correct. One AU is the average Earth–Sun distance, about 93 million miles.",1 AU = Earth to Sun.,"Review Aerospace Dimensions Module 5, Chapter 3, pages 26-27. Then explain the concept without looking at the answer choices.",Aerospace Dimensions Module 5 — Space Environment,26-27,"Module 5, Chapter 3, pages 26-27",high,infographic,optional_modal,module5_sun_moon_eclipses,module5_sun_moon_eclipses,module5_sun_moon_eclipses.png,/assets/cap-visuals/module5_sun_moon_eclipses.png,approved,true,"Solar features, lunar characteristics, phases, eclipses, and astronomical units.","The Sun, the Moon & Eclipses","Solar features, lunar characteristics, phases, eclipses, and astronomical units.",high,close,false,0.8,Aerospace_Dimensions_Module_5_source_grounded,Module_4_100_question_bank_style,draft,AD-M5-Q051,45,AD_M5_100
AD-M5-Q053,5,3,"Our Solar System: Sun, Moon, and More",AD5-3-photosphere,AD5-3-photosphere,AD5-3-photosphere,multiple_choice,direct_exam_style,medium,recall,What is the photosphere?,The visible outer layer or 'surface' of the Sun,The Sun’s rocky core,The Moon’s atmosphere,A comet’s tail,A,The photosphere is the Sun’s visible outer layer.,Module 5 identifies the photosphere as the thin shell of the Sun’s outer layer that we see as its visible surface.,Correct. The photosphere is the Sun’s visible outer layer.,Not correct. The Sun’s rocky core does not match the concept being tested here.,Not correct. The Moon’s atmosphere does not match the concept being tested here.,Not correct. A comet’s tail does not match the concept being tested here.,Photo = light; photosphere = visible Sun layer.,"Review Aerospace Dimensions Module 5, Chapter 3, pages 27. Then explain the concept without looking at the answer choices.",Aerospace Dimensions Module 5 — Space Environment,27,"Module 5, Chapter 3, pages 27",high,infographic,optional_modal,module5_sun_moon_eclipses,module5_sun_moon_eclipses,module5_sun_moon_eclipses.png,/assets/cap-visuals/module5_sun_moon_eclipses.png,approved,true,"Solar features, lunar characteristics, phases, eclipses, and astronomical units.","The Sun, the Moon & Eclipses","Solar features, lunar characteristics, phases, eclipses, and astronomical units.",high,close,true,1.0,Aerospace_Dimensions_Module_5_source_grounded,Module_4_100_question_bank_style,draft,AD-M5-Q054,35,AD_M5_100
AD-M5-Q054,5,3,"Our Solar System: Sun, Moon, and More",AD5-3-photosphere,AD5-3-photosphere,AD5-3-photosphere,multiple_choice,brief_application,medium_hard,application,A diagram labels the thin visible shell from which most sunlight appears to come. What is it?,A sunspot,The photosphere,A prominence,The corona,B,The photosphere is the Sun’s visible outer layer.,Module 5 identifies the photosphere as the thin shell of the Sun’s outer layer that we see as its visible surface.,Not correct. A sunspot does not match the concept being tested here.,Correct. The photosphere is the Sun’s visible outer layer.,Not correct. A prominence does not match the concept being tested here.,Not correct. The corona does not match the concept being tested here.,Photo = light; photosphere = visible Sun layer.,"Review Aerospace Dimensions Module 5, Chapter 3, pages 27. Then explain the concept without looking at the answer choices.",Aerospace Dimensions Module 5 — Space Environment,27,"Module 5, Chapter 3, pages 27",high,infographic,optional_modal,module5_sun_moon_eclipses,module5_sun_moon_eclipses,module5_sun_moon_eclipses.png,/assets/cap-visuals/module5_sun_moon_eclipses.png,approved,true,"Solar features, lunar characteristics, phases, eclipses, and astronomical units.","The Sun, the Moon & Eclipses","Solar features, lunar characteristics, phases, eclipses, and astronomical units.",high,close,true,0.8,Aerospace_Dimensions_Module_5_source_grounded,Module_4_100_question_bank_style,draft,AD-M5-Q053,45,AD_M5_100
AD-M5-Q055,5,3,"Our Solar System: Sun, Moon, and More",AD5-3-sunspots,AD5-3-sunspots,AD5-3-sunspots,multiple_choice,direct_exam_style,medium,recall,What are sunspots?,Short-lived high-energy bursts,Long looping gas eruptions,"Darker, cooler areas on the Sun",Holes in the Sun,C,"Sunspots are cooler, darker regions on the Sun.",Sunspots appear dark because they are cooler than nearby parts of the photosphere. They are associated with strong magnetic activity.,Not correct. Short-lived high-energy bursts does not match the concept being tested here.,Not correct. Long looping gas eruptions does not match the concept being tested here.,"Correct. Sunspots are cooler, darker regions on the Sun.",Not correct. Holes in the Sun does not match the concept being tested here.,Sunspots = cool dark spots.,"Review Aerospace Dimensions Module 5, Chapter 3, pages 27-28. Then explain the concept without looking at the answer choices.",Aerospace Dimensions Module 5 — Space Environment,27-28,"Module 5, Chapter 3, pages 27-28",high,infographic,optional_modal,module5_sun_moon_eclipses,module5_sun_moon_eclipses,module5_sun_moon_eclipses.png,/assets/cap-visuals/module5_sun_moon_eclipses.png,approved,true,"Solar features, lunar characteristics, phases, eclipses, and astronomical units.","The Sun, the Moon & Eclipses","Solar features, lunar characteristics, phases, eclipses, and astronomical units.",high,close,true,1.0,Aerospace_Dimensions_Module_5_source_grounded,Module_4_100_question_bank_style,draft,AD-M5-Q056,35,AD_M5_100
AD-M5-Q056,5,3,"Our Solar System: Sun, Moon, and More",AD5-3-sunspots,AD5-3-sunspots,AD5-3-sunspots,multiple_choice,brief_application,medium_hard,application,An observer sees dark regions on the Sun that are cooler than the surrounding surface. What are they?,Solar flares,Solar prominences,Meteorites,Sunspots,D,"Sunspots are cooler, darker regions on the Sun.",Sunspots appear dark because they are cooler than nearby parts of the photosphere. They are associated with strong magnetic activity.,Not correct. Solar flares does not match the concept being tested here.,Not correct. Solar prominences does not match the concept being tested here.,Not correct. Meteorites does not match the concept being tested here.,"Correct. Sunspots are cooler, darker regions on the Sun.",Sunspots = cool dark spots.,"Review Aerospace Dimensions Module 5, Chapter 3, pages 27-28. Then explain the concept without looking at the answer choices.",Aerospace Dimensions Module 5 — Space Environment,27-28,"Module 5, Chapter 3, pages 27-28",high,infographic,optional_modal,module5_sun_moon_eclipses,module5_sun_moon_eclipses,module5_sun_moon_eclipses.png,/assets/cap-visuals/module5_sun_moon_eclipses.png,approved,true,"Solar features, lunar characteristics, phases, eclipses, and astronomical units.","The Sun, the Moon & Eclipses","Solar features, lunar characteristics, phases, eclipses, and astronomical units.",high,close,false,0.8,Aerospace_Dimensions_Module_5_source_grounded,Module_4_100_question_bank_style,draft,AD-M5-Q055,45,AD_M5_100
AD-M5-Q057,5,3,"Our Solar System: Sun, Moon, and More",AD5-3-flares-prominences,AD5-3-flares-prominences,AD5-3-flares-prominences,multiple_choice,direct_exam_style,medium,recall,Which statement correctly distinguishes solar flares from solar prominences?,Flares are short-lived high-energy discharges; prominences are larger eruptions that can last much longer,Flares are dark spots; prominences are craters,Flares happen on the Moon; prominences happen on Earth,They are exactly the same thing,A,Flares are short bursts; prominences are larger and longer-lived.,The chapter defines solar flares as short-lived high-energy discharges. Solar prominences are larger eruptions that may rise thousands of miles and last much longer.,Correct. Flares are short bursts; prominences are larger and longer-lived.,Not correct. Flares are dark spots; prominences are craters does not match the concept being tested here.,Not correct. Flares happen on the Moon; prominences happen on Earth does not match the concept being tested here.,Not correct. They are exactly the same thing does not match the concept being tested here.,Flares = fast; prominences = prolonged.,"Review Aerospace Dimensions Module 5, Chapter 3, pages 27-28. Then explain the concept without looking at the answer choices.",Aerospace Dimensions Module 5 — Space Environment,27-28,"Module 5, Chapter 3, pages 27-28",high,infographic,optional_modal,module5_sun_moon_eclipses,module5_sun_moon_eclipses,module5_sun_moon_eclipses.png,/assets/cap-visuals/module5_sun_moon_eclipses.png,approved,true,"Solar features, lunar characteristics, phases, eclipses, and astronomical units.","The Sun, the Moon & Eclipses","Solar features, lunar characteristics, phases, eclipses, and astronomical units.",high,close,true,1.0,Aerospace_Dimensions_Module_5_source_grounded,Module_4_100_question_bank_style,draft,AD-M5-Q058,35,AD_M5_100
AD-M5-Q058,5,3,"Our Solar System: Sun, Moon, and More",AD5-3-flares-prominences,AD5-3-flares-prominences,AD5-3-flares-prominences,multiple_choice,brief_application,medium_hard,application,A solar event is a sudden short burst of energy rather than a large looping eruption lasting much longer. What is it?,A solar prominence,A solar flare,A sunspot,A meteor,B,Flares are short bursts; prominences are larger and longer-lived.,The chapter defines solar flares as short-lived high-energy discharges. Solar prominences are larger eruptions that may rise thousands of miles and last much longer.,Not correct. A solar prominence does not match the concept being tested here.,Correct. Flares are short bursts; prominences are larger and longer-lived.,Not correct. A sunspot does not match the concept being tested here.,Not correct. A meteor does not match the concept being tested here.,Flares = fast; prominences = prolonged.,"Review Aerospace Dimensions Module 5, Chapter 3, pages 27-28. Then explain the concept without looking at the answer choices.",Aerospace Dimensions Module 5 — Space Environment,27-28,"Module 5, Chapter 3, pages 27-28",high,infographic,optional_modal,module5_sun_moon_eclipses,module5_sun_moon_eclipses,module5_sun_moon_eclipses.png,/assets/cap-visuals/module5_sun_moon_eclipses.png,approved,true,"Solar features, lunar characteristics, phases, eclipses, and astronomical units.","The Sun, the Moon & Eclipses","Solar features, lunar characteristics, phases, eclipses, and astronomical units.",high,close,true,0.8,Aerospace_Dimensions_Module_5_source_grounded,Module_4_100_question_bank_style,draft,AD-M5-Q057,45,AD_M5_100
AD-M5-Q059,5,3,"Our Solar System: Sun, Moon, and More",AD5-3-moon-atmosphere-sound,AD5-3-moon-atmosphere-sound,AD5-3-moon-atmosphere-sound,multiple_choice,direct_exam_style,medium,recall,Why is there no normal sound on the Moon?,The Moon is too cold for sound,The Moon has too much gravity,The Moon has essentially no air to carry sound waves,Sunlight blocks sound,C,"The Moon has virtually no atmosphere, so there is no air to carry sound.","Sound needs a medium such as air. Module 5 explains that the Moon has no wind or air of any kind, so normal sound cannot travel there.",Not correct. The Moon is too cold for sound does not match the concept being tested here.,Not correct. The Moon has too much gravity does not match the concept being tested here.,"Correct. The Moon has virtually no atmosphere, so there is no air to carry sound.",Not correct. Sunlight blocks sound does not match the concept being tested here.,No air → no sound.,"Review Aerospace Dimensions Module 5, Chapter 3, pages 29. Then explain the concept without looking at the answer choices.",Aerospace Dimensions Module 5 — Space Environment,29,"Module 5, Chapter 3, pages 29",high,infographic,optional_modal,module5_sun_moon_eclipses,module5_sun_moon_eclipses,module5_sun_moon_eclipses.png,/assets/cap-visuals/module5_sun_moon_eclipses.png,approved,true,"Solar features, lunar characteristics, phases, eclipses, and astronomical units.","The Sun, the Moon & Eclipses","Solar features, lunar characteristics, phases, eclipses, and astronomical units.",high,close,true,1.0,Aerospace_Dimensions_Module_5_source_grounded,Module_4_100_question_bank_style,draft,AD-M5-Q060,35,AD_M5_100
AD-M5-Q060,5,3,"Our Solar System: Sun, Moon, and More",AD5-3-moon-atmosphere-sound,AD5-3-moon-atmosphere-sound,AD5-3-moon-atmosphere-sound,multiple_choice,brief_application,medium_hard,application,Two astronauts outside their spacecraft cannot hear each other directly without radios. Which Moon characteristic explains why?,The Moon has very high pressure,The Moon's gravity is too strong,The Sun blocks sound,The Moon has essentially no atmosphere,D,"The Moon has virtually no atmosphere, so there is no air to carry sound.","Sound needs a medium such as air. Module 5 explains that the Moon has no wind or air of any kind, so normal sound cannot travel there.",Not correct. The Moon has very high pressure does not match the concept being tested here.,Not correct. The Moon's gravity is too strong does not match the concept being tested here.,Not correct. The Sun blocks sound does not match the concept being tested here.,"Correct. The Moon has virtually no atmosphere, so there is no air to carry sound.",No air → no sound.,"Review Aerospace Dimensions Module 5, Chapter 3, pages 29. Then explain the concept without looking at the answer choices.",Aerospace Dimensions Module 5 — Space Environment,29,"Module 5, Chapter 3, pages 29",high,infographic,optional_modal,module5_sun_moon_eclipses,module5_sun_moon_eclipses,module5_sun_moon_eclipses.png,/assets/cap-visuals/module5_sun_moon_eclipses.png,approved,true,"Solar features, lunar characteristics, phases, eclipses, and astronomical units.","The Sun, the Moon & Eclipses","Solar features, lunar characteristics, phases, eclipses, and astronomical units.",high,close,false,0.8,Aerospace_Dimensions_Module_5_source_grounded,Module_4_100_question_bank_style,draft,AD-M5-Q059,45,AD_M5_100
AD-M5-Q061,5,3,"Our Solar System: Sun, Moon, and More",AD5-3-moon-gravity,AD5-3-moon-gravity,AD5-3-moon-gravity,multiple_choice,direct_exam_style,medium,recall,The Moon’s gravity is about what fraction of Earth’s gravity?,One-sixth,One-half,The same as Earth’s,One-hundredth,A,The Moon’s gravity is about one-sixth of Earth’s gravity.,Objects have the same mass but weigh less on the Moon because lunar gravity is only about one-sixth as strong as Earth’s.,Correct. The Moon’s gravity is about one-sixth of Earth’s gravity.,Not correct. One-half does not match the concept being tested here.,Not correct. The same as Earth’s does not match the concept being tested here.,Not correct. One-hundredth does not match the concept being tested here.,Moon gravity = 1/6 Earth.,"Review Aerospace Dimensions Module 5, Chapter 3, pages 29-31. Then explain the concept without looking at the answer choices.",Aerospace Dimensions Module 5 — Space Environment,29-31,"Module 5, Chapter 3, pages 29-31",high,infographic,optional_modal,module5_sun_moon_eclipses,module5_sun_moon_eclipses,module5_sun_moon_eclipses.png,/assets/cap-visuals/module5_sun_moon_eclipses.png,approved,true,"Solar features, lunar characteristics, phases, eclipses, and astronomical units.","The Sun, the Moon & Eclipses","Solar features, lunar characteristics, phases, eclipses, and astronomical units.",high,close,true,1.0,Aerospace_Dimensions_Module_5_source_grounded,Module_4_100_question_bank_style,draft,AD-M5-Q062,35,AD_M5_100
AD-M5-Q062,5,3,"Our Solar System: Sun, Moon, and More",AD5-3-moon-gravity,AD5-3-moon-gravity,AD5-3-moon-gravity,multiple_choice,brief_application,medium_hard,application,"An astronaut weighs 180 lb on Earth. Ignoring suit mass, about how much would the astronaut weigh on the Moon?",About 90 lb,About 30 lb,About 180 lb,About 10 lb,B,The Moon’s gravity is about one-sixth of Earth’s gravity.,Objects have the same mass but weigh less on the Moon because lunar gravity is only about one-sixth as strong as Earth’s.,Not correct. About 90 lb does not match the concept being tested here.,Correct. The Moon’s gravity is about one-sixth of Earth’s gravity.,Not correct. About 180 lb does not match the concept being tested here.,Not correct. About 10 lb does not match the concept being tested here.,Moon gravity = 1/6 Earth.,"Review Aerospace Dimensions Module 5, Chapter 3, pages 29-31. Then explain the concept without looking at the answer choices.",Aerospace Dimensions Module 5 — Space Environment,29-31,"Module 5, Chapter 3, pages 29-31",high,infographic,optional_modal,module5_sun_moon_eclipses,module5_sun_moon_eclipses,module5_sun_moon_eclipses.png,/assets/cap-visuals/module5_sun_moon_eclipses.png,approved,true,"Solar features, lunar characteristics, phases, eclipses, and astronomical units.","The Sun, the Moon & Eclipses","Solar features, lunar characteristics, phases, eclipses, and astronomical units.",high,close,true,0.8,Aerospace_Dimensions_Module_5_source_grounded,Module_4_100_question_bank_style,draft,AD-M5-Q061,45,AD_M5_100
AD-M5-Q063,5,3,"Our Solar System: Sun, Moon, and More",AD5-3-moon-phases,AD5-3-moon-phases,AD5-3-moon-phases,multiple_choice,direct_exam_style,medium,recall,What causes the phases of the Moon?,Earth’s shadow covers the Moon every night,The Moon physically changes shape,We see different portions of the Moon’s sunlit half as it orbits Earth,The Sun changes brightness each week,C,Moon phases come from our changing view of the Moon’s sunlit half.,"The Moon does not change shape. As it orbits Earth, the geometry between Sun, Earth, and Moon changes how much of the illuminated half we can see.",Not correct. Earth’s shadow covers the Moon every night does not match the concept being tested here.,Not correct. The Moon physically changes shape does not match the concept being tested here.,Correct. Moon phases come from our changing view of the Moon’s sunlit half.,Not correct. The Sun changes brightness each week does not match the concept being tested here.,Phases = changing view of the lit half.,"Review Aerospace Dimensions Module 5, Chapter 3, pages 30,34. Then explain the concept without looking at the answer choices.",Aerospace Dimensions Module 5 — Space Environment,"30,34","Module 5, Chapter 3, pages 30,34",high,infographic,optional_modal,module5_sun_moon_eclipses,module5_sun_moon_eclipses,module5_sun_moon_eclipses.png,/assets/cap-visuals/module5_sun_moon_eclipses.png,approved,true,"Solar features, lunar characteristics, phases, eclipses, and astronomical units.","The Sun, the Moon & Eclipses","Solar features, lunar characteristics, phases, eclipses, and astronomical units.",high,close,true,1.0,Aerospace_Dimensions_Module_5_source_grounded,Module_4_100_question_bank_style,draft,AD-M5-Q064,35,AD_M5_100
AD-M5-Q064,5,3,"Our Solar System: Sun, Moon, and More",AD5-3-moon-phases,AD5-3-moon-phases,AD5-3-moon-phases,multiple_choice,brief_application,medium_hard,application,"The Moon is always half illuminated by the Sun, but from Earth we see changing amounts of that lit half. What does this produce?",A lunar eclipse,A solar eclipse,The seasons,The phases of the Moon,D,Moon phases come from our changing view of the Moon’s sunlit half.,"The Moon does not change shape. As it orbits Earth, the geometry between Sun, Earth, and Moon changes how much of the illuminated half we can see.",Not correct. A lunar eclipse does not match the concept being tested here.,Not correct. A solar eclipse does not match the concept being tested here.,Not correct. The seasons does not match the concept being tested here.,Correct. Moon phases come from our changing view of the Moon’s sunlit half.,Phases = changing view of the lit half.,"Review Aerospace Dimensions Module 5, Chapter 3, pages 30,34. Then explain the concept without looking at the answer choices.",Aerospace Dimensions Module 5 — Space Environment,"30,34","Module 5, Chapter 3, pages 30,34",high,infographic,optional_modal,module5_sun_moon_eclipses,module5_sun_moon_eclipses,module5_sun_moon_eclipses.png,/assets/cap-visuals/module5_sun_moon_eclipses.png,approved,true,"Solar features, lunar characteristics, phases, eclipses, and astronomical units.","The Sun, the Moon & Eclipses","Solar features, lunar characteristics, phases, eclipses, and astronomical units.",high,close,false,0.8,Aerospace_Dimensions_Module_5_source_grounded,Module_4_100_question_bank_style,draft,AD-M5-Q063,45,AD_M5_100
AD-M5-Q065,5,3,"Our Solar System: Sun, Moon, and More",AD5-3-solar-eclipse,AD5-3-solar-eclipse,AD5-3-solar-eclipse,multiple_choice,direct_exam_style,medium,recall,What alignment causes a solar eclipse?,Sun → Moon → Earth,Sun → Earth → Moon,Earth → Sun → Moon,Moon → Earth → Sun,A,A solar eclipse occurs when the Moon is between the Sun and Earth.,"In a solar eclipse, the Moon blocks some or all of the Sun’s light from reaching a portion of Earth.",Correct. A solar eclipse occurs when the Moon is between the Sun and Earth.,Not correct. Sun → Earth → Moon does not match the concept being tested here.,Not correct. Earth → Sun → Moon does not match the concept being tested here.,Not correct. Moon → Earth → Sun does not match the concept being tested here.,Solar eclipse: Moon blocks Sun.,"Review Aerospace Dimensions Module 5, Chapter 3, pages 30. Then explain the concept without looking at the answer choices.",Aerospace Dimensions Module 5 — Space Environment,30,"Module 5, Chapter 3, pages 30",high,infographic,optional_modal,module5_sun_moon_eclipses,module5_sun_moon_eclipses,module5_sun_moon_eclipses.png,/assets/cap-visuals/module5_sun_moon_eclipses.png,approved,true,"Solar features, lunar characteristics, phases, eclipses, and astronomical units.","The Sun, the Moon & Eclipses","Solar features, lunar characteristics, phases, eclipses, and astronomical units.",high,close,true,1.0,Aerospace_Dimensions_Module_5_source_grounded,Module_4_100_question_bank_style,draft,AD-M5-Q066,35,AD_M5_100
AD-M5-Q066,5,3,"Our Solar System: Sun, Moon, and More",AD5-3-solar-eclipse,AD5-3-solar-eclipse,AD5-3-solar-eclipse,multiple_choice,brief_application,medium_hard,application,The Moon moves directly between Earth and the Sun and casts a shadow on Earth. What event occurs?,A lunar eclipse,A solar eclipse,A meteor shower,A full moon,B,A solar eclipse occurs when the Moon is between the Sun and Earth.,"In a solar eclipse, the Moon blocks some or all of the Sun’s light from reaching a portion of Earth.",Not correct. A lunar eclipse does not match the concept being tested here.,Correct. A solar eclipse occurs when the Moon is between the Sun and Earth.,Not correct. A meteor shower does not match the concept being tested here.,Not correct. A full moon does not match the concept being tested here.,Solar eclipse: Moon blocks Sun.,"Review Aerospace Dimensions Module 5, Chapter 3, pages 30. Then explain the concept without looking at the answer choices.",Aerospace Dimensions Module 5 — Space Environment,30,"Module 5, Chapter 3, pages 30",high,infographic,optional_modal,module5_sun_moon_eclipses,module5_sun_moon_eclipses,module5_sun_moon_eclipses.png,/assets/cap-visuals/module5_sun_moon_eclipses.png,approved,true,"Solar features, lunar characteristics, phases, eclipses, and astronomical units.","The Sun, the Moon & Eclipses","Solar features, lunar characteristics, phases, eclipses, and astronomical units.",high,close,true,0.8,Aerospace_Dimensions_Module_5_source_grounded,Module_4_100_question_bank_style,draft,AD-M5-Q065,45,AD_M5_100
AD-M5-Q067,5,3,"Our Solar System: Sun, Moon, and More",AD5-3-lunar-eclipse,AD5-3-lunar-eclipse,AD5-3-lunar-eclipse,multiple_choice,direct_exam_style,medium,recall,What alignment causes a lunar eclipse?,Sun → Moon → Earth,Earth → Moon → Sun,Sun → Earth → Moon,Moon → Sun → Earth,C,A lunar eclipse occurs when Earth is between the Sun and Moon.,"In a lunar eclipse, Earth blocks sunlight that would otherwise reach the Moon, causing Earth’s shadow to fall on the lunar surface.",Not correct. Sun → Moon → Earth does not match the concept being tested here.,Not correct. Earth → Moon → Sun does not match the concept being tested here.,Correct. A lunar eclipse occurs when Earth is between the Sun and Moon.,Not correct. Moon → Sun → Earth does not match the concept being tested here.,Lunar eclipse: Earth shadows Moon.,"Review Aerospace Dimensions Module 5, Chapter 3, pages 30. Then explain the concept without looking at the answer choices.",Aerospace Dimensions Module 5 — Space Environment,30,"Module 5, Chapter 3, pages 30",high,infographic,optional_modal,module5_sun_moon_eclipses,module5_sun_moon_eclipses,module5_sun_moon_eclipses.png,/assets/cap-visuals/module5_sun_moon_eclipses.png,approved,true,"Solar features, lunar characteristics, phases, eclipses, and astronomical units.","The Sun, the Moon & Eclipses","Solar features, lunar characteristics, phases, eclipses, and astronomical units.",high,close,true,1.0,Aerospace_Dimensions_Module_5_source_grounded,Module_4_100_question_bank_style,draft,AD-M5-Q068,35,AD_M5_100
AD-M5-Q068,5,3,"Our Solar System: Sun, Moon, and More",AD5-3-lunar-eclipse,AD5-3-lunar-eclipse,AD5-3-lunar-eclipse,multiple_choice,brief_application,medium_hard,application,Earth moves between the Sun and the Moon so that Earth’s shadow falls on the Moon. What event occurs?,A solar eclipse,A new moon,A comet transit,A lunar eclipse,D,A lunar eclipse occurs when Earth is between the Sun and Moon.,"In a lunar eclipse, Earth blocks sunlight that would otherwise reach the Moon, causing Earth’s shadow to fall on the lunar surface.",Not correct. A solar eclipse does not match the concept being tested here.,Not correct. A new moon does not match the concept being tested here.,Not correct. A comet transit does not match the concept being tested here.,Correct. A lunar eclipse occurs when Earth is between the Sun and Moon.,Lunar eclipse: Earth shadows Moon.,"Review Aerospace Dimensions Module 5, Chapter 3, pages 30. Then explain the concept without looking at the answer choices.",Aerospace Dimensions Module 5 — Space Environment,30,"Module 5, Chapter 3, pages 30",high,infographic,optional_modal,module5_sun_moon_eclipses,module5_sun_moon_eclipses,module5_sun_moon_eclipses.png,/assets/cap-visuals/module5_sun_moon_eclipses.png,approved,true,"Solar features, lunar characteristics, phases, eclipses, and astronomical units.","The Sun, the Moon & Eclipses","Solar features, lunar characteristics, phases, eclipses, and astronomical units.",high,close,false,0.8,Aerospace_Dimensions_Module_5_source_grounded,Module_4_100_question_bank_style,draft,AD-M5-Q067,45,AD_M5_100
AD-M5-Q069,5,3,"Our Solar System: Sun, Moon, and More",AD5-3-comet,AD5-3-comet,AD5-3-comet,multiple_choice,direct_exam_style,medium,recall,What is a comet?,A small icy body orbiting the Sun,A rocky planet,A streak of light in Earth’s atmosphere,A dark region on the Sun,A,A comet is a small icy body that orbits the Sun.,"Comets are icy solar-system bodies. Heating near the Sun releases gas and dust, forming the coma and tails.",Correct. A comet is a small icy body that orbits the Sun.,Not correct. A rocky planet does not match the concept being tested here.,Not correct. A streak of light in Earth’s atmosphere does not match the concept being tested here.,Not correct. A dark region on the Sun does not match the concept being tested here.,Comet = icy traveler.,"Review Aerospace Dimensions Module 5, Chapter 3, pages 31-32. Then explain the concept without looking at the answer choices.",Aerospace Dimensions Module 5 — Space Environment,31-32,"Module 5, Chapter 3, pages 31-32",high,infographic,optional_modal,module5_small_bodies,module5_small_bodies,module5_small_bodies.png,/assets/cap-visuals/module5_small_bodies.png,approved,true,"Comets, asteroids, the asteroid belt, and the meteoroid–meteor–meteorite sequence.","Comets, Asteroids & Meteors","Comets, asteroids, the asteroid belt, and the meteoroid–meteor–meteorite sequence.",high,close,true,1.0,Aerospace_Dimensions_Module_5_source_grounded,Module_4_100_question_bank_style,draft,AD-M5-Q070,35,AD_M5_100
AD-M5-Q070,5,3,"Our Solar System: Sun, Moon, and More",AD5-3-comet,AD5-3-comet,AD5-3-comet,multiple_choice,brief_application,medium_hard,application,An icy object develops a coma and tails as it approaches the Sun. What is it?,An asteroid,A comet,A meteorite,A moon,B,A comet is a small icy body that orbits the Sun.,"Comets are icy solar-system bodies. Heating near the Sun releases gas and dust, forming the coma and tails.",Not correct. An asteroid does not match the concept being tested here.,Correct. A comet is a small icy body that orbits the Sun.,Not correct. A meteorite does not match the concept being tested here.,Not correct. A moon does not match the concept being tested here.,Comet = icy traveler.,"Review Aerospace Dimensions Module 5, Chapter 3, pages 31-32. Then explain the concept without looking at the answer choices.",Aerospace Dimensions Module 5 — Space Environment,31-32,"Module 5, Chapter 3, pages 31-32",high,infographic,optional_modal,module5_small_bodies,module5_small_bodies,module5_small_bodies.png,/assets/cap-visuals/module5_small_bodies.png,approved,true,"Comets, asteroids, the asteroid belt, and the meteoroid–meteor–meteorite sequence.","Comets, Asteroids & Meteors","Comets, asteroids, the asteroid belt, and the meteoroid–meteor–meteorite sequence.",high,close,true,0.8,Aerospace_Dimensions_Module_5_source_grounded,Module_4_100_question_bank_style,draft,AD-M5-Q069,45,AD_M5_100
AD-M5-Q071,5,3,"Our Solar System: Sun, Moon, and More",AD5-3-asteroid,AD5-3-asteroid,AD5-3-asteroid,multiple_choice,direct_exam_style,medium,recall,Where are most asteroids in our solar system found?,Between Earth and the Moon,Inside the Sun,In the asteroid belt between Mars and Jupiter,Beyond every known planet only,C,Most asteroids are rocky bodies concentrated in the asteroid belt between Mars and Jupiter.,Module 5 defines asteroids as small rocky bodies orbiting the Sun and notes that most are found in the asteroid belt.,Not correct. Between Earth and the Moon does not match the concept being tested here.,Not correct. Inside the Sun does not match the concept being tested here.,Correct. Most asteroids are rocky bodies concentrated in the asteroid belt between Mars and Jupiter.,Not correct. Beyond every known planet only does not match the concept being tested here.,Asteroid belt = Mars to Jupiter.,"Review Aerospace Dimensions Module 5, Chapter 3, pages 26,31. Then explain the concept without looking at the answer choices.",Aerospace Dimensions Module 5 — Space Environment,"26,31","Module 5, Chapter 3, pages 26,31",high,infographic,optional_modal,module5_small_bodies,module5_small_bodies,module5_small_bodies.png,/assets/cap-visuals/module5_small_bodies.png,approved,true,"Comets, asteroids, the asteroid belt, and the meteoroid–meteor–meteorite sequence.","Comets, Asteroids & Meteors","Comets, asteroids, the asteroid belt, and the meteoroid–meteor–meteorite sequence.",high,close,true,1.0,Aerospace_Dimensions_Module_5_source_grounded,Module_4_100_question_bank_style,draft,AD-M5-Q072,35,AD_M5_100
AD-M5-Q072,5,3,"Our Solar System: Sun, Moon, and More",AD5-3-asteroid,AD5-3-asteroid,AD5-3-asteroid,multiple_choice,brief_application,medium_hard,application,A rocky body orbits the Sun in the broad region between Mars and Jupiter. What kind of object is it most likely?,A comet,A meteor,A moon,An asteroid,D,Most asteroids are rocky bodies concentrated in the asteroid belt between Mars and Jupiter.,Module 5 defines asteroids as small rocky bodies orbiting the Sun and notes that most are found in the asteroid belt.,Not correct. A comet does not match the concept being tested here.,Not correct. A meteor does not match the concept being tested here.,Not correct. A moon does not match the concept being tested here.,Correct. Most asteroids are rocky bodies concentrated in the asteroid belt between Mars and Jupiter.,Asteroid belt = Mars to Jupiter.,"Review Aerospace Dimensions Module 5, Chapter 3, pages 26,31. Then explain the concept without looking at the answer choices.",Aerospace Dimensions Module 5 — Space Environment,"26,31","Module 5, Chapter 3, pages 26,31",high,infographic,optional_modal,module5_small_bodies,module5_small_bodies,module5_small_bodies.png,/assets/cap-visuals/module5_small_bodies.png,approved,true,"Comets, asteroids, the asteroid belt, and the meteoroid–meteor–meteorite sequence.","Comets, Asteroids & Meteors","Comets, asteroids, the asteroid belt, and the meteoroid–meteor–meteorite sequence.",high,close,false,0.8,Aerospace_Dimensions_Module_5_source_grounded,Module_4_100_question_bank_style,draft,AD-M5-Q071,45,AD_M5_100
AD-M5-Q073,5,3,"Our Solar System: Sun, Moon, and More",AD5-3-meteor-terms,AD5-3-meteor-terms,AD5-3-meteor-terms,multiple_choice,direct_exam_style,medium,recall,Which sequence correctly matches a small space rock from space to the ground?,Meteoroid → meteor → meteorite,Meteorite → meteoroid → meteor,Meteor → meteorite → meteoroid,Asteroid → comet → meteor,A,"In space it is a meteoroid, in the atmosphere it is a meteor, and on the ground it is a meteorite.","The terms change with location: meteoroid in space, meteor when it produces a streak in Earth’s atmosphere, and meteorite if material survives to reach the surface.","Correct. In space it is a meteoroid, in the atmosphere it is a meteor, and on the ground it is a meteorite.",Not correct. Meteorite → meteoroid → meteor does not match the concept being tested here.,Not correct. Meteor → meteorite → meteoroid does not match the concept being tested here.,Not correct. Asteroid → comet → meteor does not match the concept being tested here.,"Meteoroid in space, meteor in sky, meteorite on ground.","Review Aerospace Dimensions Module 5, Chapter 3, pages 26,31-32,37. Then explain the concept without looking at the answer choices.",Aerospace Dimensions Module 5 — Space Environment,"26,31-32,37","Module 5, Chapter 3, pages 26,31-32,37",high,infographic,optional_modal,module5_small_bodies,module5_small_bodies,module5_small_bodies.png,/assets/cap-visuals/module5_small_bodies.png,approved,true,"Comets, asteroids, the asteroid belt, and the meteoroid–meteor–meteorite sequence.","Comets, Asteroids & Meteors","Comets, asteroids, the asteroid belt, and the meteoroid–meteor–meteorite sequence.",high,close,true,1.0,Aerospace_Dimensions_Module_5_source_grounded,Module_4_100_question_bank_style,draft,AD-M5-Q074,35,AD_M5_100
AD-M5-Q074,5,3,"Our Solar System: Sun, Moon, and More",AD5-3-meteor-terms,AD5-3-meteor-terms,AD5-3-meteor-terms,multiple_choice,brief_application,medium_hard,application,"A rock travels through space, glows as it enters Earth’s atmosphere, and a piece reaches the ground. Which three terms apply in order?",Meteorite → meteoroid → meteor,Meteoroid → meteor → meteorite,Meteor → meteorite → meteoroid,Asteroid → comet → meteor,B,"In space it is a meteoroid, in the atmosphere it is a meteor, and on the ground it is a meteorite.","The terms change with location: meteoroid in space, meteor when it produces a streak in Earth’s atmosphere, and meteorite if material survives to reach the surface.",Not correct. Meteorite → meteoroid → meteor does not match the concept being tested here.,"Correct. In space it is a meteoroid, in the atmosphere it is a meteor, and on the ground it is a meteorite.",Not correct. Meteor → meteorite → meteoroid does not match the concept being tested here.,Not correct. Asteroid → comet → meteor does not match the concept being tested here.,"Meteoroid in space, meteor in sky, meteorite on ground.","Review Aerospace Dimensions Module 5, Chapter 3, pages 26,31-32,37. Then explain the concept without looking at the answer choices.",Aerospace Dimensions Module 5 — Space Environment,"26,31-32,37","Module 5, Chapter 3, pages 26,31-32,37",high,infographic,optional_modal,module5_small_bodies,module5_small_bodies,module5_small_bodies.png,/assets/cap-visuals/module5_small_bodies.png,approved,true,"Comets, asteroids, the asteroid belt, and the meteoroid–meteor–meteorite sequence.","Comets, Asteroids & Meteors","Comets, asteroids, the asteroid belt, and the meteoroid–meteor–meteorite sequence.",high,close,true,0.8,Aerospace_Dimensions_Module_5_source_grounded,Module_4_100_question_bank_style,draft,AD-M5-Q073,45,AD_M5_100
AD-M5-Q075,5,4,Our Solar System: Planets,AD5-4-planet-definition,AD5-4-planet-definition,AD5-4-planet-definition,multiple_choice,direct_exam_style,medium,recall,"According to the IAU definition used in Module 5, what three conditions must a planet meet?","Have a moon, have rings, and be rocky","Be larger than Earth, rotate daily, and have an atmosphere","Orbit the Sun, be nearly round, and clear its orbital neighborhood","Orbit Earth, reflect sunlight, and contain water",C,"A planet must orbit the Sun, be nearly round, and clear its orbital neighborhood.",The IAU definition cited in Module 5 requires all three conditions. The third condition—clearing the orbital neighborhood—is what separates full planets from dwarf planets such as Pluto.,"Not correct. Have a moon, have rings, and be rocky does not match the concept being tested here.","Not correct. Be larger than Earth, rotate daily, and have an atmosphere does not match the concept being tested here.","Correct. A planet must orbit the Sun, be nearly round, and clear its orbital neighborhood.","Not correct. Orbit Earth, reflect sunlight, and contain water does not match the concept being tested here.","Planet = orbit, round, clear.","Review Aerospace Dimensions Module 5, Chapter 4, pages 38. Then explain the concept without looking at the answer choices.",Aerospace Dimensions Module 5 — Space Environment,38,"Module 5, Chapter 4, pages 38",recommended,infographic,optional_modal,module5_planet_dwarf_pluto,module5_planet_dwarf_pluto,module5_planet_dwarf_pluto.png,/assets/cap-visuals/module5_planet_dwarf_pluto.png,approved,true,"The IAU planet definition, dwarf planets, Pluto, and the planet-vs-dwarf distinction.","Planets, Dwarf Planets & Pluto","The IAU planet definition, dwarf planets, Pluto, and the planet-vs-dwarf distinction.",high,close,true,1.0,Aerospace_Dimensions_Module_5_source_grounded,Module_4_100_question_bank_style,draft,AD-M5-Q076,35,AD_M5_100
AD-M5-Q076,5,4,Our Solar System: Planets,AD5-4-planet-definition,AD5-4-planet-definition,AD5-4-planet-definition,multiple_choice,brief_application,medium_hard,application,"An object orbits the Sun and is nearly round, but it shares its orbital neighborhood with many similar objects. Why is it not a full planet?",It does not orbit the Sun,It is not nearly round,It has no atmosphere,It has not cleared its orbital neighborhood,D,"A planet must orbit the Sun, be nearly round, and clear its orbital neighborhood.",The IAU definition cited in Module 5 requires all three conditions. The third condition—clearing the orbital neighborhood—is what separates full planets from dwarf planets such as Pluto.,Not correct. It does not orbit the Sun does not match the concept being tested here.,Not correct. It is not nearly round does not match the concept being tested here.,Not correct. It has no atmosphere does not match the concept being tested here.,"Correct. A planet must orbit the Sun, be nearly round, and clear its orbital neighborhood.","Planet = orbit, round, clear.","Review Aerospace Dimensions Module 5, Chapter 4, pages 38. Then explain the concept without looking at the answer choices.",Aerospace Dimensions Module 5 — Space Environment,38,"Module 5, Chapter 4, pages 38",recommended,infographic,optional_modal,module5_planet_dwarf_pluto,module5_planet_dwarf_pluto,module5_planet_dwarf_pluto.png,/assets/cap-visuals/module5_planet_dwarf_pluto.png,approved,true,"The IAU planet definition, dwarf planets, Pluto, and the planet-vs-dwarf distinction.","Planets, Dwarf Planets & Pluto","The IAU planet definition, dwarf planets, Pluto, and the planet-vs-dwarf distinction.",high,close,false,0.8,Aerospace_Dimensions_Module_5_source_grounded,Module_4_100_question_bank_style,draft,AD-M5-Q075,45,AD_M5_100
AD-M5-Q077,5,4,Our Solar System: Planets,AD5-4-planet-order,AD5-4-planet-order,AD5-4-planet-order,multiple_choice,direct_exam_style,medium,recall,Which list gives the eight planets in correct order from the Sun?,"Mercury, Venus, Earth, Mars, Jupiter, Saturn, Uranus, Neptune","Mercury, Earth, Venus, Mars, Saturn, Jupiter, Uranus, Neptune","Venus, Mercury, Earth, Mars, Jupiter, Saturn, Neptune, Uranus","Mercury, Venus, Mars, Earth, Jupiter, Uranus, Saturn, Neptune",A,"The planet order is Mercury, Venus, Earth, Mars, Jupiter, Saturn, Uranus, Neptune.",The eight planets are arranged by increasing distance from the Sun. Jupiter follows Mars and begins the group of outer giant planets.,"Correct. The planet order is Mercury, Venus, Earth, Mars, Jupiter, Saturn, Uranus, Neptune.","Not correct. Mercury, Earth, Venus, Mars, Saturn, Jupiter, Uranus, Neptune does not match the concept being tested here.","Not correct. Venus, Mercury, Earth, Mars, Jupiter, Saturn, Neptune, Uranus does not match the concept being tested here.","Not correct. Mercury, Venus, Mars, Earth, Jupiter, Uranus, Saturn, Neptune does not match the concept being tested here.",My Very Educated Mother Just Served Us Nachos.,"Review Aerospace Dimensions Module 5, Chapter 4, pages 38-49. Then explain the concept without looking at the answer choices.",Aerospace Dimensions Module 5 — Space Environment,38-49,"Module 5, Chapter 4, pages 38-49",high,infographic,optional_modal,module5_inner_outer_planets,module5_inner_outer_planets,module5_inner_outer_planets.png,/assets/cap-visuals/module5_inner_outer_planets.png,approved,true,"Planet order, inner vs outer planets, and key characteristics of Mercury through Neptune.",The Inner & Outer Planets,"Planet order, inner vs outer planets, and key characteristics of Mercury through Neptune.",high,close,true,1.0,Aerospace_Dimensions_Module_5_source_grounded,Module_4_100_question_bank_style,draft,AD-M5-Q078,35,AD_M5_100
AD-M5-Q078,5,4,Our Solar System: Planets,AD5-4-planet-order,AD5-4-planet-order,AD5-4-planet-order,multiple_choice,brief_application,medium_hard,application,A spacecraft leaves Mars heading outward. Which planet does it encounter next?,Saturn,Jupiter,Earth,Uranus,B,"The planet order is Mercury, Venus, Earth, Mars, Jupiter, Saturn, Uranus, Neptune.",The eight planets are arranged by increasing distance from the Sun. Jupiter follows Mars and begins the group of outer giant planets.,Not correct. Saturn does not match the concept being tested here.,"Correct. The planet order is Mercury, Venus, Earth, Mars, Jupiter, Saturn, Uranus, Neptune.",Not correct. Earth does not match the concept being tested here.,Not correct. Uranus does not match the concept being tested here.,My Very Educated Mother Just Served Us Nachos.,"Review Aerospace Dimensions Module 5, Chapter 4, pages 38-49. Then explain the concept without looking at the answer choices.",Aerospace Dimensions Module 5 — Space Environment,38-49,"Module 5, Chapter 4, pages 38-49",high,infographic,optional_modal,module5_inner_outer_planets,module5_inner_outer_planets,module5_inner_outer_planets.png,/assets/cap-visuals/module5_inner_outer_planets.png,approved,true,"Planet order, inner vs outer planets, and key characteristics of Mercury through Neptune.",The Inner & Outer Planets,"Planet order, inner vs outer planets, and key characteristics of Mercury through Neptune.",high,close,true,0.8,Aerospace_Dimensions_Module_5_source_grounded,Module_4_100_question_bank_style,draft,AD-M5-Q077,45,AD_M5_100
AD-M5-Q079,5,4,Our Solar System: Planets,AD5-4-mercury,AD5-4-mercury,AD5-4-mercury,multiple_choice,direct_exam_style,medium,recall,Which planet is both closest to the Sun and the smallest of the eight planets?,Venus,Mars,Mercury,Earth,C,Mercury is the smallest planet and the closest to the Sun.,"Mercury is about 36 million miles from the Sun, is the smallest major planet, and completes an orbit in about 88 Earth days.",Not correct. Venus does not match the concept being tested here.,Not correct. Mars does not match the concept being tested here.,Correct. Mercury is the smallest planet and the closest to the Sun.,Not correct. Earth does not match the concept being tested here.,Mercury = mini and nearest.,"Review Aerospace Dimensions Module 5, Chapter 4, pages 38-39. Then explain the concept without looking at the answer choices.",Aerospace Dimensions Module 5 — Space Environment,38-39,"Module 5, Chapter 4, pages 38-39",high,infographic,optional_modal,module5_inner_outer_planets,module5_inner_outer_planets,module5_inner_outer_planets.png,/assets/cap-visuals/module5_inner_outer_planets.png,approved,true,"Planet order, inner vs outer planets, and key characteristics of Mercury through Neptune.",The Inner & Outer Planets,"Planet order, inner vs outer planets, and key characteristics of Mercury through Neptune.",high,close,true,1.0,Aerospace_Dimensions_Module_5_source_grounded,Module_4_100_question_bank_style,draft,AD-M5-Q080,35,AD_M5_100
AD-M5-Q080,5,4,Our Solar System: Planets,AD5-4-mercury,AD5-4-mercury,AD5-4-mercury,multiple_choice,brief_application,medium_hard,application,A planet is only about 0.39 AU from the Sun and completes an orbit in about 88 days. Which planet is it?,Venus,Mars,Earth,Mercury,D,Mercury is the smallest planet and the closest to the Sun.,"Mercury is about 36 million miles from the Sun, is the smallest major planet, and completes an orbit in about 88 Earth days.",Not correct. Venus does not match the concept being tested here.,Not correct. Mars does not match the concept being tested here.,Not correct. Earth does not match the concept being tested here.,Correct. Mercury is the smallest planet and the closest to the Sun.,Mercury = mini and nearest.,"Review Aerospace Dimensions Module 5, Chapter 4, pages 38-39. Then explain the concept without looking at the answer choices.",Aerospace Dimensions Module 5 — Space Environment,38-39,"Module 5, Chapter 4, pages 38-39",high,infographic,optional_modal,module5_inner_outer_planets,module5_inner_outer_planets,module5_inner_outer_planets.png,/assets/cap-visuals/module5_inner_outer_planets.png,approved,true,"Planet order, inner vs outer planets, and key characteristics of Mercury through Neptune.",The Inner & Outer Planets,"Planet order, inner vs outer planets, and key characteristics of Mercury through Neptune.",high,close,false,0.8,Aerospace_Dimensions_Module_5_source_grounded,Module_4_100_question_bank_style,draft,AD-M5-Q079,45,AD_M5_100
AD-M5-Q081,5,4,Our Solar System: Planets,AD5-4-venus,AD5-4-venus,AD5-4-venus,multiple_choice,direct_exam_style,medium,recall,Which planet is the hottest in the solar system?,Venus,Mercury,Earth,Mars,A,Venus is the hottest planet and rotates in the unusual clockwise direction described in Module 5.,Venus has a dense carbon-dioxide atmosphere that creates extreme heat. Module 5 also notes its slow clockwise rotation.,Correct. Venus is the hottest planet and rotates in the unusual clockwise direction described in Module 5.,Not correct. Mercury does not match the concept being tested here.,Not correct. Earth does not match the concept being tested here.,Not correct. Mars does not match the concept being tested here.,Venus = hottest and backward spinner.,"Review Aerospace Dimensions Module 5, Chapter 4, pages 39. Then explain the concept without looking at the answer choices.",Aerospace Dimensions Module 5 — Space Environment,39,"Module 5, Chapter 4, pages 39",high,infographic,optional_modal,module5_inner_outer_planets,module5_inner_outer_planets,module5_inner_outer_planets.png,/assets/cap-visuals/module5_inner_outer_planets.png,approved,true,"Planet order, inner vs outer planets, and key characteristics of Mercury through Neptune.",The Inner & Outer Planets,"Planet order, inner vs outer planets, and key characteristics of Mercury through Neptune.",high,close,true,1.0,Aerospace_Dimensions_Module_5_source_grounded,Module_4_100_question_bank_style,draft,AD-M5-Q082,35,AD_M5_100
AD-M5-Q082,5,4,Our Solar System: Planets,AD5-4-venus,AD5-4-venus,AD5-4-venus,multiple_choice,brief_application,medium_hard,application,"A planet has a thick carbon-dioxide atmosphere, extremely high temperatures, and rotates clockwise. Which planet is it?",Mercury,Venus,Earth,Mars,B,Venus is the hottest planet and rotates in the unusual clockwise direction described in Module 5.,Venus has a dense carbon-dioxide atmosphere that creates extreme heat. Module 5 also notes its slow clockwise rotation.,Not correct. Mercury does not match the concept being tested here.,Correct. Venus is the hottest planet and rotates in the unusual clockwise direction described in Module 5.,Not correct. Earth does not match the concept being tested here.,Not correct. Mars does not match the concept being tested here.,Venus = hottest and backward spinner.,"Review Aerospace Dimensions Module 5, Chapter 4, pages 39. Then explain the concept without looking at the answer choices.",Aerospace Dimensions Module 5 — Space Environment,39,"Module 5, Chapter 4, pages 39",high,infographic,optional_modal,module5_inner_outer_planets,module5_inner_outer_planets,module5_inner_outer_planets.png,/assets/cap-visuals/module5_inner_outer_planets.png,approved,true,"Planet order, inner vs outer planets, and key characteristics of Mercury through Neptune.",The Inner & Outer Planets,"Planet order, inner vs outer planets, and key characteristics of Mercury through Neptune.",high,close,true,0.8,Aerospace_Dimensions_Module_5_source_grounded,Module_4_100_question_bank_style,draft,AD-M5-Q081,45,AD_M5_100
AD-M5-Q083,5,4,Our Solar System: Planets,AD5-4-earth,AD5-4-earth,AD5-4-earth,multiple_choice,direct_exam_style,medium,recall,What major feature makes Earth unique among the planets described in Module 5?,It is the largest planet,It has the most rings,It is the only planet known to sustain life,It is closest to the Sun,C,Earth is the only planet known to sustain life.,"Earth’s distance from the Sun, atmosphere, and liquid water make it uniquely suitable for life among the planets discussed in the module.",Not correct. It is the largest planet does not match the concept being tested here.,Not correct. It has the most rings does not match the concept being tested here.,Correct. Earth is the only planet known to sustain life.,Not correct. It is closest to the Sun does not match the concept being tested here.,Earth = life and liquid water.,"Review Aerospace Dimensions Module 5, Chapter 4, pages 40-41. Then explain the concept without looking at the answer choices.",Aerospace Dimensions Module 5 — Space Environment,40-41,"Module 5, Chapter 4, pages 40-41",high,infographic,optional_modal,module5_inner_outer_planets,module5_inner_outer_planets,module5_inner_outer_planets.png,/assets/cap-visuals/module5_inner_outer_planets.png,approved,true,"Planet order, inner vs outer planets, and key characteristics of Mercury through Neptune.",The Inner & Outer Planets,"Planet order, inner vs outer planets, and key characteristics of Mercury through Neptune.",high,close,true,1.0,Aerospace_Dimensions_Module_5_source_grounded,Module_4_100_question_bank_style,draft,AD-M5-Q084,35,AD_M5_100
AD-M5-Q084,5,4,Our Solar System: Planets,AD5-4-earth,AD5-4-earth,AD5-4-earth,multiple_choice,brief_application,medium_hard,application,"A planet is about 1 AU from the Sun, has liquid water, and a life-supporting atmosphere. Which planet is it?",It is the largest planet,It has the most rings,It is closest to the Sun,It is the only planet known to sustain life,D,Earth is the only planet known to sustain life.,"Earth’s distance from the Sun, atmosphere, and liquid water make it uniquely suitable for life among the planets discussed in the module.",Not correct. It is the largest planet does not match the concept being tested here.,Not correct. It has the most rings does not match the concept being tested here.,Not correct. It is closest to the Sun does not match the concept being tested here.,Correct. Earth is the only planet known to sustain life.,Earth = life and liquid water.,"Review Aerospace Dimensions Module 5, Chapter 4, pages 40-41. Then explain the concept without looking at the answer choices.",Aerospace Dimensions Module 5 — Space Environment,40-41,"Module 5, Chapter 4, pages 40-41",high,infographic,optional_modal,module5_inner_outer_planets,module5_inner_outer_planets,module5_inner_outer_planets.png,/assets/cap-visuals/module5_inner_outer_planets.png,approved,true,"Planet order, inner vs outer planets, and key characteristics of Mercury through Neptune.",The Inner & Outer Planets,"Planet order, inner vs outer planets, and key characteristics of Mercury through Neptune.",high,close,false,0.8,Aerospace_Dimensions_Module_5_source_grounded,Module_4_100_question_bank_style,draft,AD-M5-Q083,45,AD_M5_100
AD-M5-Q085,5,4,Our Solar System: Planets,AD5-4-earth-seasons,AD5-4-earth-seasons,AD5-4-earth-seasons,multiple_choice,direct_exam_style,medium,recall,What is the main reason Earth has seasons?,Earth’s axis is tilted about 23.5°,Earth moves much closer to the Sun each summer,The Moon blocks sunlight in winter,Jupiter changes Earth’s orbit every year,A,Earth’s 23.5° axial tilt causes the seasons.,"Because Earth’s axis is tilted, different hemispheres receive different amounts of direct sunlight during different parts of the year.",Correct. Earth’s 23.5° axial tilt causes the seasons.,Not correct. Earth moves much closer to the Sun each summer does not match the concept being tested here.,Not correct. The Moon blocks sunlight in winter does not match the concept being tested here.,Not correct. Jupiter changes Earth’s orbit every year does not match the concept being tested here.,"Seasons = tilt, not distance.","Review Aerospace Dimensions Module 5, Chapter 4, pages 40. Then explain the concept without looking at the answer choices.",Aerospace Dimensions Module 5 — Space Environment,40,"Module 5, Chapter 4, pages 40",high,infographic,optional_modal,module5_inner_outer_planets,module5_inner_outer_planets,module5_inner_outer_planets.png,/assets/cap-visuals/module5_inner_outer_planets.png,approved,true,"Planet order, inner vs outer planets, and key characteristics of Mercury through Neptune.",The Inner & Outer Planets,"Planet order, inner vs outer planets, and key characteristics of Mercury through Neptune.",high,close,true,1.0,Aerospace_Dimensions_Module_5_source_grounded,Module_4_100_question_bank_style,draft,AD-M5-Q086,35,AD_M5_100
AD-M5-Q086,5,4,Our Solar System: Planets,AD5-4-earth-seasons,AD5-4-earth-seasons,AD5-4-earth-seasons,multiple_choice,brief_application,medium_hard,application,The Northern Hemisphere receives more direct sunlight while the Southern Hemisphere receives less. Which Earth feature causes this seasonal difference?,Earth moves much closer to the Sun each summer,Earth’s axis is tilted about 23.5°,The Moon blocks sunlight in winter,Jupiter changes Earth’s orbit every year,B,Earth’s 23.5° axial tilt causes the seasons.,"Because Earth’s axis is tilted, different hemispheres receive different amounts of direct sunlight during different parts of the year.",Not correct. Earth moves much closer to the Sun each summer does not match the concept being tested here.,Correct. Earth’s 23.5° axial tilt causes the seasons.,Not correct. The Moon blocks sunlight in winter does not match the concept being tested here.,Not correct. Jupiter changes Earth’s orbit every year does not match the concept being tested here.,"Seasons = tilt, not distance.","Review Aerospace Dimensions Module 5, Chapter 4, pages 40. Then explain the concept without looking at the answer choices.",Aerospace Dimensions Module 5 — Space Environment,40,"Module 5, Chapter 4, pages 40",high,infographic,optional_modal,module5_inner_outer_planets,module5_inner_outer_planets,module5_inner_outer_planets.png,/assets/cap-visuals/module5_inner_outer_planets.png,approved,true,"Planet order, inner vs outer planets, and key characteristics of Mercury through Neptune.",The Inner & Outer Planets,"Planet order, inner vs outer planets, and key characteristics of Mercury through Neptune.",high,close,true,0.8,Aerospace_Dimensions_Module_5_source_grounded,Module_4_100_question_bank_style,draft,AD-M5-Q085,45,AD_M5_100
AD-M5-Q087,5,4,Our Solar System: Planets,AD5-4-mars,AD5-4-mars,AD5-4-mars,multiple_choice,direct_exam_style,medium,recall,Which planet is known as the Red Planet and has the giant volcano Olympus Mons?,Venus,Jupiter,Mars,Mercury,C,"Mars is the Red Planet, home to Olympus Mons, Phobos, Deimos, and confirmed water ice.","Module 5 describes Mars as a cold, dusty world with enormous volcanic and canyon features. The Phoenix lander confirmed water ice, and Mars has two small moons, Phobos and Deimos.",Not correct. Venus does not match the concept being tested here.,Not correct. Jupiter does not match the concept being tested here.,"Correct. Mars is the Red Planet, home to Olympus Mons, Phobos, Deimos, and confirmed water ice.",Not correct. Mercury does not match the concept being tested here.,"Mars = red, rugged, and water ice.","Review Aerospace Dimensions Module 5, Chapter 4, pages 41-43. Then explain the concept without looking at the answer choices.",Aerospace Dimensions Module 5 — Space Environment,41-43,"Module 5, Chapter 4, pages 41-43",high,infographic,optional_modal,module5_inner_outer_planets,module5_inner_outer_planets,module5_inner_outer_planets.png,/assets/cap-visuals/module5_inner_outer_planets.png,approved,true,"Planet order, inner vs outer planets, and key characteristics of Mercury through Neptune.",The Inner & Outer Planets,"Planet order, inner vs outer planets, and key characteristics of Mercury through Neptune.",high,close,true,1.0,Aerospace_Dimensions_Module_5_source_grounded,Module_4_100_question_bank_style,draft,AD-M5-Q088,35,AD_M5_100
AD-M5-Q088,5,4,Our Solar System: Planets,AD5-4-mars,AD5-4-mars,AD5-4-mars,multiple_choice,brief_application,medium_hard,application,"A rover explores a cold, dusty planet with polar ice caps, two small moons named Phobos and Deimos, and evidence of water ice. Which planet is it?",Venus,Jupiter,Mercury,Mars,D,"Mars is the Red Planet, home to Olympus Mons, Phobos, Deimos, and confirmed water ice.","Module 5 describes Mars as a cold, dusty world with enormous volcanic and canyon features. The Phoenix lander confirmed water ice, and Mars has two small moons, Phobos and Deimos.",Not correct. Venus does not match the concept being tested here.,Not correct. Jupiter does not match the concept being tested here.,Not correct. Mercury does not match the concept being tested here.,"Correct. Mars is the Red Planet, home to Olympus Mons, Phobos, Deimos, and confirmed water ice.","Mars = red, rugged, and water ice.","Review Aerospace Dimensions Module 5, Chapter 4, pages 41-43. Then explain the concept without looking at the answer choices.",Aerospace Dimensions Module 5 — Space Environment,41-43,"Module 5, Chapter 4, pages 41-43",high,infographic,optional_modal,module5_inner_outer_planets,module5_inner_outer_planets,module5_inner_outer_planets.png,/assets/cap-visuals/module5_inner_outer_planets.png,approved,true,"Planet order, inner vs outer planets, and key characteristics of Mercury through Neptune.",The Inner & Outer Planets,"Planet order, inner vs outer planets, and key characteristics of Mercury through Neptune.",high,close,false,0.8,Aerospace_Dimensions_Module_5_source_grounded,Module_4_100_question_bank_style,draft,AD-M5-Q087,45,AD_M5_100
AD-M5-Q089,5,4,Our Solar System: Planets,AD5-4-jupiter,AD5-4-jupiter,AD5-4-jupiter,multiple_choice,direct_exam_style,medium,recall,Which planet is the largest in our solar system?,Jupiter,Saturn,Uranus,Neptune,A,Jupiter is the largest planet and is famous for the Great Red Spot.,Jupiter is the largest planet in the solar system. It is a gas giant composed mainly of hydrogen and helium and has the enormous Great Red Spot storm.,Correct. Jupiter is the largest planet and is famous for the Great Red Spot.,Not correct. Saturn does not match the concept being tested here.,Not correct. Uranus does not match the concept being tested here.,Not correct. Neptune does not match the concept being tested here.,Jupiter = giant with Great Red Spot.,"Review Aerospace Dimensions Module 5, Chapter 4, pages 43-45. Then explain the concept without looking at the answer choices.",Aerospace Dimensions Module 5 — Space Environment,43-45,"Module 5, Chapter 4, pages 43-45",high,infographic,optional_modal,module5_inner_outer_planets,module5_inner_outer_planets,module5_inner_outer_planets.png,/assets/cap-visuals/module5_inner_outer_planets.png,approved,true,"Planet order, inner vs outer planets, and key characteristics of Mercury through Neptune.",The Inner & Outer Planets,"Planet order, inner vs outer planets, and key characteristics of Mercury through Neptune.",high,close,true,1.0,Aerospace_Dimensions_Module_5_source_grounded,Module_4_100_question_bank_style,draft,AD-M5-Q090,35,AD_M5_100
AD-M5-Q090,5,4,Our Solar System: Planets,AD5-4-jupiter,AD5-4-jupiter,AD5-4-jupiter,multiple_choice,brief_application,medium_hard,application,A spacecraft observes a massive gas giant made mostly of hydrogen and helium and sees the Great Red Spot. Which planet is it?,Saturn,Jupiter,Uranus,Neptune,B,Jupiter is the largest planet and is famous for the Great Red Spot.,Jupiter is the largest planet in the solar system. It is a gas giant composed mainly of hydrogen and helium and has the enormous Great Red Spot storm.,Not correct. Saturn does not match the concept being tested here.,Correct. Jupiter is the largest planet and is famous for the Great Red Spot.,Not correct. Uranus does not match the concept being tested here.,Not correct. Neptune does not match the concept being tested here.,Jupiter = giant with Great Red Spot.,"Review Aerospace Dimensions Module 5, Chapter 4, pages 43-45. Then explain the concept without looking at the answer choices.",Aerospace Dimensions Module 5 — Space Environment,43-45,"Module 5, Chapter 4, pages 43-45",high,infographic,optional_modal,module5_inner_outer_planets,module5_inner_outer_planets,module5_inner_outer_planets.png,/assets/cap-visuals/module5_inner_outer_planets.png,approved,true,"Planet order, inner vs outer planets, and key characteristics of Mercury through Neptune.",The Inner & Outer Planets,"Planet order, inner vs outer planets, and key characteristics of Mercury through Neptune.",high,close,true,0.8,Aerospace_Dimensions_Module_5_source_grounded,Module_4_100_question_bank_style,draft,AD-M5-Q089,45,AD_M5_100
AD-M5-Q091,5,4,Our Solar System: Planets,AD5-4-saturn,AD5-4-saturn,AD5-4-saturn,multiple_choice,direct_exam_style,medium,recall,"Which planet is most famous for its large, bright ring system?",Jupiter,Uranus,Saturn,Neptune,C,Saturn is the ringed gas giant and is orbited by Titan.,"Saturn is best known for its extensive ring system. Module 5 also highlights Titan, a large moon with a thick atmosphere.",Not correct. Jupiter does not match the concept being tested here.,Not correct. Uranus does not match the concept being tested here.,Correct. Saturn is the ringed gas giant and is orbited by Titan.,Not correct. Neptune does not match the concept being tested here.,Saturn = rings + Titan.,"Review Aerospace Dimensions Module 5, Chapter 4, pages 45-47. Then explain the concept without looking at the answer choices.",Aerospace Dimensions Module 5 — Space Environment,45-47,"Module 5, Chapter 4, pages 45-47",high,infographic,optional_modal,module5_inner_outer_planets,module5_inner_outer_planets,module5_inner_outer_planets.png,/assets/cap-visuals/module5_inner_outer_planets.png,approved,true,"Planet order, inner vs outer planets, and key characteristics of Mercury through Neptune.",The Inner & Outer Planets,"Planet order, inner vs outer planets, and key characteristics of Mercury through Neptune.",high,close,true,1.0,Aerospace_Dimensions_Module_5_source_grounded,Module_4_100_question_bank_style,draft,AD-M5-Q092,35,AD_M5_100
AD-M5-Q092,5,4,Our Solar System: Planets,AD5-4-saturn,AD5-4-saturn,AD5-4-saturn,multiple_choice,brief_application,medium_hard,application,A gas giant has spectacular rings and a moon named Titan with a thick atmosphere. Which planet is it?,Jupiter,Uranus,Neptune,Saturn,D,Saturn is the ringed gas giant and is orbited by Titan.,"Saturn is best known for its extensive ring system. Module 5 also highlights Titan, a large moon with a thick atmosphere.",Not correct. Jupiter does not match the concept being tested here.,Not correct. Uranus does not match the concept being tested here.,Not correct. Neptune does not match the concept being tested here.,Correct. Saturn is the ringed gas giant and is orbited by Titan.,Saturn = rings + Titan.,"Review Aerospace Dimensions Module 5, Chapter 4, pages 45-47. Then explain the concept without looking at the answer choices.",Aerospace Dimensions Module 5 — Space Environment,45-47,"Module 5, Chapter 4, pages 45-47",high,infographic,optional_modal,module5_inner_outer_planets,module5_inner_outer_planets,module5_inner_outer_planets.png,/assets/cap-visuals/module5_inner_outer_planets.png,approved,true,"Planet order, inner vs outer planets, and key characteristics of Mercury through Neptune.",The Inner & Outer Planets,"Planet order, inner vs outer planets, and key characteristics of Mercury through Neptune.",high,close,false,0.8,Aerospace_Dimensions_Module_5_source_grounded,Module_4_100_question_bank_style,draft,AD-M5-Q091,45,AD_M5_100
AD-M5-Q093,5,4,Our Solar System: Planets,AD5-4-uranus,AD5-4-uranus,AD5-4-uranus,multiple_choice,direct_exam_style,medium,recall,Which planet is famous for rotating on its side?,Uranus,Jupiter,Saturn,Neptune,A,Uranus is the blue-green ice giant that rotates on its side.,Uranus is tilted so dramatically that it appears to spin on its side. Methane in its upper atmosphere contributes to its blue-green color.,Correct. Uranus is the blue-green ice giant that rotates on its side.,Not correct. Jupiter does not match the concept being tested here.,Not correct. Saturn does not match the concept being tested here.,Not correct. Neptune does not match the concept being tested here.,Uranus = sideways spin.,"Review Aerospace Dimensions Module 5, Chapter 4, pages 47. Then explain the concept without looking at the answer choices.",Aerospace Dimensions Module 5 — Space Environment,47,"Module 5, Chapter 4, pages 47",high,infographic,optional_modal,module5_inner_outer_planets,module5_inner_outer_planets,module5_inner_outer_planets.png,/assets/cap-visuals/module5_inner_outer_planets.png,approved,true,"Planet order, inner vs outer planets, and key characteristics of Mercury through Neptune.",The Inner & Outer Planets,"Planet order, inner vs outer planets, and key characteristics of Mercury through Neptune.",high,close,true,1.0,Aerospace_Dimensions_Module_5_source_grounded,Module_4_100_question_bank_style,draft,AD-M5-Q094,35,AD_M5_100
AD-M5-Q094,5,4,Our Solar System: Planets,AD5-4-uranus,AD5-4-uranus,AD5-4-uranus,multiple_choice,brief_application,medium_hard,application,"A blue-green ice giant has an extreme axial tilt, producing decades-long periods of daylight and darkness. Which planet is it?",Jupiter,Uranus,Saturn,Neptune,B,Uranus is the blue-green ice giant that rotates on its side.,Uranus is tilted so dramatically that it appears to spin on its side. Methane in its upper atmosphere contributes to its blue-green color.,Not correct. Jupiter does not match the concept being tested here.,Correct. Uranus is the blue-green ice giant that rotates on its side.,Not correct. Saturn does not match the concept being tested here.,Not correct. Neptune does not match the concept being tested here.,Uranus = sideways spin.,"Review Aerospace Dimensions Module 5, Chapter 4, pages 47. Then explain the concept without looking at the answer choices.",Aerospace Dimensions Module 5 — Space Environment,47,"Module 5, Chapter 4, pages 47",high,infographic,optional_modal,module5_inner_outer_planets,module5_inner_outer_planets,module5_inner_outer_planets.png,/assets/cap-visuals/module5_inner_outer_planets.png,approved,true,"Planet order, inner vs outer planets, and key characteristics of Mercury through Neptune.",The Inner & Outer Planets,"Planet order, inner vs outer planets, and key characteristics of Mercury through Neptune.",high,close,true,0.8,Aerospace_Dimensions_Module_5_source_grounded,Module_4_100_question_bank_style,draft,AD-M5-Q093,45,AD_M5_100
AD-M5-Q095,5,4,Our Solar System: Planets,AD5-4-neptune,AD5-4-neptune,AD5-4-neptune,multiple_choice,direct_exam_style,medium,recall,Which planet has the strongest winds in the solar system?,Saturn,Uranus,Neptune,Mars,C,Neptune is the windiest planet in the solar system.,"Module 5 describes Neptune as the windiest planet, with extremely fast winds and large storm systems.",Not correct. Saturn does not match the concept being tested here.,Not correct. Uranus does not match the concept being tested here.,Correct. Neptune is the windiest planet in the solar system.,Not correct. Mars does not match the concept being tested here.,Neptune = windy blue planet.,"Review Aerospace Dimensions Module 5, Chapter 4, pages 48. Then explain the concept without looking at the answer choices.",Aerospace Dimensions Module 5 — Space Environment,48,"Module 5, Chapter 4, pages 48",high,infographic,optional_modal,module5_inner_outer_planets,module5_inner_outer_planets,module5_inner_outer_planets.png,/assets/cap-visuals/module5_inner_outer_planets.png,approved,true,"Planet order, inner vs outer planets, and key characteristics of Mercury through Neptune.",The Inner & Outer Planets,"Planet order, inner vs outer planets, and key characteristics of Mercury through Neptune.",high,close,true,1.0,Aerospace_Dimensions_Module_5_source_grounded,Module_4_100_question_bank_style,draft,AD-M5-Q096,35,AD_M5_100
AD-M5-Q096,5,4,Our Solar System: Planets,AD5-4-neptune,AD5-4-neptune,AD5-4-neptune,multiple_choice,brief_application,medium_hard,application,"Voyager 2 observes a vivid blue planet with winds reaching roughly 1,500 mph. Which planet is it?",Saturn,Uranus,Mars,Neptune,D,Neptune is the windiest planet in the solar system.,"Module 5 describes Neptune as the windiest planet, with extremely fast winds and large storm systems.",Not correct. Saturn does not match the concept being tested here.,Not correct. Uranus does not match the concept being tested here.,Not correct. Mars does not match the concept being tested here.,Correct. Neptune is the windiest planet in the solar system.,Neptune = windy blue planet.,"Review Aerospace Dimensions Module 5, Chapter 4, pages 48. Then explain the concept without looking at the answer choices.",Aerospace Dimensions Module 5 — Space Environment,48,"Module 5, Chapter 4, pages 48",high,infographic,optional_modal,module5_inner_outer_planets,module5_inner_outer_planets,module5_inner_outer_planets.png,/assets/cap-visuals/module5_inner_outer_planets.png,approved,true,"Planet order, inner vs outer planets, and key characteristics of Mercury through Neptune.",The Inner & Outer Planets,"Planet order, inner vs outer planets, and key characteristics of Mercury through Neptune.",high,close,false,0.8,Aerospace_Dimensions_Module_5_source_grounded,Module_4_100_question_bank_style,draft,AD-M5-Q095,45,AD_M5_100
AD-M5-Q097,5,4,Our Solar System: Planets,AD5-4-triton,AD5-4-triton,AD5-4-triton,multiple_choice,direct_exam_style,medium,recall,"What is unusual about Triton, Neptune’s largest moon?",It moves in the opposite direction from Neptune’s other moons,It is larger than Earth,It has a breathable atmosphere,It is the hottest moon,A,Triton is Neptune’s largest moon and has an unusual backward orbit.,Triton moves in the opposite direction from Neptune’s other moons. Voyager 2 also observed geyser-like eruptions there.,Correct. Triton is Neptune’s largest moon and has an unusual backward orbit.,Not correct. It is larger than Earth does not match the concept being tested here.,Not correct. It has a breathable atmosphere does not match the concept being tested here.,Not correct. It is the hottest moon does not match the concept being tested here.,Triton = Neptune’s backward moon.,"Review Aerospace Dimensions Module 5, Chapter 4, pages 48. Then explain the concept without looking at the answer choices.",Aerospace Dimensions Module 5 — Space Environment,48,"Module 5, Chapter 4, pages 48",high,infographic,optional_modal,module5_inner_outer_planets,module5_inner_outer_planets,module5_inner_outer_planets.png,/assets/cap-visuals/module5_inner_outer_planets.png,approved,true,"Planet order, inner vs outer planets, and key characteristics of Mercury through Neptune.",The Inner & Outer Planets,"Planet order, inner vs outer planets, and key characteristics of Mercury through Neptune.",high,close,true,1.0,Aerospace_Dimensions_Module_5_source_grounded,Module_4_100_question_bank_style,draft,AD-M5-Q098,35,AD_M5_100
AD-M5-Q098,5,4,Our Solar System: Planets,AD5-4-triton,AD5-4-triton,AD5-4-triton,multiple_choice,brief_application,medium_hard,application,A moon circles its planet in a retrograde direction and shows geyser-like eruptions. Which moon described in Module 5 is this?,It is larger than Earth,It moves in the opposite direction from Neptune’s other moons,It has a breathable atmosphere,It is the hottest moon,B,Triton is Neptune’s largest moon and has an unusual backward orbit.,Triton moves in the opposite direction from Neptune’s other moons. Voyager 2 also observed geyser-like eruptions there.,Not correct. It is larger than Earth does not match the concept being tested here.,Correct. Triton is Neptune’s largest moon and has an unusual backward orbit.,Not correct. It has a breathable atmosphere does not match the concept being tested here.,Not correct. It is the hottest moon does not match the concept being tested here.,Triton = Neptune’s backward moon.,"Review Aerospace Dimensions Module 5, Chapter 4, pages 48. Then explain the concept without looking at the answer choices.",Aerospace Dimensions Module 5 — Space Environment,48,"Module 5, Chapter 4, pages 48",high,infographic,optional_modal,module5_inner_outer_planets,module5_inner_outer_planets,module5_inner_outer_planets.png,/assets/cap-visuals/module5_inner_outer_planets.png,approved,true,"Planet order, inner vs outer planets, and key characteristics of Mercury through Neptune.",The Inner & Outer Planets,"Planet order, inner vs outer planets, and key characteristics of Mercury through Neptune.",high,close,true,0.8,Aerospace_Dimensions_Module_5_source_grounded,Module_4_100_question_bank_style,draft,AD-M5-Q097,45,AD_M5_100
AD-M5-Q099,5,4,Our Solar System: Planets,AD5-4-pluto-dwarf,AD5-4-pluto-dwarf,AD5-4-pluto-dwarf,multiple_choice,direct_exam_style,medium,recall,Why is Pluto classified as a dwarf planet instead of one of the eight planets?,It does not orbit the Sun,It is not round,It has not cleared the neighborhood around its orbit,It has no moons,C,Pluto is a dwarf planet because it has not cleared its orbital neighborhood.,Pluto satisfies the first two planet criteria—orbital motion around the Sun and a nearly round shape—but does not satisfy the third requirement of clearing its neighborhood.,Not correct. It does not orbit the Sun does not match the concept being tested here.,Not correct. It is not round does not match the concept being tested here.,Correct. Pluto is a dwarf planet because it has not cleared its orbital neighborhood.,Not correct. It has no moons does not match the concept being tested here.,Planet clears; dwarf shares.,"Review Aerospace Dimensions Module 5, Chapter 4, pages 38,49. Then explain the concept without looking at the answer choices.",Aerospace Dimensions Module 5 — Space Environment,"38,49","Module 5, Chapter 4, pages 38,49",recommended,infographic,optional_modal,module5_planet_dwarf_pluto,module5_planet_dwarf_pluto,module5_planet_dwarf_pluto.png,/assets/cap-visuals/module5_planet_dwarf_pluto.png,approved,true,"The IAU planet definition, dwarf planets, Pluto, and the planet-vs-dwarf distinction.","Planets, Dwarf Planets & Pluto","The IAU planet definition, dwarf planets, Pluto, and the planet-vs-dwarf distinction.",high,close,true,1.0,Aerospace_Dimensions_Module_5_source_grounded,Module_4_100_question_bank_style,draft,AD-M5-Q100,35,AD_M5_100
AD-M5-Q100,5,4,Our Solar System: Planets,AD5-4-pluto-dwarf,AD5-4-pluto-dwarf,AD5-4-pluto-dwarf,multiple_choice,brief_application,medium_hard,application,An object orbits the Sun and is nearly round but shares its orbit with many other objects. Which classification best fits Pluto?,A full planet,A moon,A comet,A dwarf planet,D,Pluto is a dwarf planet because it has not cleared its orbital neighborhood.,Pluto satisfies the first two planet criteria—orbital motion around the Sun and a nearly round shape—but does not satisfy the third requirement of clearing its neighborhood.,Not correct. A full planet does not match the concept being tested here.,Not correct. A moon does not match the concept being tested here.,Not correct. A comet does not match the concept being tested here.,Correct. Pluto is a dwarf planet because it has not cleared its orbital neighborhood.,Planet clears; dwarf shares.,"Review Aerospace Dimensions Module 5, Chapter 4, pages 38,49. Then explain the concept without looking at the answer choices.",Aerospace Dimensions Module 5 — Space Environment,"38,49","Module 5, Chapter 4, pages 38,49",recommended,infographic,optional_modal,module5_planet_dwarf_pluto,module5_planet_dwarf_pluto,module5_planet_dwarf_pluto.png,/assets/cap-visuals/module5_planet_dwarf_pluto.png,approved,true,"The IAU planet definition, dwarf planets, Pluto, and the planet-vs-dwarf distinction.","Planets, Dwarf Planets & Pluto","The IAU planet definition, dwarf planets, Pluto, and the planet-vs-dwarf distinction.",high,close,false,0.8,Aerospace_Dimensions_Module_5_source_grounded,Module_4_100_question_bank_style,draft,AD-M5-Q099,45,AD_M5_100
