external_id,book_volume,chapter_number,chapter_title,question_family_code,question_type,question_style,difficulty,cognitive_level,question_text,choice_a,choice_b,choice_c,choice_d,correct_letter,short_explanation,explanation,choice_a_explanation,choice_b_explanation,choice_c_explanation,choice_d_explanation,memory_aid,remediation_text,source_document,source_pages,visual_asset_key,visual_file_name,visual_storage_path,visual_status,show_visual_button,visual_caption,visual_alt_text,exam_type_question,eligible_for_final_exam,exam_likeness,distractor_difficulty,content_origin,style_reference,review_status,reinforcement_question_ids,estimated_time_seconds,package_code
LTL1-C3-Q001,Learn to Lead Volume 1,3,The Art & The Science,LTL1-C3-F01,multiple_choice,direct_exam_style,medium,recall,What is the Air Force's definition of leadership?,the art and science of influencing and directing people to accomplish the assigned mission,the ability to command people by rank alone,the power to motivate people to like you,the process of punishing mistakes so standards improve,A,The Air Force defines leadership as the art and science of influencing and directing people to accomplish the assigned mission.,the art and science of influencing and directing people to accomplish the assigned mission is the best answer because the Air Force defines leadership as the art and science of influencing and directing people to accomplish the assigned mission.,Correct. The Air Force defines leadership as the art and science of influencing and directing people to accomplish the assigned mission.,"Not this one. the ability to command people by rank alone is a plausible distractor, but it does not best match the concept from Chapter 3. The Air Force defines leadership as the art and science of influencing and directing people to accomplish the assigned mission.","Not this one. the power to motivate people to like you is a plausible distractor, but it does not best match the concept from Chapter 3. The Air Force defines leadership as the art and science of influencing and directing people to accomplish the assigned mission.","Not this one. the process of punishing mistakes so standards improve is a plausible distractor, but it does not best match the concept from Chapter 3. The Air Force defines leadership as the art and science of influencing and directing people to accomplish the assigned mission.",Art + science + people + mission = leadership.,"Review Learn to Lead Volume 1, Chapter 3, page(s) 63-65. Then restate the Air Force definition of leadership in your own words.",Learn to Lead Volume 1: Personal Leadership,63-65,ltl1_c3_definition_art_science,chapter3_leadership_art_science_poster.png,/assets/cap-visuals/chapter3_leadership_art_science_poster.png,approved,true,"Air Force definition of leadership, the meaning of art and science, people as the leader's medium, and mission as the team's purpose.","Air Force definition of leadership, the meaning of art and science, people as the leader's medium, and mission as the team's purpose.",yes,true,high,close,original_textbook_grounded,Three Wright Brothers Milestone exam forms used as style/difficulty reference only,draft,LTL1-C3-Q002,35,LTL1_C3_100
LTL1-C3-Q002,Learn to Lead Volume 1,3,The Art & The Science,LTL1-C3-F01,multiple_choice,application_scenario,medium_hard,understanding,"In the Air Force definition, what does the phrase ""art and science"" suggest about leadership?",Leadership is only instinct and cannot be studied.,Leadership requires both personal judgment and proven knowledge.,Leadership belongs only to artists and scientists.,"Leadership is either creative or practical, but never both.",B,Leadership has both an artistic side and a scientific side.,"Leadership requires both personal judgment and proven knowledge. is the best answer because leadership is partly art because leaders use creativity, style, and judgment, and partly science because leadership also involves study, observation, and proven principles.","Not this one. Leadership is only instinct and cannot be studied. is a plausible distractor, but it does not best match the concept from Chapter 3. Leadership has both an artistic side and a scientific side.",Correct. Leadership has both an artistic side and a scientific side.,"Not this one. Leadership belongs only to artists and scientists. is a plausible distractor, but it does not best match the concept from Chapter 3. Leadership has both an artistic side and a scientific side.","Not this one. Leadership is either creative or practical, but never both. is a plausible distractor, but it does not best match the concept from Chapter 3. Leadership has both an artistic side and a scientific side.",Art + science + people + mission = leadership.,"Review Learn to Lead Volume 1, Chapter 3, page(s) 63-65. Then restate the Air Force definition of leadership in your own words.",Learn to Lead Volume 1: Personal Leadership,63-65,ltl1_c3_definition_art_science,chapter3_leadership_art_science_poster.png,/assets/cap-visuals/chapter3_leadership_art_science_poster.png,approved,true,"Air Force definition of leadership, the meaning of art and science, people as the leader's medium, and mission as the team's purpose.","Air Force definition of leadership, the meaning of art and science, people as the leader's medium, and mission as the team's purpose.",yes,true,high,close,original_textbook_grounded,Three Wright Brothers Milestone exam forms used as style/difficulty reference only,draft,LTL1-C3-Q001,45,LTL1_C3_100
LTL1-C3-Q003,Learn to Lead Volume 1,3,The Art & The Science,LTL1-C3-F02,multiple_choice,direct_exam_style,medium,recall,"Which answer best describes the ""art"" of leadership?",Ignoring people and focusing only on data,Following a laboratory procedure exactly as written,"Using personal judgment, creativity, and style to guide people",Relying on rank instead of communication,C,"The art of leadership involves creativity, adaptability, and individual expression.","Using personal judgment, creativity, and style to guide people is the best answer because the art of leadership involves creativity, adaptability, and individual expression.","Not this one. Ignoring people and focusing only on data is a plausible distractor, but it does not best match the concept from Chapter 3. The art of leadership involves creativity, adaptability, and individual expression.","Not this one. Following a laboratory procedure exactly as written is a plausible distractor, but it does not best match the concept from Chapter 3. The art of leadership involves creativity, adaptability, and individual expression.","Correct. The art of leadership involves creativity, adaptability, and individual expression.","Not this one. Relying on rank instead of communication is a plausible distractor, but it does not best match the concept from Chapter 3. The art of leadership involves creativity, adaptability, and individual expression.",Art + science + people + mission = leadership.,"Review Learn to Lead Volume 1, Chapter 3, page(s) 63-65. Then restate the Air Force definition of leadership in your own words.",Learn to Lead Volume 1: Personal Leadership,63-65,ltl1_c3_definition_art_science,chapter3_leadership_art_science_poster.png,/assets/cap-visuals/chapter3_leadership_art_science_poster.png,approved,true,"Air Force definition of leadership, the meaning of art and science, people as the leader's medium, and mission as the team's purpose.","Air Force definition of leadership, the meaning of art and science, people as the leader's medium, and mission as the team's purpose.",yes,true,high,close,original_textbook_grounded,Three Wright Brothers Milestone exam forms used as style/difficulty reference only,draft,LTL1-C3-Q004,35,LTL1_C3_100
LTL1-C3-Q004,Learn to Lead Volume 1,3,The Art & The Science,LTL1-C3-F02,multiple_choice,direct_exam_style,medium,recall,"Which answer best describes the ""science"" of leadership?",Memorizing famous quotations about leadership,Believing there is one perfect leadership personality,Leading only by emotion and impulse,"Applying study, experience, and proven methods to leadership problems",D,"The science of leadership involves study, observation, and applying proven methods.","Applying study, experience, and proven methods to leadership problems is the best answer because the science of leadership involves study, observation, and applying proven methods.","Not this one. Memorizing famous quotations about leadership is a plausible distractor, but it does not best match the concept from Chapter 3. The science of leadership involves study, observation, and applying proven methods.","Not this one. Believing there is one perfect leadership personality is a plausible distractor, but it does not best match the concept from Chapter 3. The science of leadership involves study, observation, and applying proven methods.","Not this one. Leading only by emotion and impulse is a plausible distractor, but it does not best match the concept from Chapter 3. The science of leadership involves study, observation, and applying proven methods.","Correct. The science of leadership involves study, observation, and applying proven methods.",Art + science + people + mission = leadership.,"Review Learn to Lead Volume 1, Chapter 3, page(s) 63-65. Then restate the Air Force definition of leadership in your own words.",Learn to Lead Volume 1: Personal Leadership,63-65,ltl1_c3_definition_art_science,chapter3_leadership_art_science_poster.png,/assets/cap-visuals/chapter3_leadership_art_science_poster.png,approved,true,"Air Force definition of leadership, the meaning of art and science, people as the leader's medium, and mission as the team's purpose.","Air Force definition of leadership, the meaning of art and science, people as the leader's medium, and mission as the team's purpose.",no,false,medium,close,original_textbook_grounded,Three Wright Brothers Milestone exam forms used as style/difficulty reference only,draft,LTL1-C3-Q003,35,LTL1_C3_100
LTL1-C3-Q005,Learn to Lead Volume 1,3,The Art & The Science,LTL1-C3-F03,multiple_choice,direct_exam_style,medium,recall,"According to the chapter, a leader works mainly with _____.",people,machines,budgets,forms,A,"Leaders work with people and try to influence their thoughts, feelings, and behavior.","people is the best answer because leaders work with people and try to influence their thoughts, feelings, and behavior.","Correct. Leaders work with people and try to influence their thoughts, feelings, and behavior.","Not this one. machines is a plausible distractor, but it does not best match the concept from Chapter 3. Leaders work with people and try to influence their thoughts, feelings, and behavior.","Not this one. budgets is a plausible distractor, but it does not best match the concept from Chapter 3. Leaders work with people and try to influence their thoughts, feelings, and behavior.","Not this one. forms is a plausible distractor, but it does not best match the concept from Chapter 3. Leaders work with people and try to influence their thoughts, feelings, and behavior.",Art + science + people + mission = leadership.,"Review Learn to Lead Volume 1, Chapter 3, page(s) 63-65. Then restate the Air Force definition of leadership in your own words.",Learn to Lead Volume 1: Personal Leadership,63-65,ltl1_c3_definition_art_science,chapter3_leadership_art_science_poster.png,/assets/cap-visuals/chapter3_leadership_art_science_poster.png,approved,true,"Air Force definition of leadership, the meaning of art and science, people as the leader's medium, and mission as the team's purpose.","Air Force definition of leadership, the meaning of art and science, people as the leader's medium, and mission as the team's purpose.",yes,true,high,close,original_textbook_grounded,Three Wright Brothers Milestone exam forms used as style/difficulty reference only,draft,LTL1-C3-Q006,35,LTL1_C3_100
LTL1-C3-Q006,Learn to Lead Volume 1,3,The Art & The Science,LTL1-C3-F03,multiple_choice,direct_exam_style,medium,recall,"What is ""the mission""?",the leader's personal preference,the reason the team exists,the team's social life,a slogan with no practical meaning,B,The mission is the task or purpose the team exists to accomplish.,the reason the team exists is the best answer because the mission is the task or purpose the team exists to accomplish.,"Not this one. the leader's personal preference is a plausible distractor, but it does not best match the concept from Chapter 3. The mission is the task or purpose the team exists to accomplish.",Correct. The mission is the task or purpose the team exists to accomplish.,"Not this one. the team's social life is a plausible distractor, but it does not best match the concept from Chapter 3. The mission is the task or purpose the team exists to accomplish.","Not this one. a slogan with no practical meaning is a plausible distractor, but it does not best match the concept from Chapter 3. The mission is the task or purpose the team exists to accomplish.",Art + science + people + mission = leadership.,"Review Learn to Lead Volume 1, Chapter 3, page(s) 63-65. Then restate the Air Force definition of leadership in your own words.",Learn to Lead Volume 1: Personal Leadership,63-65,ltl1_c3_definition_art_science,chapter3_leadership_art_science_poster.png,/assets/cap-visuals/chapter3_leadership_art_science_poster.png,approved,true,"Air Force definition of leadership, the meaning of art and science, people as the leader's medium, and mission as the team's purpose.","Air Force definition of leadership, the meaning of art and science, people as the leader's medium, and mission as the team's purpose.",yes,true,high,close,original_textbook_grounded,Three Wright Brothers Milestone exam forms used as style/difficulty reference only,draft,LTL1-C3-Q005,35,LTL1_C3_100
LTL1-C3-Q007,Learn to Lead Volume 1,3,The Art & The Science,LTL1-C3-F04,multiple_choice,direct_exam_style,medium,recall,Most definitions of leadership include which three components?,"rank, uniform, and awards","leader, office, and paycheck","leader, followers, and goal","authority, fear, and punishment",C,"Most leadership definitions include a leader, followers, and a goal.","leader, followers, and goal is the best answer because most leadership definitions include a leader, followers, and a goal.","Not this one. rank, uniform, and awards is a plausible distractor, but it does not best match the concept from Chapter 3. Most leadership definitions include a leader, followers, and a goal.","Not this one. leader, office, and paycheck is a plausible distractor, but it does not best match the concept from Chapter 3. Most leadership definitions include a leader, followers, and a goal.","Correct. Most leadership definitions include a leader, followers, and a goal.","Not this one. authority, fear, and punishment is a plausible distractor, but it does not best match the concept from Chapter 3. Most leadership definitions include a leader, followers, and a goal.",Art + science + people + mission = leadership.,"Review Learn to Lead Volume 1, Chapter 3, page(s) 63-65. Then restate the Air Force definition of leadership in your own words.",Learn to Lead Volume 1: Personal Leadership,63-65,ltl1_c3_definition_art_science,chapter3_leadership_art_science_poster.png,/assets/cap-visuals/chapter3_leadership_art_science_poster.png,approved,true,"Air Force definition of leadership, the meaning of art and science, people as the leader's medium, and mission as the team's purpose.","Air Force definition of leadership, the meaning of art and science, people as the leader's medium, and mission as the team's purpose.",yes,true,high,close,original_textbook_grounded,Three Wright Brothers Milestone exam forms used as style/difficulty reference only,draft,LTL1-C3-Q008,35,LTL1_C3_100
LTL1-C3-Q008,Learn to Lead Volume 1,3,The Art & The Science,LTL1-C3-F04,multiple_choice,application_scenario,medium_hard,application,"A cadet NCO guides a flight through a compass course. In that situation, the compass course objective is the _____.",reward,trait,theory,mission,D,The mission is the task the team is organized to accomplish.,mission is the best answer because the mission is the task the team is organized to accomplish.,"Not this one. reward is a plausible distractor, but it does not best match the concept from Chapter 3. The mission is the task the team is organized to accomplish.","Not this one. trait is a plausible distractor, but it does not best match the concept from Chapter 3. The mission is the task the team is organized to accomplish.","Not this one. theory is a plausible distractor, but it does not best match the concept from Chapter 3. The mission is the task the team is organized to accomplish.",Correct. The mission is the task the team is organized to accomplish.,Art + science + people + mission = leadership.,"Review Learn to Lead Volume 1, Chapter 3, page(s) 63-65. Then restate the Air Force definition of leadership in your own words.",Learn to Lead Volume 1: Personal Leadership,63-65,ltl1_c3_definition_art_science,chapter3_leadership_art_science_poster.png,/assets/cap-visuals/chapter3_leadership_art_science_poster.png,approved,true,"Air Force definition of leadership, the meaning of art and science, people as the leader's medium, and mission as the team's purpose.","Air Force definition of leadership, the meaning of art and science, people as the leader's medium, and mission as the team's purpose.",no,false,medium,close,original_textbook_grounded,Three Wright Brothers Milestone exam forms used as style/difficulty reference only,draft,LTL1-C3-Q007,45,LTL1_C3_100
LTL1-C3-Q009,Learn to Lead Volume 1,3,The Art & The Science,LTL1-C3-F05,multiple_choice,direct_exam_style,medium,recall,Which statement best fits the chapter's explanation of leadership?,Leadership is influencing and directing people toward a mission.,Leadership is mainly about holding the highest rank.,Leadership is whatever a popular person happens to do.,Leadership is the same as management paperwork.,A,The chapter centers leadership on influencing and directing people so the mission is accomplished.,Leadership is influencing and directing people toward a mission. is the best answer because the chapter centers leadership on influencing and directing people so the mission is accomplished.,Correct. The chapter centers leadership on influencing and directing people so the mission is accomplished.,"Not this one. Leadership is mainly about holding the highest rank. is a plausible distractor, but it does not best match the concept from Chapter 3. The chapter centers leadership on influencing and directing people so the mission is accomplished.","Not this one. Leadership is whatever a popular person happens to do. is a plausible distractor, but it does not best match the concept from Chapter 3. The chapter centers leadership on influencing and directing people so the mission is accomplished.","Not this one. Leadership is the same as management paperwork. is a plausible distractor, but it does not best match the concept from Chapter 3. The chapter centers leadership on influencing and directing people so the mission is accomplished.",Art + science + people + mission = leadership.,"Review Learn to Lead Volume 1, Chapter 3, page(s) 63-65. Then restate the Air Force definition of leadership in your own words.",Learn to Lead Volume 1: Personal Leadership,63-65,ltl1_c3_definition_art_science,chapter3_leadership_art_science_poster.png,/assets/cap-visuals/chapter3_leadership_art_science_poster.png,approved,true,"Air Force definition of leadership, the meaning of art and science, people as the leader's medium, and mission as the team's purpose.","Air Force definition of leadership, the meaning of art and science, people as the leader's medium, and mission as the team's purpose.",yes,true,high,close,original_textbook_grounded,Three Wright Brothers Milestone exam forms used as style/difficulty reference only,draft,LTL1-C3-Q010,35,LTL1_C3_100
LTL1-C3-Q010,Learn to Lead Volume 1,3,The Art & The Science,LTL1-C3-F05,multiple_choice,comparative_reasoning,easy,understanding,"In simple flow, leadership connects the leader, the followers, and the _____.",uniform,mission,scoreboard,biography,B,Leadership ultimately connects a leader and followers to mission accomplishment.,mission is the best answer because leadership ultimately connects a leader and followers to mission accomplishment.,"Not this one. uniform is a plausible distractor, but it does not best match the concept from Chapter 3. Leadership ultimately connects a leader and followers to mission accomplishment.",Correct. Leadership ultimately connects a leader and followers to mission accomplishment.,"Not this one. scoreboard is a plausible distractor, but it does not best match the concept from Chapter 3. Leadership ultimately connects a leader and followers to mission accomplishment.","Not this one. biography is a plausible distractor, but it does not best match the concept from Chapter 3. Leadership ultimately connects a leader and followers to mission accomplishment.",Art + science + people + mission = leadership.,"Review Learn to Lead Volume 1, Chapter 3, page(s) 63-65. Then restate the Air Force definition of leadership in your own words.",Learn to Lead Volume 1: Personal Leadership,63-65,ltl1_c3_definition_art_science,chapter3_leadership_art_science_poster.png,/assets/cap-visuals/chapter3_leadership_art_science_poster.png,approved,true,"Air Force definition of leadership, the meaning of art and science, people as the leader's medium, and mission as the team's purpose.","Air Force definition of leadership, the meaning of art and science, people as the leader's medium, and mission as the team's purpose.",yes,true,high,close,original_textbook_grounded,Three Wright Brothers Milestone exam forms used as style/difficulty reference only,draft,LTL1-C3-Q009,30,LTL1_C3_100
LTL1-C3-Q011,Learn to Lead Volume 1,3,The Art & The Science,LTL1-C3-F06,multiple_choice,direct_exam_style,medium,recall,"According to the chapter, which statement is true?",Only commanders can lead.,You must have formal authority before you can lead.,You do not need to be a commander to lead.,Leadership and command are exactly the same thing.,C,The chapter teaches that leadership does not require command authority.,You do not need to be a commander to lead. is the best answer because the chapter teaches that leadership does not require command authority.,"Not this one. Only commanders can lead. is a plausible distractor, but it does not best match the concept from Chapter 3. The chapter teaches that leadership does not require command authority.","Not this one. You must have formal authority before you can lead. is a plausible distractor, but it does not best match the concept from Chapter 3. The chapter teaches that leadership does not require command authority.",Correct. The chapter teaches that leadership does not require command authority.,"Not this one. Leadership and command are exactly the same thing. is a plausible distractor, but it does not best match the concept from Chapter 3. The chapter teaches that leadership does not require command authority.","American leadership assumes: no rank required, made not born, accountable, not bullies, moral.","Review Learn to Lead Volume 1, Chapter 3, page(s) 65-67. Then list the five American assumptions about leadership from memory.",Learn to Lead Volume 1: Personal Leadership,65-67,ltl1_c3_assumptions_america,chapter3_leadership_in_america_assumptions.png,/assets/cap-visuals/chapter3_leadership_in_america_assumptions.png,approved,true,"The American understanding of leadership: command not required, leaders are made not born, accountability, leaders are not bullies, and leadership must be moral.","The American understanding of leadership: command not required, leaders are made not born, accountability, leaders are not bullies, and leadership must be moral.",yes,true,high,close,original_textbook_grounded,Three Wright Brothers Milestone exam forms used as style/difficulty reference only,draft,LTL1-C3-Q012,35,LTL1_C3_100
LTL1-C3-Q012,Learn to Lead Volume 1,3,The Art & The Science,LTL1-C3-F06,multiple_choice,direct_exam_style,medium,recall,Which phrase best captures the chapter's view of leadership development?,Leaders cannot improve with training.,"Leaders are born, not made.",Leaders are chosen by luck.,"Leaders are made, not born.",D,"The chapter emphasizes that leadership can be developed through education, training, and experience.","Leaders are made, not born. is the best answer because the chapter emphasizes that leadership can be developed through education, training, and experience.","Not this one. Leaders cannot improve with training. is a plausible distractor, but it does not best match the concept from Chapter 3. The chapter emphasizes that leadership can be developed through education, training, and experience.","Not this one. Leaders are born, not made. is a plausible distractor, but it does not best match the concept from Chapter 3. The chapter emphasizes that leadership can be developed through education, training, and experience.","Not this one. Leaders are chosen by luck. is a plausible distractor, but it does not best match the concept from Chapter 3. The chapter emphasizes that leadership can be developed through education, training, and experience.","Correct. The chapter emphasizes that leadership can be developed through education, training, and experience.","American leadership assumes: no rank required, made not born, accountable, not bullies, moral.","Review Learn to Lead Volume 1, Chapter 3, page(s) 65-67. Then list the five American assumptions about leadership from memory.",Learn to Lead Volume 1: Personal Leadership,65-67,ltl1_c3_assumptions_america,chapter3_leadership_in_america_assumptions.png,/assets/cap-visuals/chapter3_leadership_in_america_assumptions.png,approved,true,"The American understanding of leadership: command not required, leaders are made not born, accountability, leaders are not bullies, and leadership must be moral.","The American understanding of leadership: command not required, leaders are made not born, accountability, leaders are not bullies, and leadership must be moral.",no,false,medium,close,original_textbook_grounded,Three Wright Brothers Milestone exam forms used as style/difficulty reference only,draft,LTL1-C3-Q011,35,LTL1_C3_100
LTL1-C3-Q013,Learn to Lead Volume 1,3,The Art & The Science,LTL1-C3-F07,multiple_choice,direct_exam_style,medium,recall,"If leaders are accountable, what are they expected to do?",take responsibility for actions and outcomes,avoid responsibility when things go wrong,blame followers first,hide mistakes to preserve authority,A,"Accountability means owning actions, fixing problems, and following through.","take responsibility for actions and outcomes is the best answer because accountability means owning actions, fixing problems, and following through.","Correct. Accountability means owning actions, fixing problems, and following through.","Not this one. avoid responsibility when things go wrong is a plausible distractor, but it does not best match the concept from Chapter 3. Accountability means owning actions, fixing problems, and following through.","Not this one. blame followers first is a plausible distractor, but it does not best match the concept from Chapter 3. Accountability means owning actions, fixing problems, and following through.","Not this one. hide mistakes to preserve authority is a plausible distractor, but it does not best match the concept from Chapter 3. Accountability means owning actions, fixing problems, and following through.","American leadership assumes: no rank required, made not born, accountable, not bullies, moral.","Review Learn to Lead Volume 1, Chapter 3, page(s) 65-67. Then list the five American assumptions about leadership from memory.",Learn to Lead Volume 1: Personal Leadership,65-67,ltl1_c3_assumptions_america,chapter3_leadership_in_america_assumptions.png,/assets/cap-visuals/chapter3_leadership_in_america_assumptions.png,approved,true,"The American understanding of leadership: command not required, leaders are made not born, accountability, leaders are not bullies, and leadership must be moral.","The American understanding of leadership: command not required, leaders are made not born, accountability, leaders are not bullies, and leadership must be moral.",yes,true,high,close,original_textbook_grounded,Three Wright Brothers Milestone exam forms used as style/difficulty reference only,draft,LTL1-C3-Q014,35,LTL1_C3_100
LTL1-C3-Q014,Learn to Lead Volume 1,3,The Art & The Science,LTL1-C3-F07,multiple_choice,direct_exam_style,medium,recall,Why does the chapter say leaders are not bullies?,Because bullying is allowed only in emergencies,"Because genuine leaders use respect and positive influence, not coercion",Because followers do not mind being mistreated,Because moral questions do not matter in leadership,B,True leaders influence positively and build people up rather than intimidate them.,"Because genuine leaders use respect and positive influence, not coercion is the best answer because true leaders influence positively and build people up rather than intimidate them.","Not this one. Because bullying is allowed only in emergencies is a plausible distractor, but it does not best match the concept from Chapter 3. True leaders influence positively and build people up rather than intimidate them.",Correct. True leaders influence positively and build people up rather than intimidate them.,"Not this one. Because followers do not mind being mistreated is a plausible distractor, but it does not best match the concept from Chapter 3. True leaders influence positively and build people up rather than intimidate them.","Not this one. Because moral questions do not matter in leadership is a plausible distractor, but it does not best match the concept from Chapter 3. True leaders influence positively and build people up rather than intimidate them.","American leadership assumes: no rank required, made not born, accountable, not bullies, moral.","Review Learn to Lead Volume 1, Chapter 3, page(s) 65-67. Then list the five American assumptions about leadership from memory.",Learn to Lead Volume 1: Personal Leadership,65-67,ltl1_c3_assumptions_america,chapter3_leadership_in_america_assumptions.png,/assets/cap-visuals/chapter3_leadership_in_america_assumptions.png,approved,true,"The American understanding of leadership: command not required, leaders are made not born, accountability, leaders are not bullies, and leadership must be moral.","The American understanding of leadership: command not required, leaders are made not born, accountability, leaders are not bullies, and leadership must be moral.",yes,true,high,close,original_textbook_grounded,Three Wright Brothers Milestone exam forms used as style/difficulty reference only,draft,LTL1-C3-Q013,35,LTL1_C3_100
LTL1-C3-Q015,Learn to Lead Volume 1,3,The Art & The Science,LTL1-C3-F08,multiple_choice,direct_exam_style,medium,recall,Which statement best matches the chapter's moral view of leadership?,Leadership is morally neutral.,A bad leader is still a leader in the fullest sense.,Leadership should pursue what is right and serve the public good.,"Results matter, but morals do not.",C,The chapter argues that leadership is expected to be moral and aimed at a public good.,Leadership should pursue what is right and serve the public good. is the best answer because the chapter argues that leadership is expected to be moral and aimed at a public good.,"Not this one. Leadership is morally neutral. is a plausible distractor, but it does not best match the concept from Chapter 3. The chapter argues that leadership is expected to be moral and aimed at a public good.","Not this one. A bad leader is still a leader in the fullest sense. is a plausible distractor, but it does not best match the concept from Chapter 3. The chapter argues that leadership is expected to be moral and aimed at a public good.",Correct. The chapter argues that leadership is expected to be moral and aimed at a public good.,"Not this one. Results matter, but morals do not. is a plausible distractor, but it does not best match the concept from Chapter 3. The chapter argues that leadership is expected to be moral and aimed at a public good.","American leadership assumes: no rank required, made not born, accountable, not bullies, moral.","Review Learn to Lead Volume 1, Chapter 3, page(s) 65-67. Then list the five American assumptions about leadership from memory.",Learn to Lead Volume 1: Personal Leadership,65-67,ltl1_c3_assumptions_america,chapter3_leadership_in_america_assumptions.png,/assets/cap-visuals/chapter3_leadership_in_america_assumptions.png,approved,true,"The American understanding of leadership: command not required, leaders are made not born, accountability, leaders are not bullies, and leadership must be moral.","The American understanding of leadership: command not required, leaders are made not born, accountability, leaders are not bullies, and leadership must be moral.",yes,true,high,close,original_textbook_grounded,Three Wright Brothers Milestone exam forms used as style/difficulty reference only,draft,LTL1-C3-Q016,35,LTL1_C3_100
LTL1-C3-Q016,Learn to Lead Volume 1,3,The Art & The Science,LTL1-C3-F08,multiple_choice,direct_exam_style,medium,recall,Rosa Parks is used in the chapter mainly to show that _____.,leadership requires a military title,all leaders are politicians,leaders must always be loud speakers,a person can lead without formal command authority,D,Rosa Parks influenced others despite having no formal command role.,a person can lead without formal command authority is the best answer because rosa Parks influenced others despite having no formal command role.,"Not this one. leadership requires a military title is a plausible distractor, but it does not best match the concept from Chapter 3. Rosa Parks influenced others despite having no formal command role.","Not this one. all leaders are politicians is a plausible distractor, but it does not best match the concept from Chapter 3. Rosa Parks influenced others despite having no formal command role.","Not this one. leaders must always be loud speakers is a plausible distractor, but it does not best match the concept from Chapter 3. Rosa Parks influenced others despite having no formal command role.",Correct. Rosa Parks influenced others despite having no formal command role.,"American leadership assumes: no rank required, made not born, accountable, not bullies, moral.","Review Learn to Lead Volume 1, Chapter 3, page(s) 65-67. Then list the five American assumptions about leadership from memory.",Learn to Lead Volume 1: Personal Leadership,65-67,ltl1_c3_assumptions_america,chapter3_leadership_in_america_assumptions.png,/assets/cap-visuals/chapter3_leadership_in_america_assumptions.png,approved,true,"The American understanding of leadership: command not required, leaders are made not born, accountability, leaders are not bullies, and leadership must be moral.","The American understanding of leadership: command not required, leaders are made not born, accountability, leaders are not bullies, and leadership must be moral.",no,false,medium,close,original_textbook_grounded,Three Wright Brothers Milestone exam forms used as style/difficulty reference only,draft,LTL1-C3-Q015,35,LTL1_C3_100
LTL1-C3-Q017,Learn to Lead Volume 1,3,The Art & The Science,LTL1-C3-F09,multiple_choice,application_scenario,medium_hard,application,"A junior cadet notices confusion during an activity, steps up, organizes the group, and helps everyone complete the task. Which assumption does this best show?",You do not need to be a commander to lead.,Leadership must remain hidden.,Only experts can influence people.,Leadership always comes from natural talent.,A,"The cadet leads by influence and initiative, not by title alone.","You do not need to be a commander to lead. is the best answer because the cadet leads by influence and initiative, not by title alone.","Correct. The cadet leads by influence and initiative, not by title alone.","Not this one. Leadership must remain hidden. is a plausible distractor, but it does not best match the concept from Chapter 3. The cadet leads by influence and initiative, not by title alone.","Not this one. Only experts can influence people. is a plausible distractor, but it does not best match the concept from Chapter 3. The cadet leads by influence and initiative, not by title alone.","Not this one. Leadership always comes from natural talent. is a plausible distractor, but it does not best match the concept from Chapter 3. The cadet leads by influence and initiative, not by title alone.","American leadership assumes: no rank required, made not born, accountable, not bullies, moral.","Review Learn to Lead Volume 1, Chapter 3, page(s) 65-67. Then list the five American assumptions about leadership from memory.",Learn to Lead Volume 1: Personal Leadership,65-67,ltl1_c3_assumptions_america,chapter3_leadership_in_america_assumptions.png,/assets/cap-visuals/chapter3_leadership_in_america_assumptions.png,approved,true,"The American understanding of leadership: command not required, leaders are made not born, accountability, leaders are not bullies, and leadership must be moral.","The American understanding of leadership: command not required, leaders are made not born, accountability, leaders are not bullies, and leadership must be moral.",yes,true,high,close,original_textbook_grounded,Three Wright Brothers Milestone exam forms used as style/difficulty reference only,draft,LTL1-C3-Q018,45,LTL1_C3_100
LTL1-C3-Q018,Learn to Lead Volume 1,3,The Art & The Science,LTL1-C3-F09,multiple_choice,application_scenario,medium_hard,application,"A cadet flight commander gives poor instructions, admits the mistake, corrects the plan, and apologizes to the flight. Which assumption is being demonstrated?",leaders are not born,leaders are accountable,leaders are celebrities,leaders should avoid change,B,Owning the mistake and fixing it shows accountability.,leaders are accountable is the best answer because owning the mistake and fixing it shows accountability.,"Not this one. leaders are not born is a plausible distractor, but it does not best match the concept from Chapter 3. Owning the mistake and fixing it shows accountability.",Correct. Owning the mistake and fixing it shows accountability.,"Not this one. leaders are celebrities is a plausible distractor, but it does not best match the concept from Chapter 3. Owning the mistake and fixing it shows accountability.","Not this one. leaders should avoid change is a plausible distractor, but it does not best match the concept from Chapter 3. Owning the mistake and fixing it shows accountability.","American leadership assumes: no rank required, made not born, accountable, not bullies, moral.","Review Learn to Lead Volume 1, Chapter 3, page(s) 65-67. Then list the five American assumptions about leadership from memory.",Learn to Lead Volume 1: Personal Leadership,65-67,ltl1_c3_assumptions_america,chapter3_leadership_in_america_assumptions.png,/assets/cap-visuals/chapter3_leadership_in_america_assumptions.png,approved,true,"The American understanding of leadership: command not required, leaders are made not born, accountability, leaders are not bullies, and leadership must be moral.","The American understanding of leadership: command not required, leaders are made not born, accountability, leaders are not bullies, and leadership must be moral.",yes,true,high,close,original_textbook_grounded,Three Wright Brothers Milestone exam forms used as style/difficulty reference only,draft,LTL1-C3-Q017,45,LTL1_C3_100
LTL1-C3-Q019,Learn to Lead Volume 1,3,The Art & The Science,LTL1-C3-F10,multiple_choice,direct_exam_style,medium,recall,Which action sounds most like a bully rather than a leader?,explaining standards clearly,encouraging teammates after a mistake,threatening and humiliating others to force obedience,coaching a cadet one-on-one,C,"Threats and humiliation are signs of bullying, not genuine leadership.","threatening and humiliating others to force obedience is the best answer because threats and humiliation are signs of bullying, not genuine leadership.","Not this one. explaining standards clearly is a plausible distractor, but it does not best match the concept from Chapter 3. Threats and humiliation are signs of bullying, not genuine leadership.","Not this one. encouraging teammates after a mistake is a plausible distractor, but it does not best match the concept from Chapter 3. Threats and humiliation are signs of bullying, not genuine leadership.","Correct. Threats and humiliation are signs of bullying, not genuine leadership.","Not this one. coaching a cadet one-on-one is a plausible distractor, but it does not best match the concept from Chapter 3. Threats and humiliation are signs of bullying, not genuine leadership.","American leadership assumes: no rank required, made not born, accountable, not bullies, moral.","Review Learn to Lead Volume 1, Chapter 3, page(s) 65-67. Then list the five American assumptions about leadership from memory.",Learn to Lead Volume 1: Personal Leadership,65-67,ltl1_c3_assumptions_america,chapter3_leadership_in_america_assumptions.png,/assets/cap-visuals/chapter3_leadership_in_america_assumptions.png,approved,true,"The American understanding of leadership: command not required, leaders are made not born, accountability, leaders are not bullies, and leadership must be moral.","The American understanding of leadership: command not required, leaders are made not born, accountability, leaders are not bullies, and leadership must be moral.",yes,true,high,close,original_textbook_grounded,Three Wright Brothers Milestone exam forms used as style/difficulty reference only,draft,LTL1-C3-Q020,35,LTL1_C3_100
LTL1-C3-Q020,Learn to Lead Volume 1,3,The Art & The Science,LTL1-C3-F10,multiple_choice,application_scenario,medium_hard,application,A leader refuses to cut corners on safety even though doing so would save time and earn praise. Which assumption is strongest here?,leaders need formal rank first,"leaders are born, not made",leaders should avoid responsibility,leadership must be moral,D,Choosing what is right over what is easy shows moral leadership.,leadership must be moral is the best answer because choosing what is right over what is easy shows moral leadership.,"Not this one. leaders need formal rank first is a plausible distractor, but it does not best match the concept from Chapter 3. Choosing what is right over what is easy shows moral leadership.","Not this one. leaders are born, not made is a plausible distractor, but it does not best match the concept from Chapter 3. Choosing what is right over what is easy shows moral leadership.","Not this one. leaders should avoid responsibility is a plausible distractor, but it does not best match the concept from Chapter 3. Choosing what is right over what is easy shows moral leadership.",Correct. Choosing what is right over what is easy shows moral leadership.,"American leadership assumes: no rank required, made not born, accountable, not bullies, moral.","Review Learn to Lead Volume 1, Chapter 3, page(s) 65-67. Then list the five American assumptions about leadership from memory.",Learn to Lead Volume 1: Personal Leadership,65-67,ltl1_c3_assumptions_america,chapter3_leadership_in_america_assumptions.png,/assets/cap-visuals/chapter3_leadership_in_america_assumptions.png,approved,true,"The American understanding of leadership: command not required, leaders are made not born, accountability, leaders are not bullies, and leadership must be moral.","The American understanding of leadership: command not required, leaders are made not born, accountability, leaders are not bullies, and leadership must be moral.",no,false,medium,close,original_textbook_grounded,Three Wright Brothers Milestone exam forms used as style/difficulty reference only,draft,LTL1-C3-Q019,45,LTL1_C3_100
LTL1-C3-Q021,Learn to Lead Volume 1,3,The Art & The Science,LTL1-C3-F11,multiple_choice,direct_exam_style,medium,recall,Why do leaders need to be visionaries?,To imagine a better future and point the team toward it,To focus only on the past,To avoid making practical decisions,To make every goal unrealistic,A,Visionary leaders imagine what the team can become and help move it there.,To imagine a better future and point the team toward it is the best answer because visionary leaders imagine what the team can become and help move it there.,Correct. Visionary leaders imagine what the team can become and help move it there.,"Not this one. To focus only on the past is a plausible distractor, but it does not best match the concept from Chapter 3. Visionary leaders imagine what the team can become and help move it there.","Not this one. To avoid making practical decisions is a plausible distractor, but it does not best match the concept from Chapter 3. Visionary leaders imagine what the team can become and help move it there.","Not this one. To make every goal unrealistic is a plausible distractor, but it does not best match the concept from Chapter 3. Visionary leaders imagine what the team can become and help move it there.",Visionary leaders see what could be before others do.,"Review Learn to Lead Volume 1, Chapter 3, page(s) 68-69. Then explain why Billy Mitchell is remembered as a visionary.",Learn to Lead Volume 1: Personal Leadership,68-69,ltl1_c3_visionary_mitchell,chapter3_visionary_billy_mitchell.png,/assets/cap-visuals/chapter3_visionary_billy_mitchell.png,approved,true,"Visionary leadership, Billy Mitchell as a case history, and how cadets can paint a future picture and set squadron goals.","Visionary leadership, Billy Mitchell as a case history, and how cadets can paint a future picture and set squadron goals.",yes,true,high,close,original_textbook_grounded,Three Wright Brothers Milestone exam forms used as style/difficulty reference only,draft,LTL1-C3-Q022,35,LTL1_C3_100
LTL1-C3-Q022,Learn to Lead Volume 1,3,The Art & The Science,LTL1-C3-F11,multiple_choice,direct_exam_style,medium,recall,Billy Mitchell is remembered as a visionary because he _____.,argued airplanes should be banned from war,recognized early that airpower would transform warfare,believed airpower was useful only for observation,avoided taking public positions,B,Mitchell saw earlier than most that aircraft would dominate the future of war.,recognized early that airpower would transform warfare is the best answer because mitchell saw earlier than most that aircraft would dominate the future of war.,"Not this one. argued airplanes should be banned from war is a plausible distractor, but it does not best match the concept from Chapter 3. Mitchell saw earlier than most that aircraft would dominate the future of war.",Correct. Mitchell saw earlier than most that aircraft would dominate the future of war.,"Not this one. believed airpower was useful only for observation is a plausible distractor, but it does not best match the concept from Chapter 3. Mitchell saw earlier than most that aircraft would dominate the future of war.","Not this one. avoided taking public positions is a plausible distractor, but it does not best match the concept from Chapter 3. Mitchell saw earlier than most that aircraft would dominate the future of war.",Visionary leaders see what could be before others do.,"Review Learn to Lead Volume 1, Chapter 3, page(s) 68-69. Then explain why Billy Mitchell is remembered as a visionary.",Learn to Lead Volume 1: Personal Leadership,68-69,ltl1_c3_visionary_mitchell,chapter3_visionary_billy_mitchell.png,/assets/cap-visuals/chapter3_visionary_billy_mitchell.png,approved,true,"Visionary leadership, Billy Mitchell as a case history, and how cadets can paint a future picture and set squadron goals.","Visionary leadership, Billy Mitchell as a case history, and how cadets can paint a future picture and set squadron goals.",yes,true,high,close,original_textbook_grounded,Three Wright Brothers Milestone exam forms used as style/difficulty reference only,draft,LTL1-C3-Q021,35,LTL1_C3_100
LTL1-C3-Q023,Learn to Lead Volume 1,3,The Art & The Science,LTL1-C3-F12,multiple_choice,direct_exam_style,medium,recall,What dramatic demonstration did Billy Mitchell use to show the airplane's military power?,He led a balloon expedition across the Atlantic.,He invented the first aircraft carrier.,He sank the captured battleship Ostfriesland from the air.,He flew the first moon mission.,C,Mitchell helped prove airpower's striking power by sinking the Ostfriesland.,He sank the captured battleship Ostfriesland from the air. is the best answer because mitchell helped prove airpower's striking power by sinking the Ostfriesland.,"Not this one. He led a balloon expedition across the Atlantic. is a plausible distractor, but it does not best match the concept from Chapter 3. Mitchell helped prove airpower's striking power by sinking the Ostfriesland.","Not this one. He invented the first aircraft carrier. is a plausible distractor, but it does not best match the concept from Chapter 3. Mitchell helped prove airpower's striking power by sinking the Ostfriesland.",Correct. Mitchell helped prove airpower's striking power by sinking the Ostfriesland.,"Not this one. He flew the first moon mission. is a plausible distractor, but it does not best match the concept from Chapter 3. Mitchell helped prove airpower's striking power by sinking the Ostfriesland.",Visionary leaders see what could be before others do.,"Review Learn to Lead Volume 1, Chapter 3, page(s) 68-69. Then explain why Billy Mitchell is remembered as a visionary.",Learn to Lead Volume 1: Personal Leadership,68-69,ltl1_c3_visionary_mitchell,chapter3_visionary_billy_mitchell.png,/assets/cap-visuals/chapter3_visionary_billy_mitchell.png,approved,true,"Visionary leadership, Billy Mitchell as a case history, and how cadets can paint a future picture and set squadron goals.","Visionary leadership, Billy Mitchell as a case history, and how cadets can paint a future picture and set squadron goals.",yes,true,high,close,original_textbook_grounded,Three Wright Brothers Milestone exam forms used as style/difficulty reference only,draft,LTL1-C3-Q024,35,LTL1_C3_100
LTL1-C3-Q024,Learn to Lead Volume 1,3,The Art & The Science,LTL1-C3-F12,multiple_choice,direct_exam_style,medium,recall,"Long before Pearl Harbor, Mitchell warned that Japan might attack _____.",Alaska with tanks,New York with artillery,Panama with submarines only,Hawaii with carrier-based aircraft,D,Mitchell foresaw the danger of a Japanese air attack on Hawaii.,Hawaii with carrier-based aircraft is the best answer because mitchell foresaw the danger of a Japanese air attack on Hawaii.,"Not this one. Alaska with tanks is a plausible distractor, but it does not best match the concept from Chapter 3. Mitchell foresaw the danger of a Japanese air attack on Hawaii.","Not this one. New York with artillery is a plausible distractor, but it does not best match the concept from Chapter 3. Mitchell foresaw the danger of a Japanese air attack on Hawaii.","Not this one. Panama with submarines only is a plausible distractor, but it does not best match the concept from Chapter 3. Mitchell foresaw the danger of a Japanese air attack on Hawaii.",Correct. Mitchell foresaw the danger of a Japanese air attack on Hawaii.,Visionary leaders see what could be before others do.,"Review Learn to Lead Volume 1, Chapter 3, page(s) 68-69. Then explain why Billy Mitchell is remembered as a visionary.",Learn to Lead Volume 1: Personal Leadership,68-69,ltl1_c3_visionary_mitchell,chapter3_visionary_billy_mitchell.png,/assets/cap-visuals/chapter3_visionary_billy_mitchell.png,approved,true,"Visionary leadership, Billy Mitchell as a case history, and how cadets can paint a future picture and set squadron goals.","Visionary leadership, Billy Mitchell as a case history, and how cadets can paint a future picture and set squadron goals.",no,false,medium,close,original_textbook_grounded,Three Wright Brothers Milestone exam forms used as style/difficulty reference only,draft,LTL1-C3-Q023,35,LTL1_C3_100
LTL1-C3-Q025,Learn to Lead Volume 1,3,The Art & The Science,LTL1-C3-F13,multiple_choice,direct_exam_style,medium,recall,Mitchell's long-term vision included creating _____.,an independent air force,a navy controlled by the army,a world without aircraft,a system where only generals could fly,A,Mitchell believed airpower needed its own independent service.,an independent air force is the best answer because mitchell believed airpower needed its own independent service.,Correct. Mitchell believed airpower needed its own independent service.,"Not this one. a navy controlled by the army is a plausible distractor, but it does not best match the concept from Chapter 3. Mitchell believed airpower needed its own independent service.","Not this one. a world without aircraft is a plausible distractor, but it does not best match the concept from Chapter 3. Mitchell believed airpower needed its own independent service.","Not this one. a system where only generals could fly is a plausible distractor, but it does not best match the concept from Chapter 3. Mitchell believed airpower needed its own independent service.",Visionary leaders see what could be before others do.,"Review Learn to Lead Volume 1, Chapter 3, page(s) 68-69. Then explain why Billy Mitchell is remembered as a visionary.",Learn to Lead Volume 1: Personal Leadership,68-69,ltl1_c3_visionary_mitchell,chapter3_visionary_billy_mitchell.png,/assets/cap-visuals/chapter3_visionary_billy_mitchell.png,approved,true,"Visionary leadership, Billy Mitchell as a case history, and how cadets can paint a future picture and set squadron goals.","Visionary leadership, Billy Mitchell as a case history, and how cadets can paint a future picture and set squadron goals.",yes,true,high,close,original_textbook_grounded,Three Wright Brothers Milestone exam forms used as style/difficulty reference only,draft,LTL1-C3-Q026,35,LTL1_C3_100
LTL1-C3-Q026,Learn to Lead Volume 1,3,The Art & The Science,LTL1-C3-F13,multiple_choice,application_scenario,medium_hard,application,Which cadet action best reflects visionary leadership?,Complaining that nothing ever changes,Helping the squadron set ambitious goals for the future,Refusing to think past today's schedule,Avoiding discussion about long-term plans,B,Cadets show visionary leadership when they help create a future picture and set goals.,Helping the squadron set ambitious goals for the future is the best answer because cadets show visionary leadership when they help create a future picture and set goals.,"Not this one. Complaining that nothing ever changes is a plausible distractor, but it does not best match the concept from Chapter 3. Cadets show visionary leadership when they help create a future picture and set goals.",Correct. Cadets show visionary leadership when they help create a future picture and set goals.,"Not this one. Refusing to think past today's schedule is a plausible distractor, but it does not best match the concept from Chapter 3. Cadets show visionary leadership when they help create a future picture and set goals.","Not this one. Avoiding discussion about long-term plans is a plausible distractor, but it does not best match the concept from Chapter 3. Cadets show visionary leadership when they help create a future picture and set goals.",Visionary leaders see what could be before others do.,"Review Learn to Lead Volume 1, Chapter 3, page(s) 68-69. Then explain why Billy Mitchell is remembered as a visionary.",Learn to Lead Volume 1: Personal Leadership,68-69,ltl1_c3_visionary_mitchell,chapter3_visionary_billy_mitchell.png,/assets/cap-visuals/chapter3_visionary_billy_mitchell.png,approved,true,"Visionary leadership, Billy Mitchell as a case history, and how cadets can paint a future picture and set squadron goals.","Visionary leadership, Billy Mitchell as a case history, and how cadets can paint a future picture and set squadron goals.",yes,true,high,close,original_textbook_grounded,Three Wright Brothers Milestone exam forms used as style/difficulty reference only,draft,LTL1-C3-Q025,45,LTL1_C3_100
LTL1-C3-Q027,Learn to Lead Volume 1,3,The Art & The Science,LTL1-C3-F14,multiple_choice,direct_exam_style,medium,recall,What caution does the chapter give about visionary leadership?,Visionaries should never inspire anyone.,"Visions are useful only in business, not leadership.",A vision can become unrealistic if it loses touch with reality.,Leaders should avoid change at all costs.,C,"A leader needs vision, but also realism and the ability to bring others along.","A vision can become unrealistic if it loses touch with reality. is the best answer because a leader needs vision, but also realism and the ability to bring others along.","Not this one. Visionaries should never inspire anyone. is a plausible distractor, but it does not best match the concept from Chapter 3. A leader needs vision, but also realism and the ability to bring others along.","Not this one. Visions are useful only in business, not leadership. is a plausible distractor, but it does not best match the concept from Chapter 3. A leader needs vision, but also realism and the ability to bring others along.","Correct. A leader needs vision, but also realism and the ability to bring others along.","Not this one. Leaders should avoid change at all costs. is a plausible distractor, but it does not best match the concept from Chapter 3. A leader needs vision, but also realism and the ability to bring others along.",Visionary leaders see what could be before others do.,"Review Learn to Lead Volume 1, Chapter 3, page(s) 68-69. Then explain why Billy Mitchell is remembered as a visionary.",Learn to Lead Volume 1: Personal Leadership,68-69,ltl1_c3_visionary_mitchell,chapter3_visionary_billy_mitchell.png,/assets/cap-visuals/chapter3_visionary_billy_mitchell.png,approved,true,"Visionary leadership, Billy Mitchell as a case history, and how cadets can paint a future picture and set squadron goals.","Visionary leadership, Billy Mitchell as a case history, and how cadets can paint a future picture and set squadron goals.",yes,true,high,close,original_textbook_grounded,Three Wright Brothers Milestone exam forms used as style/difficulty reference only,draft,LTL1-C3-Q028,35,LTL1_C3_100
LTL1-C3-Q028,Learn to Lead Volume 1,3,The Art & The Science,LTL1-C3-F14,multiple_choice,direct_exam_style,medium,recall,Which sentence best captures visionary leadership?,"Do whatever was done last year, no matter what.",Focus only on immediate comfort.,Wait for someone else to decide the future.,"See what is possible, describe it clearly, and move the team toward it.",D,"Visionary leaders look ahead, picture a better future, and help the team move toward it.","See what is possible, describe it clearly, and move the team toward it. is the best answer because visionary leaders look ahead, picture a better future, and help the team move toward it.","Not this one. Do whatever was done last year, no matter what. is a plausible distractor, but it does not best match the concept from Chapter 3. Visionary leaders look ahead, picture a better future, and help the team move toward it.","Not this one. Focus only on immediate comfort. is a plausible distractor, but it does not best match the concept from Chapter 3. Visionary leaders look ahead, picture a better future, and help the team move toward it.","Not this one. Wait for someone else to decide the future. is a plausible distractor, but it does not best match the concept from Chapter 3. Visionary leaders look ahead, picture a better future, and help the team move toward it.","Correct. Visionary leaders look ahead, picture a better future, and help the team move toward it.",Visionary leaders see what could be before others do.,"Review Learn to Lead Volume 1, Chapter 3, page(s) 68-69. Then explain why Billy Mitchell is remembered as a visionary.",Learn to Lead Volume 1: Personal Leadership,68-69,ltl1_c3_visionary_mitchell,chapter3_visionary_billy_mitchell.png,/assets/cap-visuals/chapter3_visionary_billy_mitchell.png,approved,true,"Visionary leadership, Billy Mitchell as a case history, and how cadets can paint a future picture and set squadron goals.","Visionary leadership, Billy Mitchell as a case history, and how cadets can paint a future picture and set squadron goals.",no,false,medium,close,original_textbook_grounded,Three Wright Brothers Milestone exam forms used as style/difficulty reference only,draft,LTL1-C3-Q027,35,LTL1_C3_100
LTL1-C3-Q029,Learn to Lead Volume 1,3,The Art & The Science,LTL1-C3-F15,multiple_choice,direct_exam_style,medium,recall,Why must leaders be motivators?,Because leaders help people focus effort and achieve more than they thought possible,Because people always perform their best without encouragement,Because motivation means giving rewards only,Because motivation replaces planning,A,"Leaders motivate so teams stay focused, energized, and willing to work toward difficult goals.","Because leaders help people focus effort and achieve more than they thought possible is the best answer because leaders motivate so teams stay focused, energized, and willing to work toward difficult goals.","Correct. Leaders motivate so teams stay focused, energized, and willing to work toward difficult goals.","Not this one. Because people always perform their best without encouragement is a plausible distractor, but it does not best match the concept from Chapter 3. Leaders motivate so teams stay focused, energized, and willing to work toward difficult goals.","Not this one. Because motivation means giving rewards only is a plausible distractor, but it does not best match the concept from Chapter 3. Leaders motivate so teams stay focused, energized, and willing to work toward difficult goals.","Not this one. Because motivation replaces planning is a plausible distractor, but it does not best match the concept from Chapter 3. Leaders motivate so teams stay focused, energized, and willing to work toward difficult goals.",Motivators connect people to purpose and keep them moving.,"Review Learn to Lead Volume 1, Chapter 3, page(s) 70-72. Then describe two ways Kennedy motivated America.",Learn to Lead Volume 1: Personal Leadership,70-72,ltl1_c3_motivator_kennedy,chapter3_motivator_kennedy.png,/assets/cap-visuals/chapter3_motivator_kennedy.png,approved,true,"Motivational leadership, John F. Kennedy's moon challenge, and practical ways cadets can motivate teams and wingmen.","Motivational leadership, John F. Kennedy's moon challenge, and practical ways cadets can motivate teams and wingmen.",yes,true,high,close,original_textbook_grounded,Three Wright Brothers Milestone exam forms used as style/difficulty reference only,draft,LTL1-C3-Q030,35,LTL1_C3_100
LTL1-C3-Q030,Learn to Lead Volume 1,3,The Art & The Science,LTL1-C3-F15,multiple_choice,direct_exam_style,medium,recall,"According to the chapter, motivation can come in many forms such as _____.","confusion, silence, and delay","money, praise, awards, and privileges",fear and humiliation only,rank and punishment only,B,"The chapter lists many motivators, including praise, awards, money, and privileges.","money, praise, awards, and privileges is the best answer because the chapter lists many motivators, including praise, awards, money, and privileges.","Not this one. confusion, silence, and delay is a plausible distractor, but it does not best match the concept from Chapter 3. The chapter lists many motivators, including praise, awards, money, and privileges.","Correct. The chapter lists many motivators, including praise, awards, money, and privileges.","Not this one. fear and humiliation only is a plausible distractor, but it does not best match the concept from Chapter 3. The chapter lists many motivators, including praise, awards, money, and privileges.","Not this one. rank and punishment only is a plausible distractor, but it does not best match the concept from Chapter 3. The chapter lists many motivators, including praise, awards, money, and privileges.",Motivators connect people to purpose and keep them moving.,"Review Learn to Lead Volume 1, Chapter 3, page(s) 70-72. Then describe two ways Kennedy motivated America.",Learn to Lead Volume 1: Personal Leadership,70-72,ltl1_c3_motivator_kennedy,chapter3_motivator_kennedy.png,/assets/cap-visuals/chapter3_motivator_kennedy.png,approved,true,"Motivational leadership, John F. Kennedy's moon challenge, and practical ways cadets can motivate teams and wingmen.","Motivational leadership, John F. Kennedy's moon challenge, and practical ways cadets can motivate teams and wingmen.",yes,true,high,close,original_textbook_grounded,Three Wright Brothers Milestone exam forms used as style/difficulty reference only,draft,LTL1-C3-Q029,35,LTL1_C3_100
LTL1-C3-Q031,Learn to Lead Volume 1,3,The Art & The Science,LTL1-C3-F16,multiple_choice,direct_exam_style,medium,recall,John F. Kennedy is used as a case history because he motivated America to _____.,build the first railroads,end all competition in science,land a man on the moon and return him safely to Earth,replace airplanes with rockets in every field,C,Kennedy challenged the nation to achieve the moon landing.,land a man on the moon and return him safely to Earth is the best answer because kennedy challenged the nation to achieve the moon landing.,"Not this one. build the first railroads is a plausible distractor, but it does not best match the concept from Chapter 3. Kennedy challenged the nation to achieve the moon landing.","Not this one. end all competition in science is a plausible distractor, but it does not best match the concept from Chapter 3. Kennedy challenged the nation to achieve the moon landing.",Correct. Kennedy challenged the nation to achieve the moon landing.,"Not this one. replace airplanes with rockets in every field is a plausible distractor, but it does not best match the concept from Chapter 3. Kennedy challenged the nation to achieve the moon landing.",Motivators connect people to purpose and keep them moving.,"Review Learn to Lead Volume 1, Chapter 3, page(s) 70-72. Then describe two ways Kennedy motivated America.",Learn to Lead Volume 1: Personal Leadership,70-72,ltl1_c3_motivator_kennedy,chapter3_motivator_kennedy.png,/assets/cap-visuals/chapter3_motivator_kennedy.png,approved,true,"Motivational leadership, John F. Kennedy's moon challenge, and practical ways cadets can motivate teams and wingmen.","Motivational leadership, John F. Kennedy's moon challenge, and practical ways cadets can motivate teams and wingmen.",yes,true,high,close,original_textbook_grounded,Three Wright Brothers Milestone exam forms used as style/difficulty reference only,draft,LTL1-C3-Q032,35,LTL1_C3_100
LTL1-C3-Q032,Learn to Lead Volume 1,3,The Art & The Science,LTL1-C3-F16,multiple_choice,direct_exam_style,medium,recall,"In Kennedy's case history, competition with the Soviet Union worked mainly as a _____.",trait,punishment,distraction,motivator,D,Competition in the space race created urgency and a desire to win.,motivator is the best answer because competition in the space race created urgency and a desire to win.,"Not this one. trait is a plausible distractor, but it does not best match the concept from Chapter 3. Competition in the space race created urgency and a desire to win.","Not this one. punishment is a plausible distractor, but it does not best match the concept from Chapter 3. Competition in the space race created urgency and a desire to win.","Not this one. distraction is a plausible distractor, but it does not best match the concept from Chapter 3. Competition in the space race created urgency and a desire to win.",Correct. Competition in the space race created urgency and a desire to win.,Motivators connect people to purpose and keep them moving.,"Review Learn to Lead Volume 1, Chapter 3, page(s) 70-72. Then describe two ways Kennedy motivated America.",Learn to Lead Volume 1: Personal Leadership,70-72,ltl1_c3_motivator_kennedy,chapter3_motivator_kennedy.png,/assets/cap-visuals/chapter3_motivator_kennedy.png,approved,true,"Motivational leadership, John F. Kennedy's moon challenge, and practical ways cadets can motivate teams and wingmen.","Motivational leadership, John F. Kennedy's moon challenge, and practical ways cadets can motivate teams and wingmen.",no,false,medium,close,original_textbook_grounded,Three Wright Brothers Milestone exam forms used as style/difficulty reference only,draft,LTL1-C3-Q031,35,LTL1_C3_100
LTL1-C3-Q033,Learn to Lead Volume 1,3,The Art & The Science,LTL1-C3-F17,multiple_choice,direct_exam_style,medium,recall,Which feature of Kennedy's moon challenge helped motivate the nation?,It was hard but worthy.,It was easy and guaranteed.,It had no clear goal.,It depended on no one's effort.,A,Kennedy motivated people by setting a difficult but meaningful goal.,It was hard but worthy. is the best answer because kennedy motivated people by setting a difficult but meaningful goal.,Correct. Kennedy motivated people by setting a difficult but meaningful goal.,"Not this one. It was easy and guaranteed. is a plausible distractor, but it does not best match the concept from Chapter 3. Kennedy motivated people by setting a difficult but meaningful goal.","Not this one. It had no clear goal. is a plausible distractor, but it does not best match the concept from Chapter 3. Kennedy motivated people by setting a difficult but meaningful goal.","Not this one. It depended on no one's effort. is a plausible distractor, but it does not best match the concept from Chapter 3. Kennedy motivated people by setting a difficult but meaningful goal.",Motivators connect people to purpose and keep them moving.,"Review Learn to Lead Volume 1, Chapter 3, page(s) 70-72. Then describe two ways Kennedy motivated America.",Learn to Lead Volume 1: Personal Leadership,70-72,ltl1_c3_motivator_kennedy,chapter3_motivator_kennedy.png,/assets/cap-visuals/chapter3_motivator_kennedy.png,approved,true,"Motivational leadership, John F. Kennedy's moon challenge, and practical ways cadets can motivate teams and wingmen.","Motivational leadership, John F. Kennedy's moon challenge, and practical ways cadets can motivate teams and wingmen.",yes,true,high,close,original_textbook_grounded,Three Wright Brothers Milestone exam forms used as style/difficulty reference only,draft,LTL1-C3-Q034,35,LTL1_C3_100
LTL1-C3-Q034,Learn to Lead Volume 1,3,The Art & The Science,LTL1-C3-F17,multiple_choice,application_scenario,medium_hard,application,Which action best shows a cadet motivating a wingman?,Ignoring a discouraged teammate,"Reminding a teammate of the goal, encouraging effort, and helping them keep going",Making fun of a cadet for struggling,Lowering the standard so no one has to work,B,Motivating leadership encourages others and helps them keep moving toward the goal.,"Reminding a teammate of the goal, encouraging effort, and helping them keep going is the best answer because motivating leadership encourages others and helps them keep moving toward the goal.","Not this one. Ignoring a discouraged teammate is a plausible distractor, but it does not best match the concept from Chapter 3. Motivating leadership encourages others and helps them keep moving toward the goal.",Correct. Motivating leadership encourages others and helps them keep moving toward the goal.,"Not this one. Making fun of a cadet for struggling is a plausible distractor, but it does not best match the concept from Chapter 3. Motivating leadership encourages others and helps them keep moving toward the goal.","Not this one. Lowering the standard so no one has to work is a plausible distractor, but it does not best match the concept from Chapter 3. Motivating leadership encourages others and helps them keep moving toward the goal.",Motivators connect people to purpose and keep them moving.,"Review Learn to Lead Volume 1, Chapter 3, page(s) 70-72. Then describe two ways Kennedy motivated America.",Learn to Lead Volume 1: Personal Leadership,70-72,ltl1_c3_motivator_kennedy,chapter3_motivator_kennedy.png,/assets/cap-visuals/chapter3_motivator_kennedy.png,approved,true,"Motivational leadership, John F. Kennedy's moon challenge, and practical ways cadets can motivate teams and wingmen.","Motivational leadership, John F. Kennedy's moon challenge, and practical ways cadets can motivate teams and wingmen.",yes,true,high,close,original_textbook_grounded,Three Wright Brothers Milestone exam forms used as style/difficulty reference only,draft,LTL1-C3-Q033,45,LTL1_C3_100
LTL1-C3-Q035,Learn to Lead Volume 1,3,The Art & The Science,LTL1-C3-F18,multiple_choice,direct_exam_style,medium,recall,A self-motivated cadet is one who _____.,works hard only when watched,avoids difficult work whenever possible,sacrifices short-term comfort to reach long-term goals,depends entirely on others to push them,C,Self-motivation means choosing disciplined effort now for a worthwhile result later.,sacrifices short-term comfort to reach long-term goals is the best answer because self-motivation means choosing disciplined effort now for a worthwhile result later.,"Not this one. works hard only when watched is a plausible distractor, but it does not best match the concept from Chapter 3. Self-motivation means choosing disciplined effort now for a worthwhile result later.","Not this one. avoids difficult work whenever possible is a plausible distractor, but it does not best match the concept from Chapter 3. Self-motivation means choosing disciplined effort now for a worthwhile result later.",Correct. Self-motivation means choosing disciplined effort now for a worthwhile result later.,"Not this one. depends entirely on others to push them is a plausible distractor, but it does not best match the concept from Chapter 3. Self-motivation means choosing disciplined effort now for a worthwhile result later.",Motivators connect people to purpose and keep them moving.,"Review Learn to Lead Volume 1, Chapter 3, page(s) 70-72. Then describe two ways Kennedy motivated America.",Learn to Lead Volume 1: Personal Leadership,70-72,ltl1_c3_motivator_kennedy,chapter3_motivator_kennedy.png,/assets/cap-visuals/chapter3_motivator_kennedy.png,approved,true,"Motivational leadership, John F. Kennedy's moon challenge, and practical ways cadets can motivate teams and wingmen.","Motivational leadership, John F. Kennedy's moon challenge, and practical ways cadets can motivate teams and wingmen.",yes,true,high,close,original_textbook_grounded,Three Wright Brothers Milestone exam forms used as style/difficulty reference only,draft,LTL1-C3-Q036,35,LTL1_C3_100
LTL1-C3-Q036,Learn to Lead Volume 1,3,The Art & The Science,LTL1-C3-F18,multiple_choice,direct_exam_style,medium,recall,What is one caution about motivational leadership?,Recognition always makes people weaker.,Motivation has no effect on performance.,A motivated team never needs direction.,Trying too hard to motivate can become nagging or manipulative.,D,"Motivational leaders can go too far if they nag, manipulate, or create excitement without results.","Trying too hard to motivate can become nagging or manipulative. is the best answer because motivational leaders can go too far if they nag, manipulate, or create excitement without results.","Not this one. Recognition always makes people weaker. is a plausible distractor, but it does not best match the concept from Chapter 3. Motivational leaders can go too far if they nag, manipulate, or create excitement without results.","Not this one. Motivation has no effect on performance. is a plausible distractor, but it does not best match the concept from Chapter 3. Motivational leaders can go too far if they nag, manipulate, or create excitement without results.","Not this one. A motivated team never needs direction. is a plausible distractor, but it does not best match the concept from Chapter 3. Motivational leaders can go too far if they nag, manipulate, or create excitement without results.","Correct. Motivational leaders can go too far if they nag, manipulate, or create excitement without results.",Motivators connect people to purpose and keep them moving.,"Review Learn to Lead Volume 1, Chapter 3, page(s) 70-72. Then describe two ways Kennedy motivated America.",Learn to Lead Volume 1: Personal Leadership,70-72,ltl1_c3_motivator_kennedy,chapter3_motivator_kennedy.png,/assets/cap-visuals/chapter3_motivator_kennedy.png,approved,true,"Motivational leadership, John F. Kennedy's moon challenge, and practical ways cadets can motivate teams and wingmen.","Motivational leadership, John F. Kennedy's moon challenge, and practical ways cadets can motivate teams and wingmen.",no,false,medium,close,original_textbook_grounded,Three Wright Brothers Milestone exam forms used as style/difficulty reference only,draft,LTL1-C3-Q035,35,LTL1_C3_100
LTL1-C3-Q037,Learn to Lead Volume 1,3,The Art & The Science,LTL1-C3-F19,multiple_choice,direct_exam_style,medium,recall,Why must a leader be an effective communicator?,Because good ideas are useless if they cannot be shared clearly,Because communication matters only in speeches,Because followers should guess what the leader means,Because silence always builds trust,A,Leaders must communicate so others understand the message and can act on it.,Because good ideas are useless if they cannot be shared clearly is the best answer because leaders must communicate so others understand the message and can act on it.,Correct. Leaders must communicate so others understand the message and can act on it.,"Not this one. Because communication matters only in speeches is a plausible distractor, but it does not best match the concept from Chapter 3. Leaders must communicate so others understand the message and can act on it.","Not this one. Because followers should guess what the leader means is a plausible distractor, but it does not best match the concept from Chapter 3. Leaders must communicate so others understand the message and can act on it.","Not this one. Because silence always builds trust is a plausible distractor, but it does not best match the concept from Chapter 3. Leaders must communicate so others understand the message and can act on it.",Communicators share meaning so people can act together.,"Review Learn to Lead Volume 1, Chapter 3, page(s) 72-74. Then summarize why communication is central to leadership.",Learn to Lead Volume 1: Personal Leadership,72-74,ltl1_c3_communicator_king,chapter3_communicator_mlk.png,/assets/cap-visuals/chapter3_communicator_mlk.png,approved,true,"Communication leadership, Dr. Martin Luther King Jr. as a case history, listening, clear instruction, and simplifying complex ideas.","Communication leadership, Dr. Martin Luther King Jr. as a case history, listening, clear instruction, and simplifying complex ideas.",yes,true,high,close,original_textbook_grounded,Three Wright Brothers Milestone exam forms used as style/difficulty reference only,draft,LTL1-C3-Q038,35,LTL1_C3_100
LTL1-C3-Q038,Learn to Lead Volume 1,3,The Art & The Science,LTL1-C3-F19,multiple_choice,direct_exam_style,medium,recall,Dr. Martin Luther King Jr. is used as a case history mainly because he _____.,was a pilot,used language to bring people together around shared ideals,relied on threats to get compliance,avoided public speaking,B,Dr. King communicated powerfully by speaking to shared ideals and bringing people together.,used language to bring people together around shared ideals is the best answer because dr. King communicated powerfully by speaking to shared ideals and bringing people together.,"Not this one. was a pilot is a plausible distractor, but it does not best match the concept from Chapter 3. Dr. King communicated powerfully by speaking to shared ideals and bringing people together.",Correct. Dr. King communicated powerfully by speaking to shared ideals and bringing people together.,"Not this one. relied on threats to get compliance is a plausible distractor, but it does not best match the concept from Chapter 3. Dr. King communicated powerfully by speaking to shared ideals and bringing people together.","Not this one. avoided public speaking is a plausible distractor, but it does not best match the concept from Chapter 3. Dr. King communicated powerfully by speaking to shared ideals and bringing people together.",Communicators share meaning so people can act together.,"Review Learn to Lead Volume 1, Chapter 3, page(s) 72-74. Then summarize why communication is central to leadership.",Learn to Lead Volume 1: Personal Leadership,72-74,ltl1_c3_communicator_king,chapter3_communicator_mlk.png,/assets/cap-visuals/chapter3_communicator_mlk.png,approved,true,"Communication leadership, Dr. Martin Luther King Jr. as a case history, listening, clear instruction, and simplifying complex ideas.","Communication leadership, Dr. Martin Luther King Jr. as a case history, listening, clear instruction, and simplifying complex ideas.",yes,true,high,close,original_textbook_grounded,Three Wright Brothers Milestone exam forms used as style/difficulty reference only,draft,LTL1-C3-Q037,35,LTL1_C3_100
LTL1-C3-Q039,Learn to Lead Volume 1,3,The Art & The Science,LTL1-C3-F20,multiple_choice,direct_exam_style,medium,recall,Why was Dr. King's positive tone important?,It kept him from talking about justice.,It proved emotion should never appear in speeches.,It helped him unite people rather than simply vent anger.,It made his message less memorable.,C,"His positive, hopeful language appealed broadly and invited people to embrace a common dream.","It helped him unite people rather than simply vent anger. is the best answer because his positive, hopeful language appealed broadly and invited people to embrace a common dream.","Not this one. It kept him from talking about justice. is a plausible distractor, but it does not best match the concept from Chapter 3. His positive, hopeful language appealed broadly and invited people to embrace a common dream.","Not this one. It proved emotion should never appear in speeches. is a plausible distractor, but it does not best match the concept from Chapter 3. His positive, hopeful language appealed broadly and invited people to embrace a common dream.","Correct. His positive, hopeful language appealed broadly and invited people to embrace a common dream.","Not this one. It made his message less memorable. is a plausible distractor, but it does not best match the concept from Chapter 3. His positive, hopeful language appealed broadly and invited people to embrace a common dream.",Communicators share meaning so people can act together.,"Review Learn to Lead Volume 1, Chapter 3, page(s) 72-74. Then summarize why communication is central to leadership.",Learn to Lead Volume 1: Personal Leadership,72-74,ltl1_c3_communicator_king,chapter3_communicator_mlk.png,/assets/cap-visuals/chapter3_communicator_mlk.png,approved,true,"Communication leadership, Dr. Martin Luther King Jr. as a case history, listening, clear instruction, and simplifying complex ideas.","Communication leadership, Dr. Martin Luther King Jr. as a case history, listening, clear instruction, and simplifying complex ideas.",yes,true,high,close,original_textbook_grounded,Three Wright Brothers Milestone exam forms used as style/difficulty reference only,draft,LTL1-C3-Q040,35,LTL1_C3_100
LTL1-C3-Q040,Learn to Lead Volume 1,3,The Art & The Science,LTL1-C3-F20,multiple_choice,direct_exam_style,medium,recall,A strong leader-communicator often inspires confidence because people perceive the leader as having _____.,no need to listen,a higher rank than everyone else,perfect popularity,an orderly mind and a clear plan,D,Clear speaking and writing often signal clear thinking and inspire confidence.,an orderly mind and a clear plan is the best answer because clear speaking and writing often signal clear thinking and inspire confidence.,"Not this one. no need to listen is a plausible distractor, but it does not best match the concept from Chapter 3. Clear speaking and writing often signal clear thinking and inspire confidence.","Not this one. a higher rank than everyone else is a plausible distractor, but it does not best match the concept from Chapter 3. Clear speaking and writing often signal clear thinking and inspire confidence.","Not this one. perfect popularity is a plausible distractor, but it does not best match the concept from Chapter 3. Clear speaking and writing often signal clear thinking and inspire confidence.",Correct. Clear speaking and writing often signal clear thinking and inspire confidence.,Communicators share meaning so people can act together.,"Review Learn to Lead Volume 1, Chapter 3, page(s) 72-74. Then summarize why communication is central to leadership.",Learn to Lead Volume 1: Personal Leadership,72-74,ltl1_c3_communicator_king,chapter3_communicator_mlk.png,/assets/cap-visuals/chapter3_communicator_mlk.png,approved,true,"Communication leadership, Dr. Martin Luther King Jr. as a case history, listening, clear instruction, and simplifying complex ideas.","Communication leadership, Dr. Martin Luther King Jr. as a case history, listening, clear instruction, and simplifying complex ideas.",no,false,medium,close,original_textbook_grounded,Three Wright Brothers Milestone exam forms used as style/difficulty reference only,draft,LTL1-C3-Q039,35,LTL1_C3_100
LTL1-C3-Q041,Learn to Lead Volume 1,3,The Art & The Science,LTL1-C3-F21,multiple_choice,application_scenario,medium_hard,application,Which task best shows cadets acting as communicators?,Breaking down a difficult drill movement so a new cadet can understand it,Keeping instructions vague so others have to guess,Using as many big words as possible,Avoiding questions after giving directions,A,Cadets communicate when they simplify complex ideas and help others understand them.,Breaking down a difficult drill movement so a new cadet can understand it is the best answer because cadets communicate when they simplify complex ideas and help others understand them.,Correct. Cadets communicate when they simplify complex ideas and help others understand them.,"Not this one. Keeping instructions vague so others have to guess is a plausible distractor, but it does not best match the concept from Chapter 3. Cadets communicate when they simplify complex ideas and help others understand them.","Not this one. Using as many big words as possible is a plausible distractor, but it does not best match the concept from Chapter 3. Cadets communicate when they simplify complex ideas and help others understand them.","Not this one. Avoiding questions after giving directions is a plausible distractor, but it does not best match the concept from Chapter 3. Cadets communicate when they simplify complex ideas and help others understand them.",Communicators share meaning so people can act together.,"Review Learn to Lead Volume 1, Chapter 3, page(s) 72-74. Then summarize why communication is central to leadership.",Learn to Lead Volume 1: Personal Leadership,72-74,ltl1_c3_communicator_king,chapter3_communicator_mlk.png,/assets/cap-visuals/chapter3_communicator_mlk.png,approved,true,"Communication leadership, Dr. Martin Luther King Jr. as a case history, listening, clear instruction, and simplifying complex ideas.","Communication leadership, Dr. Martin Luther King Jr. as a case history, listening, clear instruction, and simplifying complex ideas.",yes,true,high,close,original_textbook_grounded,Three Wright Brothers Milestone exam forms used as style/difficulty reference only,draft,LTL1-C3-Q042,45,LTL1_C3_100
LTL1-C3-Q042,Learn to Lead Volume 1,3,The Art & The Science,LTL1-C3-F21,multiple_choice,application_scenario,medium_hard,application,"A cadet tells the flight, ""Eyes on me. Step off on my left foot. Maintain interval. Questions?"" This is a good example of _____.",trait theory,clear communication,hero worship,bullying,B,"The cadet communicates clearly, simply, and in a way the team can act on.","clear communication is the best answer because the cadet communicates clearly, simply, and in a way the team can act on.","Not this one. trait theory is a plausible distractor, but it does not best match the concept from Chapter 3. The cadet communicates clearly, simply, and in a way the team can act on.","Correct. The cadet communicates clearly, simply, and in a way the team can act on.","Not this one. hero worship is a plausible distractor, but it does not best match the concept from Chapter 3. The cadet communicates clearly, simply, and in a way the team can act on.","Not this one. bullying is a plausible distractor, but it does not best match the concept from Chapter 3. The cadet communicates clearly, simply, and in a way the team can act on.",Communicators share meaning so people can act together.,"Review Learn to Lead Volume 1, Chapter 3, page(s) 72-74. Then summarize why communication is central to leadership.",Learn to Lead Volume 1: Personal Leadership,72-74,ltl1_c3_communicator_king,chapter3_communicator_mlk.png,/assets/cap-visuals/chapter3_communicator_mlk.png,approved,true,"Communication leadership, Dr. Martin Luther King Jr. as a case history, listening, clear instruction, and simplifying complex ideas.","Communication leadership, Dr. Martin Luther King Jr. as a case history, listening, clear instruction, and simplifying complex ideas.",yes,true,high,close,original_textbook_grounded,Three Wright Brothers Milestone exam forms used as style/difficulty reference only,draft,LTL1-C3-Q041,45,LTL1_C3_100
LTL1-C3-Q043,Learn to Lead Volume 1,3,The Art & The Science,LTL1-C3-F22,multiple_choice,direct_exam_style,medium,recall,What caution does the chapter give about leader-communicators?,Leaders should never speak in public.,Communication is less important than rank.,"Talk without substance becomes noise, and style alone is not enough.",Good communicators should stop listening.,C,"Communication can go too far when it is empty talk, all style and no substance, or overdone.","Talk without substance becomes noise, and style alone is not enough. is the best answer because communication can go too far when it is empty talk, all style and no substance, or overdone.","Not this one. Leaders should never speak in public. is a plausible distractor, but it does not best match the concept from Chapter 3. Communication can go too far when it is empty talk, all style and no substance, or overdone.","Not this one. Communication is less important than rank. is a plausible distractor, but it does not best match the concept from Chapter 3. Communication can go too far when it is empty talk, all style and no substance, or overdone.","Correct. Communication can go too far when it is empty talk, all style and no substance, or overdone.","Not this one. Good communicators should stop listening. is a plausible distractor, but it does not best match the concept from Chapter 3. Communication can go too far when it is empty talk, all style and no substance, or overdone.",Communicators share meaning so people can act together.,"Review Learn to Lead Volume 1, Chapter 3, page(s) 72-74. Then summarize why communication is central to leadership.",Learn to Lead Volume 1: Personal Leadership,72-74,ltl1_c3_communicator_king,chapter3_communicator_mlk.png,/assets/cap-visuals/chapter3_communicator_mlk.png,approved,true,"Communication leadership, Dr. Martin Luther King Jr. as a case history, listening, clear instruction, and simplifying complex ideas.","Communication leadership, Dr. Martin Luther King Jr. as a case history, listening, clear instruction, and simplifying complex ideas.",yes,true,high,close,original_textbook_grounded,Three Wright Brothers Milestone exam forms used as style/difficulty reference only,draft,LTL1-C3-Q044,35,LTL1_C3_100
LTL1-C3-Q044,Learn to Lead Volume 1,3,The Art & The Science,LTL1-C3-F22,multiple_choice,application_scenario,medium_hard,application,Which behavior best reflects the listening side of communication?,Interrupting so you can sound smart,Talking longer whenever confusion appears,Ignoring other people's concerns,Giving full attention and asking thoughtful questions,D,Effective communicators also listen carefully so understanding can go both ways.,Giving full attention and asking thoughtful questions is the best answer because effective communicators also listen carefully so understanding can go both ways.,"Not this one. Interrupting so you can sound smart is a plausible distractor, but it does not best match the concept from Chapter 3. Effective communicators also listen carefully so understanding can go both ways.","Not this one. Talking longer whenever confusion appears is a plausible distractor, but it does not best match the concept from Chapter 3. Effective communicators also listen carefully so understanding can go both ways.","Not this one. Ignoring other people's concerns is a plausible distractor, but it does not best match the concept from Chapter 3. Effective communicators also listen carefully so understanding can go both ways.",Correct. Effective communicators also listen carefully so understanding can go both ways.,Communicators share meaning so people can act together.,"Review Learn to Lead Volume 1, Chapter 3, page(s) 72-74. Then summarize why communication is central to leadership.",Learn to Lead Volume 1: Personal Leadership,72-74,ltl1_c3_communicator_king,chapter3_communicator_mlk.png,/assets/cap-visuals/chapter3_communicator_mlk.png,approved,true,"Communication leadership, Dr. Martin Luther King Jr. as a case history, listening, clear instruction, and simplifying complex ideas.","Communication leadership, Dr. Martin Luther King Jr. as a case history, listening, clear instruction, and simplifying complex ideas.",no,false,medium,close,original_textbook_grounded,Three Wright Brothers Milestone exam forms used as style/difficulty reference only,draft,LTL1-C3-Q043,40,LTL1_C3_100
LTL1-C3-Q045,Learn to Lead Volume 1,3,The Art & The Science,LTL1-C3-F23,multiple_choice,direct_exam_style,medium,recall,Why can it help a leader to be an expert?,Expert knowledge helps a leader solve problems and earn credibility.,Experts never need followers.,Expertise eliminates the need for teamwork.,Leaders should know less than everyone else.,A,"Technical expertise helps leaders see possibilities, answer questions, and earn respect.","Expert knowledge helps a leader solve problems and earn credibility. is the best answer because technical expertise helps leaders see possibilities, answer questions, and earn respect.","Correct. Technical expertise helps leaders see possibilities, answer questions, and earn respect.","Not this one. Experts never need followers. is a plausible distractor, but it does not best match the concept from Chapter 3. Technical expertise helps leaders see possibilities, answer questions, and earn respect.","Not this one. Expertise eliminates the need for teamwork. is a plausible distractor, but it does not best match the concept from Chapter 3. Technical expertise helps leaders see possibilities, answer questions, and earn respect.","Not this one. Leaders should know less than everyone else. is a plausible distractor, but it does not best match the concept from Chapter 3. Technical expertise helps leaders see possibilities, answer questions, and earn respect.","Expertise builds trust, but character still matters.","Review Learn to Lead Volume 1, Chapter 3, page(s) 75-76. Then explain how Jimmy Doolittle's expertise helped him lead.",Learn to Lead Volume 1: Personal Leadership,75-76,ltl1_c3_expert_doolittle,chapter3_expert_doolittle.png,/assets/cap-visuals/chapter3_expert_doolittle.png,approved,true,"Technical expertise, Jimmy Doolittle as a case history, and why expertise builds credibility but is not enough by itself.","Technical expertise, Jimmy Doolittle as a case history, and why expertise builds credibility but is not enough by itself.",yes,true,high,close,original_textbook_grounded,Three Wright Brothers Milestone exam forms used as style/difficulty reference only,draft,LTL1-C3-Q046,35,LTL1_C3_100
LTL1-C3-Q046,Learn to Lead Volume 1,3,The Art & The Science,LTL1-C3-F23,multiple_choice,direct_exam_style,medium,recall,"Jimmy Doolittle is a good example of ""leader as expert"" because he _____.",avoided learning about aircraft,developed deep technical knowledge in aeronautics and flight,led only by popularity,refused high-risk missions,B,Doolittle combined leadership with extraordinary technical expertise in aviation.,developed deep technical knowledge in aeronautics and flight is the best answer because doolittle combined leadership with extraordinary technical expertise in aviation.,"Not this one. avoided learning about aircraft is a plausible distractor, but it does not best match the concept from Chapter 3. Doolittle combined leadership with extraordinary technical expertise in aviation.",Correct. Doolittle combined leadership with extraordinary technical expertise in aviation.,"Not this one. led only by popularity is a plausible distractor, but it does not best match the concept from Chapter 3. Doolittle combined leadership with extraordinary technical expertise in aviation.","Not this one. refused high-risk missions is a plausible distractor, but it does not best match the concept from Chapter 3. Doolittle combined leadership with extraordinary technical expertise in aviation.","Expertise builds trust, but character still matters.","Review Learn to Lead Volume 1, Chapter 3, page(s) 75-76. Then explain how Jimmy Doolittle's expertise helped him lead.",Learn to Lead Volume 1: Personal Leadership,75-76,ltl1_c3_expert_doolittle,chapter3_expert_doolittle.png,/assets/cap-visuals/chapter3_expert_doolittle.png,approved,true,"Technical expertise, Jimmy Doolittle as a case history, and why expertise builds credibility but is not enough by itself.","Technical expertise, Jimmy Doolittle as a case history, and why expertise builds credibility but is not enough by itself.",yes,true,high,close,original_textbook_grounded,Three Wright Brothers Milestone exam forms used as style/difficulty reference only,draft,LTL1-C3-Q045,35,LTL1_C3_100
LTL1-C3-Q047,Learn to Lead Volume 1,3,The Art & The Science,LTL1-C3-F24,multiple_choice,direct_exam_style,medium,recall,Which accomplishment is associated with Jimmy Doolittle in the chapter?,inventing the assembly line,writing the Gettysburg Address,helping pioneer instrument flying and navigation techniques,founding the Red Cross,C,Doolittle helped advance instrument flying and aeronautical knowledge.,helping pioneer instrument flying and navigation techniques is the best answer because doolittle helped advance instrument flying and aeronautical knowledge.,"Not this one. inventing the assembly line is a plausible distractor, but it does not best match the concept from Chapter 3. Doolittle helped advance instrument flying and aeronautical knowledge.","Not this one. writing the Gettysburg Address is a plausible distractor, but it does not best match the concept from Chapter 3. Doolittle helped advance instrument flying and aeronautical knowledge.",Correct. Doolittle helped advance instrument flying and aeronautical knowledge.,"Not this one. founding the Red Cross is a plausible distractor, but it does not best match the concept from Chapter 3. Doolittle helped advance instrument flying and aeronautical knowledge.","Expertise builds trust, but character still matters.","Review Learn to Lead Volume 1, Chapter 3, page(s) 75-76. Then explain how Jimmy Doolittle's expertise helped him lead.",Learn to Lead Volume 1: Personal Leadership,75-76,ltl1_c3_expert_doolittle,chapter3_expert_doolittle.png,/assets/cap-visuals/chapter3_expert_doolittle.png,approved,true,"Technical expertise, Jimmy Doolittle as a case history, and why expertise builds credibility but is not enough by itself.","Technical expertise, Jimmy Doolittle as a case history, and why expertise builds credibility but is not enough by itself.",yes,true,high,close,original_textbook_grounded,Three Wright Brothers Milestone exam forms used as style/difficulty reference only,draft,LTL1-C3-Q048,35,LTL1_C3_100
LTL1-C3-Q048,Learn to Lead Volume 1,3,The Art & The Science,LTL1-C3-F24,multiple_choice,direct_exam_style,medium,recall,Why did Doolittle's crews have confidence in his Tokyo Raid plan?,He offered them the easiest mission possible.,He told them rank mattered more than skill.,They did not know what he was doing.,He was a world-class expert whose knowledge inspired trust.,D,"Because Doolittle was such an expert, his people trusted that he understood the risks and possibilities.","He was a world-class expert whose knowledge inspired trust. is the best answer because because Doolittle was such an expert, his people trusted that he understood the risks and possibilities.","Not this one. He offered them the easiest mission possible. is a plausible distractor, but it does not best match the concept from Chapter 3. Because Doolittle was such an expert, his people trusted that he understood the risks and possibilities.","Not this one. He told them rank mattered more than skill. is a plausible distractor, but it does not best match the concept from Chapter 3. Because Doolittle was such an expert, his people trusted that he understood the risks and possibilities.","Not this one. They did not know what he was doing. is a plausible distractor, but it does not best match the concept from Chapter 3. Because Doolittle was such an expert, his people trusted that he understood the risks and possibilities.","Correct. Because Doolittle was such an expert, his people trusted that he understood the risks and possibilities.","Expertise builds trust, but character still matters.","Review Learn to Lead Volume 1, Chapter 3, page(s) 75-76. Then explain how Jimmy Doolittle's expertise helped him lead.",Learn to Lead Volume 1: Personal Leadership,75-76,ltl1_c3_expert_doolittle,chapter3_expert_doolittle.png,/assets/cap-visuals/chapter3_expert_doolittle.png,approved,true,"Technical expertise, Jimmy Doolittle as a case history, and why expertise builds credibility but is not enough by itself.","Technical expertise, Jimmy Doolittle as a case history, and why expertise builds credibility but is not enough by itself.",no,false,medium,close,original_textbook_grounded,Three Wright Brothers Milestone exam forms used as style/difficulty reference only,draft,LTL1-C3-Q047,35,LTL1_C3_100
LTL1-C3-Q049,Learn to Lead Volume 1,3,The Art & The Science,LTL1-C3-F25,multiple_choice,direct_exam_style,medium,recall,How do cadets act as experts?,"By training junior cadets in drill, uniforms, and cadet life",By ignoring regulations and making up standards,By avoiding responsibility for teaching others,By acting only as followers,A,Cadet leaders need expertise so they can teach and guide junior cadets.,"By training junior cadets in drill, uniforms, and cadet life is the best answer because cadet leaders need expertise so they can teach and guide junior cadets.",Correct. Cadet leaders need expertise so they can teach and guide junior cadets.,"Not this one. By ignoring regulations and making up standards is a plausible distractor, but it does not best match the concept from Chapter 3. Cadet leaders need expertise so they can teach and guide junior cadets.","Not this one. By avoiding responsibility for teaching others is a plausible distractor, but it does not best match the concept from Chapter 3. Cadet leaders need expertise so they can teach and guide junior cadets.","Not this one. By acting only as followers is a plausible distractor, but it does not best match the concept from Chapter 3. Cadet leaders need expertise so they can teach and guide junior cadets.","Expertise builds trust, but character still matters.","Review Learn to Lead Volume 1, Chapter 3, page(s) 75-76. Then explain how Jimmy Doolittle's expertise helped him lead.",Learn to Lead Volume 1: Personal Leadership,75-76,ltl1_c3_expert_doolittle,chapter3_expert_doolittle.png,/assets/cap-visuals/chapter3_expert_doolittle.png,approved,true,"Technical expertise, Jimmy Doolittle as a case history, and why expertise builds credibility but is not enough by itself.","Technical expertise, Jimmy Doolittle as a case history, and why expertise builds credibility but is not enough by itself.",yes,true,high,close,original_textbook_grounded,Three Wright Brothers Milestone exam forms used as style/difficulty reference only,draft,LTL1-C3-Q050,35,LTL1_C3_100
LTL1-C3-Q050,Learn to Lead Volume 1,3,The Art & The Science,LTL1-C3-F25,multiple_choice,direct_exam_style,medium,recall,"What is the ""Peter Principle"" caution mentioned in the chapter?",People always rise to jobs they can perform perfectly.,Organizations may promote someone for technical skill into a role beyond their leadership ability.,Technical expertise should never be rewarded.,Leaders should stop learning after promotion.,B,The Peter Principle warns that being good at technical work does not automatically make someone a good leader.,Organizations may promote someone for technical skill into a role beyond their leadership ability. is the best answer because the Peter Principle warns that being good at technical work does not automatically make someone a good leader.,"Not this one. People always rise to jobs they can perform perfectly. is a plausible distractor, but it does not best match the concept from Chapter 3. The Peter Principle warns that being good at technical work does not automatically make someone a good leader.",Correct. The Peter Principle warns that being good at technical work does not automatically make someone a good leader.,"Not this one. Technical expertise should never be rewarded. is a plausible distractor, but it does not best match the concept from Chapter 3. The Peter Principle warns that being good at technical work does not automatically make someone a good leader.","Not this one. Leaders should stop learning after promotion. is a plausible distractor, but it does not best match the concept from Chapter 3. The Peter Principle warns that being good at technical work does not automatically make someone a good leader.","Expertise builds trust, but character still matters.","Review Learn to Lead Volume 1, Chapter 3, page(s) 75-76. Then explain how Jimmy Doolittle's expertise helped him lead.",Learn to Lead Volume 1: Personal Leadership,75-76,ltl1_c3_expert_doolittle,chapter3_expert_doolittle.png,/assets/cap-visuals/chapter3_expert_doolittle.png,approved,true,"Technical expertise, Jimmy Doolittle as a case history, and why expertise builds credibility but is not enough by itself.","Technical expertise, Jimmy Doolittle as a case history, and why expertise builds credibility but is not enough by itself.",yes,true,high,close,original_textbook_grounded,Three Wright Brothers Milestone exam forms used as style/difficulty reference only,draft,LTL1-C3-Q049,35,LTL1_C3_100
LTL1-C3-Q051,Learn to Lead Volume 1,3,The Art & The Science,LTL1-C3-F26,multiple_choice,application_scenario,medium_hard,application,Which scenario best shows expertise helping leadership?,A cadet instructor who cannot answer basic questions about the task,A popular leader who guesses at procedures,A mission leader who understands the equipment and calmly solves a technical problem,A leader who hides a lack of knowledge with loud commands,C,Expertise helps leaders diagnose problems and inspire confidence.,A mission leader who understands the equipment and calmly solves a technical problem is the best answer because expertise helps leaders diagnose problems and inspire confidence.,"Not this one. A cadet instructor who cannot answer basic questions about the task is a plausible distractor, but it does not best match the concept from Chapter 3. Expertise helps leaders diagnose problems and inspire confidence.","Not this one. A popular leader who guesses at procedures is a plausible distractor, but it does not best match the concept from Chapter 3. Expertise helps leaders diagnose problems and inspire confidence.",Correct. Expertise helps leaders diagnose problems and inspire confidence.,"Not this one. A leader who hides a lack of knowledge with loud commands is a plausible distractor, but it does not best match the concept from Chapter 3. Expertise helps leaders diagnose problems and inspire confidence.","Expertise builds trust, but character still matters.","Review Learn to Lead Volume 1, Chapter 3, page(s) 75-76. Then explain how Jimmy Doolittle's expertise helped him lead.",Learn to Lead Volume 1: Personal Leadership,75-76,ltl1_c3_expert_doolittle,chapter3_expert_doolittle.png,/assets/cap-visuals/chapter3_expert_doolittle.png,approved,true,"Technical expertise, Jimmy Doolittle as a case history, and why expertise builds credibility but is not enough by itself.","Technical expertise, Jimmy Doolittle as a case history, and why expertise builds credibility but is not enough by itself.",yes,true,high,close,original_textbook_grounded,Three Wright Brothers Milestone exam forms used as style/difficulty reference only,draft,LTL1-C3-Q052,45,LTL1_C3_100
LTL1-C3-Q052,Learn to Lead Volume 1,3,The Art & The Science,LTL1-C3-F26,multiple_choice,direct_exam_style,medium,recall,Which statement best balances the chapter's view of expertise?,Expertise alone guarantees good leadership.,Leaders should avoid becoming specialists.,Expertise is unimportant in leadership.,"Technical skill matters, but it must be joined with people skills and character.",D,The chapter values expertise but warns it is not sufficient by itself.,"Technical skill matters, but it must be joined with people skills and character. is the best answer because the chapter values expertise but warns it is not sufficient by itself.","Not this one. Expertise alone guarantees good leadership. is a plausible distractor, but it does not best match the concept from Chapter 3. The chapter values expertise but warns it is not sufficient by itself.","Not this one. Leaders should avoid becoming specialists. is a plausible distractor, but it does not best match the concept from Chapter 3. The chapter values expertise but warns it is not sufficient by itself.","Not this one. Expertise is unimportant in leadership. is a plausible distractor, but it does not best match the concept from Chapter 3. The chapter values expertise but warns it is not sufficient by itself.",Correct. The chapter values expertise but warns it is not sufficient by itself.,"Expertise builds trust, but character still matters.","Review Learn to Lead Volume 1, Chapter 3, page(s) 75-76. Then explain how Jimmy Doolittle's expertise helped him lead.",Learn to Lead Volume 1: Personal Leadership,75-76,ltl1_c3_expert_doolittle,chapter3_expert_doolittle.png,/assets/cap-visuals/chapter3_expert_doolittle.png,approved,true,"Technical expertise, Jimmy Doolittle as a case history, and why expertise builds credibility but is not enough by itself.","Technical expertise, Jimmy Doolittle as a case history, and why expertise builds credibility but is not enough by itself.",no,false,medium,close,original_textbook_grounded,Three Wright Brothers Milestone exam forms used as style/difficulty reference only,draft,LTL1-C3-Q051,35,LTL1_C3_100
LTL1-C3-Q053,Learn to Lead Volume 1,3,The Art & The Science,LTL1-C3-F27,multiple_choice,direct_exam_style,medium,recall,Why must a leader sometimes be a teacher?,"Because leaders routinely develop people, train teams, and model values",Because only classroom teachers influence others,Because teaching eliminates the need for experience,Because leaders should give all the answers immediately,A,"Leaders teach through instruction, training, coaching, and example.","Because leaders routinely develop people, train teams, and model values is the best answer because leaders teach through instruction, training, coaching, and example.","Correct. Leaders teach through instruction, training, coaching, and example.","Not this one. Because only classroom teachers influence others is a plausible distractor, but it does not best match the concept from Chapter 3. Leaders teach through instruction, training, coaching, and example.","Not this one. Because teaching eliminates the need for experience is a plausible distractor, but it does not best match the concept from Chapter 3. Leaders teach through instruction, training, coaching, and example.","Not this one. Because leaders should give all the answers immediately is a plausible distractor, but it does not best match the concept from Chapter 3. Leaders teach through instruction, training, coaching, and example.","Leaders teach by instruction, coaching, and personal example.","Review Learn to Lead Volume 1, Chapter 3, page(s) 77-78. Then describe how Anne Sullivan changed Helen Keller's life.",Learn to Lead Volume 1: Personal Leadership,77-78,ltl1_c3_teacher_sullivan,chapter3_teacher_anne_sullivan.png,/assets/cap-visuals/chapter3_teacher_anne_sullivan.png,approved,true,"Leaders as teachers, Anne Sullivan and Helen Keller, discipline and belief in potential, and ranking cadets as trainers and role models.","Leaders as teachers, Anne Sullivan and Helen Keller, discipline and belief in potential, and ranking cadets as trainers and role models.",yes,true,high,close,original_textbook_grounded,Three Wright Brothers Milestone exam forms used as style/difficulty reference only,draft,LTL1-C3-Q054,35,LTL1_C3_100
LTL1-C3-Q054,Learn to Lead Volume 1,3,The Art & The Science,LTL1-C3-F27,multiple_choice,direct_exam_style,medium,recall,Anne Sullivan is the chapter's main example of a leader as teacher because she taught _____.,Amelia Earhart,Helen Keller,Harriet Tubman,Rosa Parks,B,Anne Sullivan is remembered for teaching and transforming Helen Keller's life.,Helen Keller is the best answer because anne Sullivan is remembered for teaching and transforming Helen Keller's life.,"Not this one. Amelia Earhart is a plausible distractor, but it does not best match the concept from Chapter 3. Anne Sullivan is remembered for teaching and transforming Helen Keller's life.",Correct. Anne Sullivan is remembered for teaching and transforming Helen Keller's life.,"Not this one. Harriet Tubman is a plausible distractor, but it does not best match the concept from Chapter 3. Anne Sullivan is remembered for teaching and transforming Helen Keller's life.","Not this one. Rosa Parks is a plausible distractor, but it does not best match the concept from Chapter 3. Anne Sullivan is remembered for teaching and transforming Helen Keller's life.","Leaders teach by instruction, coaching, and personal example.","Review Learn to Lead Volume 1, Chapter 3, page(s) 77-78. Then describe how Anne Sullivan changed Helen Keller's life.",Learn to Lead Volume 1: Personal Leadership,77-78,ltl1_c3_teacher_sullivan,chapter3_teacher_anne_sullivan.png,/assets/cap-visuals/chapter3_teacher_anne_sullivan.png,approved,true,"Leaders as teachers, Anne Sullivan and Helen Keller, discipline and belief in potential, and ranking cadets as trainers and role models.","Leaders as teachers, Anne Sullivan and Helen Keller, discipline and belief in potential, and ranking cadets as trainers and role models.",yes,true,high,close,original_textbook_grounded,Three Wright Brothers Milestone exam forms used as style/difficulty reference only,draft,LTL1-C3-Q053,35,LTL1_C3_100
LTL1-C3-Q055,Learn to Lead Volume 1,3,The Art & The Science,LTL1-C3-F28,multiple_choice,direct_exam_style,medium,recall,"According to the chapter, what did Anne Sullivan see as the first step in educating Helen Keller?",Making learning entertaining above all else,Teaching advanced literature immediately,Establishing basic discipline and obedience,Allowing Keller to ignore all routine tasks,C,Sullivan believed discipline and obedience were foundational to learning.,Establishing basic discipline and obedience is the best answer because sullivan believed discipline and obedience were foundational to learning.,"Not this one. Making learning entertaining above all else is a plausible distractor, but it does not best match the concept from Chapter 3. Sullivan believed discipline and obedience were foundational to learning.","Not this one. Teaching advanced literature immediately is a plausible distractor, but it does not best match the concept from Chapter 3. Sullivan believed discipline and obedience were foundational to learning.",Correct. Sullivan believed discipline and obedience were foundational to learning.,"Not this one. Allowing Keller to ignore all routine tasks is a plausible distractor, but it does not best match the concept from Chapter 3. Sullivan believed discipline and obedience were foundational to learning.","Leaders teach by instruction, coaching, and personal example.","Review Learn to Lead Volume 1, Chapter 3, page(s) 77-78. Then describe how Anne Sullivan changed Helen Keller's life.",Learn to Lead Volume 1: Personal Leadership,77-78,ltl1_c3_teacher_sullivan,chapter3_teacher_anne_sullivan.png,/assets/cap-visuals/chapter3_teacher_anne_sullivan.png,approved,true,"Leaders as teachers, Anne Sullivan and Helen Keller, discipline and belief in potential, and ranking cadets as trainers and role models.","Leaders as teachers, Anne Sullivan and Helen Keller, discipline and belief in potential, and ranking cadets as trainers and role models.",yes,true,high,close,original_textbook_grounded,Three Wright Brothers Milestone exam forms used as style/difficulty reference only,draft,LTL1-C3-Q056,35,LTL1_C3_100
LTL1-C3-Q056,Learn to Lead Volume 1,3,The Art & The Science,LTL1-C3-F28,multiple_choice,direct_exam_style,medium,recall,What famous breakthrough word helped Helen Keller connect language to meaning?,book,freedom,plane,water,D,"The breakthrough came when Sullivan traced the word ""water"" while water ran over Keller's hand.","water is the best answer because the breakthrough came when Sullivan traced the word ""water"" while water ran over Keller's hand.","Not this one. book is a plausible distractor, but it does not best match the concept from Chapter 3. The breakthrough came when Sullivan traced the word ""water"" while water ran over Keller's hand.","Not this one. freedom is a plausible distractor, but it does not best match the concept from Chapter 3. The breakthrough came when Sullivan traced the word ""water"" while water ran over Keller's hand.","Not this one. plane is a plausible distractor, but it does not best match the concept from Chapter 3. The breakthrough came when Sullivan traced the word ""water"" while water ran over Keller's hand.","Correct. The breakthrough came when Sullivan traced the word ""water"" while water ran over Keller's hand.","Leaders teach by instruction, coaching, and personal example.","Review Learn to Lead Volume 1, Chapter 3, page(s) 77-78. Then describe how Anne Sullivan changed Helen Keller's life.",Learn to Lead Volume 1: Personal Leadership,77-78,ltl1_c3_teacher_sullivan,chapter3_teacher_anne_sullivan.png,/assets/cap-visuals/chapter3_teacher_anne_sullivan.png,approved,true,"Leaders as teachers, Anne Sullivan and Helen Keller, discipline and belief in potential, and ranking cadets as trainers and role models.","Leaders as teachers, Anne Sullivan and Helen Keller, discipline and belief in potential, and ranking cadets as trainers and role models.",no,false,medium,close,original_textbook_grounded,Three Wright Brothers Milestone exam forms used as style/difficulty reference only,draft,LTL1-C3-Q055,35,LTL1_C3_100
LTL1-C3-Q057,Learn to Lead Volume 1,3,The Art & The Science,LTL1-C3-F29,multiple_choice,direct_exam_style,medium,recall,Why are ranking cadets described as teachers even outside a classroom?,Because their behavior is always on display and juniors learn from it,Because they no longer need training themselves,Because only officers can set an example,Because teaching happens only during lectures,A,Cadet leaders teach constantly through their example and daily interactions.,Because their behavior is always on display and juniors learn from it is the best answer because cadet leaders teach constantly through their example and daily interactions.,Correct. Cadet leaders teach constantly through their example and daily interactions.,"Not this one. Because they no longer need training themselves is a plausible distractor, but it does not best match the concept from Chapter 3. Cadet leaders teach constantly through their example and daily interactions.","Not this one. Because only officers can set an example is a plausible distractor, but it does not best match the concept from Chapter 3. Cadet leaders teach constantly through their example and daily interactions.","Not this one. Because teaching happens only during lectures is a plausible distractor, but it does not best match the concept from Chapter 3. Cadet leaders teach constantly through their example and daily interactions.","Leaders teach by instruction, coaching, and personal example.","Review Learn to Lead Volume 1, Chapter 3, page(s) 77-78. Then describe how Anne Sullivan changed Helen Keller's life.",Learn to Lead Volume 1: Personal Leadership,77-78,ltl1_c3_teacher_sullivan,chapter3_teacher_anne_sullivan.png,/assets/cap-visuals/chapter3_teacher_anne_sullivan.png,approved,true,"Leaders as teachers, Anne Sullivan and Helen Keller, discipline and belief in potential, and ranking cadets as trainers and role models.","Leaders as teachers, Anne Sullivan and Helen Keller, discipline and belief in potential, and ranking cadets as trainers and role models.",yes,true,high,close,original_textbook_grounded,Three Wright Brothers Milestone exam forms used as style/difficulty reference only,draft,LTL1-C3-Q058,35,LTL1_C3_100
LTL1-C3-Q058,Learn to Lead Volume 1,3,The Art & The Science,LTL1-C3-F29,multiple_choice,application_scenario,medium_hard,application,"A staff sergeant patiently coaches a basic cadet through a drill movement, demonstrates it twice, and gives feedback. Which leadership role is most obvious?",visionary,teacher,trait theorist,historian,B,"The cadet is teaching by instructing, coaching, and helping another person improve.","teacher is the best answer because the cadet is teaching by instructing, coaching, and helping another person improve.","Not this one. visionary is a plausible distractor, but it does not best match the concept from Chapter 3. The cadet is teaching by instructing, coaching, and helping another person improve.","Correct. The cadet is teaching by instructing, coaching, and helping another person improve.","Not this one. trait theorist is a plausible distractor, but it does not best match the concept from Chapter 3. The cadet is teaching by instructing, coaching, and helping another person improve.","Not this one. historian is a plausible distractor, but it does not best match the concept from Chapter 3. The cadet is teaching by instructing, coaching, and helping another person improve.","Leaders teach by instruction, coaching, and personal example.","Review Learn to Lead Volume 1, Chapter 3, page(s) 77-78. Then describe how Anne Sullivan changed Helen Keller's life.",Learn to Lead Volume 1: Personal Leadership,77-78,ltl1_c3_teacher_sullivan,chapter3_teacher_anne_sullivan.png,/assets/cap-visuals/chapter3_teacher_anne_sullivan.png,approved,true,"Leaders as teachers, Anne Sullivan and Helen Keller, discipline and belief in potential, and ranking cadets as trainers and role models.","Leaders as teachers, Anne Sullivan and Helen Keller, discipline and belief in potential, and ranking cadets as trainers and role models.",yes,true,high,close,original_textbook_grounded,Three Wright Brothers Milestone exam forms used as style/difficulty reference only,draft,LTL1-C3-Q057,45,LTL1_C3_100
LTL1-C3-Q059,Learn to Lead Volume 1,3,The Art & The Science,LTL1-C3-F30,multiple_choice,direct_exam_style,medium,recall,What caution does the chapter give about leaders as teachers?,Teaching always weakens independence.,Leaders should avoid training others.,A team can become too dependent if the leader always supplies the answers.,Personal experience has no value.,C,"Leaders should teach in a way that develops independence, not dependence.","A team can become too dependent if the leader always supplies the answers. is the best answer because leaders should teach in a way that develops independence, not dependence.","Not this one. Teaching always weakens independence. is a plausible distractor, but it does not best match the concept from Chapter 3. Leaders should teach in a way that develops independence, not dependence.","Not this one. Leaders should avoid training others. is a plausible distractor, but it does not best match the concept from Chapter 3. Leaders should teach in a way that develops independence, not dependence.","Correct. Leaders should teach in a way that develops independence, not dependence.","Not this one. Personal experience has no value. is a plausible distractor, but it does not best match the concept from Chapter 3. Leaders should teach in a way that develops independence, not dependence.","Leaders teach by instruction, coaching, and personal example.","Review Learn to Lead Volume 1, Chapter 3, page(s) 77-78. Then describe how Anne Sullivan changed Helen Keller's life.",Learn to Lead Volume 1: Personal Leadership,77-78,ltl1_c3_teacher_sullivan,chapter3_teacher_anne_sullivan.png,/assets/cap-visuals/chapter3_teacher_anne_sullivan.png,approved,true,"Leaders as teachers, Anne Sullivan and Helen Keller, discipline and belief in potential, and ranking cadets as trainers and role models.","Leaders as teachers, Anne Sullivan and Helen Keller, discipline and belief in potential, and ranking cadets as trainers and role models.",yes,true,high,close,original_textbook_grounded,Three Wright Brothers Milestone exam forms used as style/difficulty reference only,draft,LTL1-C3-Q060,35,LTL1_C3_100
LTL1-C3-Q060,Learn to Lead Volume 1,3,The Art & The Science,LTL1-C3-F30,multiple_choice,direct_exam_style,medium,recall,Which statement best summarizes leader-as-teacher?,Leaders teach only facts.,Leaders should focus only on task completion.,Teaching is separate from leadership.,"Good leaders help people learn, grow, and realize their potential.",D,The chapter presents good leaders as people who help others grow and realize their potential.,"Good leaders help people learn, grow, and realize their potential. is the best answer because the chapter presents good leaders as people who help others grow and realize their potential.","Not this one. Leaders teach only facts. is a plausible distractor, but it does not best match the concept from Chapter 3. The chapter presents good leaders as people who help others grow and realize their potential.","Not this one. Leaders should focus only on task completion. is a plausible distractor, but it does not best match the concept from Chapter 3. The chapter presents good leaders as people who help others grow and realize their potential.","Not this one. Teaching is separate from leadership. is a plausible distractor, but it does not best match the concept from Chapter 3. The chapter presents good leaders as people who help others grow and realize their potential.",Correct. The chapter presents good leaders as people who help others grow and realize their potential.,"Leaders teach by instruction, coaching, and personal example.","Review Learn to Lead Volume 1, Chapter 3, page(s) 77-78. Then describe how Anne Sullivan changed Helen Keller's life.",Learn to Lead Volume 1: Personal Leadership,77-78,ltl1_c3_teacher_sullivan,chapter3_teacher_anne_sullivan.png,/assets/cap-visuals/chapter3_teacher_anne_sullivan.png,approved,true,"Leaders as teachers, Anne Sullivan and Helen Keller, discipline and belief in potential, and ranking cadets as trainers and role models.","Leaders as teachers, Anne Sullivan and Helen Keller, discipline and belief in potential, and ranking cadets as trainers and role models.",no,false,medium,close,original_textbook_grounded,Three Wright Brothers Milestone exam forms used as style/difficulty reference only,draft,LTL1-C3-Q059,35,LTL1_C3_100
LTL1-C3-Q061,Learn to Lead Volume 1,3,The Art & The Science,LTL1-C3-F31,multiple_choice,direct_exam_style,medium,recall,What is Great Man Theory?,The idea that leadership is best understood by studying great leaders' lives and examples,The idea that all people lead in exactly the same way,The belief that teams do not matter,A drill method for marching,A,Great Man Theory teaches that leadership can be understood by studying the lives of great leaders.,The idea that leadership is best understood by studying great leaders' lives and examples is the best answer because great Man Theory teaches that leadership can be understood by studying the lives of great leaders.,Correct. Great Man Theory teaches that leadership can be understood by studying the lives of great leaders.,"Not this one. The idea that all people lead in exactly the same way is a plausible distractor, but it does not best match the concept from Chapter 3. Great Man Theory teaches that leadership can be understood by studying the lives of great leaders.","Not this one. The belief that teams do not matter is a plausible distractor, but it does not best match the concept from Chapter 3. Great Man Theory teaches that leadership can be understood by studying the lives of great leaders.","Not this one. A drill method for marching is a plausible distractor, but it does not best match the concept from Chapter 3. Great Man Theory teaches that leadership can be understood by studying the lives of great leaders.","Great Man Theory: study great leaders; leaders are born, not made.","Review Learn to Lead Volume 1, Chapter 3, page(s) 79-82. Then define Great Man Theory and list at least two criticisms.",Learn to Lead Volume 1: Personal Leadership,79-82,ltl1_c3_great_man_trait_theories,chapter3_great_man_vs_trait_theory.png,/assets/cap-visuals/chapter3_great_man_vs_trait_theory.png,approved,true,"An overview of the two introductory leadership theories, their core ideas, and their main weaknesses.","An overview of the two introductory leadership theories, their core ideas, and their main weaknesses.",yes,true,high,close,original_textbook_grounded,Three Wright Brothers Milestone exam forms used as style/difficulty reference only,draft,LTL1-C3-Q062,35,LTL1_C3_100
LTL1-C3-Q062,Learn to Lead Volume 1,3,The Art & The Science,LTL1-C3-F31,multiple_choice,direct_exam_style,medium,recall,"According to Great Man Theory, leaders are mainly _____.",made by training,born with special qualities,created by committees,unnecessary to history,B,The theory assumes genuine leaders are born with special qualities that set them apart.,born with special qualities is the best answer because the theory assumes genuine leaders are born with special qualities that set them apart.,"Not this one. made by training is a plausible distractor, but it does not best match the concept from Chapter 3. The theory assumes genuine leaders are born with special qualities that set them apart.",Correct. The theory assumes genuine leaders are born with special qualities that set them apart.,"Not this one. created by committees is a plausible distractor, but it does not best match the concept from Chapter 3. The theory assumes genuine leaders are born with special qualities that set them apart.","Not this one. unnecessary to history is a plausible distractor, but it does not best match the concept from Chapter 3. The theory assumes genuine leaders are born with special qualities that set them apart.","Great Man Theory: study great leaders; leaders are born, not made.","Review Learn to Lead Volume 1, Chapter 3, page(s) 79-82. Then define Great Man Theory and list at least two criticisms.",Learn to Lead Volume 1: Personal Leadership,79-82,ltl1_c3_great_man_trait_theories,chapter3_great_man_vs_trait_theory.png,/assets/cap-visuals/chapter3_great_man_vs_trait_theory.png,approved,true,"An overview of the two introductory leadership theories, their core ideas, and their main weaknesses.","An overview of the two introductory leadership theories, their core ideas, and their main weaknesses.",yes,true,high,close,original_textbook_grounded,Three Wright Brothers Milestone exam forms used as style/difficulty reference only,draft,LTL1-C3-Q061,35,LTL1_C3_100
LTL1-C3-Q063,Learn to Lead Volume 1,3,The Art & The Science,LTL1-C3-F32,multiple_choice,direct_exam_style,medium,recall,"In Great Man Theory, why do students read biographies?",To memorize dates only,To avoid thinking about leadership,To learn leadership by studying the example of great people,To prove followers do not matter,C,Biography is central to Great Man Theory because the lives of great leaders are seen as models.,To learn leadership by studying the example of great people is the best answer because biography is central to Great Man Theory because the lives of great leaders are seen as models.,"Not this one. To memorize dates only is a plausible distractor, but it does not best match the concept from Chapter 3. Biography is central to Great Man Theory because the lives of great leaders are seen as models.","Not this one. To avoid thinking about leadership is a plausible distractor, but it does not best match the concept from Chapter 3. Biography is central to Great Man Theory because the lives of great leaders are seen as models.",Correct. Biography is central to Great Man Theory because the lives of great leaders are seen as models.,"Not this one. To prove followers do not matter is a plausible distractor, but it does not best match the concept from Chapter 3. Biography is central to Great Man Theory because the lives of great leaders are seen as models.","Great Man Theory: study great leaders; leaders are born, not made.","Review Learn to Lead Volume 1, Chapter 3, page(s) 79-82. Then define Great Man Theory and list at least two criticisms.",Learn to Lead Volume 1: Personal Leadership,79-82,ltl1_c3_great_man_trait_theories,chapter3_great_man_vs_trait_theory.png,/assets/cap-visuals/chapter3_great_man_vs_trait_theory.png,approved,true,"An overview of the two introductory leadership theories, their core ideas, and their main weaknesses.","An overview of the two introductory leadership theories, their core ideas, and their main weaknesses.",yes,true,high,close,original_textbook_grounded,Three Wright Brothers Milestone exam forms used as style/difficulty reference only,draft,LTL1-C3-Q064,35,LTL1_C3_100
LTL1-C3-Q064,Learn to Lead Volume 1,3,The Art & The Science,LTL1-C3-F32,multiple_choice,direct_exam_style,medium,recall,Which pair of terms appears in the chapter's explanation of Great Man Theory?,union and stripes,science and art,cause and effect,eventful and event-making,D,The theory contrasts ordinary eventful people with extraordinary event-making people.,eventful and event-making is the best answer because the theory contrasts ordinary eventful people with extraordinary event-making people.,"Not this one. union and stripes is a plausible distractor, but it does not best match the concept from Chapter 3. The theory contrasts ordinary eventful people with extraordinary event-making people.","Not this one. science and art is a plausible distractor, but it does not best match the concept from Chapter 3. The theory contrasts ordinary eventful people with extraordinary event-making people.","Not this one. cause and effect is a plausible distractor, but it does not best match the concept from Chapter 3. The theory contrasts ordinary eventful people with extraordinary event-making people.",Correct. The theory contrasts ordinary eventful people with extraordinary event-making people.,"Great Man Theory: study great leaders; leaders are born, not made.","Review Learn to Lead Volume 1, Chapter 3, page(s) 79-82. Then define Great Man Theory and list at least two criticisms.",Learn to Lead Volume 1: Personal Leadership,79-82,ltl1_c3_great_man_trait_theories,chapter3_great_man_vs_trait_theory.png,/assets/cap-visuals/chapter3_great_man_vs_trait_theory.png,approved,true,"An overview of the two introductory leadership theories, their core ideas, and their main weaknesses.","An overview of the two introductory leadership theories, their core ideas, and their main weaknesses.",no,false,medium,close,original_textbook_grounded,Three Wright Brothers Milestone exam forms used as style/difficulty reference only,draft,LTL1-C3-Q063,35,LTL1_C3_100
LTL1-C3-Q065,Learn to Lead Volume 1,3,The Art & The Science,LTL1-C3-F33,multiple_choice,direct_exam_style,medium,recall,Why is Winston Churchill discussed in this section?,"He is used as an example of a supposedly destined, ""great"" leader.",He invented trait theory.,He opposed biography as a source of learning.,He proved that leaders are always quiet.,A,Churchill is presented as a classic example of the sort of larger-than-life figure Great Man Theory admires.,"He is used as an example of a supposedly destined, ""great"" leader. is the best answer because churchill is presented as a classic example of the sort of larger-than-life figure Great Man Theory admires.",Correct. Churchill is presented as a classic example of the sort of larger-than-life figure Great Man Theory admires.,"Not this one. He invented trait theory. is a plausible distractor, but it does not best match the concept from Chapter 3. Churchill is presented as a classic example of the sort of larger-than-life figure Great Man Theory admires.","Not this one. He opposed biography as a source of learning. is a plausible distractor, but it does not best match the concept from Chapter 3. Churchill is presented as a classic example of the sort of larger-than-life figure Great Man Theory admires.","Not this one. He proved that leaders are always quiet. is a plausible distractor, but it does not best match the concept from Chapter 3. Churchill is presented as a classic example of the sort of larger-than-life figure Great Man Theory admires.","Great Man Theory: study great leaders; leaders are born, not made.","Review Learn to Lead Volume 1, Chapter 3, page(s) 79-82. Then define Great Man Theory and list at least two criticisms.",Learn to Lead Volume 1: Personal Leadership,79-82,ltl1_c3_great_man_trait_theories,chapter3_great_man_vs_trait_theory.png,/assets/cap-visuals/chapter3_great_man_vs_trait_theory.png,approved,true,"An overview of the two introductory leadership theories, their core ideas, and their main weaknesses.","An overview of the two introductory leadership theories, their core ideas, and their main weaknesses.",yes,true,high,close,original_textbook_grounded,Three Wright Brothers Milestone exam forms used as style/difficulty reference only,draft,LTL1-C3-Q066,35,LTL1_C3_100
LTL1-C3-Q066,Learn to Lead Volume 1,3,The Art & The Science,LTL1-C3-F33,multiple_choice,direct_exam_style,medium,recall,Which is a major criticism of Great Man Theory?,It says leaders must listen.,"It ignores the role of followers, context, and circumstances.",It gives too much attention to training and education.,It claims morals matter too much.,B,A major weakness is that the theory focuses so heavily on great individuals that it overlooks followers and circumstances.,"It ignores the role of followers, context, and circumstances. is the best answer because a major weakness is that the theory focuses so heavily on great individuals that it overlooks followers and circumstances.","Not this one. It says leaders must listen. is a plausible distractor, but it does not best match the concept from Chapter 3. A major weakness is that the theory focuses so heavily on great individuals that it overlooks followers and circumstances.",Correct. A major weakness is that the theory focuses so heavily on great individuals that it overlooks followers and circumstances.,"Not this one. It gives too much attention to training and education. is a plausible distractor, but it does not best match the concept from Chapter 3. A major weakness is that the theory focuses so heavily on great individuals that it overlooks followers and circumstances.","Not this one. It claims morals matter too much. is a plausible distractor, but it does not best match the concept from Chapter 3. A major weakness is that the theory focuses so heavily on great individuals that it overlooks followers and circumstances.","Great Man Theory: study great leaders; leaders are born, not made.","Review Learn to Lead Volume 1, Chapter 3, page(s) 79-82. Then define Great Man Theory and list at least two criticisms.",Learn to Lead Volume 1: Personal Leadership,79-82,ltl1_c3_great_man_trait_theories,chapter3_great_man_vs_trait_theory.png,/assets/cap-visuals/chapter3_great_man_vs_trait_theory.png,approved,true,"An overview of the two introductory leadership theories, their core ideas, and their main weaknesses.","An overview of the two introductory leadership theories, their core ideas, and their main weaknesses.",yes,true,high,close,original_textbook_grounded,Three Wright Brothers Milestone exam forms used as style/difficulty reference only,draft,LTL1-C3-Q065,35,LTL1_C3_100
LTL1-C3-Q067,Learn to Lead Volume 1,3,The Art & The Science,LTL1-C3-F34,multiple_choice,direct_exam_style,medium,recall,How does the military generally differ from Great Man Theory?,"The military insists leaders are only born, never developed.",The military rejects all study of history.,The military emphasizes that leadership can be developed through training and experience.,The military says followers are unimportant.,C,"Military leadership education assumes leaders can be developed, not merely born.","The military emphasizes that leadership can be developed through training and experience. is the best answer because military leadership education assumes leaders can be developed, not merely born.","Not this one. The military insists leaders are only born, never developed. is a plausible distractor, but it does not best match the concept from Chapter 3. Military leadership education assumes leaders can be developed, not merely born.","Not this one. The military rejects all study of history. is a plausible distractor, but it does not best match the concept from Chapter 3. Military leadership education assumes leaders can be developed, not merely born.","Correct. Military leadership education assumes leaders can be developed, not merely born.","Not this one. The military says followers are unimportant. is a plausible distractor, but it does not best match the concept from Chapter 3. Military leadership education assumes leaders can be developed, not merely born.","Great Man Theory: study great leaders; leaders are born, not made.","Review Learn to Lead Volume 1, Chapter 3, page(s) 79-82. Then define Great Man Theory and list at least two criticisms.",Learn to Lead Volume 1: Personal Leadership,79-82,ltl1_c3_great_man_trait_theories,chapter3_great_man_vs_trait_theory.png,/assets/cap-visuals/chapter3_great_man_vs_trait_theory.png,approved,true,"An overview of the two introductory leadership theories, their core ideas, and their main weaknesses.","An overview of the two introductory leadership theories, their core ideas, and their main weaknesses.",yes,true,high,close,original_textbook_grounded,Three Wright Brothers Milestone exam forms used as style/difficulty reference only,draft,LTL1-C3-Q068,35,LTL1_C3_100
LTL1-C3-Q068,Learn to Lead Volume 1,3,The Art & The Science,LTL1-C3-F34,multiple_choice,direct_exam_style,medium,recall,"What is one danger of ""hero worship"" in leadership study?",It proves all theories equally valid.,It makes biographies too short.,It causes teams to become more accountable.,It may make people treat great leaders as beyond criticism.,D,Hero worship can keep students from critically examining a leader's limitations or failures.,It may make people treat great leaders as beyond criticism. is the best answer because hero worship can keep students from critically examining a leader's limitations or failures.,"Not this one. It proves all theories equally valid. is a plausible distractor, but it does not best match the concept from Chapter 3. Hero worship can keep students from critically examining a leader's limitations or failures.","Not this one. It makes biographies too short. is a plausible distractor, but it does not best match the concept from Chapter 3. Hero worship can keep students from critically examining a leader's limitations or failures.","Not this one. It causes teams to become more accountable. is a plausible distractor, but it does not best match the concept from Chapter 3. Hero worship can keep students from critically examining a leader's limitations or failures.",Correct. Hero worship can keep students from critically examining a leader's limitations or failures.,"Great Man Theory: study great leaders; leaders are born, not made.","Review Learn to Lead Volume 1, Chapter 3, page(s) 79-82. Then define Great Man Theory and list at least two criticisms.",Learn to Lead Volume 1: Personal Leadership,79-82,ltl1_c3_great_man_trait_theories,chapter3_great_man_vs_trait_theory.png,/assets/cap-visuals/chapter3_great_man_vs_trait_theory.png,approved,true,"An overview of the two introductory leadership theories, their core ideas, and their main weaknesses.","An overview of the two introductory leadership theories, their core ideas, and their main weaknesses.",no,false,medium,close,original_textbook_grounded,Three Wright Brothers Milestone exam forms used as style/difficulty reference only,draft,LTL1-C3-Q067,35,LTL1_C3_100
LTL1-C3-Q069,Learn to Lead Volume 1,3,The Art & The Science,LTL1-C3-F35,multiple_choice,direct_exam_style,medium,recall,Which statement best fits Great Man Theory?,Exceptional leaders shape history in remarkable ways.,"History is mostly shaped by anonymous systems, not individuals.",The traits of every leader are identical.,Leadership must always be democratic.,A,Great Man Theory gives special weight to extraordinary individuals who shape history.,Exceptional leaders shape history in remarkable ways. is the best answer because great Man Theory gives special weight to extraordinary individuals who shape history.,Correct. Great Man Theory gives special weight to extraordinary individuals who shape history.,"Not this one. History is mostly shaped by anonymous systems, not individuals. is a plausible distractor, but it does not best match the concept from Chapter 3. Great Man Theory gives special weight to extraordinary individuals who shape history.","Not this one. The traits of every leader are identical. is a plausible distractor, but it does not best match the concept from Chapter 3. Great Man Theory gives special weight to extraordinary individuals who shape history.","Not this one. Leadership must always be democratic. is a plausible distractor, but it does not best match the concept from Chapter 3. Great Man Theory gives special weight to extraordinary individuals who shape history.","Great Man Theory: study great leaders; leaders are born, not made.","Review Learn to Lead Volume 1, Chapter 3, page(s) 79-82. Then define Great Man Theory and list at least two criticisms.",Learn to Lead Volume 1: Personal Leadership,79-82,ltl1_c3_great_man_trait_theories,chapter3_great_man_vs_trait_theory.png,/assets/cap-visuals/chapter3_great_man_vs_trait_theory.png,approved,true,"An overview of the two introductory leadership theories, their core ideas, and their main weaknesses.","An overview of the two introductory leadership theories, their core ideas, and their main weaknesses.",yes,true,high,close,original_textbook_grounded,Three Wright Brothers Milestone exam forms used as style/difficulty reference only,draft,LTL1-C3-Q070,35,LTL1_C3_100
LTL1-C3-Q070,Learn to Lead Volume 1,3,The Art & The Science,LTL1-C3-F35,multiple_choice,direct_exam_style,medium,recall,"Even if Great Man Theory is incomplete, what value does the chapter still allow for it?",It completely replaces all other leadership study.,Biographies of great leaders can still teach useful lessons.,It eliminates the need for practice.,It proves leaders should never fail.,B,The chapter still sees value in learning from the lives and examples of notable leaders.,Biographies of great leaders can still teach useful lessons. is the best answer because the chapter still sees value in learning from the lives and examples of notable leaders.,"Not this one. It completely replaces all other leadership study. is a plausible distractor, but it does not best match the concept from Chapter 3. The chapter still sees value in learning from the lives and examples of notable leaders.",Correct. The chapter still sees value in learning from the lives and examples of notable leaders.,"Not this one. It eliminates the need for practice. is a plausible distractor, but it does not best match the concept from Chapter 3. The chapter still sees value in learning from the lives and examples of notable leaders.","Not this one. It proves leaders should never fail. is a plausible distractor, but it does not best match the concept from Chapter 3. The chapter still sees value in learning from the lives and examples of notable leaders.","Great Man Theory: study great leaders; leaders are born, not made.","Review Learn to Lead Volume 1, Chapter 3, page(s) 79-82. Then define Great Man Theory and list at least two criticisms.",Learn to Lead Volume 1: Personal Leadership,79-82,ltl1_c3_great_man_trait_theories,chapter3_great_man_vs_trait_theory.png,/assets/cap-visuals/chapter3_great_man_vs_trait_theory.png,approved,true,"An overview of the two introductory leadership theories, their core ideas, and their main weaknesses.","An overview of the two introductory leadership theories, their core ideas, and their main weaknesses.",yes,true,high,close,original_textbook_grounded,Three Wright Brothers Milestone exam forms used as style/difficulty reference only,draft,LTL1-C3-Q069,35,LTL1_C3_100
LTL1-C3-Q071,Learn to Lead Volume 1,3,The Art & The Science,LTL1-C3-F36,multiple_choice,direct_exam_style,medium,recall,What is Trait Theory?,The belief that rules replace people,The idea that only history matters,The idea that leadership depends on certain personal qualities or traits,A theory about flag etiquette,C,Trait Theory looks for personal qualities linked to effective leadership.,The idea that leadership depends on certain personal qualities or traits is the best answer because trait Theory looks for personal qualities linked to effective leadership.,"Not this one. The belief that rules replace people is a plausible distractor, but it does not best match the concept from Chapter 3. Trait Theory looks for personal qualities linked to effective leadership.","Not this one. The idea that only history matters is a plausible distractor, but it does not best match the concept from Chapter 3. Trait Theory looks for personal qualities linked to effective leadership.",Correct. Trait Theory looks for personal qualities linked to effective leadership.,"Not this one. A theory about flag etiquette is a plausible distractor, but it does not best match the concept from Chapter 3. Trait Theory looks for personal qualities linked to effective leadership.",Trait Theory asks: what qualities should a leader possess?,"Review Learn to Lead Volume 1, Chapter 3, page(s) 83-86. Then explain why trait theory is useful but incomplete.",Learn to Lead Volume 1: Personal Leadership,83-86,ltl1_c3_great_man_trait_theories,chapter3_great_man_vs_trait_theory.png,/assets/cap-visuals/chapter3_great_man_vs_trait_theory.png,approved,true,"An overview of the two introductory leadership theories, their core ideas, and their main weaknesses.","An overview of the two introductory leadership theories, their core ideas, and their main weaknesses.",yes,true,high,close,original_textbook_grounded,Three Wright Brothers Milestone exam forms used as style/difficulty reference only,draft,LTL1-C3-Q072,35,LTL1_C3_100
LTL1-C3-Q072,Learn to Lead Volume 1,3,The Art & The Science,LTL1-C3-F36,multiple_choice,direct_exam_style,medium,recall,Trait Theory asks students to imagine the perfect leader by identifying _____.,the best mission statement,the best parade route,the best aircraft,the best set of traits,D,Trait Theory tries to identify the qualities an ideal leader should possess.,the best set of traits is the best answer because trait Theory tries to identify the qualities an ideal leader should possess.,"Not this one. the best mission statement is a plausible distractor, but it does not best match the concept from Chapter 3. Trait Theory tries to identify the qualities an ideal leader should possess.","Not this one. the best parade route is a plausible distractor, but it does not best match the concept from Chapter 3. Trait Theory tries to identify the qualities an ideal leader should possess.","Not this one. the best aircraft is a plausible distractor, but it does not best match the concept from Chapter 3. Trait Theory tries to identify the qualities an ideal leader should possess.",Correct. Trait Theory tries to identify the qualities an ideal leader should possess.,Trait Theory asks: what qualities should a leader possess?,"Review Learn to Lead Volume 1, Chapter 3, page(s) 83-86. Then explain why trait theory is useful but incomplete.",Learn to Lead Volume 1: Personal Leadership,83-86,ltl1_c3_great_man_trait_theories,chapter3_great_man_vs_trait_theory.png,/assets/cap-visuals/chapter3_great_man_vs_trait_theory.png,approved,true,"An overview of the two introductory leadership theories, their core ideas, and their main weaknesses.","An overview of the two introductory leadership theories, their core ideas, and their main weaknesses.",no,false,medium,close,original_textbook_grounded,Three Wright Brothers Milestone exam forms used as style/difficulty reference only,draft,LTL1-C3-Q071,35,LTL1_C3_100
LTL1-C3-Q073,Learn to Lead Volume 1,3,The Art & The Science,LTL1-C3-F37,multiple_choice,direct_exam_style,medium,recall,What is the major weakness of Trait Theory highlighted in the chapter?,No one agrees on which traits matter most.,It is too focused on drill.,It says leaders can improve.,It ignores personality completely.,A,"People disagree about which traits are best, so the theory cannot produce one universally accepted list.","No one agrees on which traits matter most. is the best answer because people disagree about which traits are best, so the theory cannot produce one universally accepted list.","Correct. People disagree about which traits are best, so the theory cannot produce one universally accepted list.","Not this one. It is too focused on drill. is a plausible distractor, but it does not best match the concept from Chapter 3. People disagree about which traits are best, so the theory cannot produce one universally accepted list.","Not this one. It says leaders can improve. is a plausible distractor, but it does not best match the concept from Chapter 3. People disagree about which traits are best, so the theory cannot produce one universally accepted list.","Not this one. It ignores personality completely. is a plausible distractor, but it does not best match the concept from Chapter 3. People disagree about which traits are best, so the theory cannot produce one universally accepted list.",Trait Theory asks: what qualities should a leader possess?,"Review Learn to Lead Volume 1, Chapter 3, page(s) 83-86. Then explain why trait theory is useful but incomplete.",Learn to Lead Volume 1: Personal Leadership,83-86,ltl1_c3_great_man_trait_theories,chapter3_great_man_vs_trait_theory.png,/assets/cap-visuals/chapter3_great_man_vs_trait_theory.png,approved,true,"An overview of the two introductory leadership theories, their core ideas, and their main weaknesses.","An overview of the two introductory leadership theories, their core ideas, and their main weaknesses.",yes,true,high,close,original_textbook_grounded,Three Wright Brothers Milestone exam forms used as style/difficulty reference only,draft,LTL1-C3-Q074,35,LTL1_C3_100
LTL1-C3-Q074,Learn to Lead Volume 1,3,The Art & The Science,LTL1-C3-F37,multiple_choice,direct_exam_style,medium,recall,Why does the chapter say context matters in evaluating traits?,Because context makes leadership impossible,Because the same set of traits may not fit every situation or role,Because leaders never adapt,Because every team wants the exact same personality,B,What works well in one situation may not be the best fit in another.,Because the same set of traits may not fit every situation or role is the best answer because what works well in one situation may not be the best fit in another.,"Not this one. Because context makes leadership impossible is a plausible distractor, but it does not best match the concept from Chapter 3. What works well in one situation may not be the best fit in another.",Correct. What works well in one situation may not be the best fit in another.,"Not this one. Because leaders never adapt is a plausible distractor, but it does not best match the concept from Chapter 3. What works well in one situation may not be the best fit in another.","Not this one. Because every team wants the exact same personality is a plausible distractor, but it does not best match the concept from Chapter 3. What works well in one situation may not be the best fit in another.",Trait Theory asks: what qualities should a leader possess?,"Review Learn to Lead Volume 1, Chapter 3, page(s) 83-86. Then explain why trait theory is useful but incomplete.",Learn to Lead Volume 1: Personal Leadership,83-86,ltl1_c3_great_man_trait_theories,chapter3_great_man_vs_trait_theory.png,/assets/cap-visuals/chapter3_great_man_vs_trait_theory.png,approved,true,"An overview of the two introductory leadership theories, their core ideas, and their main weaknesses.","An overview of the two introductory leadership theories, their core ideas, and their main weaknesses.",yes,true,high,close,original_textbook_grounded,Three Wright Brothers Milestone exam forms used as style/difficulty reference only,draft,LTL1-C3-Q073,35,LTL1_C3_100
LTL1-C3-Q075,Learn to Lead Volume 1,3,The Art & The Science,LTL1-C3-F38,multiple_choice,direct_exam_style,medium,recall,How can prejudice make Trait Theory problematic?,It guarantees fair treatment for everyone.,It proves all traits are bad.,It may cause people to confuse their biases with leadership potential.,It removes culture from leadership.,C,"Bias and prejudice can distort judgments about who ""looks like"" a leader.","It may cause people to confuse their biases with leadership potential. is the best answer because bias and prejudice can distort judgments about who ""looks like"" a leader.","Not this one. It guarantees fair treatment for everyone. is a plausible distractor, but it does not best match the concept from Chapter 3. Bias and prejudice can distort judgments about who ""looks like"" a leader.","Not this one. It proves all traits are bad. is a plausible distractor, but it does not best match the concept from Chapter 3. Bias and prejudice can distort judgments about who ""looks like"" a leader.","Correct. Bias and prejudice can distort judgments about who ""looks like"" a leader.","Not this one. It removes culture from leadership. is a plausible distractor, but it does not best match the concept from Chapter 3. Bias and prejudice can distort judgments about who ""looks like"" a leader.",Trait Theory asks: what qualities should a leader possess?,"Review Learn to Lead Volume 1, Chapter 3, page(s) 83-86. Then explain why trait theory is useful but incomplete.",Learn to Lead Volume 1: Personal Leadership,83-86,ltl1_c3_great_man_trait_theories,chapter3_great_man_vs_trait_theory.png,/assets/cap-visuals/chapter3_great_man_vs_trait_theory.png,approved,true,"An overview of the two introductory leadership theories, their core ideas, and their main weaknesses.","An overview of the two introductory leadership theories, their core ideas, and their main weaknesses.",yes,true,high,close,original_textbook_grounded,Three Wright Brothers Milestone exam forms used as style/difficulty reference only,draft,LTL1-C3-Q076,35,LTL1_C3_100
LTL1-C3-Q076,Learn to Lead Volume 1,3,The Art & The Science,LTL1-C3-F38,multiple_choice,direct_exam_style,medium,recall,"Why does Trait Theory clash with the idea that leaders are made, not born?",It is a theory about flag symbolism.,It focuses too much on training.,It treats practice as the main path to growth.,It assumes important qualities may be fixed at birth.,D,Trait Theory can imply that leadership depends mainly on inborn characteristics.,It assumes important qualities may be fixed at birth. is the best answer because trait Theory can imply that leadership depends mainly on inborn characteristics.,"Not this one. It is a theory about flag symbolism. is a plausible distractor, but it does not best match the concept from Chapter 3. Trait Theory can imply that leadership depends mainly on inborn characteristics.","Not this one. It focuses too much on training. is a plausible distractor, but it does not best match the concept from Chapter 3. Trait Theory can imply that leadership depends mainly on inborn characteristics.","Not this one. It treats practice as the main path to growth. is a plausible distractor, but it does not best match the concept from Chapter 3. Trait Theory can imply that leadership depends mainly on inborn characteristics.",Correct. Trait Theory can imply that leadership depends mainly on inborn characteristics.,Trait Theory asks: what qualities should a leader possess?,"Review Learn to Lead Volume 1, Chapter 3, page(s) 83-86. Then explain why trait theory is useful but incomplete.",Learn to Lead Volume 1: Personal Leadership,83-86,ltl1_c3_great_man_trait_theories,chapter3_great_man_vs_trait_theory.png,/assets/cap-visuals/chapter3_great_man_vs_trait_theory.png,approved,true,"An overview of the two introductory leadership theories, their core ideas, and their main weaknesses.","An overview of the two introductory leadership theories, their core ideas, and their main weaknesses.",no,false,medium,close,original_textbook_grounded,Three Wright Brothers Milestone exam forms used as style/difficulty reference only,draft,LTL1-C3-Q075,35,LTL1_C3_100
LTL1-C3-Q077,Learn to Lead Volume 1,3,The Art & The Science,LTL1-C3-F39,multiple_choice,direct_exam_style,medium,recall,Which of the following is a leadership trait rather than a role?,courageous,visionary,communicator,mission,A,Courageous is a trait—a personal quality—not a role or task.,courageous is the best answer because courageous is a trait—a personal quality—not a role or task.,Correct. Courageous is a trait—a personal quality—not a role or task.,"Not this one. visionary is a plausible distractor, but it does not best match the concept from Chapter 3. Courageous is a trait—a personal quality—not a role or task.","Not this one. communicator is a plausible distractor, but it does not best match the concept from Chapter 3. Courageous is a trait—a personal quality—not a role or task.","Not this one. mission is a plausible distractor, but it does not best match the concept from Chapter 3. Courageous is a trait—a personal quality—not a role or task.",Trait Theory asks: what qualities should a leader possess?,"Review Learn to Lead Volume 1, Chapter 3, page(s) 83-86. Then explain why trait theory is useful but incomplete.",Learn to Lead Volume 1: Personal Leadership,83-86,ltl1_c3_great_man_trait_theories,chapter3_great_man_vs_trait_theory.png,/assets/cap-visuals/chapter3_great_man_vs_trait_theory.png,approved,true,"An overview of the two introductory leadership theories, their core ideas, and their main weaknesses.","An overview of the two introductory leadership theories, their core ideas, and their main weaknesses.",yes,true,high,close,original_textbook_grounded,Three Wright Brothers Milestone exam forms used as style/difficulty reference only,draft,LTL1-C3-Q078,35,LTL1_C3_100
LTL1-C3-Q078,Learn to Lead Volume 1,3,The Art & The Science,LTL1-C3-F39,multiple_choice,direct_exam_style,medium,recall,Why does the chapter compare passionate and dispassionate leadership?,To prove all leaders should be emotional,To show that people may want opposite traits in a leader,To show traits are easy to measure,To argue there is one perfect personality,B,The example shows that even reasonable people may disagree on which traits are ideal.,To show that people may want opposite traits in a leader is the best answer because the example shows that even reasonable people may disagree on which traits are ideal.,"Not this one. To prove all leaders should be emotional is a plausible distractor, but it does not best match the concept from Chapter 3. The example shows that even reasonable people may disagree on which traits are ideal.",Correct. The example shows that even reasonable people may disagree on which traits are ideal.,"Not this one. To show traits are easy to measure is a plausible distractor, but it does not best match the concept from Chapter 3. The example shows that even reasonable people may disagree on which traits are ideal.","Not this one. To argue there is one perfect personality is a plausible distractor, but it does not best match the concept from Chapter 3. The example shows that even reasonable people may disagree on which traits are ideal.",Trait Theory asks: what qualities should a leader possess?,"Review Learn to Lead Volume 1, Chapter 3, page(s) 83-86. Then explain why trait theory is useful but incomplete.",Learn to Lead Volume 1: Personal Leadership,83-86,ltl1_c3_great_man_trait_theories,chapter3_great_man_vs_trait_theory.png,/assets/cap-visuals/chapter3_great_man_vs_trait_theory.png,approved,true,"An overview of the two introductory leadership theories, their core ideas, and their main weaknesses.","An overview of the two introductory leadership theories, their core ideas, and their main weaknesses.",yes,true,high,close,original_textbook_grounded,Three Wright Brothers Milestone exam forms used as style/difficulty reference only,draft,LTL1-C3-Q077,35,LTL1_C3_100
LTL1-C3-Q079,Learn to Lead Volume 1,3,The Art & The Science,LTL1-C3-F40,multiple_choice,direct_exam_style,medium,recall,Which sentence best captures the chapter's final view of Trait Theory?,It is useless and should be forgotten.,It fully explains every leadership situation.,"It is helpful for thinking about leadership qualities, but it is not a complete explanation of leadership.",It proves training does not matter.,C,The chapter treats Trait Theory as flawed but still useful for thinking about what makes leaders effective.,"It is helpful for thinking about leadership qualities, but it is not a complete explanation of leadership. is the best answer because the chapter treats Trait Theory as flawed but still useful for thinking about what makes leaders effective.","Not this one. It is useless and should be forgotten. is a plausible distractor, but it does not best match the concept from Chapter 3. The chapter treats Trait Theory as flawed but still useful for thinking about what makes leaders effective.","Not this one. It fully explains every leadership situation. is a plausible distractor, but it does not best match the concept from Chapter 3. The chapter treats Trait Theory as flawed but still useful for thinking about what makes leaders effective.",Correct. The chapter treats Trait Theory as flawed but still useful for thinking about what makes leaders effective.,"Not this one. It proves training does not matter. is a plausible distractor, but it does not best match the concept from Chapter 3. The chapter treats Trait Theory as flawed but still useful for thinking about what makes leaders effective.",Trait Theory asks: what qualities should a leader possess?,"Review Learn to Lead Volume 1, Chapter 3, page(s) 83-86. Then explain why trait theory is useful but incomplete.",Learn to Lead Volume 1: Personal Leadership,83-86,ltl1_c3_great_man_trait_theories,chapter3_great_man_vs_trait_theory.png,/assets/cap-visuals/chapter3_great_man_vs_trait_theory.png,approved,true,"An overview of the two introductory leadership theories, their core ideas, and their main weaknesses.","An overview of the two introductory leadership theories, their core ideas, and their main weaknesses.",yes,true,high,close,original_textbook_grounded,Three Wright Brothers Milestone exam forms used as style/difficulty reference only,draft,LTL1-C3-Q080,35,LTL1_C3_100
LTL1-C3-Q080,Learn to Lead Volume 1,3,The Art & The Science,LTL1-C3-F40,multiple_choice,application_scenario,medium_hard,application,A unit is choosing a rescue team leader. One cadet wants someone calm and logical; another wants someone fiery and passionate. This disagreement illustrates what weakness of Trait Theory?,Traits are unimportant in all cases.,Only history matters.,Leaders never change with experience.,People often disagree about which traits are ideal.,D,"The scenario shows that different people may prefer very different, even opposite, leadership traits.","People often disagree about which traits are ideal. is the best answer because the scenario shows that different people may prefer very different, even opposite, leadership traits.","Not this one. Traits are unimportant in all cases. is a plausible distractor, but it does not best match the concept from Chapter 3. The scenario shows that different people may prefer very different, even opposite, leadership traits.","Not this one. Only history matters. is a plausible distractor, but it does not best match the concept from Chapter 3. The scenario shows that different people may prefer very different, even opposite, leadership traits.","Not this one. Leaders never change with experience. is a plausible distractor, but it does not best match the concept from Chapter 3. The scenario shows that different people may prefer very different, even opposite, leadership traits.","Correct. The scenario shows that different people may prefer very different, even opposite, leadership traits.",Trait Theory asks: what qualities should a leader possess?,"Review Learn to Lead Volume 1, Chapter 3, page(s) 83-86. Then explain why trait theory is useful but incomplete.",Learn to Lead Volume 1: Personal Leadership,83-86,ltl1_c3_great_man_trait_theories,chapter3_great_man_vs_trait_theory.png,/assets/cap-visuals/chapter3_great_man_vs_trait_theory.png,approved,true,"An overview of the two introductory leadership theories, their core ideas, and their main weaknesses.","An overview of the two introductory leadership theories, their core ideas, and their main weaknesses.",no,false,medium,close,original_textbook_grounded,Three Wright Brothers Milestone exam forms used as style/difficulty reference only,draft,LTL1-C3-Q079,45,LTL1_C3_100
LTL1-C3-Q081,Learn to Lead Volume 1,3,The Art & The Science,LTL1-C3-F41,multiple_choice,direct_exam_style,medium,recall,When did Congress first adopt the flag of the United States?,"June 14, 1777","July 4, 1776","September 17, 1787","July 4, 1960",A,"Congress adopted the U.S. flag on June 14, 1777.","June 14, 1777 is the best answer because congress adopted the U.S. flag on June 14, 1777.","Correct. Congress adopted the U.S. flag on June 14, 1777.","Not this one. July 4, 1776 is a plausible distractor, but it does not best match the concept from Chapter 3. Congress adopted the U.S. flag on June 14, 1777.","Not this one. September 17, 1787 is a plausible distractor, but it does not best match the concept from Chapter 3. Congress adopted the U.S. flag on June 14, 1777.","Not this one. July 4, 1960 is a plausible distractor, but it does not best match the concept from Chapter 3. Congress adopted the U.S. flag on June 14, 1777.","Flag basics: 50 stars, 13 stripes, respect always.","Review Learn to Lead Volume 1, Chapter 3, page(s) 89-92. Then explain what the flag symbolizes and how it should be displayed.",Learn to Lead Volume 1: Personal Leadership,89-92,ltl1_c3_flag_symbolism,chapter3_flag_symbolism_and_etiquette.png,/assets/cap-visuals/chapter3_flag_symbolism_and_etiquette.png,approved,true,"Flag anatomy, history, symbolism, and etiquette, including display rules and taboos.","Flag anatomy, history, symbolism, and etiquette, including display rules and taboos.",yes,true,high,close,original_textbook_grounded,Three Wright Brothers Milestone exam forms used as style/difficulty reference only,draft,LTL1-C3-Q082,35,LTL1_C3_100
LTL1-C3-Q082,Learn to Lead Volume 1,3,The Art & The Science,LTL1-C3-F41,multiple_choice,direct_exam_style,medium,recall,What does the Union—the blue field of stars—represent?,the armed forces only,the 50 states of the Union,the original colonies only,the oceans around America,B,The Union is the blue field of stars representing the 50 states.,the 50 states of the Union is the best answer because the Union is the blue field of stars representing the 50 states.,"Not this one. the armed forces only is a plausible distractor, but it does not best match the concept from Chapter 3. The Union is the blue field of stars representing the 50 states.",Correct. The Union is the blue field of stars representing the 50 states.,"Not this one. the original colonies only is a plausible distractor, but it does not best match the concept from Chapter 3. The Union is the blue field of stars representing the 50 states.","Not this one. the oceans around America is a plausible distractor, but it does not best match the concept from Chapter 3. The Union is the blue field of stars representing the 50 states.","Flag basics: 50 stars, 13 stripes, respect always.","Review Learn to Lead Volume 1, Chapter 3, page(s) 89-92. Then explain what the flag symbolizes and how it should be displayed.",Learn to Lead Volume 1: Personal Leadership,89-92,ltl1_c3_flag_symbolism,chapter3_flag_symbolism_and_etiquette.png,/assets/cap-visuals/chapter3_flag_symbolism_and_etiquette.png,approved,true,"Flag anatomy, history, symbolism, and etiquette, including display rules and taboos.","Flag anatomy, history, symbolism, and etiquette, including display rules and taboos.",yes,true,high,close,original_textbook_grounded,Three Wright Brothers Milestone exam forms used as style/difficulty reference only,draft,LTL1-C3-Q081,35,LTL1_C3_100
LTL1-C3-Q083,Learn to Lead Volume 1,3,The Art & The Science,LTL1-C3-F42,multiple_choice,direct_exam_style,medium,recall,What do the 13 stripes represent?,the 13 virtues of leadership,the 13 military branches,the 13 original colonies,the 13 presidents before Lincoln,C,The 13 stripes honor the original 13 colonies.,the 13 original colonies is the best answer because the 13 stripes honor the original 13 colonies.,"Not this one. the 13 virtues of leadership is a plausible distractor, but it does not best match the concept from Chapter 3. The 13 stripes honor the original 13 colonies.","Not this one. the 13 military branches is a plausible distractor, but it does not best match the concept from Chapter 3. The 13 stripes honor the original 13 colonies.",Correct. The 13 stripes honor the original 13 colonies.,"Not this one. the 13 presidents before Lincoln is a plausible distractor, but it does not best match the concept from Chapter 3. The 13 stripes honor the original 13 colonies.","Flag basics: 50 stars, 13 stripes, respect always.","Review Learn to Lead Volume 1, Chapter 3, page(s) 89-92. Then explain what the flag symbolizes and how it should be displayed.",Learn to Lead Volume 1: Personal Leadership,89-92,ltl1_c3_flag_symbolism,chapter3_flag_symbolism_and_etiquette.png,/assets/cap-visuals/chapter3_flag_symbolism_and_etiquette.png,approved,true,"Flag anatomy, history, symbolism, and etiquette, including display rules and taboos.","Flag anatomy, history, symbolism, and etiquette, including display rules and taboos.",yes,true,high,close,original_textbook_grounded,Three Wright Brothers Milestone exam forms used as style/difficulty reference only,draft,LTL1-C3-Q084,35,LTL1_C3_100
LTL1-C3-Q084,Learn to Lead Volume 1,3,The Art & The Science,LTL1-C3-F42,multiple_choice,direct_exam_style,medium,recall,"After Kentucky joined the Union, what change did Congress make to the flag design?",It removed the stars entirely.,It froze the design permanently at 15 stars.,It replaced stripes with eagles.,It returned to 13 stripes and added only new stars for each state.,D,Congress kept the stripes at 13 and continued adding stars for new states.,It returned to 13 stripes and added only new stars for each state. is the best answer because congress kept the stripes at 13 and continued adding stars for new states.,"Not this one. It removed the stars entirely. is a plausible distractor, but it does not best match the concept from Chapter 3. Congress kept the stripes at 13 and continued adding stars for new states.","Not this one. It froze the design permanently at 15 stars. is a plausible distractor, but it does not best match the concept from Chapter 3. Congress kept the stripes at 13 and continued adding stars for new states.","Not this one. It replaced stripes with eagles. is a plausible distractor, but it does not best match the concept from Chapter 3. Congress kept the stripes at 13 and continued adding stars for new states.",Correct. Congress kept the stripes at 13 and continued adding stars for new states.,"Flag basics: 50 stars, 13 stripes, respect always.","Review Learn to Lead Volume 1, Chapter 3, page(s) 89-92. Then explain what the flag symbolizes and how it should be displayed.",Learn to Lead Volume 1: Personal Leadership,89-92,ltl1_c3_flag_symbolism,chapter3_flag_symbolism_and_etiquette.png,/assets/cap-visuals/chapter3_flag_symbolism_and_etiquette.png,approved,true,"Flag anatomy, history, symbolism, and etiquette, including display rules and taboos.","Flag anatomy, history, symbolism, and etiquette, including display rules and taboos.",no,false,medium,close,original_textbook_grounded,Three Wright Brothers Milestone exam forms used as style/difficulty reference only,draft,LTL1-C3-Q083,35,LTL1_C3_100
LTL1-C3-Q085,Learn to Lead Volume 1,3,The Art & The Science,LTL1-C3-F43,multiple_choice,direct_exam_style,medium,recall,Why is 1814 important in the history of the flag?,"Francis Scott Key was inspired by the flag over Fort McHenry to write ""The Star-Spangled Banner.""",It marks the moon landing.,It was the year Hawaii became a state.,It was the first year Americans saluted the flag.,A,"The flag over Fort McHenry inspired Francis Scott Key's poem, later our national anthem.","Francis Scott Key was inspired by the flag over Fort McHenry to write ""The Star-Spangled Banner."" is the best answer because the flag over Fort McHenry inspired Francis Scott Key's poem, later our national anthem.","Correct. The flag over Fort McHenry inspired Francis Scott Key's poem, later our national anthem.","Not this one. It marks the moon landing. is a plausible distractor, but it does not best match the concept from Chapter 3. The flag over Fort McHenry inspired Francis Scott Key's poem, later our national anthem.","Not this one. It was the year Hawaii became a state. is a plausible distractor, but it does not best match the concept from Chapter 3. The flag over Fort McHenry inspired Francis Scott Key's poem, later our national anthem.","Not this one. It was the first year Americans saluted the flag. is a plausible distractor, but it does not best match the concept from Chapter 3. The flag over Fort McHenry inspired Francis Scott Key's poem, later our national anthem.","Flag basics: 50 stars, 13 stripes, respect always.","Review Learn to Lead Volume 1, Chapter 3, page(s) 89-92. Then explain what the flag symbolizes and how it should be displayed.",Learn to Lead Volume 1: Personal Leadership,89-92,ltl1_c3_flag_symbolism,chapter3_flag_symbolism_and_etiquette.png,/assets/cap-visuals/chapter3_flag_symbolism_and_etiquette.png,approved,true,"Flag anatomy, history, symbolism, and etiquette, including display rules and taboos.","Flag anatomy, history, symbolism, and etiquette, including display rules and taboos.",yes,true,high,close,original_textbook_grounded,Three Wright Brothers Milestone exam forms used as style/difficulty reference only,draft,LTL1-C3-Q086,35,LTL1_C3_100
LTL1-C3-Q086,Learn to Lead Volume 1,3,The Art & The Science,LTL1-C3-F43,multiple_choice,direct_exam_style,medium,recall,The current 50-star flag dates from _____.,1777,1960,1945,1814,B,The current 50-star flag was adopted in 1960 after Hawaii became the 50th state.,1960 is the best answer because the current 50-star flag was adopted in 1960 after Hawaii became the 50th state.,"Not this one. 1777 is a plausible distractor, but it does not best match the concept from Chapter 3. The current 50-star flag was adopted in 1960 after Hawaii became the 50th state.",Correct. The current 50-star flag was adopted in 1960 after Hawaii became the 50th state.,"Not this one. 1945 is a plausible distractor, but it does not best match the concept from Chapter 3. The current 50-star flag was adopted in 1960 after Hawaii became the 50th state.","Not this one. 1814 is a plausible distractor, but it does not best match the concept from Chapter 3. The current 50-star flag was adopted in 1960 after Hawaii became the 50th state.","Flag basics: 50 stars, 13 stripes, respect always.","Review Learn to Lead Volume 1, Chapter 3, page(s) 89-92. Then explain what the flag symbolizes and how it should be displayed.",Learn to Lead Volume 1: Personal Leadership,89-92,ltl1_c3_flag_symbolism,chapter3_flag_symbolism_and_etiquette.png,/assets/cap-visuals/chapter3_flag_symbolism_and_etiquette.png,approved,true,"Flag anatomy, history, symbolism, and etiquette, including display rules and taboos.","Flag anatomy, history, symbolism, and etiquette, including display rules and taboos.",yes,true,high,close,original_textbook_grounded,Three Wright Brothers Milestone exam forms used as style/difficulty reference only,draft,LTL1-C3-Q085,35,LTL1_C3_100
LTL1-C3-Q087,Learn to Lead Volume 1,3,The Art & The Science,LTL1-C3-F44,multiple_choice,direct_exam_style,medium,recall,"According to the chapter, the flag symbolizes the best things about our _____.","politicians, parties, and laws only","weapons, ships, and trade","people, land, and commitment to equality","borders, maps, and money",C,"The flag symbolizes our people, our land, and our commitment to equality.","people, land, and commitment to equality is the best answer because the flag symbolizes our people, our land, and our commitment to equality.","Not this one. politicians, parties, and laws only is a plausible distractor, but it does not best match the concept from Chapter 3. The flag symbolizes our people, our land, and our commitment to equality.","Not this one. weapons, ships, and trade is a plausible distractor, but it does not best match the concept from Chapter 3. The flag symbolizes our people, our land, and our commitment to equality.","Correct. The flag symbolizes our people, our land, and our commitment to equality.","Not this one. borders, maps, and money is a plausible distractor, but it does not best match the concept from Chapter 3. The flag symbolizes our people, our land, and our commitment to equality.","Flag basics: 50 stars, 13 stripes, respect always.","Review Learn to Lead Volume 1, Chapter 3, page(s) 89-92. Then explain what the flag symbolizes and how it should be displayed.",Learn to Lead Volume 1: Personal Leadership,89-92,ltl1_c3_flag_symbolism,chapter3_flag_symbolism_and_etiquette.png,/assets/cap-visuals/chapter3_flag_symbolism_and_etiquette.png,approved,true,"Flag anatomy, history, symbolism, and etiquette, including display rules and taboos.","Flag anatomy, history, symbolism, and etiquette, including display rules and taboos.",yes,true,high,close,original_textbook_grounded,Three Wright Brothers Milestone exam forms used as style/difficulty reference only,draft,LTL1-C3-Q088,35,LTL1_C3_100
LTL1-C3-Q088,Learn to Lead Volume 1,3,The Art & The Science,LTL1-C3-F44,multiple_choice,direct_exam_style,medium,recall,"If the flag is displayed flat against a wall, where does the Union belong?",in the lower right corner,in the center,"anywhere, as long as it is visible",in the uppermost corner and to the flag's own right,D,"On a wall display, the Union belongs in the uppermost corner and to the flag's own right.","in the uppermost corner and to the flag's own right is the best answer because on a wall display, the Union belongs in the uppermost corner and to the flag's own right.","Not this one. in the lower right corner is a plausible distractor, but it does not best match the concept from Chapter 3. On a wall display, the Union belongs in the uppermost corner and to the flag's own right.","Not this one. in the center is a plausible distractor, but it does not best match the concept from Chapter 3. On a wall display, the Union belongs in the uppermost corner and to the flag's own right.","Not this one. anywhere, as long as it is visible is a plausible distractor, but it does not best match the concept from Chapter 3. On a wall display, the Union belongs in the uppermost corner and to the flag's own right.","Correct. On a wall display, the Union belongs in the uppermost corner and to the flag's own right.","Flag basics: 50 stars, 13 stripes, respect always.","Review Learn to Lead Volume 1, Chapter 3, page(s) 89-92. Then explain what the flag symbolizes and how it should be displayed.",Learn to Lead Volume 1: Personal Leadership,89-92,ltl1_c3_flag_symbolism,chapter3_flag_symbolism_and_etiquette.png,/assets/cap-visuals/chapter3_flag_symbolism_and_etiquette.png,approved,true,"Flag anatomy, history, symbolism, and etiquette, including display rules and taboos.","Flag anatomy, history, symbolism, and etiquette, including display rules and taboos.",no,false,medium,close,original_textbook_grounded,Three Wright Brothers Milestone exam forms used as style/difficulty reference only,draft,LTL1-C3-Q087,35,LTL1_C3_100
LTL1-C3-Q089,Learn to Lead Volume 1,3,The Art & The Science,LTL1-C3-F45,multiple_choice,direct_exam_style,medium,recall,"When displayed with another flag, where should the U.S. flag be placed?",on its own right,below the other flag,behind the other flag,upside down,A,"When displayed with another flag, the U.S. flag belongs on its own right.","on its own right is the best answer because when displayed with another flag, the U.S. flag belongs on its own right.","Correct. When displayed with another flag, the U.S. flag belongs on its own right.","Not this one. below the other flag is a plausible distractor, but it does not best match the concept from Chapter 3. When displayed with another flag, the U.S. flag belongs on its own right.","Not this one. behind the other flag is a plausible distractor, but it does not best match the concept from Chapter 3. When displayed with another flag, the U.S. flag belongs on its own right.","Not this one. upside down is a plausible distractor, but it does not best match the concept from Chapter 3. When displayed with another flag, the U.S. flag belongs on its own right.","Flag basics: 50 stars, 13 stripes, respect always.","Review Learn to Lead Volume 1, Chapter 3, page(s) 89-92. Then explain what the flag symbolizes and how it should be displayed.",Learn to Lead Volume 1: Personal Leadership,89-92,ltl1_c3_flag_symbolism,chapter3_flag_symbolism_and_etiquette.png,/assets/cap-visuals/chapter3_flag_symbolism_and_etiquette.png,approved,true,"Flag anatomy, history, symbolism, and etiquette, including display rules and taboos.","Flag anatomy, history, symbolism, and etiquette, including display rules and taboos.",yes,true,high,close,original_textbook_grounded,Three Wright Brothers Milestone exam forms used as style/difficulty reference only,draft,LTL1-C3-Q090,35,LTL1_C3_100
LTL1-C3-Q090,Learn to Lead Volume 1,3,The Art & The Science,LTL1-C3-F45,multiple_choice,direct_exam_style,medium,recall,Which action is a taboo according to flag etiquette?,displaying the flag on national holidays,allowing the flag to touch the ground,saluting during raising or lowering,briskly raising the flag,B,"The flag should never be allowed to touch the ground, floor, or water.","allowing the flag to touch the ground is the best answer because the flag should never be allowed to touch the ground, floor, or water.","Not this one. displaying the flag on national holidays is a plausible distractor, but it does not best match the concept from Chapter 3. The flag should never be allowed to touch the ground, floor, or water.","Correct. The flag should never be allowed to touch the ground, floor, or water.","Not this one. saluting during raising or lowering is a plausible distractor, but it does not best match the concept from Chapter 3. The flag should never be allowed to touch the ground, floor, or water.","Not this one. briskly raising the flag is a plausible distractor, but it does not best match the concept from Chapter 3. The flag should never be allowed to touch the ground, floor, or water.","Flag basics: 50 stars, 13 stripes, respect always.","Review Learn to Lead Volume 1, Chapter 3, page(s) 89-92. Then explain what the flag symbolizes and how it should be displayed.",Learn to Lead Volume 1: Personal Leadership,89-92,ltl1_c3_flag_symbolism,chapter3_flag_symbolism_and_etiquette.png,/assets/cap-visuals/chapter3_flag_symbolism_and_etiquette.png,approved,true,"Flag anatomy, history, symbolism, and etiquette, including display rules and taboos.","Flag anatomy, history, symbolism, and etiquette, including display rules and taboos.",yes,true,high,close,original_textbook_grounded,Three Wright Brothers Milestone exam forms used as style/difficulty reference only,draft,LTL1-C3-Q089,35,LTL1_C3_100
LTL1-C3-Q091,Learn to Lead Volume 1,3,The Art & The Science,LTL1-C3-F46,multiple_choice,direct_exam_style,medium,recall,How should a flag be raised to half-staff?,Raise it directly to the halfway point and leave it there.,"Raise it upside down first, then turn it upright.","First raise it briskly to the peak, then lower it ceremoniously to half-staff.",Half-staff applies only indoors.,C,The proper procedure is to hoist the flag first to the peak and then lower it to half-staff.,"First raise it briskly to the peak, then lower it ceremoniously to half-staff. is the best answer because the proper procedure is to hoist the flag first to the peak and then lower it to half-staff.","Not this one. Raise it directly to the halfway point and leave it there. is a plausible distractor, but it does not best match the concept from Chapter 3. The proper procedure is to hoist the flag first to the peak and then lower it to half-staff.","Not this one. Raise it upside down first, then turn it upright. is a plausible distractor, but it does not best match the concept from Chapter 3. The proper procedure is to hoist the flag first to the peak and then lower it to half-staff.",Correct. The proper procedure is to hoist the flag first to the peak and then lower it to half-staff.,"Not this one. Half-staff applies only indoors. is a plausible distractor, but it does not best match the concept from Chapter 3. The proper procedure is to hoist the flag first to the peak and then lower it to half-staff.","Flag basics: 50 stars, 13 stripes, respect always.","Review Learn to Lead Volume 1, Chapter 3, page(s) 89-92. Then explain what the flag symbolizes and how it should be displayed.",Learn to Lead Volume 1: Personal Leadership,89-92,ltl1_c3_flag_symbolism,chapter3_flag_symbolism_and_etiquette.png,/assets/cap-visuals/chapter3_flag_symbolism_and_etiquette.png,approved,true,"Flag anatomy, history, symbolism, and etiquette, including display rules and taboos.","Flag anatomy, history, symbolism, and etiquette, including display rules and taboos.",yes,true,high,close,original_textbook_grounded,Three Wright Brothers Milestone exam forms used as style/difficulty reference only,draft,LTL1-C3-Q092,35,LTL1_C3_100
LTL1-C3-Q092,Learn to Lead Volume 1,3,The Art & The Science,LTL1-C3-F46,multiple_choice,direct_exam_style,medium,recall,What is the proper way to retire a worn or unserviceable flag?,Throw it in ordinary trash.,Use it as decoration until it falls apart.,Cut it into strips and give them away.,"Destroy it in a dignified manner, usually by burning.",D,"A worn flag should be retired respectfully, usually by burning in a dignified ceremony.","Destroy it in a dignified manner, usually by burning. is the best answer because a worn flag should be retired respectfully, usually by burning in a dignified ceremony.","Not this one. Throw it in ordinary trash. is a plausible distractor, but it does not best match the concept from Chapter 3. A worn flag should be retired respectfully, usually by burning in a dignified ceremony.","Not this one. Use it as decoration until it falls apart. is a plausible distractor, but it does not best match the concept from Chapter 3. A worn flag should be retired respectfully, usually by burning in a dignified ceremony.","Not this one. Cut it into strips and give them away. is a plausible distractor, but it does not best match the concept from Chapter 3. A worn flag should be retired respectfully, usually by burning in a dignified ceremony.","Correct. A worn flag should be retired respectfully, usually by burning in a dignified ceremony.","Flag basics: 50 stars, 13 stripes, respect always.","Review Learn to Lead Volume 1, Chapter 3, page(s) 89-92. Then explain what the flag symbolizes and how it should be displayed.",Learn to Lead Volume 1: Personal Leadership,89-92,ltl1_c3_flag_symbolism,chapter3_flag_symbolism_and_etiquette.png,/assets/cap-visuals/chapter3_flag_symbolism_and_etiquette.png,approved,true,"Flag anatomy, history, symbolism, and etiquette, including display rules and taboos.","Flag anatomy, history, symbolism, and etiquette, including display rules and taboos.",no,false,medium,close,original_textbook_grounded,Three Wright Brothers Milestone exam forms used as style/difficulty reference only,draft,LTL1-C3-Q091,35,LTL1_C3_100
LTL1-C3-Q093,Learn to Lead Volume 1,3,The Art & The Science,LTL1-C3-F47,multiple_choice,direct_exam_style,medium,recall,Which command is listed in the Chapter 3 drill and ceremonies training requirements?,"Change Step, MARCH","About, FACE","Present, ARMS","Parade, REST",A,"Change Step, MARCH is one of the required drill commands for this chapter.","Change Step, MARCH is the best answer because change Step, MARCH is one of the required drill commands for this chapter.","Correct. Change Step, MARCH is one of the required drill commands for this chapter.","Not this one. About, FACE is a plausible distractor, but it does not best match the concept from Chapter 3. Change Step, MARCH is one of the required drill commands for this chapter.","Not this one. Present, ARMS is a plausible distractor, but it does not best match the concept from Chapter 3. Change Step, MARCH is one of the required drill commands for this chapter.","Not this one. Parade, REST is a plausible distractor, but it does not best match the concept from Chapter 3. Change Step, MARCH is one of the required drill commands for this chapter.","Know the commands, then practice them hands-on.","Review Learn to Lead Volume 1, Chapter 3, page 92 and the drill manual reference list. Then say the required commands aloud from memory.",Learn to Lead Volume 1: Personal Leadership,92,ltl1_c3_drill_reference,chapter3_drill_quick_reference.png,/assets/cap-visuals/chapter3_drill_quick_reference.png,approved,true,Supplemental quick-reference for the Chapter 3 drill and ceremonies commands from the Air Force Drill & Ceremonies Manual.,Supplemental quick-reference for the Chapter 3 drill and ceremonies commands from the Air Force Drill & Ceremonies Manual.,yes,true,high,close,original_textbook_grounded,Three Wright Brothers Milestone exam forms used as style/difficulty reference only,draft,LTL1-C3-Q094,35,LTL1_C3_100
LTL1-C3-Q094,Learn to Lead Volume 1,3,The Art & The Science,LTL1-C3-F47,multiple_choice,direct_exam_style,medium,recall,Which pair is specifically listed as a required marching command combination?,"Mark Time, MARCH and Half Step, MARCH","Eyes, RIGHT and Ready, FRONT","Open Ranks, MARCH and Close Ranks, MARCH","To the Rear, MARCH and Counter Column, MARCH",B,"Eyes, RIGHT and Ready, FRONT are specifically listed in the chapter drill requirements.","Eyes, RIGHT and Ready, FRONT is the best answer because eyes, RIGHT and Ready, FRONT are specifically listed in the chapter drill requirements.","Not this one. Mark Time, MARCH and Half Step, MARCH is a plausible distractor, but it does not best match the concept from Chapter 3. Eyes, RIGHT and Ready, FRONT are specifically listed in the chapter drill requirements.","Correct. Eyes, RIGHT and Ready, FRONT are specifically listed in the chapter drill requirements.","Not this one. Open Ranks, MARCH and Close Ranks, MARCH is a plausible distractor, but it does not best match the concept from Chapter 3. Eyes, RIGHT and Ready, FRONT are specifically listed in the chapter drill requirements.","Not this one. To the Rear, MARCH and Counter Column, MARCH is a plausible distractor, but it does not best match the concept from Chapter 3. Eyes, RIGHT and Ready, FRONT are specifically listed in the chapter drill requirements.","Know the commands, then practice them hands-on.","Review Learn to Lead Volume 1, Chapter 3, page 92 and the drill manual reference list. Then say the required commands aloud from memory.",Learn to Lead Volume 1: Personal Leadership,92,ltl1_c3_drill_reference,chapter3_drill_quick_reference.png,/assets/cap-visuals/chapter3_drill_quick_reference.png,approved,true,Supplemental quick-reference for the Chapter 3 drill and ceremonies commands from the Air Force Drill & Ceremonies Manual.,Supplemental quick-reference for the Chapter 3 drill and ceremonies commands from the Air Force Drill & Ceremonies Manual.,yes,true,high,close,original_textbook_grounded,Three Wright Brothers Milestone exam forms used as style/difficulty reference only,draft,LTL1-C3-Q093,35,LTL1_C3_100
LTL1-C3-Q095,Learn to Lead Volume 1,3,The Art & The Science,LTL1-C3-F48,multiple_choice,direct_exam_style,medium,recall,Which command tells a formation to slant slightly while marching?,"Route Step, MARCH","Close, MARCH",Incline to the Left (Right),Column of Files,C,Incline to the Left (Right) is the command for a slight directional change while marching.,Incline to the Left (Right) is the best answer because incline to the Left (Right) is the command for a slight directional change while marching.,"Not this one. Route Step, MARCH is a plausible distractor, but it does not best match the concept from Chapter 3. Incline to the Left (Right) is the command for a slight directional change while marching.","Not this one. Close, MARCH is a plausible distractor, but it does not best match the concept from Chapter 3. Incline to the Left (Right) is the command for a slight directional change while marching.",Correct. Incline to the Left (Right) is the command for a slight directional change while marching.,"Not this one. Column of Files is a plausible distractor, but it does not best match the concept from Chapter 3. Incline to the Left (Right) is the command for a slight directional change while marching.","Know the commands, then practice them hands-on.","Review Learn to Lead Volume 1, Chapter 3, page 92 and the drill manual reference list. Then say the required commands aloud from memory.",Learn to Lead Volume 1: Personal Leadership,92,ltl1_c3_drill_reference,chapter3_drill_quick_reference.png,/assets/cap-visuals/chapter3_drill_quick_reference.png,approved,true,Supplemental quick-reference for the Chapter 3 drill and ceremonies commands from the Air Force Drill & Ceremonies Manual.,Supplemental quick-reference for the Chapter 3 drill and ceremonies commands from the Air Force Drill & Ceremonies Manual.,yes,true,high,close,original_textbook_grounded,Three Wright Brothers Milestone exam forms used as style/difficulty reference only,draft,LTL1-C3-Q096,35,LTL1_C3_100
LTL1-C3-Q096,Learn to Lead Volume 1,3,The Art & The Science,LTL1-C3-F48,multiple_choice,direct_exam_style,medium,recall,Which command is associated with relaxed marching while maintaining dress and cover less strictly?,"Ready, FRONT","At Close Interval, Dress Right, DRESS","Column Left, MARCH","Route Step, MARCH",D,"Route Step, MARCH is the relaxed marching command included in the training list.","Route Step, MARCH is the best answer because route Step, MARCH is the relaxed marching command included in the training list.","Not this one. Ready, FRONT is a plausible distractor, but it does not best match the concept from Chapter 3. Route Step, MARCH is the relaxed marching command included in the training list.","Not this one. At Close Interval, Dress Right, DRESS is a plausible distractor, but it does not best match the concept from Chapter 3. Route Step, MARCH is the relaxed marching command included in the training list.","Not this one. Column Left, MARCH is a plausible distractor, but it does not best match the concept from Chapter 3. Route Step, MARCH is the relaxed marching command included in the training list.","Correct. Route Step, MARCH is the relaxed marching command included in the training list.","Know the commands, then practice them hands-on.","Review Learn to Lead Volume 1, Chapter 3, page 92 and the drill manual reference list. Then say the required commands aloud from memory.",Learn to Lead Volume 1: Personal Leadership,92,ltl1_c3_drill_reference,chapter3_drill_quick_reference.png,/assets/cap-visuals/chapter3_drill_quick_reference.png,approved,true,Supplemental quick-reference for the Chapter 3 drill and ceremonies commands from the Air Force Drill & Ceremonies Manual.,Supplemental quick-reference for the Chapter 3 drill and ceremonies commands from the Air Force Drill & Ceremonies Manual.,no,false,medium,close,original_textbook_grounded,Three Wright Brothers Milestone exam forms used as style/difficulty reference only,draft,LTL1-C3-Q095,35,LTL1_C3_100
LTL1-C3-Q097,Learn to Lead Volume 1,3,The Art & The Science,LTL1-C3-F49,multiple_choice,direct_exam_style,medium,recall,Which command from Chapter 4 is specifically listed in the chapter requirements?,"Column Left (Right), MARCH and Forward, MARCH","Forward, MARCH only","Right Flank, MARCH","Open Ranks, MARCH",A,"Column Left (Right), MARCH and Forward, MARCH are specifically listed in the chapter requirements.","Column Left (Right), MARCH and Forward, MARCH is the best answer because column Left (Right), MARCH and Forward, MARCH are specifically listed in the chapter requirements.","Correct. Column Left (Right), MARCH and Forward, MARCH are specifically listed in the chapter requirements.","Not this one. Forward, MARCH only is a plausible distractor, but it does not best match the concept from Chapter 3. Column Left (Right), MARCH and Forward, MARCH are specifically listed in the chapter requirements.","Not this one. Right Flank, MARCH is a plausible distractor, but it does not best match the concept from Chapter 3. Column Left (Right), MARCH and Forward, MARCH are specifically listed in the chapter requirements.","Not this one. Open Ranks, MARCH is a plausible distractor, but it does not best match the concept from Chapter 3. Column Left (Right), MARCH and Forward, MARCH are specifically listed in the chapter requirements.","Know the commands, then practice them hands-on.","Review Learn to Lead Volume 1, Chapter 3, page 92 and the drill manual reference list. Then say the required commands aloud from memory.",Learn to Lead Volume 1: Personal Leadership,92,ltl1_c3_drill_reference,chapter3_drill_quick_reference.png,/assets/cap-visuals/chapter3_drill_quick_reference.png,approved,true,Supplemental quick-reference for the Chapter 3 drill and ceremonies commands from the Air Force Drill & Ceremonies Manual.,Supplemental quick-reference for the Chapter 3 drill and ceremonies commands from the Air Force Drill & Ceremonies Manual.,yes,true,high,close,original_textbook_grounded,Three Wright Brothers Milestone exam forms used as style/difficulty reference only,draft,LTL1-C3-Q098,35,LTL1_C3_100
LTL1-C3-Q098,Learn to Lead Volume 1,3,The Art & The Science,LTL1-C3-F49,multiple_choice,direct_exam_style,medium,recall,What command is used to place a formation into a single-file arrangement?,"Close, MARCH",Column of Files,"Dress Right, DRESS","Route Step, MARCH",B,Column of Files is the listed command for moving into files.,Column of Files is the best answer because column of Files is the listed command for moving into files.,"Not this one. Close, MARCH is a plausible distractor, but it does not best match the concept from Chapter 3. Column of Files is the listed command for moving into files.",Correct. Column of Files is the listed command for moving into files.,"Not this one. Dress Right, DRESS is a plausible distractor, but it does not best match the concept from Chapter 3. Column of Files is the listed command for moving into files.","Not this one. Route Step, MARCH is a plausible distractor, but it does not best match the concept from Chapter 3. Column of Files is the listed command for moving into files.","Know the commands, then practice them hands-on.","Review Learn to Lead Volume 1, Chapter 3, page 92 and the drill manual reference list. Then say the required commands aloud from memory.",Learn to Lead Volume 1: Personal Leadership,92,ltl1_c3_drill_reference,chapter3_drill_quick_reference.png,/assets/cap-visuals/chapter3_drill_quick_reference.png,approved,true,Supplemental quick-reference for the Chapter 3 drill and ceremonies commands from the Air Force Drill & Ceremonies Manual.,Supplemental quick-reference for the Chapter 3 drill and ceremonies commands from the Air Force Drill & Ceremonies Manual.,yes,true,high,close,original_textbook_grounded,Three Wright Brothers Milestone exam forms used as style/difficulty reference only,draft,LTL1-C3-Q097,35,LTL1_C3_100
LTL1-C3-Q099,Learn to Lead Volume 1,3,The Art & The Science,LTL1-C3-F50,multiple_choice,direct_exam_style,medium,recall,Which pair of commands adjusts spacing in a formation?,Change Step and Route Step,"Eyes, RIGHT and Ready, FRONT","Close, MARCH and Extend, MARCH",Column of Files and Incline Right,C,"Close, MARCH and Extend, MARCH are the commands used to adjust interval and spacing.","Close, MARCH and Extend, MARCH is the best answer because close, MARCH and Extend, MARCH are the commands used to adjust interval and spacing.","Not this one. Change Step and Route Step is a plausible distractor, but it does not best match the concept from Chapter 3. Close, MARCH and Extend, MARCH are the commands used to adjust interval and spacing.","Not this one. Eyes, RIGHT and Ready, FRONT is a plausible distractor, but it does not best match the concept from Chapter 3. Close, MARCH and Extend, MARCH are the commands used to adjust interval and spacing.","Correct. Close, MARCH and Extend, MARCH are the commands used to adjust interval and spacing.","Not this one. Column of Files and Incline Right is a plausible distractor, but it does not best match the concept from Chapter 3. Close, MARCH and Extend, MARCH are the commands used to adjust interval and spacing.","Know the commands, then practice them hands-on.","Review Learn to Lead Volume 1, Chapter 3, page 92 and the drill manual reference list. Then say the required commands aloud from memory.",Learn to Lead Volume 1: Personal Leadership,92,ltl1_c3_drill_reference,chapter3_drill_quick_reference.png,/assets/cap-visuals/chapter3_drill_quick_reference.png,approved,true,Supplemental quick-reference for the Chapter 3 drill and ceremonies commands from the Air Force Drill & Ceremonies Manual.,Supplemental quick-reference for the Chapter 3 drill and ceremonies commands from the Air Force Drill & Ceremonies Manual.,yes,true,high,close,original_textbook_grounded,Three Wright Brothers Milestone exam forms used as style/difficulty reference only,draft,LTL1-C3-Q100,35,LTL1_C3_100
LTL1-C3-Q100,Learn to Lead Volume 1,3,The Art & The Science,LTL1-C3-F50,multiple_choice,application_scenario,medium_hard,application,A cadet flight is preparing for inspection and the leader wants everyone aligned at close interval. Which required command fits best?,"Change Step, MARCH","Route Step, MARCH",Column of Files,"At Close Interval, Dress Right, DRESS and Ready, FRONT",D,"At Close Interval, Dress Right, DRESS and Ready, FRONT are used for close-interval alignment.","At Close Interval, Dress Right, DRESS and Ready, FRONT is the best answer because at Close Interval, Dress Right, DRESS and Ready, FRONT are used for close-interval alignment.","Not this one. Change Step, MARCH is a plausible distractor, but it does not best match the concept from Chapter 3. At Close Interval, Dress Right, DRESS and Ready, FRONT are used for close-interval alignment.","Not this one. Route Step, MARCH is a plausible distractor, but it does not best match the concept from Chapter 3. At Close Interval, Dress Right, DRESS and Ready, FRONT are used for close-interval alignment.","Not this one. Column of Files is a plausible distractor, but it does not best match the concept from Chapter 3. At Close Interval, Dress Right, DRESS and Ready, FRONT are used for close-interval alignment.","Correct. At Close Interval, Dress Right, DRESS and Ready, FRONT are used for close-interval alignment.","Know the commands, then practice them hands-on.","Review Learn to Lead Volume 1, Chapter 3, page 92 and the drill manual reference list. Then say the required commands aloud from memory.",Learn to Lead Volume 1: Personal Leadership,92,ltl1_c3_drill_reference,chapter3_drill_quick_reference.png,/assets/cap-visuals/chapter3_drill_quick_reference.png,approved,true,Supplemental quick-reference for the Chapter 3 drill and ceremonies commands from the Air Force Drill & Ceremonies Manual.,Supplemental quick-reference for the Chapter 3 drill and ceremonies commands from the Air Force Drill & Ceremonies Manual.,no,false,medium,close,original_textbook_grounded,Three Wright Brothers Milestone exam forms used as style/difficulty reference only,draft,LTL1-C3-Q099,45,LTL1_C3_100
