external_id	module_number	chapter_number	chapter_title	objective_code	concept_code	question_family_code	question_type	question_style	difficulty	cognitive_level	question_text	choice_a	choice_b	choice_c	choice_d	correct_letter	short_explanation	explanation	choice_a_explanation	choice_b_explanation	choice_c_explanation	choice_d_explanation	memory_aid	remediation_text	source_document	source_pages	source_reference_text	visual_priority	visual_type	visual_display_mode	visual_asset_key	visual_group	visual_file_name	visual_storage_path	visual_status	show_visual_button	visual_brief	visual_caption	visual_alt_text	exam_likeness	distractor_difficulty	eligible_for_final_exam	final_exam_weight	content_origin	style_reference	review_status	reinforcement_question_ids	estimated_time_seconds
AD-M2-Q001	2	1	Airplane Systems	AD2-1-reciprocating_engine	AD2-1-reciprocating_engine	AD2-1-reciprocating_engine	multiple_choice	direct_definition	medium	recall	Which answer best matches this description: an internal-combustion engine whose internal parts move back and forth while processing fuel and air?	rocket engine	reciprocating engine	electric motor	jet engine	B	An internal-combustion engine whose internal parts move back and forth while processing fuel and air.	Reciprocating engine is correct because it means an internal-combustion engine whose internal parts move back and forth while processing fuel and air.	Not this one. Rocket engine is a different Module 2 concept; the wording or scenario matches reciprocating engine.	Correct. An internal-combustion engine whose internal parts move back and forth while processing fuel and air.	Not this one. Electric motor is a different Module 2 concept; the wording or scenario matches reciprocating engine.	Not this one. Jet engine is a different Module 2 concept; the wording or scenario matches reciprocating engine.	Reciprocating = back-and-forth motion.	Review Module 2, Chapter 1, pages 1-4, then explain reciprocating engine in your own words.	Aerospace Dimensions Module 2: Aircraft Systems and Airports	1-4	Module 2, Chapter 1, pages 1-4	high	educational_infographic	optional_after_answer	recip_engine_cycle	recip_engine_cycle	module2_reciprocating_engine_cycle.png	/assets/cap-visuals/module2_reciprocating_engine_cycle.png	approved	true	Four-stroke engine parts and intake-compression-power-exhaust cycle.	Four-stroke engine parts and intake-compression-power-exhaust cycle.	Four-stroke engine parts and intake-compression-power-exhaust cycle.	high	close	true	1.0	original_textbook_grounded	Mitchell_Aerospace_sample_style_analysis	draft	AD-M2-Q002	35
AD-M2-Q002	2	1	Airplane Systems	AD2-1-reciprocating_engine	AD2-1-reciprocating_engine	AD2-1-reciprocating_engine	multiple_choice	brief_application	medium_hard	application	Which concept best explains this situation? A piston repeatedly moves up and down inside a cylinder while fuel and air are burned.	reciprocating engine	rocket engine	jet engine	electric motor	A	An internal-combustion engine whose internal parts move back and forth while processing fuel and air.	Reciprocating engine is correct because it means an internal-combustion engine whose internal parts move back and forth while processing fuel and air.	Correct. An internal-combustion engine whose internal parts move back and forth while processing fuel and air.	Not this one. Rocket engine is a different Module 2 concept; the wording or scenario matches reciprocating engine.	Not this one. Jet engine is a different Module 2 concept; the wording or scenario matches reciprocating engine.	Not this one. Electric motor is a different Module 2 concept; the wording or scenario matches reciprocating engine.	Reciprocating = back-and-forth motion.	Review Module 2, Chapter 1, pages 1-4, then explain reciprocating engine in your own words.	Aerospace Dimensions Module 2: Aircraft Systems and Airports	1-4	Module 2, Chapter 1, pages 1-4	high	educational_infographic	optional_after_answer	recip_engine_cycle	recip_engine_cycle	module2_reciprocating_engine_cycle.png	/assets/cap-visuals/module2_reciprocating_engine_cycle.png	approved	true	Four-stroke engine parts and intake-compression-power-exhaust cycle.	Four-stroke engine parts and intake-compression-power-exhaust cycle.	Four-stroke engine parts and intake-compression-power-exhaust cycle.	high	close	true	0.8	original_textbook_grounded	Mitchell_Aerospace_sample_style_analysis	draft	AD-M2-Q001	45
AD-M2-Q003	2	1	Airplane Systems	AD2-1-powerplant	AD2-1-powerplant	AD2-1-powerplant	multiple_choice	direct_definition	medium	recall	Which answer best matches this description: the airplane engine together with the accessories that use part of its energy?	powerplant	airframe	carburetor	propeller	A	The airplane engine together with the accessories that use part of its energy.	Powerplant is correct because it means the airplane engine together with the accessories that use part of its energy.	Correct. The airplane engine together with the accessories that use part of its energy.	Not this one. Airframe is a different Module 2 concept; the wording or scenario matches powerplant.	Not this one. Carburetor is a different Module 2 concept; the wording or scenario matches powerplant.	Not this one. Propeller is a different Module 2 concept; the wording or scenario matches powerplant.	Powerplant = engine + accessories.	Review Module 2, Chapter 1, pages 1-2, then explain powerplant in your own words.	Aerospace Dimensions Module 2: Aircraft Systems and Airports	1-2	Module 2, Chapter 1, pages 1-2	high	educational_infographic	optional_after_answer	electrical_jet_engine	electrical_jet_engine	module2_electrical_and_jet_engine.png	/assets/cap-visuals/module2_electrical_and_jet_engine.png	approved	true	Magneto versus alternator plus fan-compressor-burner-turbine jet flow.	Magneto versus alternator plus fan-compressor-burner-turbine jet flow.	Magneto versus alternator plus fan-compressor-burner-turbine jet flow.	high	close	true	1.0	original_textbook_grounded	Mitchell_Aerospace_sample_style_analysis	draft	AD-M2-Q004	35
AD-M2-Q004	2	1	Airplane Systems	AD2-1-powerplant	AD2-1-powerplant	AD2-1-powerplant	multiple_choice	brief_application	medium_hard	application	Which concept best explains this situation? The engine also supplies energy to accessories such as electrical and cabin systems.	airframe	powerplant	propeller	carburetor	B	The airplane engine together with the accessories that use part of its energy.	Powerplant is correct because it means the airplane engine together with the accessories that use part of its energy.	Not this one. Airframe is a different Module 2 concept; the wording or scenario matches powerplant.	Correct. The airplane engine together with the accessories that use part of its energy.	Not this one. Propeller is a different Module 2 concept; the wording or scenario matches powerplant.	Not this one. Carburetor is a different Module 2 concept; the wording or scenario matches powerplant.	Powerplant = engine + accessories.	Review Module 2, Chapter 1, pages 1-2, then explain powerplant in your own words.	Aerospace Dimensions Module 2: Aircraft Systems and Airports	1-2	Module 2, Chapter 1, pages 1-2	high	educational_infographic	optional_after_answer	electrical_jet_engine	electrical_jet_engine	module2_electrical_and_jet_engine.png	/assets/cap-visuals/module2_electrical_and_jet_engine.png	approved	true	Magneto versus alternator plus fan-compressor-burner-turbine jet flow.	Magneto versus alternator plus fan-compressor-burner-turbine jet flow.	Magneto versus alternator plus fan-compressor-burner-turbine jet flow.	high	close	false	0.8	original_textbook_grounded	Mitchell_Aerospace_sample_style_analysis	draft	AD-M2-Q003	45
AD-M2-Q005	2	1	Airplane Systems	AD2-1-intake_valve	AD2-1-intake_valve	AD2-1-intake_valve	multiple_choice	direct_definition	medium	recall	Which answer best matches this description: the valve that opens to let the fuel-air mixture enter the cylinder?	intake valve	fuel selector	throttle valve	exhaust valve	A	The valve that opens to let the fuel-air mixture enter the cylinder.	Intake valve is correct because it means the valve that opens to let the fuel-air mixture enter the cylinder.	Correct. The valve that opens to let the fuel-air mixture enter the cylinder.	Not this one. Fuel selector is a different Module 2 concept; the wording or scenario matches intake valve.	Not this one. Throttle valve is a different Module 2 concept; the wording or scenario matches intake valve.	Not this one. Exhaust valve is a different Module 2 concept; the wording or scenario matches intake valve.	Intake lets mixture in.	Review Module 2, Chapter 1, pages 2-4, then explain intake valve in your own words.	Aerospace Dimensions Module 2: Aircraft Systems and Airports	2-4	Module 2, Chapter 1, pages 2-4	high	educational_infographic	optional_after_answer	recip_engine_cycle	recip_engine_cycle	module2_reciprocating_engine_cycle.png	/assets/cap-visuals/module2_reciprocating_engine_cycle.png	approved	true	Four-stroke engine parts and intake-compression-power-exhaust cycle.	Four-stroke engine parts and intake-compression-power-exhaust cycle.	Four-stroke engine parts and intake-compression-power-exhaust cycle.	high	close	true	1.0	original_textbook_grounded	Mitchell_Aerospace_sample_style_analysis	draft	AD-M2-Q006	35
AD-M2-Q006	2	1	Airplane Systems	AD2-1-intake_valve	AD2-1-intake_valve	AD2-1-intake_valve	multiple_choice	brief_application	medium_hard	application	Which concept best explains this situation? During the first stroke, the piston moves down while this valve opens.	throttle valve	intake valve	exhaust valve	fuel selector	B	The valve that opens to let the fuel-air mixture enter the cylinder.	Intake valve is correct because it means the valve that opens to let the fuel-air mixture enter the cylinder.	Not this one. Throttle valve is a different Module 2 concept; the wording or scenario matches intake valve.	Correct. The valve that opens to let the fuel-air mixture enter the cylinder.	Not this one. Exhaust valve is a different Module 2 concept; the wording or scenario matches intake valve.	Not this one. Fuel selector is a different Module 2 concept; the wording or scenario matches intake valve.	Intake lets mixture in.	Review Module 2, Chapter 1, pages 2-4, then explain intake valve in your own words.	Aerospace Dimensions Module 2: Aircraft Systems and Airports	2-4	Module 2, Chapter 1, pages 2-4	high	educational_infographic	optional_after_answer	recip_engine_cycle	recip_engine_cycle	module2_reciprocating_engine_cycle.png	/assets/cap-visuals/module2_reciprocating_engine_cycle.png	approved	true	Four-stroke engine parts and intake-compression-power-exhaust cycle.	Four-stroke engine parts and intake-compression-power-exhaust cycle.	Four-stroke engine parts and intake-compression-power-exhaust cycle.	high	close	true	0.8	original_textbook_grounded	Mitchell_Aerospace_sample_style_analysis	draft	AD-M2-Q005	45
AD-M2-Q007	2	1	Airplane Systems	AD2-1-exhaust_valve	AD2-1-exhaust_valve	AD2-1-exhaust_valve	multiple_choice	direct_definition	medium	recall	Which answer best matches this description: the valve that opens so burned gases can leave the cylinder?	intake valve	exhaust valve	mixture control	primer	B	The valve that opens so burned gases can leave the cylinder.	Exhaust valve is correct because it means the valve that opens so burned gases can leave the cylinder.	Not this one. Intake valve is a different Module 2 concept; the wording or scenario matches exhaust valve.	Correct. The valve that opens so burned gases can leave the cylinder.	Not this one. Mixture control is a different Module 2 concept; the wording or scenario matches exhaust valve.	Not this one. Primer is a different Module 2 concept; the wording or scenario matches exhaust valve.	Exhaust lets gases out.	Review Module 2, Chapter 1, pages 2-4, then explain exhaust valve in your own words.	Aerospace Dimensions Module 2: Aircraft Systems and Airports	2-4	Module 2, Chapter 1, pages 2-4	high	educational_infographic	optional_after_answer	recip_engine_cycle	recip_engine_cycle	module2_reciprocating_engine_cycle.png	/assets/cap-visuals/module2_reciprocating_engine_cycle.png	approved	true	Four-stroke engine parts and intake-compression-power-exhaust cycle.	Four-stroke engine parts and intake-compression-power-exhaust cycle.	Four-stroke engine parts and intake-compression-power-exhaust cycle.	high	close	true	1.0	original_textbook_grounded	Mitchell_Aerospace_sample_style_analysis	draft	AD-M2-Q008	35
AD-M2-Q008	2	1	Airplane Systems	AD2-1-exhaust_valve	AD2-1-exhaust_valve	AD2-1-exhaust_valve	multiple_choice	brief_application	medium_hard	application	Which concept best explains this situation? At the end of the operating cycle, burned gases are pushed out through this opening.	primer	mixture control	exhaust valve	intake valve	C	The valve that opens so burned gases can leave the cylinder.	Exhaust valve is correct because it means the valve that opens so burned gases can leave the cylinder.	Not this one. Primer is a different Module 2 concept; the wording or scenario matches exhaust valve.	Not this one. Mixture control is a different Module 2 concept; the wording or scenario matches exhaust valve.	Correct. The valve that opens so burned gases can leave the cylinder.	Not this one. Intake valve is a different Module 2 concept; the wording or scenario matches exhaust valve.	Exhaust lets gases out.	Review Module 2, Chapter 1, pages 2-4, then explain exhaust valve in your own words.	Aerospace Dimensions Module 2: Aircraft Systems and Airports	2-4	Module 2, Chapter 1, pages 2-4	high	educational_infographic	optional_after_answer	recip_engine_cycle	recip_engine_cycle	module2_reciprocating_engine_cycle.png	/assets/cap-visuals/module2_reciprocating_engine_cycle.png	approved	true	Four-stroke engine parts and intake-compression-power-exhaust cycle.	Four-stroke engine parts and intake-compression-power-exhaust cycle.	Four-stroke engine parts and intake-compression-power-exhaust cycle.	high	close	false	0.8	original_textbook_grounded	Mitchell_Aerospace_sample_style_analysis	draft	AD-M2-Q007	45
AD-M2-Q009	2	1	Airplane Systems	AD2-1-horizontally_opposed_engine	AD2-1-horizontally_opposed_engine	AD2-1-horizontally_opposed_engine	multiple_choice	direct_definition	medium	recall	Which answer best matches this description: a common general-aviation engine arrangement with two banks of cylinders opposite each other?	in-line engine	horizontally opposed engine	radial engine	V engine	B	A common general-aviation engine arrangement with two banks of cylinders opposite each other.	Horizontally opposed engine is correct because it means a common general-aviation engine arrangement with two banks of cylinders opposite each other.	Not this one. In-line engine is a different Module 2 concept; the wording or scenario matches horizontally opposed engine.	Correct. A common general-aviation engine arrangement with two banks of cylinders opposite each other.	Not this one. Radial engine is a different Module 2 concept; the wording or scenario matches horizontally opposed engine.	Not this one. V engine is a different Module 2 concept; the wording or scenario matches horizontally opposed engine.	Opposed = cylinders face each other.	Review Module 2, Chapter 1, pages 3, then explain horizontally opposed engine in your own words.	Aerospace Dimensions Module 2: Aircraft Systems and Airports	3	Module 2, Chapter 1, pages 3	high	educational_infographic	optional_after_answer	recip_engine_cycle	recip_engine_cycle	module2_reciprocating_engine_cycle.png	/assets/cap-visuals/module2_reciprocating_engine_cycle.png	approved	true	Four-stroke engine parts and intake-compression-power-exhaust cycle.	Four-stroke engine parts and intake-compression-power-exhaust cycle.	Four-stroke engine parts and intake-compression-power-exhaust cycle.	high	close	true	1.0	original_textbook_grounded	Mitchell_Aerospace_sample_style_analysis	draft	AD-M2-Q010	35
AD-M2-Q010	2	1	Airplane Systems	AD2-1-horizontally_opposed_engine	AD2-1-horizontally_opposed_engine	AD2-1-horizontally_opposed_engine	multiple_choice	brief_application	medium_hard	application	Which concept best explains this situation? A small airplane engine has four or six cylinders arranged in two opposing banks for a narrow frontal area.	horizontally opposed engine	radial engine	in-line engine	V engine	A	A common general-aviation engine arrangement with two banks of cylinders opposite each other.	Horizontally opposed engine is correct because it means a common general-aviation engine arrangement with two banks of cylinders opposite each other.	Correct. A common general-aviation engine arrangement with two banks of cylinders opposite each other.	Not this one. Radial engine is a different Module 2 concept; the wording or scenario matches horizontally opposed engine.	Not this one. In-line engine is a different Module 2 concept; the wording or scenario matches horizontally opposed engine.	Not this one. V engine is a different Module 2 concept; the wording or scenario matches horizontally opposed engine.	Opposed = cylinders face each other.	Review Module 2, Chapter 1, pages 3, then explain horizontally opposed engine in your own words.	Aerospace Dimensions Module 2: Aircraft Systems and Airports	3	Module 2, Chapter 1, pages 3	high	educational_infographic	optional_after_answer	recip_engine_cycle	recip_engine_cycle	module2_reciprocating_engine_cycle.png	/assets/cap-visuals/module2_reciprocating_engine_cycle.png	approved	true	Four-stroke engine parts and intake-compression-power-exhaust cycle.	Four-stroke engine parts and intake-compression-power-exhaust cycle.	Four-stroke engine parts and intake-compression-power-exhaust cycle.	high	close	true	0.8	original_textbook_grounded	Mitchell_Aerospace_sample_style_analysis	draft	AD-M2-Q009	45
AD-M2-Q011	2	1	Airplane Systems	AD2-1-four_stroke_cycle	AD2-1-four_stroke_cycle	AD2-1-four_stroke_cycle	multiple_choice	direct_definition	medium	recall	Which answer best matches this description: the recurring intake, compression, power, and exhaust sequence in a reciprocating engine?	fuel metering cycle	two-stroke cycle	jet cycle	four-stroke cycle	D	The recurring intake, compression, power, and exhaust sequence in a reciprocating engine.	Four-stroke cycle is correct because it means the recurring intake, compression, power, and exhaust sequence in a reciprocating engine.	Not this one. Fuel metering cycle is a different Module 2 concept; the wording or scenario matches four-stroke cycle.	Not this one. Two-stroke cycle is a different Module 2 concept; the wording or scenario matches four-stroke cycle.	Not this one. Jet cycle is a different Module 2 concept; the wording or scenario matches four-stroke cycle.	Correct. The recurring intake, compression, power, and exhaust sequence in a reciprocating engine.	I-C-P-E: Intake, Compression, Power, Exhaust.	Review Module 2, Chapter 1, pages 3-4, then explain four-stroke cycle in your own words.	Aerospace Dimensions Module 2: Aircraft Systems and Airports	3-4	Module 2, Chapter 1, pages 3-4	high	educational_infographic	optional_after_answer	recip_engine_cycle	recip_engine_cycle	module2_reciprocating_engine_cycle.png	/assets/cap-visuals/module2_reciprocating_engine_cycle.png	approved	true	Four-stroke engine parts and intake-compression-power-exhaust cycle.	Four-stroke engine parts and intake-compression-power-exhaust cycle.	Four-stroke engine parts and intake-compression-power-exhaust cycle.	high	close	true	1.0	original_textbook_grounded	Mitchell_Aerospace_sample_style_analysis	draft	AD-M2-Q012	35
AD-M2-Q012	2	1	Airplane Systems	AD2-1-four_stroke_cycle	AD2-1-four_stroke_cycle	AD2-1-four_stroke_cycle	multiple_choice	brief_application	medium_hard	application	Which concept best explains this situation? Fuel-air enters, is squeezed, ignited for power, and then the gases are expelled.	fuel metering cycle	four-stroke cycle	two-stroke cycle	jet cycle	B	The recurring intake, compression, power, and exhaust sequence in a reciprocating engine.	Four-stroke cycle is correct because it means the recurring intake, compression, power, and exhaust sequence in a reciprocating engine.	Not this one. Fuel metering cycle is a different Module 2 concept; the wording or scenario matches four-stroke cycle.	Correct. The recurring intake, compression, power, and exhaust sequence in a reciprocating engine.	Not this one. Two-stroke cycle is a different Module 2 concept; the wording or scenario matches four-stroke cycle.	Not this one. Jet cycle is a different Module 2 concept; the wording or scenario matches four-stroke cycle.	I-C-P-E: Intake, Compression, Power, Exhaust.	Review Module 2, Chapter 1, pages 3-4, then explain four-stroke cycle in your own words.	Aerospace Dimensions Module 2: Aircraft Systems and Airports	3-4	Module 2, Chapter 1, pages 3-4	high	educational_infographic	optional_after_answer	recip_engine_cycle	recip_engine_cycle	module2_reciprocating_engine_cycle.png	/assets/cap-visuals/module2_reciprocating_engine_cycle.png	approved	true	Four-stroke engine parts and intake-compression-power-exhaust cycle.	Four-stroke engine parts and intake-compression-power-exhaust cycle.	Four-stroke engine parts and intake-compression-power-exhaust cycle.	high	close	false	0.8	original_textbook_grounded	Mitchell_Aerospace_sample_style_analysis	draft	AD-M2-Q011	45
AD-M2-Q013	2	1	Airplane Systems	AD2-1-intake_stroke	AD2-1-intake_stroke	AD2-1-intake_stroke	multiple_choice	direct_definition	medium	recall	Which answer best matches this description: the stroke in which the piston moves downward and draws the fuel-air mixture into the cylinder?	exhaust stroke	compression stroke	power stroke	intake stroke	D	The stroke in which the piston moves downward and draws the fuel-air mixture into the cylinder.	Intake stroke is correct because it means the stroke in which the piston moves downward and draws the fuel-air mixture into the cylinder.	Not this one. Exhaust stroke is a different Module 2 concept; the wording or scenario matches intake stroke.	Not this one. Compression stroke is a different Module 2 concept; the wording or scenario matches intake stroke.	Not this one. Power stroke is a different Module 2 concept; the wording or scenario matches intake stroke.	Correct. The stroke in which the piston moves downward and draws the fuel-air mixture into the cylinder.	Intake = piston down, mixture in.	Review Module 2, Chapter 1, pages 3-4, then explain intake stroke in your own words.	Aerospace Dimensions Module 2: Aircraft Systems and Airports	3-4	Module 2, Chapter 1, pages 3-4	high	educational_infographic	optional_after_answer	recip_engine_cycle	recip_engine_cycle	module2_reciprocating_engine_cycle.png	/assets/cap-visuals/module2_reciprocating_engine_cycle.png	approved	true	Four-stroke engine parts and intake-compression-power-exhaust cycle.	Four-stroke engine parts and intake-compression-power-exhaust cycle.	Four-stroke engine parts and intake-compression-power-exhaust cycle.	high	close	true	1.0	original_textbook_grounded	Mitchell_Aerospace_sample_style_analysis	draft	AD-M2-Q014	35
AD-M2-Q014	2	1	Airplane Systems	AD2-1-intake_stroke	AD2-1-intake_stroke	AD2-1-intake_stroke	multiple_choice	brief_application	medium_hard	application	Which concept best explains this situation? The intake valve is open while the piston moves downward.	intake stroke	exhaust stroke	power stroke	compression stroke	A	The stroke in which the piston moves downward and draws the fuel-air mixture into the cylinder.	Intake stroke is correct because it means the stroke in which the piston moves downward and draws the fuel-air mixture into the cylinder.	Correct. The stroke in which the piston moves downward and draws the fuel-air mixture into the cylinder.	Not this one. Exhaust stroke is a different Module 2 concept; the wording or scenario matches intake stroke.	Not this one. Power stroke is a different Module 2 concept; the wording or scenario matches intake stroke.	Not this one. Compression stroke is a different Module 2 concept; the wording or scenario matches intake stroke.	Intake = piston down, mixture in.	Review Module 2, Chapter 1, pages 3-4, then explain intake stroke in your own words.	Aerospace Dimensions Module 2: Aircraft Systems and Airports	3-4	Module 2, Chapter 1, pages 3-4	high	educational_infographic	optional_after_answer	recip_engine_cycle	recip_engine_cycle	module2_reciprocating_engine_cycle.png	/assets/cap-visuals/module2_reciprocating_engine_cycle.png	approved	true	Four-stroke engine parts and intake-compression-power-exhaust cycle.	Four-stroke engine parts and intake-compression-power-exhaust cycle.	Four-stroke engine parts and intake-compression-power-exhaust cycle.	high	close	true	0.8	original_textbook_grounded	Mitchell_Aerospace_sample_style_analysis	draft	AD-M2-Q013	45
AD-M2-Q015	2	1	Airplane Systems	AD2-1-compression_stroke	AD2-1-compression_stroke	AD2-1-compression_stroke	multiple_choice	direct_definition	medium	recall	Which answer best matches this description: the stroke in which the piston moves upward and compresses the trapped fuel-air mixture?	compression stroke	exhaust stroke	intake stroke	power stroke	A	The stroke in which the piston moves upward and compresses the trapped fuel-air mixture.	Compression stroke is correct because it means the stroke in which the piston moves upward and compresses the trapped fuel-air mixture.	Correct. The stroke in which the piston moves upward and compresses the trapped fuel-air mixture.	Not this one. Exhaust stroke is a different Module 2 concept; the wording or scenario matches compression stroke.	Not this one. Intake stroke is a different Module 2 concept; the wording or scenario matches compression stroke.	Not this one. Power stroke is a different Module 2 concept; the wording or scenario matches compression stroke.	Compression = piston up, mixture squeezed.	Review Module 2, Chapter 1, pages 3-4, then explain compression stroke in your own words.	Aerospace Dimensions Module 2: Aircraft Systems and Airports	3-4	Module 2, Chapter 1, pages 3-4	high	educational_infographic	optional_after_answer	recip_engine_cycle	recip_engine_cycle	module2_reciprocating_engine_cycle.png	/assets/cap-visuals/module2_reciprocating_engine_cycle.png	approved	true	Four-stroke engine parts and intake-compression-power-exhaust cycle.	Four-stroke engine parts and intake-compression-power-exhaust cycle.	Four-stroke engine parts and intake-compression-power-exhaust cycle.	high	close	true	1.0	original_textbook_grounded	Mitchell_Aerospace_sample_style_analysis	draft	AD-M2-Q016	35
AD-M2-Q016	2	1	Airplane Systems	AD2-1-compression_stroke	AD2-1-compression_stroke	AD2-1-compression_stroke	multiple_choice	brief_application	medium_hard	application	Which concept best explains this situation? Both valves are closed while the piston squeezes the mixture.	power stroke	compression stroke	exhaust stroke	intake stroke	B	The stroke in which the piston moves upward and compresses the trapped fuel-air mixture.	Compression stroke is correct because it means the stroke in which the piston moves upward and compresses the trapped fuel-air mixture.	Not this one. Power stroke is a different Module 2 concept; the wording or scenario matches compression stroke.	Correct. The stroke in which the piston moves upward and compresses the trapped fuel-air mixture.	Not this one. Exhaust stroke is a different Module 2 concept; the wording or scenario matches compression stroke.	Not this one. Intake stroke is a different Module 2 concept; the wording or scenario matches compression stroke.	Compression = piston up, mixture squeezed.	Review Module 2, Chapter 1, pages 3-4, then explain compression stroke in your own words.	Aerospace Dimensions Module 2: Aircraft Systems and Airports	3-4	Module 2, Chapter 1, pages 3-4	high	educational_infographic	optional_after_answer	recip_engine_cycle	recip_engine_cycle	module2_reciprocating_engine_cycle.png	/assets/cap-visuals/module2_reciprocating_engine_cycle.png	approved	true	Four-stroke engine parts and intake-compression-power-exhaust cycle.	Four-stroke engine parts and intake-compression-power-exhaust cycle.	Four-stroke engine parts and intake-compression-power-exhaust cycle.	high	close	false	0.8	original_textbook_grounded	Mitchell_Aerospace_sample_style_analysis	draft	AD-M2-Q015	45
AD-M2-Q017	2	1	Airplane Systems	AD2-1-power_stroke	AD2-1-power_stroke	AD2-1-power_stroke	multiple_choice	direct_definition	medium	recall	Which answer best matches this description: the stroke in which ignition forces the piston downward and sends energy to the crankshaft?	exhaust stroke	power stroke	intake stroke	compression stroke	B	The stroke in which ignition forces the piston downward and sends energy to the crankshaft.	Power stroke is correct because it means the stroke in which ignition forces the piston downward and sends energy to the crankshaft.	Not this one. Exhaust stroke is a different Module 2 concept; the wording or scenario matches power stroke.	Correct. The stroke in which ignition forces the piston downward and sends energy to the crankshaft.	Not this one. Intake stroke is a different Module 2 concept; the wording or scenario matches power stroke.	Not this one. Compression stroke is a different Module 2 concept; the wording or scenario matches power stroke.	Power = spark, push down.	Review Module 2, Chapter 1, pages 4, then explain power stroke in your own words.	Aerospace Dimensions Module 2: Aircraft Systems and Airports	4	Module 2, Chapter 1, pages 4	high	educational_infographic	optional_after_answer	recip_engine_cycle	recip_engine_cycle	module2_reciprocating_engine_cycle.png	/assets/cap-visuals/module2_reciprocating_engine_cycle.png	approved	true	Four-stroke engine parts and intake-compression-power-exhaust cycle.	Four-stroke engine parts and intake-compression-power-exhaust cycle.	Four-stroke engine parts and intake-compression-power-exhaust cycle.	high	close	true	1.0	original_textbook_grounded	Mitchell_Aerospace_sample_style_analysis	draft	AD-M2-Q018	35
AD-M2-Q018	2	1	Airplane Systems	AD2-1-power_stroke	AD2-1-power_stroke	AD2-1-power_stroke	multiple_choice	brief_application	medium_hard	application	Which concept best explains this situation? A spark ignites the compressed mixture and the expanding gases drive the piston down.	exhaust stroke	intake stroke	compression stroke	power stroke	D	The stroke in which ignition forces the piston downward and sends energy to the crankshaft.	Power stroke is correct because it means the stroke in which ignition forces the piston downward and sends energy to the crankshaft.	Not this one. Exhaust stroke is a different Module 2 concept; the wording or scenario matches power stroke.	Not this one. Intake stroke is a different Module 2 concept; the wording or scenario matches power stroke.	Not this one. Compression stroke is a different Module 2 concept; the wording or scenario matches power stroke.	Correct. The stroke in which ignition forces the piston downward and sends energy to the crankshaft.	Power = spark, push down.	Review Module 2, Chapter 1, pages 4, then explain power stroke in your own words.	Aerospace Dimensions Module 2: Aircraft Systems and Airports	4	Module 2, Chapter 1, pages 4	high	educational_infographic	optional_after_answer	recip_engine_cycle	recip_engine_cycle	module2_reciprocating_engine_cycle.png	/assets/cap-visuals/module2_reciprocating_engine_cycle.png	approved	true	Four-stroke engine parts and intake-compression-power-exhaust cycle.	Four-stroke engine parts and intake-compression-power-exhaust cycle.	Four-stroke engine parts and intake-compression-power-exhaust cycle.	high	close	true	0.8	original_textbook_grounded	Mitchell_Aerospace_sample_style_analysis	draft	AD-M2-Q017	45
AD-M2-Q019	2	1	Airplane Systems	AD2-1-exhaust_stroke	AD2-1-exhaust_stroke	AD2-1-exhaust_stroke	multiple_choice	direct_definition	medium	recall	Which answer best matches this description: the stroke in which the piston moves upward and pushes burned gases out?	exhaust stroke	intake stroke	compression stroke	power stroke	A	The stroke in which the piston moves upward and pushes burned gases out.	Exhaust stroke is correct because it means the stroke in which the piston moves upward and pushes burned gases out.	Correct. The stroke in which the piston moves upward and pushes burned gases out.	Not this one. Intake stroke is a different Module 2 concept; the wording or scenario matches exhaust stroke.	Not this one. Compression stroke is a different Module 2 concept; the wording or scenario matches exhaust stroke.	Not this one. Power stroke is a different Module 2 concept; the wording or scenario matches exhaust stroke.	Exhaust = piston up, gases out.	Review Module 2, Chapter 1, pages 4, then explain exhaust stroke in your own words.	Aerospace Dimensions Module 2: Aircraft Systems and Airports	4	Module 2, Chapter 1, pages 4	high	educational_infographic	optional_after_answer	recip_engine_cycle	recip_engine_cycle	module2_reciprocating_engine_cycle.png	/assets/cap-visuals/module2_reciprocating_engine_cycle.png	approved	true	Four-stroke engine parts and intake-compression-power-exhaust cycle.	Four-stroke engine parts and intake-compression-power-exhaust cycle.	Four-stroke engine parts and intake-compression-power-exhaust cycle.	high	close	true	1.0	original_textbook_grounded	Mitchell_Aerospace_sample_style_analysis	draft	AD-M2-Q020	35
AD-M2-Q020	2	1	Airplane Systems	AD2-1-exhaust_stroke	AD2-1-exhaust_stroke	AD2-1-exhaust_stroke	multiple_choice	brief_application	medium_hard	application	Which concept best explains this situation? The exhaust valve opens while the piston rises.	intake stroke	compression stroke	exhaust stroke	power stroke	C	The stroke in which the piston moves upward and pushes burned gases out.	Exhaust stroke is correct because it means the stroke in which the piston moves upward and pushes burned gases out.	Not this one. Intake stroke is a different Module 2 concept; the wording or scenario matches exhaust stroke.	Not this one. Compression stroke is a different Module 2 concept; the wording or scenario matches exhaust stroke.	Correct. The stroke in which the piston moves upward and pushes burned gases out.	Not this one. Power stroke is a different Module 2 concept; the wording or scenario matches exhaust stroke.	Exhaust = piston up, gases out.	Review Module 2, Chapter 1, pages 4, then explain exhaust stroke in your own words.	Aerospace Dimensions Module 2: Aircraft Systems and Airports	4	Module 2, Chapter 1, pages 4	high	educational_infographic	optional_after_answer	recip_engine_cycle	recip_engine_cycle	module2_reciprocating_engine_cycle.png	/assets/cap-visuals/module2_reciprocating_engine_cycle.png	approved	true	Four-stroke engine parts and intake-compression-power-exhaust cycle.	Four-stroke engine parts and intake-compression-power-exhaust cycle.	Four-stroke engine parts and intake-compression-power-exhaust cycle.	high	close	false	0.8	original_textbook_grounded	Mitchell_Aerospace_sample_style_analysis	draft	AD-M2-Q019	45
AD-M2-Q021	2	1	Airplane Systems	AD2-1-stoichiometric_ratio	AD2-1-stoichiometric_ratio	AD2-1-stoichiometric_ratio	multiple_choice	direct_definition	medium	recall	Which answer best matches this description: a fuel-air ratio of about 15 parts air to 1 part gasoline in which theoretically all fuel is burned?	stoichiometric ratio	rich mixture	12-to-1 operating mixture	lean mixture	A	A fuel-air ratio of about 15 parts air to 1 part gasoline in which theoretically all fuel is burned.	Stoichiometric ratio is correct because it means a fuel-air ratio of about 15 parts air to 1 part gasoline in which theoretically all fuel is burned.	Correct. A fuel-air ratio of about 15 parts air to 1 part gasoline in which theoretically all fuel is burned.	Not this one. Rich mixture is a different Module 2 concept; the wording or scenario matches stoichiometric ratio.	Not this one. 12-to-1 operating mixture is a different Module 2 concept; the wording or scenario matches stoichiometric ratio.	Not this one. Lean mixture is a different Module 2 concept; the wording or scenario matches stoichiometric ratio.	Stoich = 15 air : 1 fuel.	Review Module 2, Chapter 1, pages 5, then explain stoichiometric ratio in your own words.	Aerospace Dimensions Module 2: Aircraft Systems and Airports	5	Module 2, Chapter 1, pages 5	high	educational_infographic	optional_after_answer	fuel_carb_controls	fuel_carb_controls	module2_fuel_carburetor_controls.png	/assets/cap-visuals/module2_fuel_carburetor_controls.png	approved	true	Fuel-air mixture, carburetor venturi, throttle, mixture, and carb heat.	Fuel-air mixture, carburetor venturi, throttle, mixture, and carb heat.	Fuel-air mixture, carburetor venturi, throttle, mixture, and carb heat.	high	close	true	1.0	original_textbook_grounded	Mitchell_Aerospace_sample_style_analysis	draft	AD-M2-Q022	35
AD-M2-Q022	2	1	Airplane Systems	AD2-1-stoichiometric_ratio	AD2-1-stoichiometric_ratio	AD2-1-stoichiometric_ratio	multiple_choice	brief_application	medium_hard	application	Which concept best explains this situation? A chemistry example uses 15 parts air for every 1 part gasoline.	stoichiometric ratio	lean mixture	12-to-1 operating mixture	rich mixture	A	A fuel-air ratio of about 15 parts air to 1 part gasoline in which theoretically all fuel is burned.	Stoichiometric ratio is correct because it means a fuel-air ratio of about 15 parts air to 1 part gasoline in which theoretically all fuel is burned.	Correct. A fuel-air ratio of about 15 parts air to 1 part gasoline in which theoretically all fuel is burned.	Not this one. Lean mixture is a different Module 2 concept; the wording or scenario matches stoichiometric ratio.	Not this one. 12-to-1 operating mixture is a different Module 2 concept; the wording or scenario matches stoichiometric ratio.	Not this one. Rich mixture is a different Module 2 concept; the wording or scenario matches stoichiometric ratio.	Stoich = 15 air : 1 fuel.	Review Module 2, Chapter 1, pages 5, then explain stoichiometric ratio in your own words.	Aerospace Dimensions Module 2: Aircraft Systems and Airports	5	Module 2, Chapter 1, pages 5	high	educational_infographic	optional_after_answer	fuel_carb_controls	fuel_carb_controls	module2_fuel_carburetor_controls.png	/assets/cap-visuals/module2_fuel_carburetor_controls.png	approved	true	Fuel-air mixture, carburetor venturi, throttle, mixture, and carb heat.	Fuel-air mixture, carburetor venturi, throttle, mixture, and carb heat.	Fuel-air mixture, carburetor venturi, throttle, mixture, and carb heat.	high	close	true	0.8	original_textbook_grounded	Mitchell_Aerospace_sample_style_analysis	draft	AD-M2-Q021	45
AD-M2-Q023	2	1	Airplane Systems	AD2-1-rich_mixture	AD2-1-rich_mixture	AD2-1-rich_mixture	multiple_choice	direct_definition	medium	recall	Which answer best matches this description: a fuel-air mixture with more gasoline and less air than needed for normal combustion?	pure air	rich mixture	stoichiometric ratio	lean mixture	B	A fuel-air mixture with more gasoline and less air than needed for normal combustion.	Rich mixture is correct because it means a fuel-air mixture with more gasoline and less air than needed for normal combustion.	Not this one. Pure air is a different Module 2 concept; the wording or scenario matches rich mixture.	Correct. A fuel-air mixture with more gasoline and less air than needed for normal combustion.	Not this one. Stoichiometric ratio is a different Module 2 concept; the wording or scenario matches rich mixture.	Not this one. Lean mixture is a different Module 2 concept; the wording or scenario matches rich mixture.	Rich = more fuel.	Review Module 2, Chapter 1, pages 5, then explain rich mixture in your own words.	Aerospace Dimensions Module 2: Aircraft Systems and Airports	5	Module 2, Chapter 1, pages 5	high	educational_infographic	optional_after_answer	fuel_carb_controls	fuel_carb_controls	module2_fuel_carburetor_controls.png	/assets/cap-visuals/module2_fuel_carburetor_controls.png	approved	true	Fuel-air mixture, carburetor venturi, throttle, mixture, and carb heat.	Fuel-air mixture, carburetor venturi, throttle, mixture, and carb heat.	Fuel-air mixture, carburetor venturi, throttle, mixture, and carb heat.	high	close	true	1.0	original_textbook_grounded	Mitchell_Aerospace_sample_style_analysis	draft	AD-M2-Q024	35
AD-M2-Q024	2	1	Airplane Systems	AD2-1-rich_mixture	AD2-1-rich_mixture	AD2-1-rich_mixture	multiple_choice	brief_application	medium_hard	application	Which concept best explains this situation? A cold engine starts more easily when extra gasoline is supplied relative to air.	stoichiometric ratio	pure air	lean mixture	rich mixture	D	A fuel-air mixture with more gasoline and less air than needed for normal combustion.	Rich mixture is correct because it means a fuel-air mixture with more gasoline and less air than needed for normal combustion.	Not this one. Stoichiometric ratio is a different Module 2 concept; the wording or scenario matches rich mixture.	Not this one. Pure air is a different Module 2 concept; the wording or scenario matches rich mixture.	Not this one. Lean mixture is a different Module 2 concept; the wording or scenario matches rich mixture.	Correct. A fuel-air mixture with more gasoline and less air than needed for normal combustion.	Rich = more fuel.	Review Module 2, Chapter 1, pages 5, then explain rich mixture in your own words.	Aerospace Dimensions Module 2: Aircraft Systems and Airports	5	Module 2, Chapter 1, pages 5	high	educational_infographic	optional_after_answer	fuel_carb_controls	fuel_carb_controls	module2_fuel_carburetor_controls.png	/assets/cap-visuals/module2_fuel_carburetor_controls.png	approved	true	Fuel-air mixture, carburetor venturi, throttle, mixture, and carb heat.	Fuel-air mixture, carburetor venturi, throttle, mixture, and carb heat.	Fuel-air mixture, carburetor venturi, throttle, mixture, and carb heat.	high	close	false	0.8	original_textbook_grounded	Mitchell_Aerospace_sample_style_analysis	draft	AD-M2-Q023	45
AD-M2-Q025	2	1	Airplane Systems	AD2-1-lean_mixture	AD2-1-lean_mixture	AD2-1-lean_mixture	multiple_choice	direct_definition	medium	recall	Which answer best matches this description: a fuel-air mixture with less fuel and more air?	full-rich mixture	rich mixture	lean mixture	stoichiometric ratio	C	A fuel-air mixture with less fuel and more air.	Lean mixture is correct because it means a fuel-air mixture with less fuel and more air.	Not this one. Full-rich mixture is a different Module 2 concept; the wording or scenario matches lean mixture.	Not this one. Rich mixture is a different Module 2 concept; the wording or scenario matches lean mixture.	Correct. A fuel-air mixture with less fuel and more air.	Not this one. Stoichiometric ratio is a different Module 2 concept; the wording or scenario matches lean mixture.	Lean = less fuel.	Review Module 2, Chapter 1, pages 5, then explain lean mixture in your own words.	Aerospace Dimensions Module 2: Aircraft Systems and Airports	5	Module 2, Chapter 1, pages 5	high	educational_infographic	optional_after_answer	fuel_carb_controls	fuel_carb_controls	module2_fuel_carburetor_controls.png	/assets/cap-visuals/module2_fuel_carburetor_controls.png	approved	true	Fuel-air mixture, carburetor venturi, throttle, mixture, and carb heat.	Fuel-air mixture, carburetor venturi, throttle, mixture, and carb heat.	Fuel-air mixture, carburetor venturi, throttle, mixture, and carb heat.	high	close	true	1.0	original_textbook_grounded	Mitchell_Aerospace_sample_style_analysis	draft	AD-M2-Q026	35
AD-M2-Q026	2	1	Airplane Systems	AD2-1-lean_mixture	AD2-1-lean_mixture	AD2-1-lean_mixture	multiple_choice	brief_application	medium_hard	application	Which concept best explains this situation? At altitude, the pilot reduces fuel because fewer air molecules are available.	lean mixture	full-rich mixture	stoichiometric ratio	rich mixture	A	A fuel-air mixture with less fuel and more air.	Lean mixture is correct because it means a fuel-air mixture with less fuel and more air.	Correct. A fuel-air mixture with less fuel and more air.	Not this one. Full-rich mixture is a different Module 2 concept; the wording or scenario matches lean mixture.	Not this one. Stoichiometric ratio is a different Module 2 concept; the wording or scenario matches lean mixture.	Not this one. Rich mixture is a different Module 2 concept; the wording or scenario matches lean mixture.	Lean = less fuel.	Review Module 2, Chapter 1, pages 5, then explain lean mixture in your own words.	Aerospace Dimensions Module 2: Aircraft Systems and Airports	5	Module 2, Chapter 1, pages 5	high	educational_infographic	optional_after_answer	fuel_carb_controls	fuel_carb_controls	module2_fuel_carburetor_controls.png	/assets/cap-visuals/module2_fuel_carburetor_controls.png	approved	true	Fuel-air mixture, carburetor venturi, throttle, mixture, and carb heat.	Fuel-air mixture, carburetor venturi, throttle, mixture, and carb heat.	Fuel-air mixture, carburetor venturi, throttle, mixture, and carb heat.	high	close	true	0.8	original_textbook_grounded	Mitchell_Aerospace_sample_style_analysis	draft	AD-M2-Q025	45
AD-M2-Q027	2	1	Airplane Systems	AD2-1-carburetor_venturi	AD2-1-carburetor_venturi	AD2-1-carburetor_venturi	multiple_choice	direct_definition	medium	recall	Which answer best matches this description: the restricted passage in a carburetor where air speeds up, pressure drops, and fuel is drawn into the airflow?	float chamber	carburetor venturi	intake valve	fuel strainer	B	The restricted passage in a carburetor where air speeds up, pressure drops, and fuel is drawn into the airflow.	Carburetor venturi is correct because it means the restricted passage in a carburetor where air speeds up, pressure drops, and fuel is drawn into the airflow.	Not this one. Float chamber is a different Module 2 concept; the wording or scenario matches carburetor venturi.	Correct. The restricted passage in a carburetor where air speeds up, pressure drops, and fuel is drawn into the airflow.	Not this one. Intake valve is a different Module 2 concept; the wording or scenario matches carburetor venturi.	Not this one. Fuel strainer is a different Module 2 concept; the wording or scenario matches carburetor venturi.	Venturi: faster air, lower pressure, fuel joins.	Review Module 2, Chapter 1, pages 6-7, then explain carburetor venturi in your own words.	Aerospace Dimensions Module 2: Aircraft Systems and Airports	6-7	Module 2, Chapter 1, pages 6-7	high	educational_infographic	optional_after_answer	fuel_carb_controls	fuel_carb_controls	module2_fuel_carburetor_controls.png	/assets/cap-visuals/module2_fuel_carburetor_controls.png	approved	true	Fuel-air mixture, carburetor venturi, throttle, mixture, and carb heat.	Fuel-air mixture, carburetor venturi, throttle, mixture, and carb heat.	Fuel-air mixture, carburetor venturi, throttle, mixture, and carb heat.	high	close	true	1.0	original_textbook_grounded	Mitchell_Aerospace_sample_style_analysis	draft	AD-M2-Q028	35
AD-M2-Q028	2	1	Airplane Systems	AD2-1-carburetor_venturi	AD2-1-carburetor_venturi	AD2-1-carburetor_venturi	multiple_choice	brief_application	medium_hard	application	Which concept best explains this situation? Incoming air accelerates through a narrow passage and the pressure drop pulls gasoline into it.	fuel strainer	intake valve	float chamber	carburetor venturi	D	The restricted passage in a carburetor where air speeds up, pressure drops, and fuel is drawn into the airflow.	Carburetor venturi is correct because it means the restricted passage in a carburetor where air speeds up, pressure drops, and fuel is drawn into the airflow.	Not this one. Fuel strainer is a different Module 2 concept; the wording or scenario matches carburetor venturi.	Not this one. Intake valve is a different Module 2 concept; the wording or scenario matches carburetor venturi.	Not this one. Float chamber is a different Module 2 concept; the wording or scenario matches carburetor venturi.	Correct. The restricted passage in a carburetor where air speeds up, pressure drops, and fuel is drawn into the airflow.	Venturi: faster air, lower pressure, fuel joins.	Review Module 2, Chapter 1, pages 6-7, then explain carburetor venturi in your own words.	Aerospace Dimensions Module 2: Aircraft Systems and Airports	6-7	Module 2, Chapter 1, pages 6-7	high	educational_infographic	optional_after_answer	fuel_carb_controls	fuel_carb_controls	module2_fuel_carburetor_controls.png	/assets/cap-visuals/module2_fuel_carburetor_controls.png	approved	true	Fuel-air mixture, carburetor venturi, throttle, mixture, and carb heat.	Fuel-air mixture, carburetor venturi, throttle, mixture, and carb heat.	Fuel-air mixture, carburetor venturi, throttle, mixture, and carb heat.	high	close	false	0.8	original_textbook_grounded	Mitchell_Aerospace_sample_style_analysis	draft	AD-M2-Q027	45
AD-M2-Q029	2	1	Airplane Systems	AD2-1-carburetor_heat	AD2-1-carburetor_heat	AD2-1-carburetor_heat	multiple_choice	direct_definition	medium	recall	Which answer best matches this description: a control that sends exhaust-heated air into the carburetor to melt ice?	mixture control	throttle	primer	carburetor heat	D	A control that sends exhaust-heated air into the carburetor to melt ice.	Carburetor heat is correct because it means a control that sends exhaust-heated air into the carburetor to melt ice.	Not this one. Mixture control is a different Module 2 concept; the wording or scenario matches carburetor heat.	Not this one. Throttle is a different Module 2 concept; the wording or scenario matches carburetor heat.	Not this one. Primer is a different Module 2 concept; the wording or scenario matches carburetor heat.	Correct. A control that sends exhaust-heated air into the carburetor to melt ice.	Carb heat melts carb ice.	Review Module 2, Chapter 1, pages 7, then explain carburetor heat in your own words.	Aerospace Dimensions Module 2: Aircraft Systems and Airports	7	Module 2, Chapter 1, pages 7	high	educational_infographic	optional_after_answer	fuel_carb_controls	fuel_carb_controls	module2_fuel_carburetor_controls.png	/assets/cap-visuals/module2_fuel_carburetor_controls.png	approved	true	Fuel-air mixture, carburetor venturi, throttle, mixture, and carb heat.	Fuel-air mixture, carburetor venturi, throttle, mixture, and carb heat.	Fuel-air mixture, carburetor venturi, throttle, mixture, and carb heat.	high	close	true	1.0	original_textbook_grounded	Mitchell_Aerospace_sample_style_analysis	draft	AD-M2-Q030	35
AD-M2-Q030	2	1	Airplane Systems	AD2-1-carburetor_heat	AD2-1-carburetor_heat	AD2-1-carburetor_heat	multiple_choice	brief_application	medium_hard	application	Which concept best explains this situation? Ice is choking a carburetor venturi, so the pilot routes heated air into it.	mixture control	carburetor heat	primer	throttle	B	A control that sends exhaust-heated air into the carburetor to melt ice.	Carburetor heat is correct because it means a control that sends exhaust-heated air into the carburetor to melt ice.	Not this one. Mixture control is a different Module 2 concept; the wording or scenario matches carburetor heat.	Correct. A control that sends exhaust-heated air into the carburetor to melt ice.	Not this one. Primer is a different Module 2 concept; the wording or scenario matches carburetor heat.	Not this one. Throttle is a different Module 2 concept; the wording or scenario matches carburetor heat.	Carb heat melts carb ice.	Review Module 2, Chapter 1, pages 7, then explain carburetor heat in your own words.	Aerospace Dimensions Module 2: Aircraft Systems and Airports	7	Module 2, Chapter 1, pages 7	high	educational_infographic	optional_after_answer	fuel_carb_controls	fuel_carb_controls	module2_fuel_carburetor_controls.png	/assets/cap-visuals/module2_fuel_carburetor_controls.png	approved	true	Fuel-air mixture, carburetor venturi, throttle, mixture, and carb heat.	Fuel-air mixture, carburetor venturi, throttle, mixture, and carb heat.	Fuel-air mixture, carburetor venturi, throttle, mixture, and carb heat.	high	close	true	0.8	original_textbook_grounded	Mitchell_Aerospace_sample_style_analysis	draft	AD-M2-Q029	45
AD-M2-Q031	2	1	Airplane Systems	AD2-1-throttle	AD2-1-throttle	AD2-1-throttle	multiple_choice	direct_definition	medium	recall	Which answer best matches this description: the cockpit control that regulates engine speed by controlling the amount of air and fuel entering during intake?	mixture control	carburetor heat	throttle	master switch	C	The cockpit control that regulates engine speed by controlling the amount of air and fuel entering during intake.	Throttle is correct because it means the cockpit control that regulates engine speed by controlling the amount of air and fuel entering during intake.	Not this one. Mixture control is a different Module 2 concept; the wording or scenario matches throttle.	Not this one. Carburetor heat is a different Module 2 concept; the wording or scenario matches throttle.	Correct. The cockpit control that regulates engine speed by controlling the amount of air and fuel entering during intake.	Not this one. Master switch is a different Module 2 concept; the wording or scenario matches throttle.	Throttle = how much mixture goes in.	Review Module 2, Chapter 1, pages 7-8, then explain throttle in your own words.	Aerospace Dimensions Module 2: Aircraft Systems and Airports	7-8	Module 2, Chapter 1, pages 7-8	high	educational_infographic	optional_after_answer	fuel_carb_controls	fuel_carb_controls	module2_fuel_carburetor_controls.png	/assets/cap-visuals/module2_fuel_carburetor_controls.png	approved	true	Fuel-air mixture, carburetor venturi, throttle, mixture, and carb heat.	Fuel-air mixture, carburetor venturi, throttle, mixture, and carb heat.	Fuel-air mixture, carburetor venturi, throttle, mixture, and carb heat.	high	close	true	1.0	original_textbook_grounded	Mitchell_Aerospace_sample_style_analysis	draft	AD-M2-Q032	35
AD-M2-Q032	2	1	Airplane Systems	AD2-1-throttle	AD2-1-throttle	AD2-1-throttle	multiple_choice	brief_application	medium_hard	application	Which concept best explains this situation? The pilot pushes this control forward to open the throttle valve and increase engine power.	master switch	throttle	mixture control	carburetor heat	B	The cockpit control that regulates engine speed by controlling the amount of air and fuel entering during intake.	Throttle is correct because it means the cockpit control that regulates engine speed by controlling the amount of air and fuel entering during intake.	Not this one. Master switch is a different Module 2 concept; the wording or scenario matches throttle.	Correct. The cockpit control that regulates engine speed by controlling the amount of air and fuel entering during intake.	Not this one. Mixture control is a different Module 2 concept; the wording or scenario matches throttle.	Not this one. Carburetor heat is a different Module 2 concept; the wording or scenario matches throttle.	Throttle = how much mixture goes in.	Review Module 2, Chapter 1, pages 7-8, then explain throttle in your own words.	Aerospace Dimensions Module 2: Aircraft Systems and Airports	7-8	Module 2, Chapter 1, pages 7-8	high	educational_infographic	optional_after_answer	fuel_carb_controls	fuel_carb_controls	module2_fuel_carburetor_controls.png	/assets/cap-visuals/module2_fuel_carburetor_controls.png	approved	true	Fuel-air mixture, carburetor venturi, throttle, mixture, and carb heat.	Fuel-air mixture, carburetor venturi, throttle, mixture, and carb heat.	Fuel-air mixture, carburetor venturi, throttle, mixture, and carb heat.	high	close	false	0.8	original_textbook_grounded	Mitchell_Aerospace_sample_style_analysis	draft	AD-M2-Q031	45
AD-M2-Q033	2	1	Airplane Systems	AD2-1-mixture_control	AD2-1-mixture_control	AD2-1-mixture_control	multiple_choice	direct_definition	medium	recall	Which answer best matches this description: the cockpit control that meters the amount of fuel supplied to the carburetor?	primer	throttle	mixture control	master switch	C	The cockpit control that meters the amount of fuel supplied to the carburetor.	Mixture control is correct because it means the cockpit control that meters the amount of fuel supplied to the carburetor.	Not this one. Primer is a different Module 2 concept; the wording or scenario matches mixture control.	Not this one. Throttle is a different Module 2 concept; the wording or scenario matches mixture control.	Correct. The cockpit control that meters the amount of fuel supplied to the carburetor.	Not this one. Master switch is a different Module 2 concept; the wording or scenario matches mixture control.	Mixture meters fuel.	Review Module 2, Chapter 1, pages 8, then explain mixture control in your own words.	Aerospace Dimensions Module 2: Aircraft Systems and Airports	8	Module 2, Chapter 1, pages 8	high	educational_infographic	optional_after_answer	fuel_carb_controls	fuel_carb_controls	module2_fuel_carburetor_controls.png	/assets/cap-visuals/module2_fuel_carburetor_controls.png	approved	true	Fuel-air mixture, carburetor venturi, throttle, mixture, and carb heat.	Fuel-air mixture, carburetor venturi, throttle, mixture, and carb heat.	Fuel-air mixture, carburetor venturi, throttle, mixture, and carb heat.	high	close	true	1.0	original_textbook_grounded	Mitchell_Aerospace_sample_style_analysis	draft	AD-M2-Q034	35
AD-M2-Q034	2	1	Airplane Systems	AD2-1-mixture_control	AD2-1-mixture_control	AD2-1-mixture_control	multiple_choice	brief_application	medium_hard	application	Which concept best explains this situation? As altitude increases, the pilot adjusts this control because there are fewer air molecules.	master switch	mixture control	primer	throttle	B	The cockpit control that meters the amount of fuel supplied to the carburetor.	Mixture control is correct because it means the cockpit control that meters the amount of fuel supplied to the carburetor.	Not this one. Master switch is a different Module 2 concept; the wording or scenario matches mixture control.	Correct. The cockpit control that meters the amount of fuel supplied to the carburetor.	Not this one. Primer is a different Module 2 concept; the wording or scenario matches mixture control.	Not this one. Throttle is a different Module 2 concept; the wording or scenario matches mixture control.	Mixture meters fuel.	Review Module 2, Chapter 1, pages 8, then explain mixture control in your own words.	Aerospace Dimensions Module 2: Aircraft Systems and Airports	8	Module 2, Chapter 1, pages 8	high	educational_infographic	optional_after_answer	fuel_carb_controls	fuel_carb_controls	module2_fuel_carburetor_controls.png	/assets/cap-visuals/module2_fuel_carburetor_controls.png	approved	true	Fuel-air mixture, carburetor venturi, throttle, mixture, and carb heat.	Fuel-air mixture, carburetor venturi, throttle, mixture, and carb heat.	Fuel-air mixture, carburetor venturi, throttle, mixture, and carb heat.	high	close	true	0.8	original_textbook_grounded	Mitchell_Aerospace_sample_style_analysis	draft	AD-M2-Q033	45
AD-M2-Q035	2	1	Airplane Systems	AD2-1-magneto	AD2-1-magneto	AD2-1-magneto	multiple_choice	direct_definition	medium	recall	Which answer best matches this description: an engine-driven electrical generator that supplies spark-plug power independently of the main aircraft electrical system?	alternator	battery	magneto	ammeter	C	An engine-driven electrical generator that supplies spark-plug power independently of the main aircraft electrical system.	Magneto is correct because it means an engine-driven electrical generator that supplies spark-plug power independently of the main aircraft electrical system.	Not this one. Alternator is a different Module 2 concept; the wording or scenario matches magneto.	Not this one. Battery is a different Module 2 concept; the wording or scenario matches magneto.	Correct. An engine-driven electrical generator that supplies spark-plug power independently of the main aircraft electrical system.	Not this one. Ammeter is a different Module 2 concept; the wording or scenario matches magneto.	Magneto makes spark without the main electrical system.	Review Module 2, Chapter 1, pages 8-9, then explain magneto in your own words.	Aerospace Dimensions Module 2: Aircraft Systems and Airports	8-9	Module 2, Chapter 1, pages 8-9	high	educational_infographic	optional_after_answer	electrical_jet_engine	electrical_jet_engine	module2_electrical_and_jet_engine.png	/assets/cap-visuals/module2_electrical_and_jet_engine.png	approved	true	Magneto versus alternator plus fan-compressor-burner-turbine jet flow.	Magneto versus alternator plus fan-compressor-burner-turbine jet flow.	Magneto versus alternator plus fan-compressor-burner-turbine jet flow.	high	close	true	1.0	original_textbook_grounded	Mitchell_Aerospace_sample_style_analysis	draft	AD-M2-Q036	35
AD-M2-Q036	2	1	Airplane Systems	AD2-1-magneto	AD2-1-magneto	AD2-1-magneto	multiple_choice	brief_application	medium_hard	application	Which concept best explains this situation? The aircraft's main electrical power is switched off in flight, yet the engine keeps running.	magneto	ammeter	alternator	battery	A	An engine-driven electrical generator that supplies spark-plug power independently of the main aircraft electrical system.	Magneto is correct because it means an engine-driven electrical generator that supplies spark-plug power independently of the main aircraft electrical system.	Correct. An engine-driven electrical generator that supplies spark-plug power independently of the main aircraft electrical system.	Not this one. Ammeter is a different Module 2 concept; the wording or scenario matches magneto.	Not this one. Alternator is a different Module 2 concept; the wording or scenario matches magneto.	Not this one. Battery is a different Module 2 concept; the wording or scenario matches magneto.	Magneto makes spark without the main electrical system.	Review Module 2, Chapter 1, pages 8-9, then explain magneto in your own words.	Aerospace Dimensions Module 2: Aircraft Systems and Airports	8-9	Module 2, Chapter 1, pages 8-9	high	educational_infographic	optional_after_answer	electrical_jet_engine	electrical_jet_engine	module2_electrical_and_jet_engine.png	/assets/cap-visuals/module2_electrical_and_jet_engine.png	approved	true	Magneto versus alternator plus fan-compressor-burner-turbine jet flow.	Magneto versus alternator plus fan-compressor-burner-turbine jet flow.	Magneto versus alternator plus fan-compressor-burner-turbine jet flow.	high	close	false	0.8	original_textbook_grounded	Mitchell_Aerospace_sample_style_analysis	draft	AD-M2-Q035	45
AD-M2-Q037	2	1	Airplane Systems	AD2-1-alternator	AD2-1-alternator	AD2-1-alternator	multiple_choice	direct_definition	medium	recall	Which answer best matches this description: an engine-driven electrical source that supplies aircraft electrical power and keeps the battery charged?	starter	magneto	alternator	ammeter	C	An engine-driven electrical source that supplies aircraft electrical power and keeps the battery charged.	Alternator is correct because it means an engine-driven electrical source that supplies aircraft electrical power and keeps the battery charged.	Not this one. Starter is a different Module 2 concept; the wording or scenario matches alternator.	Not this one. Magneto is a different Module 2 concept; the wording or scenario matches alternator.	Correct. An engine-driven electrical source that supplies aircraft electrical power and keeps the battery charged.	Not this one. Ammeter is a different Module 2 concept; the wording or scenario matches alternator.	Alternator powers the airplane and charges the battery.	Review Module 2, Chapter 1, pages 9, then explain alternator in your own words.	Aerospace Dimensions Module 2: Aircraft Systems and Airports	9	Module 2, Chapter 1, pages 9	high	educational_infographic	optional_after_answer	electrical_jet_engine	electrical_jet_engine	module2_electrical_and_jet_engine.png	/assets/cap-visuals/module2_electrical_and_jet_engine.png	approved	true	Magneto versus alternator plus fan-compressor-burner-turbine jet flow.	Magneto versus alternator plus fan-compressor-burner-turbine jet flow.	Magneto versus alternator plus fan-compressor-burner-turbine jet flow.	high	close	true	1.0	original_textbook_grounded	Mitchell_Aerospace_sample_style_analysis	draft	AD-M2-Q038	35
AD-M2-Q038	2	1	Airplane Systems	AD2-1-alternator	AD2-1-alternator	AD2-1-alternator	multiple_choice	brief_application	medium_hard	application	Which concept best explains this situation? This component supplies the main electrical system while the engine runs.	starter	magneto	alternator	ammeter	C	An engine-driven electrical source that supplies aircraft electrical power and keeps the battery charged.	Alternator is correct because it means an engine-driven electrical source that supplies aircraft electrical power and keeps the battery charged.	Not this one. Starter is a different Module 2 concept; the wording or scenario matches alternator.	Not this one. Magneto is a different Module 2 concept; the wording or scenario matches alternator.	Correct. An engine-driven electrical source that supplies aircraft electrical power and keeps the battery charged.	Not this one. Ammeter is a different Module 2 concept; the wording or scenario matches alternator.	Alternator powers the airplane and charges the battery.	Review Module 2, Chapter 1, pages 9, then explain alternator in your own words.	Aerospace Dimensions Module 2: Aircraft Systems and Airports	9	Module 2, Chapter 1, pages 9	high	educational_infographic	optional_after_answer	electrical_jet_engine	electrical_jet_engine	module2_electrical_and_jet_engine.png	/assets/cap-visuals/module2_electrical_and_jet_engine.png	approved	true	Magneto versus alternator plus fan-compressor-burner-turbine jet flow.	Magneto versus alternator plus fan-compressor-burner-turbine jet flow.	Magneto versus alternator plus fan-compressor-burner-turbine jet flow.	high	close	true	0.8	original_textbook_grounded	Mitchell_Aerospace_sample_style_analysis	draft	AD-M2-Q037	45
AD-M2-Q039	2	1	Airplane Systems	AD2-1-jet_engine_flow	AD2-1-jet_engine_flow	AD2-1-jet_engine_flow	multiple_choice	direct_definition	medium	recall	Which answer best matches this description: air enters the fan, is compressed, mixed with fuel and burned, spins the turbine, and exits the tailpipe as thrust?	oxygen-tank-nozzle sequence	jet engine flow	intake-compression-power-exhaust piston cycle	fuel-battery-propeller cycle	B	Air enters the fan, is compressed, mixed with fuel and burned, spins the turbine, and exits the tailpipe as thrust.	Jet engine flow is correct because it means air enters the fan, is compressed, mixed with fuel and burned, spins the turbine, and exits the tailpipe as thrust.	Not this one. Oxygen-tank-nozzle sequence is a different Module 2 concept; the wording or scenario matches jet engine flow.	Correct. Air enters the fan, is compressed, mixed with fuel and burned, spins the turbine, and exits the tailpipe as thrust.	Not this one. Intake-compression-power-exhaust piston cycle is a different Module 2 concept; the wording or scenario matches jet engine flow.	Not this one. Fuel-battery-propeller cycle is a different Module 2 concept; the wording or scenario matches jet engine flow.	Fan → compressor → burner → turbine → thrust.	Review Module 2, Chapter 1, pages 10-11, then explain jet engine flow in your own words.	Aerospace Dimensions Module 2: Aircraft Systems and Airports	10-11	Module 2, Chapter 1, pages 10-11	high	educational_infographic	optional_after_answer	electrical_jet_engine	electrical_jet_engine	module2_electrical_and_jet_engine.png	/assets/cap-visuals/module2_electrical_and_jet_engine.png	approved	true	Magneto versus alternator plus fan-compressor-burner-turbine jet flow.	Magneto versus alternator plus fan-compressor-burner-turbine jet flow.	Magneto versus alternator plus fan-compressor-burner-turbine jet flow.	high	close	true	1.0	original_textbook_grounded	Mitchell_Aerospace_sample_style_analysis	draft	AD-M2-Q040	35
AD-M2-Q040	2	1	Airplane Systems	AD2-1-jet_engine_flow	AD2-1-jet_engine_flow	AD2-1-jet_engine_flow	multiple_choice	brief_application	medium_hard	application	Which concept best explains this situation? Air is compressed, fuel is ignited, hot gases spin a turbine, and the remaining gases leave the tailpipe.	jet engine flow	intake-compression-power-exhaust piston cycle	oxygen-tank-nozzle sequence	fuel-battery-propeller cycle	A	Air enters the fan, is compressed, mixed with fuel and burned, spins the turbine, and exits the tailpipe as thrust.	Jet engine flow is correct because it means air enters the fan, is compressed, mixed with fuel and burned, spins the turbine, and exits the tailpipe as thrust.	Correct. Air enters the fan, is compressed, mixed with fuel and burned, spins the turbine, and exits the tailpipe as thrust.	Not this one. Intake-compression-power-exhaust piston cycle is a different Module 2 concept; the wording or scenario matches jet engine flow.	Not this one. Oxygen-tank-nozzle sequence is a different Module 2 concept; the wording or scenario matches jet engine flow.	Not this one. Fuel-battery-propeller cycle is a different Module 2 concept; the wording or scenario matches jet engine flow.	Fan → compressor → burner → turbine → thrust.	Review Module 2, Chapter 1, pages 10-11, then explain jet engine flow in your own words.	Aerospace Dimensions Module 2: Aircraft Systems and Airports	10-11	Module 2, Chapter 1, pages 10-11	high	educational_infographic	optional_after_answer	electrical_jet_engine	electrical_jet_engine	module2_electrical_and_jet_engine.png	/assets/cap-visuals/module2_electrical_and_jet_engine.png	approved	true	Magneto versus alternator plus fan-compressor-burner-turbine jet flow.	Magneto versus alternator plus fan-compressor-burner-turbine jet flow.	Magneto versus alternator plus fan-compressor-burner-turbine jet flow.	high	close	false	0.8	original_textbook_grounded	Mitchell_Aerospace_sample_style_analysis	draft	AD-M2-Q039	45
AD-M2-Q041	2	1	Airplane Systems	AD2-1-oil_system	AD2-1-oil_system	AD2-1-oil_system	multiple_choice	direct_definition	medium	recall	Which answer best matches this description: oil lubricates moving engine parts and carries away heat?	oil system	pitot-static system	fuel system	vacuum system	A	Oil lubricates moving engine parts and carries away heat.	Oil system is correct because it means oil lubricates moving engine parts and carries away heat.	Correct. Oil lubricates moving engine parts and carries away heat.	Not this one. Pitot-static system is a different Module 2 concept; the wording or scenario matches oil system.	Not this one. Fuel system is a different Module 2 concept; the wording or scenario matches oil system.	Not this one. Vacuum system is a different Module 2 concept; the wording or scenario matches oil system.	Oil = lubricate + cool.	Review Module 2, Chapter 1, pages 11, then explain oil system in your own words.	Aerospace Dimensions Module 2: Aircraft Systems and Airports	11	Module 2, Chapter 1, pages 11	high	educational_infographic	optional_after_answer	engine_flight_instruments	engine_flight_instruments	module2_engine_flight_instruments.png	/assets/cap-visuals/module2_engine_flight_instruments.png	approved	true	Oil gauges, tachometer, altimeter, VVI, airspeed indicator, and pitot-static concepts.	Oil gauges, tachometer, altimeter, VVI, airspeed indicator, and pitot-static concepts.	Oil gauges, tachometer, altimeter, VVI, airspeed indicator, and pitot-static concepts.	high	close	true	1.0	original_textbook_grounded	Mitchell_Aerospace_sample_style_analysis	draft	AD-M2-Q042	35
AD-M2-Q042	2	1	Airplane Systems	AD2-1-oil_system	AD2-1-oil_system	AD2-1-oil_system	multiple_choice	brief_application	medium_hard	application	Which concept best explains this situation? The pilot watches pressure and temperature because this fluid both reduces friction and removes heat.	vacuum system	oil system	pitot-static system	fuel system	B	Oil lubricates moving engine parts and carries away heat.	Oil system is correct because it means oil lubricates moving engine parts and carries away heat.	Not this one. Vacuum system is a different Module 2 concept; the wording or scenario matches oil system.	Correct. Oil lubricates moving engine parts and carries away heat.	Not this one. Pitot-static system is a different Module 2 concept; the wording or scenario matches oil system.	Not this one. Fuel system is a different Module 2 concept; the wording or scenario matches oil system.	Oil = lubricate + cool.	Review Module 2, Chapter 1, pages 11, then explain oil system in your own words.	Aerospace Dimensions Module 2: Aircraft Systems and Airports	11	Module 2, Chapter 1, pages 11	high	educational_infographic	optional_after_answer	engine_flight_instruments	engine_flight_instruments	module2_engine_flight_instruments.png	/assets/cap-visuals/module2_engine_flight_instruments.png	approved	true	Oil gauges, tachometer, altimeter, VVI, airspeed indicator, and pitot-static concepts.	Oil gauges, tachometer, altimeter, VVI, airspeed indicator, and pitot-static concepts.	Oil gauges, tachometer, altimeter, VVI, airspeed indicator, and pitot-static concepts.	high	close	true	0.8	original_textbook_grounded	Mitchell_Aerospace_sample_style_analysis	draft	AD-M2-Q041	45
AD-M2-Q043	2	1	Airplane Systems	AD2-1-tachometer	AD2-1-tachometer	AD2-1-tachometer	multiple_choice	direct_definition	medium	recall	Which answer best matches this description: the engine instrument that displays engine and propeller speed in revolutions per minute?	oil pressure gauge	ammeter	altimeter	tachometer	D	The engine instrument that displays engine and propeller speed in revolutions per minute.	Tachometer is correct because it means the engine instrument that displays engine and propeller speed in revolutions per minute.	Not this one. Oil pressure gauge is a different Module 2 concept; the wording or scenario matches tachometer.	Not this one. Ammeter is a different Module 2 concept; the wording or scenario matches tachometer.	Not this one. Altimeter is a different Module 2 concept; the wording or scenario matches tachometer.	Correct. The engine instrument that displays engine and propeller speed in revolutions per minute.	Tach = RPM.	Review Module 2, Chapter 1, pages 11, then explain tachometer in your own words.	Aerospace Dimensions Module 2: Aircraft Systems and Airports	11	Module 2, Chapter 1, pages 11	high	educational_infographic	optional_after_answer	engine_flight_instruments	engine_flight_instruments	module2_engine_flight_instruments.png	/assets/cap-visuals/module2_engine_flight_instruments.png	approved	true	Oil gauges, tachometer, altimeter, VVI, airspeed indicator, and pitot-static concepts.	Oil gauges, tachometer, altimeter, VVI, airspeed indicator, and pitot-static concepts.	Oil gauges, tachometer, altimeter, VVI, airspeed indicator, and pitot-static concepts.	high	close	true	1.0	original_textbook_grounded	Mitchell_Aerospace_sample_style_analysis	draft	AD-M2-Q044	35
AD-M2-Q044	2	1	Airplane Systems	AD2-1-tachometer	AD2-1-tachometer	AD2-1-tachometer	multiple_choice	brief_application	medium_hard	application	Which concept best explains this situation? The pilot wants to know how fast the crankshaft and directly connected propeller are turning.	altimeter	oil pressure gauge	ammeter	tachometer	D	The engine instrument that displays engine and propeller speed in revolutions per minute.	Tachometer is correct because it means the engine instrument that displays engine and propeller speed in revolutions per minute.	Not this one. Altimeter is a different Module 2 concept; the wording or scenario matches tachometer.	Not this one. Oil pressure gauge is a different Module 2 concept; the wording or scenario matches tachometer.	Not this one. Ammeter is a different Module 2 concept; the wording or scenario matches tachometer.	Correct. The engine instrument that displays engine and propeller speed in revolutions per minute.	Tach = RPM.	Review Module 2, Chapter 1, pages 11, then explain tachometer in your own words.	Aerospace Dimensions Module 2: Aircraft Systems and Airports	11	Module 2, Chapter 1, pages 11	high	educational_infographic	optional_after_answer	engine_flight_instruments	engine_flight_instruments	module2_engine_flight_instruments.png	/assets/cap-visuals/module2_engine_flight_instruments.png	approved	true	Oil gauges, tachometer, altimeter, VVI, airspeed indicator, and pitot-static concepts.	Oil gauges, tachometer, altimeter, VVI, airspeed indicator, and pitot-static concepts.	Oil gauges, tachometer, altimeter, VVI, airspeed indicator, and pitot-static concepts.	high	close	false	0.8	original_textbook_grounded	Mitchell_Aerospace_sample_style_analysis	draft	AD-M2-Q043	45
AD-M2-Q045	2	1	Airplane Systems	AD2-1-altimeter	AD2-1-altimeter	AD2-1-altimeter	multiple_choice	direct_definition	medium	recall	Which answer best matches this description: the pressure-based flight instrument that displays altitude?	airspeed indicator	vertical velocity indicator	altimeter	tachometer	C	The pressure-based flight instrument that displays altitude.	Altimeter is correct because it means the pressure-based flight instrument that displays altitude.	Not this one. Airspeed indicator is a different Module 2 concept; the wording or scenario matches altimeter.	Not this one. Vertical velocity indicator is a different Module 2 concept; the wording or scenario matches altimeter.	Correct. The pressure-based flight instrument that displays altitude.	Not this one. Tachometer is a different Module 2 concept; the wording or scenario matches altimeter.	Altimeter = altitude.	Review Module 2, Chapter 1, pages 12-13, then explain altimeter in your own words.	Aerospace Dimensions Module 2: Aircraft Systems and Airports	12-13	Module 2, Chapter 1, pages 12-13	high	educational_infographic	optional_after_answer	engine_flight_instruments	engine_flight_instruments	module2_engine_flight_instruments.png	/assets/cap-visuals/module2_engine_flight_instruments.png	approved	true	Oil gauges, tachometer, altimeter, VVI, airspeed indicator, and pitot-static concepts.	Oil gauges, tachometer, altimeter, VVI, airspeed indicator, and pitot-static concepts.	Oil gauges, tachometer, altimeter, VVI, airspeed indicator, and pitot-static concepts.	high	close	true	1.0	original_textbook_grounded	Mitchell_Aerospace_sample_style_analysis	draft	AD-M2-Q046	35
AD-M2-Q046	2	1	Airplane Systems	AD2-1-altimeter	AD2-1-altimeter	AD2-1-altimeter	multiple_choice	brief_application	medium_hard	application	Which concept best explains this situation? As outside pressure decreases during climb, this instrument shows increasing height.	tachometer	airspeed indicator	altimeter	vertical velocity indicator	C	The pressure-based flight instrument that displays altitude.	Altimeter is correct because it means the pressure-based flight instrument that displays altitude.	Not this one. Tachometer is a different Module 2 concept; the wording or scenario matches altimeter.	Not this one. Airspeed indicator is a different Module 2 concept; the wording or scenario matches altimeter.	Correct. The pressure-based flight instrument that displays altitude.	Not this one. Vertical velocity indicator is a different Module 2 concept; the wording or scenario matches altimeter.	Altimeter = altitude.	Review Module 2, Chapter 1, pages 12-13, then explain altimeter in your own words.	Aerospace Dimensions Module 2: Aircraft Systems and Airports	12-13	Module 2, Chapter 1, pages 12-13	high	educational_infographic	optional_after_answer	engine_flight_instruments	engine_flight_instruments	module2_engine_flight_instruments.png	/assets/cap-visuals/module2_engine_flight_instruments.png	approved	true	Oil gauges, tachometer, altimeter, VVI, airspeed indicator, and pitot-static concepts.	Oil gauges, tachometer, altimeter, VVI, airspeed indicator, and pitot-static concepts.	Oil gauges, tachometer, altimeter, VVI, airspeed indicator, and pitot-static concepts.	high	close	true	0.8	original_textbook_grounded	Mitchell_Aerospace_sample_style_analysis	draft	AD-M2-Q045	45
AD-M2-Q047	2	1	Airplane Systems	AD2-1-vertical_velocity_indicator	AD2-1-vertical_velocity_indicator	AD2-1-vertical_velocity_indicator	multiple_choice	direct_definition	medium	recall	Which answer best matches this description: the pressure-based instrument that shows rate of climb or descent?	vertical velocity indicator	altimeter	airspeed indicator	heading indicator	A	The pressure-based instrument that shows rate of climb or descent.	Vertical velocity indicator is correct because it means the pressure-based instrument that shows rate of climb or descent.	Correct. The pressure-based instrument that shows rate of climb or descent.	Not this one. Altimeter is a different Module 2 concept; the wording or scenario matches vertical velocity indicator.	Not this one. Airspeed indicator is a different Module 2 concept; the wording or scenario matches vertical velocity indicator.	Not this one. Heading indicator is a different Module 2 concept; the wording or scenario matches vertical velocity indicator.	VVI = vertical rate.	Review Module 2, Chapter 1, pages 13, then explain vertical velocity indicator in your own words.	Aerospace Dimensions Module 2: Aircraft Systems and Airports	13	Module 2, Chapter 1, pages 13	high	educational_infographic	optional_after_answer	engine_flight_instruments	engine_flight_instruments	module2_engine_flight_instruments.png	/assets/cap-visuals/module2_engine_flight_instruments.png	approved	true	Oil gauges, tachometer, altimeter, VVI, airspeed indicator, and pitot-static concepts.	Oil gauges, tachometer, altimeter, VVI, airspeed indicator, and pitot-static concepts.	Oil gauges, tachometer, altimeter, VVI, airspeed indicator, and pitot-static concepts.	high	close	true	1.0	original_textbook_grounded	Mitchell_Aerospace_sample_style_analysis	draft	AD-M2-Q048	35
AD-M2-Q048	2	1	Airplane Systems	AD2-1-vertical_velocity_indicator	AD2-1-vertical_velocity_indicator	AD2-1-vertical_velocity_indicator	multiple_choice	brief_application	medium_hard	application	Which concept best explains this situation? The airplane begins climbing at 700 feet per minute, and the pilot checks this instrument.	airspeed indicator	vertical velocity indicator	altimeter	heading indicator	B	The pressure-based instrument that shows rate of climb or descent.	Vertical velocity indicator is correct because it means the pressure-based instrument that shows rate of climb or descent.	Not this one. Airspeed indicator is a different Module 2 concept; the wording or scenario matches vertical velocity indicator.	Correct. The pressure-based instrument that shows rate of climb or descent.	Not this one. Altimeter is a different Module 2 concept; the wording or scenario matches vertical velocity indicator.	Not this one. Heading indicator is a different Module 2 concept; the wording or scenario matches vertical velocity indicator.	VVI = vertical rate.	Review Module 2, Chapter 1, pages 13, then explain vertical velocity indicator in your own words.	Aerospace Dimensions Module 2: Aircraft Systems and Airports	13	Module 2, Chapter 1, pages 13	high	educational_infographic	optional_after_answer	engine_flight_instruments	engine_flight_instruments	module2_engine_flight_instruments.png	/assets/cap-visuals/module2_engine_flight_instruments.png	approved	true	Oil gauges, tachometer, altimeter, VVI, airspeed indicator, and pitot-static concepts.	Oil gauges, tachometer, altimeter, VVI, airspeed indicator, and pitot-static concepts.	Oil gauges, tachometer, altimeter, VVI, airspeed indicator, and pitot-static concepts.	high	close	false	0.8	original_textbook_grounded	Mitchell_Aerospace_sample_style_analysis	draft	AD-M2-Q047	45
AD-M2-Q049	2	1	Airplane Systems	AD2-1-airspeed_indicator	AD2-1-airspeed_indicator	AD2-1-airspeed_indicator	multiple_choice	direct_definition	medium	recall	Which answer best matches this description: the pitot-static instrument that compares ram air with static air to display indicated airspeed?	tachometer	airspeed indicator	vertical velocity indicator	altimeter	B	The pitot-static instrument that compares ram air with static air to display indicated airspeed.	Airspeed indicator is correct because it means the pitot-static instrument that compares ram air with static air to display indicated airspeed.	Not this one. Tachometer is a different Module 2 concept; the wording or scenario matches airspeed indicator.	Correct. The pitot-static instrument that compares ram air with static air to display indicated airspeed.	Not this one. Vertical velocity indicator is a different Module 2 concept; the wording or scenario matches airspeed indicator.	Not this one. Altimeter is a different Module 2 concept; the wording or scenario matches airspeed indicator.	Airspeed = ram pressure minus static pressure.	Review Module 2, Chapter 1, pages 13, then explain airspeed indicator in your own words.	Aerospace Dimensions Module 2: Aircraft Systems and Airports	13	Module 2, Chapter 1, pages 13	high	educational_infographic	optional_after_answer	engine_flight_instruments	engine_flight_instruments	module2_engine_flight_instruments.png	/assets/cap-visuals/module2_engine_flight_instruments.png	approved	true	Oil gauges, tachometer, altimeter, VVI, airspeed indicator, and pitot-static concepts.	Oil gauges, tachometer, altimeter, VVI, airspeed indicator, and pitot-static concepts.	Oil gauges, tachometer, altimeter, VVI, airspeed indicator, and pitot-static concepts.	high	close	true	1.0	original_textbook_grounded	Mitchell_Aerospace_sample_style_analysis	draft	AD-M2-Q050	35
AD-M2-Q050	2	1	Airplane Systems	AD2-1-airspeed_indicator	AD2-1-airspeed_indicator	AD2-1-airspeed_indicator	multiple_choice	brief_application	medium_hard	application	Which concept best explains this situation? Relative wind enters a pitot tube and is compared with undisturbed static air.	altimeter	airspeed indicator	tachometer	vertical velocity indicator	B	The pitot-static instrument that compares ram air with static air to display indicated airspeed.	Airspeed indicator is correct because it means the pitot-static instrument that compares ram air with static air to display indicated airspeed.	Not this one. Altimeter is a different Module 2 concept; the wording or scenario matches airspeed indicator.	Correct. The pitot-static instrument that compares ram air with static air to display indicated airspeed.	Not this one. Tachometer is a different Module 2 concept; the wording or scenario matches airspeed indicator.	Not this one. Vertical velocity indicator is a different Module 2 concept; the wording or scenario matches airspeed indicator.	Airspeed = ram pressure minus static pressure.	Review Module 2, Chapter 1, pages 13, then explain airspeed indicator in your own words.	Aerospace Dimensions Module 2: Aircraft Systems and Airports	13	Module 2, Chapter 1, pages 13	high	educational_infographic	optional_after_answer	engine_flight_instruments	engine_flight_instruments	module2_engine_flight_instruments.png	/assets/cap-visuals/module2_engine_flight_instruments.png	approved	true	Oil gauges, tachometer, altimeter, VVI, airspeed indicator, and pitot-static concepts.	Oil gauges, tachometer, altimeter, VVI, airspeed indicator, and pitot-static concepts.	Oil gauges, tachometer, altimeter, VVI, airspeed indicator, and pitot-static concepts.	high	close	true	0.8	original_textbook_grounded	Mitchell_Aerospace_sample_style_analysis	draft	AD-M2-Q049	45
AD-M2-Q051	2	1	Airplane Systems	AD2-1-standard_sea_level_pressure	AD2-1-standard_sea_level_pressure	AD2-1-standard_sea_level_pressure	multiple_choice	direct_definition	medium	recall	Which answer best matches this description: 29.92 inches of mercury, or 1013.2 millibars, on a standard day at sea level?	29.02 inches or 900 millibars	30.92 inches or 1000 millibars	28.92 inches or 1200 millibars	standard sea-level pressure	D	29.92 inches of mercury, or 1013.2 millibars, on a standard day at sea level.	Standard sea-level pressure is correct because it means 29.92 inches of mercury, or 1013.2 millibars, on a standard day at sea level.	Not this one. 29.02 inches or 900 millibars is a different Module 2 concept; the wording or scenario matches standard sea-level pressure.	Not this one. 30.92 inches or 1000 millibars is a different Module 2 concept; the wording or scenario matches standard sea-level pressure.	Not this one. 28.92 inches or 1200 millibars is a different Module 2 concept; the wording or scenario matches standard sea-level pressure.	Correct. 29.92 inches of mercury, or 1013.2 millibars, on a standard day at sea level.	Sea level: 29.92 inHg = 1013.2 mb.	Review Module 2, Chapter 1, pages 12, then explain standard sea-level pressure in your own words.	Aerospace Dimensions Module 2: Aircraft Systems and Airports	12	Module 2, Chapter 1, pages 12	high	educational_infographic	optional_after_answer	engine_flight_instruments	engine_flight_instruments	module2_engine_flight_instruments.png	/assets/cap-visuals/module2_engine_flight_instruments.png	approved	true	Oil gauges, tachometer, altimeter, VVI, airspeed indicator, and pitot-static concepts.	Oil gauges, tachometer, altimeter, VVI, airspeed indicator, and pitot-static concepts.	Oil gauges, tachometer, altimeter, VVI, airspeed indicator, and pitot-static concepts.	high	close	true	1.0	original_textbook_grounded	Mitchell_Aerospace_sample_style_analysis	draft	AD-M2-Q052	35
AD-M2-Q052	2	1	Airplane Systems	AD2-1-standard_sea_level_pressure	AD2-1-standard_sea_level_pressure	AD2-1-standard_sea_level_pressure	multiple_choice	brief_application	medium_hard	application	Which concept best explains this situation? A pilot recalls the standard sea-level pressure value taught in the module.	standard sea-level pressure	28.92 inches or 1200 millibars	29.02 inches or 900 millibars	30.92 inches or 1000 millibars	A	29.92 inches of mercury, or 1013.2 millibars, on a standard day at sea level.	Standard sea-level pressure is correct because it means 29.92 inches of mercury, or 1013.2 millibars, on a standard day at sea level.	Correct. 29.92 inches of mercury, or 1013.2 millibars, on a standard day at sea level.	Not this one. 28.92 inches or 1200 millibars is a different Module 2 concept; the wording or scenario matches standard sea-level pressure.	Not this one. 29.02 inches or 900 millibars is a different Module 2 concept; the wording or scenario matches standard sea-level pressure.	Not this one. 30.92 inches or 1000 millibars is a different Module 2 concept; the wording or scenario matches standard sea-level pressure.	Sea level: 29.92 inHg = 1013.2 mb.	Review Module 2, Chapter 1, pages 12, then explain standard sea-level pressure in your own words.	Aerospace Dimensions Module 2: Aircraft Systems and Airports	12	Module 2, Chapter 1, pages 12	high	educational_infographic	optional_after_answer	engine_flight_instruments	engine_flight_instruments	module2_engine_flight_instruments.png	/assets/cap-visuals/module2_engine_flight_instruments.png	approved	true	Oil gauges, tachometer, altimeter, VVI, airspeed indicator, and pitot-static concepts.	Oil gauges, tachometer, altimeter, VVI, airspeed indicator, and pitot-static concepts.	Oil gauges, tachometer, altimeter, VVI, airspeed indicator, and pitot-static concepts.	high	close	false	0.8	original_textbook_grounded	Mitchell_Aerospace_sample_style_analysis	draft	AD-M2-Q051	45
AD-M2-Q053	2	2	Airports	AD2-2-controlled_airport	AD2-2-controlled_airport	AD2-2-controlled_airport	multiple_choice	direct_definition	medium	recall	Which answer best matches this description: an airport with an operating control tower?	controlled airport	ramp	Flight Service Station	uncontrolled airport	A	An airport with an operating control tower.	Controlled airport is correct because it means an airport with an operating control tower.	Correct. An airport with an operating control tower.	Not this one. Ramp is a different Module 2 concept; the wording or scenario matches controlled airport.	Not this one. Flight service station is a different Module 2 concept; the wording or scenario matches controlled airport.	Not this one. Uncontrolled airport is a different Module 2 concept; the wording or scenario matches controlled airport.	Controlled = tower operating.	Review Module 2, Chapter 2, pages 24-27, then explain controlled airport in your own words.	Aerospace Dimensions Module 2: Aircraft Systems and Airports	24-27	Module 2, Chapter 2, pages 24-27	high	educational_infographic	optional_after_answer	airport_layout_profile	airport_layout_profile	module2_airport_layout_flight_profile.png	/assets/cap-visuals/module2_airport_layout_flight_profile.png	approved	true	Ramp, taxiway, runway, traffic pattern, and flight profile sequence.	Ramp, taxiway, runway, traffic pattern, and flight profile sequence.	Ramp, taxiway, runway, traffic pattern, and flight profile sequence.	high	close	true	1.0	original_textbook_grounded	Mitchell_Aerospace_sample_style_analysis	draft	AD-M2-Q054	35
AD-M2-Q054	2	2	Airports	AD2-2-controlled_airport	AD2-2-controlled_airport	AD2-2-controlled_airport	multiple_choice	brief_application	medium_hard	application	Which concept best explains this situation? Pilots receive taxi and takeoff clearances from controllers in a tower.	ramp	uncontrolled airport	Flight Service Station	controlled airport	D	An airport with an operating control tower.	Controlled airport is correct because it means an airport with an operating control tower.	Not this one. Ramp is a different Module 2 concept; the wording or scenario matches controlled airport.	Not this one. Uncontrolled airport is a different Module 2 concept; the wording or scenario matches controlled airport.	Not this one. Flight service station is a different Module 2 concept; the wording or scenario matches controlled airport.	Correct. An airport with an operating control tower.	Controlled = tower operating.	Review Module 2, Chapter 2, pages 24-27, then explain controlled airport in your own words.	Aerospace Dimensions Module 2: Aircraft Systems and Airports	24-27	Module 2, Chapter 2, pages 24-27	high	educational_infographic	optional_after_answer	airport_layout_profile	airport_layout_profile	module2_airport_layout_flight_profile.png	/assets/cap-visuals/module2_airport_layout_flight_profile.png	approved	true	Ramp, taxiway, runway, traffic pattern, and flight profile sequence.	Ramp, taxiway, runway, traffic pattern, and flight profile sequence.	Ramp, taxiway, runway, traffic pattern, and flight profile sequence.	high	close	true	0.8	original_textbook_grounded	Mitchell_Aerospace_sample_style_analysis	draft	AD-M2-Q053	45
AD-M2-Q055	2	2	Airports	AD2-2-uncontrolled_airport	AD2-2-uncontrolled_airport	AD2-2-uncontrolled_airport	multiple_choice	direct_definition	medium	recall	Which answer best matches this description: an airport without an operating control tower?	uncontrolled airport	military airport	precision airport	controlled airport	A	An airport without an operating control tower.	Uncontrolled airport is correct because it means an airport without an operating control tower.	Correct. An airport without an operating control tower.	Not this one. Military airport is a different Module 2 concept; the wording or scenario matches uncontrolled airport.	Not this one. Precision airport is a different Module 2 concept; the wording or scenario matches uncontrolled airport.	Not this one. Controlled airport is a different Module 2 concept; the wording or scenario matches uncontrolled airport.	Uncontrolled = no operating tower.	Review Module 2, Chapter 2, pages 24-27, then explain uncontrolled airport in your own words.	Aerospace Dimensions Module 2: Aircraft Systems and Airports	24-27	Module 2, Chapter 2, pages 24-27	high	educational_infographic	optional_after_answer	airport_layout_profile	airport_layout_profile	module2_airport_layout_flight_profile.png	/assets/cap-visuals/module2_airport_layout_flight_profile.png	approved	true	Ramp, taxiway, runway, traffic pattern, and flight profile sequence.	Ramp, taxiway, runway, traffic pattern, and flight profile sequence.	Ramp, taxiway, runway, traffic pattern, and flight profile sequence.	high	close	true	1.0	original_textbook_grounded	Mitchell_Aerospace_sample_style_analysis	draft	AD-M2-Q056	35
AD-M2-Q056	2	2	Airports	AD2-2-uncontrolled_airport	AD2-2-uncontrolled_airport	AD2-2-uncontrolled_airport	multiple_choice	brief_application	medium_hard	application	Which concept best explains this situation? Pilots coordinate without receiving local tower clearances.	controlled airport	military airport	precision airport	uncontrolled airport	D	An airport without an operating control tower.	Uncontrolled airport is correct because it means an airport without an operating control tower.	Not this one. Controlled airport is a different Module 2 concept; the wording or scenario matches uncontrolled airport.	Not this one. Military airport is a different Module 2 concept; the wording or scenario matches uncontrolled airport.	Not this one. Precision airport is a different Module 2 concept; the wording or scenario matches uncontrolled airport.	Correct. An airport without an operating control tower.	Uncontrolled = no operating tower.	Review Module 2, Chapter 2, pages 24-27, then explain uncontrolled airport in your own words.	Aerospace Dimensions Module 2: Aircraft Systems and Airports	24-27	Module 2, Chapter 2, pages 24-27	high	educational_infographic	optional_after_answer	airport_layout_profile	airport_layout_profile	module2_airport_layout_flight_profile.png	/assets/cap-visuals/module2_airport_layout_flight_profile.png	approved	true	Ramp, taxiway, runway, traffic pattern, and flight profile sequence.	Ramp, taxiway, runway, traffic pattern, and flight profile sequence.	Ramp, taxiway, runway, traffic pattern, and flight profile sequence.	high	close	false	0.8	original_textbook_grounded	Mitchell_Aerospace_sample_style_analysis	draft	AD-M2-Q055	45
AD-M2-Q057	2	2	Airports	AD2-2-ramp	AD2-2-ramp	AD2-2-ramp	multiple_choice	direct_definition	medium	recall	Which answer best matches this description: the airport parking area for aircraft?	taxiway	traffic pattern	ramp	runway	C	The airport parking area for aircraft.	Ramp is correct because it means the airport parking area for aircraft.	Not this one. Taxiway is a different Module 2 concept; the wording or scenario matches ramp.	Not this one. Traffic pattern is a different Module 2 concept; the wording or scenario matches ramp.	Correct. The airport parking area for aircraft.	Not this one. Runway is a different Module 2 concept; the wording or scenario matches ramp.	Ramp = airport parking lot.	Review Module 2, Chapter 2, pages 25, then explain ramp in your own words.	Aerospace Dimensions Module 2: Aircraft Systems and Airports	25	Module 2, Chapter 2, pages 25	high	educational_infographic	optional_after_answer	airport_layout_profile	airport_layout_profile	module2_airport_layout_flight_profile.png	/assets/cap-visuals/module2_airport_layout_flight_profile.png	approved	true	Ramp, taxiway, runway, traffic pattern, and flight profile sequence.	Ramp, taxiway, runway, traffic pattern, and flight profile sequence.	Ramp, taxiway, runway, traffic pattern, and flight profile sequence.	high	close	true	1.0	original_textbook_grounded	Mitchell_Aerospace_sample_style_analysis	draft	AD-M2-Q058	35
AD-M2-Q058	2	2	Airports	AD2-2-ramp	AD2-2-ramp	AD2-2-ramp	multiple_choice	brief_application	medium_hard	application	Which concept best explains this situation? After landing, the airplane taxis to this area and parks.	ramp	traffic pattern	runway	taxiway	A	The airport parking area for aircraft.	Ramp is correct because it means the airport parking area for aircraft.	Correct. The airport parking area for aircraft.	Not this one. Traffic pattern is a different Module 2 concept; the wording or scenario matches ramp.	Not this one. Runway is a different Module 2 concept; the wording or scenario matches ramp.	Not this one. Taxiway is a different Module 2 concept; the wording or scenario matches ramp.	Ramp = airport parking lot.	Review Module 2, Chapter 2, pages 25, then explain ramp in your own words.	Aerospace Dimensions Module 2: Aircraft Systems and Airports	25	Module 2, Chapter 2, pages 25	high	educational_infographic	optional_after_answer	airport_layout_profile	airport_layout_profile	module2_airport_layout_flight_profile.png	/assets/cap-visuals/module2_airport_layout_flight_profile.png	approved	true	Ramp, taxiway, runway, traffic pattern, and flight profile sequence.	Ramp, taxiway, runway, traffic pattern, and flight profile sequence.	Ramp, taxiway, runway, traffic pattern, and flight profile sequence.	high	close	true	0.8	original_textbook_grounded	Mitchell_Aerospace_sample_style_analysis	draft	AD-M2-Q057	45
AD-M2-Q059	2	2	Airports	AD2-2-taxiway	AD2-2-taxiway	AD2-2-taxiway	multiple_choice	direct_definition	medium	recall	Which answer best matches this description: a ground passageway between aircraft parking areas and runways?	ramp	approach path	taxiway	runway	C	A ground passageway between aircraft parking areas and runways.	Taxiway is correct because it means a ground passageway between aircraft parking areas and runways.	Not this one. Ramp is a different Module 2 concept; the wording or scenario matches taxiway.	Not this one. Approach path is a different Module 2 concept; the wording or scenario matches taxiway.	Correct. A ground passageway between aircraft parking areas and runways.	Not this one. Runway is a different Module 2 concept; the wording or scenario matches taxiway.	Taxiway takes you to the runway.	Review Module 2, Chapter 2, pages 25-27, then explain taxiway in your own words.	Aerospace Dimensions Module 2: Aircraft Systems and Airports	25-27	Module 2, Chapter 2, pages 25-27	high	educational_infographic	optional_after_answer	airport_layout_profile	airport_layout_profile	module2_airport_layout_flight_profile.png	/assets/cap-visuals/module2_airport_layout_flight_profile.png	approved	true	Ramp, taxiway, runway, traffic pattern, and flight profile sequence.	Ramp, taxiway, runway, traffic pattern, and flight profile sequence.	Ramp, taxiway, runway, traffic pattern, and flight profile sequence.	high	close	true	1.0	original_textbook_grounded	Mitchell_Aerospace_sample_style_analysis	draft	AD-M2-Q060	35
AD-M2-Q060	2	2	Airports	AD2-2-taxiway	AD2-2-taxiway	AD2-2-taxiway	multiple_choice	brief_application	medium_hard	application	Which concept best explains this situation? The pilot leaves the ramp and follows this paved route toward the runway.	taxiway	runway	ramp	approach path	A	A ground passageway between aircraft parking areas and runways.	Taxiway is correct because it means a ground passageway between aircraft parking areas and runways.	Correct. A ground passageway between aircraft parking areas and runways.	Not this one. Runway is a different Module 2 concept; the wording or scenario matches taxiway.	Not this one. Ramp is a different Module 2 concept; the wording or scenario matches taxiway.	Not this one. Approach path is a different Module 2 concept; the wording or scenario matches taxiway.	Taxiway takes you to the runway.	Review Module 2, Chapter 2, pages 25-27, then explain taxiway in your own words.	Aerospace Dimensions Module 2: Aircraft Systems and Airports	25-27	Module 2, Chapter 2, pages 25-27	high	educational_infographic	optional_after_answer	airport_layout_profile	airport_layout_profile	module2_airport_layout_flight_profile.png	/assets/cap-visuals/module2_airport_layout_flight_profile.png	approved	true	Ramp, taxiway, runway, traffic pattern, and flight profile sequence.	Ramp, taxiway, runway, traffic pattern, and flight profile sequence.	Ramp, taxiway, runway, traffic pattern, and flight profile sequence.	high	close	false	0.8	original_textbook_grounded	Mitchell_Aerospace_sample_style_analysis	draft	AD-M2-Q059	45
AD-M2-Q061	2	2	Airports	AD2-2-flight_profile	AD2-2-flight_profile	AD2-2-flight_profile	multiple_choice	direct_definition	medium	recall	Which answer best matches this description: the standardized series of flight phases from preflight through shutdown after landing?	runway heading	flight profile	course	traffic pattern	B	The standardized series of flight phases from preflight through shutdown after landing.	Flight profile is correct because it means the standardized series of flight phases from preflight through shutdown after landing.	Not this one. Runway heading is a different Module 2 concept; the wording or scenario matches flight profile.	Correct. The standardized series of flight phases from preflight through shutdown after landing.	Not this one. Course is a different Module 2 concept; the wording or scenario matches flight profile.	Not this one. Traffic pattern is a different Module 2 concept; the wording or scenario matches flight profile.	Profile = preflight to postflight.	Review Module 2, Chapter 2, pages 25-28, then explain flight profile in your own words.	Aerospace Dimensions Module 2: Aircraft Systems and Airports	25-28	Module 2, Chapter 2, pages 25-28	high	educational_infographic	optional_after_answer	airport_layout_profile	airport_layout_profile	module2_airport_layout_flight_profile.png	/assets/cap-visuals/module2_airport_layout_flight_profile.png	approved	true	Ramp, taxiway, runway, traffic pattern, and flight profile sequence.	Ramp, taxiway, runway, traffic pattern, and flight profile sequence.	Ramp, taxiway, runway, traffic pattern, and flight profile sequence.	high	close	true	1.0	original_textbook_grounded	Mitchell_Aerospace_sample_style_analysis	draft	AD-M2-Q062	35
AD-M2-Q062	2	2	Airports	AD2-2-flight_profile	AD2-2-flight_profile	AD2-2-flight_profile	multiple_choice	brief_application	medium_hard	application	Which concept best explains this situation? A pilot follows preflight, taxi, takeoff, climb, cruise, descent, approach, landing, taxi, and shutdown steps.	traffic pattern	flight profile	runway heading	course	B	The standardized series of flight phases from preflight through shutdown after landing.	Flight profile is correct because it means the standardized series of flight phases from preflight through shutdown after landing.	Not this one. Traffic pattern is a different Module 2 concept; the wording or scenario matches flight profile.	Correct. The standardized series of flight phases from preflight through shutdown after landing.	Not this one. Runway heading is a different Module 2 concept; the wording or scenario matches flight profile.	Not this one. Course is a different Module 2 concept; the wording or scenario matches flight profile.	Profile = preflight to postflight.	Review Module 2, Chapter 2, pages 25-28, then explain flight profile in your own words.	Aerospace Dimensions Module 2: Aircraft Systems and Airports	25-28	Module 2, Chapter 2, pages 25-28	high	educational_infographic	optional_after_answer	airport_layout_profile	airport_layout_profile	module2_airport_layout_flight_profile.png	/assets/cap-visuals/module2_airport_layout_flight_profile.png	approved	true	Ramp, taxiway, runway, traffic pattern, and flight profile sequence.	Ramp, taxiway, runway, traffic pattern, and flight profile sequence.	Ramp, taxiway, runway, traffic pattern, and flight profile sequence.	high	close	true	0.8	original_textbook_grounded	Mitchell_Aerospace_sample_style_analysis	draft	AD-M2-Q061	45
AD-M2-Q063	2	2	Airports	AD2-2-vfr	AD2-2-vfr	AD2-2-vfr	multiple_choice	direct_definition	medium	recall	Which answer best matches this description: Visual Flight Rules, in which flight relies on adequate visual and weather conditions and see-and-be-seen operation?	FSS	VFR	IFR	ATC	B	Visual flight rules, in which flight relies on adequate visual and weather conditions and see-and-be-seen operation.	Vfr is correct because it means Visual Flight Rules, in which flight relies on adequate visual and weather conditions and see-and-be-seen operation.	Not this one. Fss is a different Module 2 concept; the wording or scenario matches VFR.	Correct. Visual flight rules, in which flight relies on adequate visual and weather conditions and see-and-be-seen operation.	Not this one. Ifr is a different Module 2 concept; the wording or scenario matches VFR.	Not this one. Atc is a different Module 2 concept; the wording or scenario matches VFR.	VFR = visual conditions.	Review Module 2, Chapter 2, pages 26-27, then explain VFR in your own words.	Aerospace Dimensions Module 2: Aircraft Systems and Airports	26-27	Module 2, Chapter 2, pages 26-27	high	educational_infographic	optional_after_answer	airport_layout_profile	airport_layout_profile	module2_airport_layout_flight_profile.png	/assets/cap-visuals/module2_airport_layout_flight_profile.png	approved	true	Ramp, taxiway, runway, traffic pattern, and flight profile sequence.	Ramp, taxiway, runway, traffic pattern, and flight profile sequence.	Ramp, taxiway, runway, traffic pattern, and flight profile sequence.	high	close	true	1.0	original_textbook_grounded	Mitchell_Aerospace_sample_style_analysis	draft	AD-M2-Q064	35
AD-M2-Q064	2	2	Airports	AD2-2-vfr	AD2-2-vfr	AD2-2-vfr	multiple_choice	brief_application	medium_hard	application	Which concept best explains this situation? A pilot navigates in good visibility while primarily using outside visual references.	IFR	VFR	FSS	ATC	B	Visual flight rules, in which flight relies on adequate visual and weather conditions and see-and-be-seen operation.	Vfr is correct because it means Visual Flight Rules, in which flight relies on adequate visual and weather conditions and see-and-be-seen operation.	Not this one. Ifr is a different Module 2 concept; the wording or scenario matches VFR.	Correct. Visual flight rules, in which flight relies on adequate visual and weather conditions and see-and-be-seen operation.	Not this one. Fss is a different Module 2 concept; the wording or scenario matches VFR.	Not this one. Atc is a different Module 2 concept; the wording or scenario matches VFR.	VFR = visual conditions.	Review Module 2, Chapter 2, pages 26-27, then explain VFR in your own words.	Aerospace Dimensions Module 2: Aircraft Systems and Airports	26-27	Module 2, Chapter 2, pages 26-27	high	educational_infographic	optional_after_answer	airport_layout_profile	airport_layout_profile	module2_airport_layout_flight_profile.png	/assets/cap-visuals/module2_airport_layout_flight_profile.png	approved	true	Ramp, taxiway, runway, traffic pattern, and flight profile sequence.	Ramp, taxiway, runway, traffic pattern, and flight profile sequence.	Ramp, taxiway, runway, traffic pattern, and flight profile sequence.	high	close	false	0.8	original_textbook_grounded	Mitchell_Aerospace_sample_style_analysis	draft	AD-M2-Q063	45
AD-M2-Q065	2	2	Airports	AD2-2-ifr	AD2-2-ifr	AD2-2-ifr	multiple_choice	direct_definition	medium	recall	Which answer best matches this description: Instrument Flight Rules, a carefully controlled system used when visibility is limited and requiring precision instrument flying?	UNICOM	noise abatement	IFR	VFR	C	Instrument flight rules, a carefully controlled system used when visibility is limited and requiring precision instrument flying.	Ifr is correct because it means Instrument Flight Rules, a carefully controlled system used when visibility is limited and requiring precision instrument flying.	Not this one. Unicom is a different Module 2 concept; the wording or scenario matches IFR.	Not this one. Noise abatement is a different Module 2 concept; the wording or scenario matches IFR.	Correct. Instrument flight rules, a carefully controlled system used when visibility is limited and requiring precision instrument flying.	Not this one. Vfr is a different Module 2 concept; the wording or scenario matches IFR.	IFR = instruments + tighter ATC control.	Review Module 2, Chapter 2, pages 27, then explain IFR in your own words.	Aerospace Dimensions Module 2: Aircraft Systems and Airports	27	Module 2, Chapter 2, pages 27	high	educational_infographic	optional_after_answer	airport_layout_profile	airport_layout_profile	module2_airport_layout_flight_profile.png	/assets/cap-visuals/module2_airport_layout_flight_profile.png	approved	true	Ramp, taxiway, runway, traffic pattern, and flight profile sequence.	Ramp, taxiway, runway, traffic pattern, and flight profile sequence.	Ramp, taxiway, runway, traffic pattern, and flight profile sequence.	high	close	true	1.0	original_textbook_grounded	Mitchell_Aerospace_sample_style_analysis	draft	AD-M2-Q066	35
AD-M2-Q066	2	2	Airports	AD2-2-ifr	AD2-2-ifr	AD2-2-ifr	multiple_choice	brief_application	medium_hard	application	Which concept best explains this situation? Poor visibility requires the pilot to fly assigned directions and altitudes under ATC control.	UNICOM	IFR	noise abatement	VFR	B	Instrument flight rules, a carefully controlled system used when visibility is limited and requiring precision instrument flying.	Ifr is correct because it means Instrument Flight Rules, a carefully controlled system used when visibility is limited and requiring precision instrument flying.	Not this one. Unicom is a different Module 2 concept; the wording or scenario matches IFR.	Correct. Instrument flight rules, a carefully controlled system used when visibility is limited and requiring precision instrument flying.	Not this one. Noise abatement is a different Module 2 concept; the wording or scenario matches IFR.	Not this one. Vfr is a different Module 2 concept; the wording or scenario matches IFR.	IFR = instruments + tighter ATC control.	Review Module 2, Chapter 2, pages 27, then explain IFR in your own words.	Aerospace Dimensions Module 2: Aircraft Systems and Airports	27	Module 2, Chapter 2, pages 27	high	educational_infographic	optional_after_answer	airport_layout_profile	airport_layout_profile	module2_airport_layout_flight_profile.png	/assets/cap-visuals/module2_airport_layout_flight_profile.png	approved	true	Ramp, taxiway, runway, traffic pattern, and flight profile sequence.	Ramp, taxiway, runway, traffic pattern, and flight profile sequence.	Ramp, taxiway, runway, traffic pattern, and flight profile sequence.	high	close	true	0.8	original_textbook_grounded	Mitchell_Aerospace_sample_style_analysis	draft	AD-M2-Q065	45
AD-M2-Q067	2	2	Airports	AD2-2-runway_numbering	AD2-2-runway_numbering	AD2-2-runway_numbering	multiple_choice	direct_definition	medium	recall	Which answer best matches this description: a runway number is one tenth of its magnetic heading, using numbers 01 through 36?	the runway length in hundreds of feet	runway numbering	the airport elevation divided by 10	the taxiway letter converted to a number	B	A runway number is one tenth of its magnetic heading, using numbers 01 through 36.	Runway numbering is correct because it means a runway number is one tenth of its magnetic heading, using numbers 01 through 36.	Not this one. The runway length in hundreds of feet is a different Module 2 concept; the wording or scenario matches runway numbering.	Correct. A runway number is one tenth of its magnetic heading, using numbers 01 through 36.	Not this one. The airport elevation divided by 10 is a different Module 2 concept; the wording or scenario matches runway numbering.	Not this one. The taxiway letter converted to a number is a different Module 2 concept; the wording or scenario matches runway numbering.	Runway number × 10 ≈ magnetic heading.	Review Module 2, Chapter 2, pages 28-29, then explain runway numbering in your own words.	Aerospace Dimensions Module 2: Aircraft Systems and Airports	28-29	Module 2, Chapter 2, pages 28-29	high	educational_infographic	optional_after_answer	runway_signs_lights	runway_signs_lights	module2_runway_signs_lights.png	/assets/cap-visuals/module2_runway_signs_lights.png	approved	true	Runway numbers, airport sign colors, runway light colors, and VASI.	Runway numbers, airport sign colors, runway light colors, and VASI.	Runway numbers, airport sign colors, runway light colors, and VASI.	high	close	true	1.0	original_textbook_grounded	Mitchell_Aerospace_sample_style_analysis	draft	AD-M2-Q068	35
AD-M2-Q068	2	2	Airports	AD2-2-runway_numbering	AD2-2-runway_numbering	AD2-2-runway_numbering	multiple_choice	brief_application	medium_hard	application	Which concept best explains this situation? A runway aligned near 270° is labeled 27.	the runway length in hundreds of feet	runway numbering	the taxiway letter converted to a number	the airport elevation divided by 10	B	A runway number is one tenth of its magnetic heading, using numbers 01 through 36.	Runway numbering is correct because it means a runway number is one tenth of its magnetic heading, using numbers 01 through 36.	Not this one. The runway length in hundreds of feet is a different Module 2 concept; the wording or scenario matches runway numbering.	Correct. A runway number is one tenth of its magnetic heading, using numbers 01 through 36.	Not this one. The taxiway letter converted to a number is a different Module 2 concept; the wording or scenario matches runway numbering.	Not this one. The airport elevation divided by 10 is a different Module 2 concept; the wording or scenario matches runway numbering.	Runway number × 10 ≈ magnetic heading.	Review Module 2, Chapter 2, pages 28-29, then explain runway numbering in your own words.	Aerospace Dimensions Module 2: Aircraft Systems and Airports	28-29	Module 2, Chapter 2, pages 28-29	high	educational_infographic	optional_after_answer	runway_signs_lights	runway_signs_lights	module2_runway_signs_lights.png	/assets/cap-visuals/module2_runway_signs_lights.png	approved	true	Runway numbers, airport sign colors, runway light colors, and VASI.	Runway numbers, airport sign colors, runway light colors, and VASI.	Runway numbers, airport sign colors, runway light colors, and VASI.	high	close	false	0.8	original_textbook_grounded	Mitchell_Aerospace_sample_style_analysis	draft	AD-M2-Q067	45
AD-M2-Q069	2	2	Airports	AD2-2-parallel_runway_suffixes	AD2-2-parallel_runway_suffixes	AD2-2-parallel_runway_suffixes	multiple_choice	direct_definition	medium	recall	Which answer best matches this description: parallel runways with the same heading use L, R, and when needed C to distinguish left, right, and center?	1, 2, 3	parallel runway suffixes	A, B, C	N, S, E	B	Parallel runways with the same heading use l, r, and when needed c to distinguish left, right, and center.	Parallel runway suffixes is correct because it means parallel runways with the same heading use L, R, and when needed C to distinguish left, right, and center.	Not this one. 1, 2, 3 is a different Module 2 concept; the wording or scenario matches parallel runway suffixes.	Correct. Parallel runways with the same heading use l, r, and when needed c to distinguish left, right, and center.	Not this one. A, b, c is a different Module 2 concept; the wording or scenario matches parallel runway suffixes.	Not this one. N, s, e is a different Module 2 concept; the wording or scenario matches parallel runway suffixes.	Parallel: L, R, C.	Review Module 2, Chapter 2, pages 29, then explain parallel runway suffixes in your own words.	Aerospace Dimensions Module 2: Aircraft Systems and Airports	29	Module 2, Chapter 2, pages 29	high	educational_infographic	optional_after_answer	runway_signs_lights	runway_signs_lights	module2_runway_signs_lights.png	/assets/cap-visuals/module2_runway_signs_lights.png	approved	true	Runway numbers, airport sign colors, runway light colors, and VASI.	Runway numbers, airport sign colors, runway light colors, and VASI.	Runway numbers, airport sign colors, runway light colors, and VASI.	high	close	true	1.0	original_textbook_grounded	Mitchell_Aerospace_sample_style_analysis	draft	AD-M2-Q070	35
AD-M2-Q070	2	2	Airports	AD2-2-parallel_runway_suffixes	AD2-2-parallel_runway_suffixes	AD2-2-parallel_runway_suffixes	multiple_choice	brief_application	medium_hard	application	Which concept best explains this situation? Three parallel runways share the same number but need separate identifiers.	A, B, C	1, 2, 3	parallel runway suffixes	N, S, E	C	Parallel runways with the same heading use l, r, and when needed c to distinguish left, right, and center.	Parallel runway suffixes is correct because it means parallel runways with the same heading use L, R, and when needed C to distinguish left, right, and center.	Not this one. A, b, c is a different Module 2 concept; the wording or scenario matches parallel runway suffixes.	Not this one. 1, 2, 3 is a different Module 2 concept; the wording or scenario matches parallel runway suffixes.	Correct. Parallel runways with the same heading use l, r, and when needed c to distinguish left, right, and center.	Not this one. N, s, e is a different Module 2 concept; the wording or scenario matches parallel runway suffixes.	Parallel: L, R, C.	Review Module 2, Chapter 2, pages 29, then explain parallel runway suffixes in your own words.	Aerospace Dimensions Module 2: Aircraft Systems and Airports	29	Module 2, Chapter 2, pages 29	high	educational_infographic	optional_after_answer	runway_signs_lights	runway_signs_lights	module2_runway_signs_lights.png	/assets/cap-visuals/module2_runway_signs_lights.png	approved	true	Runway numbers, airport sign colors, runway light colors, and VASI.	Runway numbers, airport sign colors, runway light colors, and VASI.	Runway numbers, airport sign colors, runway light colors, and VASI.	high	close	true	0.8	original_textbook_grounded	Mitchell_Aerospace_sample_style_analysis	draft	AD-M2-Q069	45
AD-M2-Q071	2	2	Airports	AD2-2-mandatory_airport_sign	AD2-2-mandatory_airport_sign	AD2-2-mandatory_airport_sign	multiple_choice	direct_definition	medium	recall	Which answer best matches this description: a red sign with white letters or numbers marking a runway entrance, critical area, or prohibited area?	information airport sign	mandatory airport sign	location airport sign	direction airport sign	B	A red sign with white letters or numbers marking a runway entrance, critical area, or prohibited area.	Mandatory airport sign is correct because it means a red sign with white letters or numbers marking a runway entrance, critical area, or prohibited area.	Not this one. Information airport sign is a different Module 2 concept; the wording or scenario matches mandatory airport sign.	Correct. A red sign with white letters or numbers marking a runway entrance, critical area, or prohibited area.	Not this one. Location airport sign is a different Module 2 concept; the wording or scenario matches mandatory airport sign.	Not this one. Direction airport sign is a different Module 2 concept; the wording or scenario matches mandatory airport sign.	Red + white = mandatory.	Review Module 2, Chapter 2, pages 30-31, then explain mandatory airport sign in your own words.	Aerospace Dimensions Module 2: Aircraft Systems and Airports	30-31	Module 2, Chapter 2, pages 30-31	high	educational_infographic	optional_after_answer	runway_signs_lights	runway_signs_lights	module2_runway_signs_lights.png	/assets/cap-visuals/module2_runway_signs_lights.png	approved	true	Runway numbers, airport sign colors, runway light colors, and VASI.	Runway numbers, airport sign colors, runway light colors, and VASI.	Runway numbers, airport sign colors, runway light colors, and VASI.	high	close	true	1.0	original_textbook_grounded	Mitchell_Aerospace_sample_style_analysis	draft	AD-M2-Q072	35
AD-M2-Q072	2	2	Airports	AD2-2-mandatory_airport_sign	AD2-2-mandatory_airport_sign	AD2-2-mandatory_airport_sign	multiple_choice	brief_application	medium_hard	application	Which concept best explains this situation? A taxiing pilot reaches a red sign with white runway numbers.	location airport sign	information airport sign	mandatory airport sign	direction airport sign	C	A red sign with white letters or numbers marking a runway entrance, critical area, or prohibited area.	Mandatory airport sign is correct because it means a red sign with white letters or numbers marking a runway entrance, critical area, or prohibited area.	Not this one. Location airport sign is a different Module 2 concept; the wording or scenario matches mandatory airport sign.	Not this one. Information airport sign is a different Module 2 concept; the wording or scenario matches mandatory airport sign.	Correct. A red sign with white letters or numbers marking a runway entrance, critical area, or prohibited area.	Not this one. Direction airport sign is a different Module 2 concept; the wording or scenario matches mandatory airport sign.	Red + white = mandatory.	Review Module 2, Chapter 2, pages 30-31, then explain mandatory airport sign in your own words.	Aerospace Dimensions Module 2: Aircraft Systems and Airports	30-31	Module 2, Chapter 2, pages 30-31	high	educational_infographic	optional_after_answer	runway_signs_lights	runway_signs_lights	module2_runway_signs_lights.png	/assets/cap-visuals/module2_runway_signs_lights.png	approved	true	Runway numbers, airport sign colors, runway light colors, and VASI.	Runway numbers, airport sign colors, runway light colors, and VASI.	Runway numbers, airport sign colors, runway light colors, and VASI.	high	close	false	0.8	original_textbook_grounded	Mitchell_Aerospace_sample_style_analysis	draft	AD-M2-Q071	45
AD-M2-Q073	2	2	Airports	AD2-2-location_airport_sign	AD2-2-location_airport_sign	AD2-2-location_airport_sign	multiple_choice	direct_definition	medium	recall	Which answer best matches this description: a black sign with yellow inscription, usually with a yellow border and no arrow, identifying the current taxiway or runway location?	mandatory airport sign	destination airport sign	location airport sign	direction airport sign	C	A black sign with yellow inscription, usually with a yellow border and no arrow, identifying the current taxiway or runway location.	Location airport sign is correct because it means a black sign with yellow inscription, usually with a yellow border and no arrow, identifying the current taxiway or runway location.	Not this one. Mandatory airport sign is a different Module 2 concept; the wording or scenario matches location airport sign.	Not this one. Destination airport sign is a different Module 2 concept; the wording or scenario matches location airport sign.	Correct. A black sign with yellow inscription, usually with a yellow border and no arrow, identifying the current taxiway or runway location.	Not this one. Direction airport sign is a different Module 2 concept; the wording or scenario matches location airport sign.	Black/yellow, no arrow = where you are.	Review Module 2, Chapter 2, pages 30-31, then explain location airport sign in your own words.	Aerospace Dimensions Module 2: Aircraft Systems and Airports	30-31	Module 2, Chapter 2, pages 30-31	high	educational_infographic	optional_after_answer	runway_signs_lights	runway_signs_lights	module2_runway_signs_lights.png	/assets/cap-visuals/module2_runway_signs_lights.png	approved	true	Runway numbers, airport sign colors, runway light colors, and VASI.	Runway numbers, airport sign colors, runway light colors, and VASI.	Runway numbers, airport sign colors, runway light colors, and VASI.	high	close	true	1.0	original_textbook_grounded	Mitchell_Aerospace_sample_style_analysis	draft	AD-M2-Q074	35
AD-M2-Q074	2	2	Airports	AD2-2-location_airport_sign	AD2-2-location_airport_sign	AD2-2-location_airport_sign	multiple_choice	brief_application	medium_hard	application	Which concept best explains this situation? The pilot wants confirmation of which taxiway the aircraft is currently on.	mandatory airport sign	destination airport sign	direction airport sign	location airport sign	D	A black sign with yellow inscription, usually with a yellow border and no arrow, identifying the current taxiway or runway location.	Location airport sign is correct because it means a black sign with yellow inscription, usually with a yellow border and no arrow, identifying the current taxiway or runway location.	Not this one. Mandatory airport sign is a different Module 2 concept; the wording or scenario matches location airport sign.	Not this one. Destination airport sign is a different Module 2 concept; the wording or scenario matches location airport sign.	Not this one. Direction airport sign is a different Module 2 concept; the wording or scenario matches location airport sign.	Correct. A black sign with yellow inscription, usually with a yellow border and no arrow, identifying the current taxiway or runway location.	Black/yellow, no arrow = where you are.	Review Module 2, Chapter 2, pages 30-31, then explain location airport sign in your own words.	Aerospace Dimensions Module 2: Aircraft Systems and Airports	30-31	Module 2, Chapter 2, pages 30-31	high	educational_infographic	optional_after_answer	runway_signs_lights	runway_signs_lights	module2_runway_signs_lights.png	/assets/cap-visuals/module2_runway_signs_lights.png	approved	true	Runway numbers, airport sign colors, runway light colors, and VASI.	Runway numbers, airport sign colors, runway light colors, and VASI.	Runway numbers, airport sign colors, runway light colors, and VASI.	high	close	true	0.8	original_textbook_grounded	Mitchell_Aerospace_sample_style_analysis	draft	AD-M2-Q073	45
AD-M2-Q075	2	2	Airports	AD2-2-direction_airport_sign	AD2-2-direction_airport_sign	AD2-2-direction_airport_sign	multiple_choice	direct_definition	medium	recall	Which answer best matches this description: a yellow sign with black lettering and an arrow showing the direction to intersecting taxiways?	location airport sign	mandatory airport sign	direction airport sign	runway distance remaining sign	C	A yellow sign with black lettering and an arrow showing the direction to intersecting taxiways.	Direction airport sign is correct because it means a yellow sign with black lettering and an arrow showing the direction to intersecting taxiways.	Not this one. Location airport sign is a different Module 2 concept; the wording or scenario matches direction airport sign.	Not this one. Mandatory airport sign is a different Module 2 concept; the wording or scenario matches direction airport sign.	Correct. A yellow sign with black lettering and an arrow showing the direction to intersecting taxiways.	Not this one. Runway distance remaining sign is a different Module 2 concept; the wording or scenario matches direction airport sign.	Yellow + arrow = which way.	Review Module 2, Chapter 2, pages 30-31, then explain direction airport sign in your own words.	Aerospace Dimensions Module 2: Aircraft Systems and Airports	30-31	Module 2, Chapter 2, pages 30-31	high	educational_infographic	optional_after_answer	runway_signs_lights	runway_signs_lights	module2_runway_signs_lights.png	/assets/cap-visuals/module2_runway_signs_lights.png	approved	true	Runway numbers, airport sign colors, runway light colors, and VASI.	Runway numbers, airport sign colors, runway light colors, and VASI.	Runway numbers, airport sign colors, runway light colors, and VASI.	high	close	true	1.0	original_textbook_grounded	Mitchell_Aerospace_sample_style_analysis	draft	AD-M2-Q076	35
AD-M2-Q076	2	2	Airports	AD2-2-direction_airport_sign	AD2-2-direction_airport_sign	AD2-2-direction_airport_sign	multiple_choice	brief_application	medium_hard	application	Which concept best explains this situation? At an intersection, the sign points left toward Taxiway B.	mandatory airport sign	direction airport sign	location airport sign	runway distance remaining sign	B	A yellow sign with black lettering and an arrow showing the direction to intersecting taxiways.	Direction airport sign is correct because it means a yellow sign with black lettering and an arrow showing the direction to intersecting taxiways.	Not this one. Mandatory airport sign is a different Module 2 concept; the wording or scenario matches direction airport sign.	Correct. A yellow sign with black lettering and an arrow showing the direction to intersecting taxiways.	Not this one. Location airport sign is a different Module 2 concept; the wording or scenario matches direction airport sign.	Not this one. Runway distance remaining sign is a different Module 2 concept; the wording or scenario matches direction airport sign.	Yellow + arrow = which way.	Review Module 2, Chapter 2, pages 30-31, then explain direction airport sign in your own words.	Aerospace Dimensions Module 2: Aircraft Systems and Airports	30-31	Module 2, Chapter 2, pages 30-31	high	educational_infographic	optional_after_answer	runway_signs_lights	runway_signs_lights	module2_runway_signs_lights.png	/assets/cap-visuals/module2_runway_signs_lights.png	approved	true	Runway numbers, airport sign colors, runway light colors, and VASI.	Runway numbers, airport sign colors, runway light colors, and VASI.	Runway numbers, airport sign colors, runway light colors, and VASI.	high	close	false	0.8	original_textbook_grounded	Mitchell_Aerospace_sample_style_analysis	draft	AD-M2-Q075	45
AD-M2-Q077	2	2	Airports	AD2-2-runway_distance_remaining_sign	AD2-2-runway_distance_remaining_sign	AD2-2-runway_distance_remaining_sign	multiple_choice	direct_definition	medium	recall	Which answer best matches this description: a large black sign with a white number telling how much runway remains?	destination airport sign	mandatory airport sign	runway distance remaining sign	location airport sign	C	A large black sign with a white number telling how much runway remains.	Runway distance remaining sign is correct because it means a large black sign with a white number telling how much runway remains.	Not this one. Destination airport sign is a different Module 2 concept; the wording or scenario matches runway distance remaining sign.	Not this one. Mandatory airport sign is a different Module 2 concept; the wording or scenario matches runway distance remaining sign.	Correct. A large black sign with a white number telling how much runway remains.	Not this one. Location airport sign is a different Module 2 concept; the wording or scenario matches runway distance remaining sign.	Black sign, white number = runway remaining.	Review Module 2, Chapter 2, pages 31, then explain runway distance remaining sign in your own words.	Aerospace Dimensions Module 2: Aircraft Systems and Airports	31	Module 2, Chapter 2, pages 31	high	educational_infographic	optional_after_answer	runway_signs_lights	runway_signs_lights	module2_runway_signs_lights.png	/assets/cap-visuals/module2_runway_signs_lights.png	approved	true	Runway numbers, airport sign colors, runway light colors, and VASI.	Runway numbers, airport sign colors, runway light colors, and VASI.	Runway numbers, airport sign colors, runway light colors, and VASI.	high	close	true	1.0	original_textbook_grounded	Mitchell_Aerospace_sample_style_analysis	draft	AD-M2-Q078	35
AD-M2-Q078	2	2	Airports	AD2-2-runway_distance_remaining_sign	AD2-2-runway_distance_remaining_sign	AD2-2-runway_distance_remaining_sign	multiple_choice	brief_application	medium_hard	application	Which concept best explains this situation? During a takeoff roll, a pilot passes a black sign with a large white 4.	destination airport sign	runway distance remaining sign	location airport sign	mandatory airport sign	B	A large black sign with a white number telling how much runway remains.	Runway distance remaining sign is correct because it means a large black sign with a white number telling how much runway remains.	Not this one. Destination airport sign is a different Module 2 concept; the wording or scenario matches runway distance remaining sign.	Correct. A large black sign with a white number telling how much runway remains.	Not this one. Location airport sign is a different Module 2 concept; the wording or scenario matches runway distance remaining sign.	Not this one. Mandatory airport sign is a different Module 2 concept; the wording or scenario matches runway distance remaining sign.	Black sign, white number = runway remaining.	Review Module 2, Chapter 2, pages 31, then explain runway distance remaining sign in your own words.	Aerospace Dimensions Module 2: Aircraft Systems and Airports	31	Module 2, Chapter 2, pages 31	high	educational_infographic	optional_after_answer	runway_signs_lights	runway_signs_lights	module2_runway_signs_lights.png	/assets/cap-visuals/module2_runway_signs_lights.png	approved	true	Runway numbers, airport sign colors, runway light colors, and VASI.	Runway numbers, airport sign colors, runway light colors, and VASI.	Runway numbers, airport sign colors, runway light colors, and VASI.	high	close	true	0.8	original_textbook_grounded	Mitchell_Aerospace_sample_style_analysis	draft	AD-M2-Q077	45
AD-M2-Q079	2	2	Airports	AD2-2-airport_light_colors	AD2-2-airport_light_colors	AD2-2-airport_light_colors	multiple_choice	direct_definition	medium	recall	Which answer best matches this description: threshold lights are green, end-of-runway lights are red, and normal runway edge lights are white?	white begins, amber ends, red edges	red begins, green ends, blue edges	green begins, white ends, blue edges	airport light colors	D	Threshold lights are green, end-of-runway lights are red, and normal runway edge lights are white.	Airport light colors is correct because it means threshold lights are green, end-of-runway lights are red, and normal runway edge lights are white.	Not this one. White begins, amber ends, red edges is a different Module 2 concept; the wording or scenario matches airport light colors.	Not this one. Red begins, green ends, blue edges is a different Module 2 concept; the wording or scenario matches airport light colors.	Not this one. Green begins, white ends, blue edges is a different Module 2 concept; the wording or scenario matches airport light colors.	Correct. Threshold lights are green, end-of-runway lights are red, and normal runway edge lights are white.	Green begins, red ends, white edges.	Review Module 2, Chapter 2, pages 31-32, then explain airport light colors in your own words.	Aerospace Dimensions Module 2: Aircraft Systems and Airports	31-32	Module 2, Chapter 2, pages 31-32	high	educational_infographic	optional_after_answer	runway_signs_lights	runway_signs_lights	module2_runway_signs_lights.png	/assets/cap-visuals/module2_runway_signs_lights.png	approved	true	Runway numbers, airport sign colors, runway light colors, and VASI.	Runway numbers, airport sign colors, runway light colors, and VASI.	Runway numbers, airport sign colors, runway light colors, and VASI.	high	close	true	1.0	original_textbook_grounded	Mitchell_Aerospace_sample_style_analysis	draft	AD-M2-Q080	35
AD-M2-Q080	2	2	Airports	AD2-2-airport_light_colors	AD2-2-airport_light_colors	AD2-2-airport_light_colors	multiple_choice	brief_application	medium_hard	application	Which concept best explains this situation? A pilot approaching at night sees green lights marking the runway threshold.	airport light colors	white begins, amber ends, red edges	green begins, white ends, blue edges	red begins, green ends, blue edges	A	Threshold lights are green, end-of-runway lights are red, and normal runway edge lights are white.	Airport light colors is correct because it means threshold lights are green, end-of-runway lights are red, and normal runway edge lights are white.	Correct. Threshold lights are green, end-of-runway lights are red, and normal runway edge lights are white.	Not this one. White begins, amber ends, red edges is a different Module 2 concept; the wording or scenario matches airport light colors.	Not this one. Green begins, white ends, blue edges is a different Module 2 concept; the wording or scenario matches airport light colors.	Not this one. Red begins, green ends, blue edges is a different Module 2 concept; the wording or scenario matches airport light colors.	Green begins, red ends, white edges.	Review Module 2, Chapter 2, pages 31-32, then explain airport light colors in your own words.	Aerospace Dimensions Module 2: Aircraft Systems and Airports	31-32	Module 2, Chapter 2, pages 31-32	high	educational_infographic	optional_after_answer	runway_signs_lights	runway_signs_lights	module2_runway_signs_lights.png	/assets/cap-visuals/module2_runway_signs_lights.png	approved	true	Runway numbers, airport sign colors, runway light colors, and VASI.	Runway numbers, airport sign colors, runway light colors, and VASI.	Runway numbers, airport sign colors, runway light colors, and VASI.	high	close	false	0.8	original_textbook_grounded	Mitchell_Aerospace_sample_style_analysis	draft	AD-M2-Q079	45
AD-M2-Q081	2	2	Airports	AD2-2-vasi	AD2-2-vasi	AD2-2-vasi	multiple_choice	direct_definition	medium	recall	Which answer best matches this description: a visual approach slope indicator that uses red and white light combinations to show whether the aircraft is above, on, or below the proper glide path?	runway edge lighting	ALS	VASI	REIL	C	A visual approach slope indicator that uses red and white light combinations to show whether the aircraft is above, on, or below the proper glide path.	Vasi is correct because it means a visual approach slope indicator that uses red and white light combinations to show whether the aircraft is above, on, or below the proper glide path.	Not this one. Runway edge lighting is a different Module 2 concept; the wording or scenario matches VASI.	Not this one. Als is a different Module 2 concept; the wording or scenario matches VASI.	Correct. A visual approach slope indicator that uses red and white light combinations to show whether the aircraft is above, on, or below the proper glide path.	Not this one. Reil is a different Module 2 concept; the wording or scenario matches VASI.	VASI = red/white glide path.	Review Module 2, Chapter 2, pages 32, then explain VASI in your own words.	Aerospace Dimensions Module 2: Aircraft Systems and Airports	32	Module 2, Chapter 2, pages 32	high	educational_infographic	optional_after_answer	runway_signs_lights	runway_signs_lights	module2_runway_signs_lights.png	/assets/cap-visuals/module2_runway_signs_lights.png	approved	true	Runway numbers, airport sign colors, runway light colors, and VASI.	Runway numbers, airport sign colors, runway light colors, and VASI.	Runway numbers, airport sign colors, runway light colors, and VASI.	high	close	true	1.0	original_textbook_grounded	Mitchell_Aerospace_sample_style_analysis	draft	AD-M2-Q082	35
AD-M2-Q082	2	2	Airports	AD2-2-vasi	AD2-2-vasi	AD2-2-vasi	multiple_choice	brief_application	medium_hard	application	Which concept best explains this situation? The pilot uses colored light bars to judge whether the approach angle is correct.	runway edge lighting	ALS	REIL	VASI	D	A visual approach slope indicator that uses red and white light combinations to show whether the aircraft is above, on, or below the proper glide path.	Vasi is correct because it means a visual approach slope indicator that uses red and white light combinations to show whether the aircraft is above, on, or below the proper glide path.	Not this one. Runway edge lighting is a different Module 2 concept; the wording or scenario matches VASI.	Not this one. Als is a different Module 2 concept; the wording or scenario matches VASI.	Not this one. Reil is a different Module 2 concept; the wording or scenario matches VASI.	Correct. A visual approach slope indicator that uses red and white light combinations to show whether the aircraft is above, on, or below the proper glide path.	VASI = red/white glide path.	Review Module 2, Chapter 2, pages 32, then explain VASI in your own words.	Aerospace Dimensions Module 2: Aircraft Systems and Airports	32	Module 2, Chapter 2, pages 32	high	educational_infographic	optional_after_answer	runway_signs_lights	runway_signs_lights	module2_runway_signs_lights.png	/assets/cap-visuals/module2_runway_signs_lights.png	approved	true	Runway numbers, airport sign colors, runway light colors, and VASI.	Runway numbers, airport sign colors, runway light colors, and VASI.	Runway numbers, airport sign colors, runway light colors, and VASI.	high	close	true	0.8	original_textbook_grounded	Mitchell_Aerospace_sample_style_analysis	draft	AD-M2-Q081	45
AD-M2-Q083	2	2	Airports	AD2-2-wind_indicators	AD2-2-wind_indicators	AD2-2-wind_indicators	multiple_choice	direct_definition	medium	recall	Which answer best matches this description: wind socks, wind tees, and tetrahedrons provide visual wind-direction information when tower service is unavailable?	sectional legends	runway signs	pitot tubes	wind indicators	D	Wind socks, wind tees, and tetrahedrons provide visual wind-direction information when tower service is unavailable.	Wind indicators is correct because it means wind socks, wind tees, and tetrahedrons provide visual wind-direction information when tower service is unavailable.	Not this one. Sectional legends is a different Module 2 concept; the wording or scenario matches wind indicators.	Not this one. Runway signs is a different Module 2 concept; the wording or scenario matches wind indicators.	Not this one. Pitot tubes is a different Module 2 concept; the wording or scenario matches wind indicators.	Correct. Wind socks, wind tees, and tetrahedrons provide visual wind-direction information when tower service is unavailable.	Sock, tee, tetrahedron tell the wind.	Review Module 2, Chapter 2, pages 34, then explain wind indicators in your own words.	Aerospace Dimensions Module 2: Aircraft Systems and Airports	34	Module 2, Chapter 2, pages 34	high	educational_infographic	optional_after_answer	airport_layout_profile	airport_layout_profile	module2_airport_layout_flight_profile.png	/assets/cap-visuals/module2_airport_layout_flight_profile.png	approved	true	Ramp, taxiway, runway, traffic pattern, and flight profile sequence.	Ramp, taxiway, runway, traffic pattern, and flight profile sequence.	Ramp, taxiway, runway, traffic pattern, and flight profile sequence.	high	close	true	1.0	original_textbook_grounded	Mitchell_Aerospace_sample_style_analysis	draft	AD-M2-Q084	35
AD-M2-Q084	2	2	Airports	AD2-2-wind_indicators	AD2-2-wind_indicators	AD2-2-wind_indicators	multiple_choice	brief_application	medium_hard	application	Which concept best explains this situation? At an uncontrolled field, the pilot looks for a visual device that shows which way the wind is coming from.	pitot tubes	runway signs	wind indicators	sectional legends	C	Wind socks, wind tees, and tetrahedrons provide visual wind-direction information when tower service is unavailable.	Wind indicators is correct because it means wind socks, wind tees, and tetrahedrons provide visual wind-direction information when tower service is unavailable.	Not this one. Pitot tubes is a different Module 2 concept; the wording or scenario matches wind indicators.	Not this one. Runway signs is a different Module 2 concept; the wording or scenario matches wind indicators.	Correct. Wind socks, wind tees, and tetrahedrons provide visual wind-direction information when tower service is unavailable.	Not this one. Sectional legends is a different Module 2 concept; the wording or scenario matches wind indicators.	Sock, tee, tetrahedron tell the wind.	Review Module 2, Chapter 2, pages 34, then explain wind indicators in your own words.	Aerospace Dimensions Module 2: Aircraft Systems and Airports	34	Module 2, Chapter 2, pages 34	high	educational_infographic	optional_after_answer	airport_layout_profile	airport_layout_profile	module2_airport_layout_flight_profile.png	/assets/cap-visuals/module2_airport_layout_flight_profile.png	approved	true	Ramp, taxiway, runway, traffic pattern, and flight profile sequence.	Ramp, taxiway, runway, traffic pattern, and flight profile sequence.	Ramp, taxiway, runway, traffic pattern, and flight profile sequence.	high	close	false	0.8	original_textbook_grounded	Mitchell_Aerospace_sample_style_analysis	draft	AD-M2-Q083	45
AD-M2-Q085	2	3	Aeronautical Charts	AD2-3-sectional_chart	AD2-3-sectional_chart	AD2-3-sectional_chart	multiple_choice	direct_definition	medium	recall	Which answer best matches this description: the most commonly used aeronautical chart for VFR, at a scale of 1:500,000 or about 8 statute miles per inch?	airport diagram	World Aeronautical Chart	sectional chart	road atlas	C	The most commonly used aeronautical chart for vfr, at a scale of 1:500,000 or about 8 statute miles per inch.	Sectional chart is correct because it means the most commonly used aeronautical chart for VFR, at a scale of 1:500,000 or about 8 statute miles per inch.	Not this one. Airport diagram is a different Module 2 concept; the wording or scenario matches sectional chart.	Not this one. World aeronautical chart is a different Module 2 concept; the wording or scenario matches sectional chart.	Correct. The most commonly used aeronautical chart for vfr, at a scale of 1:500,000 or about 8 statute miles per inch.	Not this one. Road atlas is a different Module 2 concept; the wording or scenario matches sectional chart.	Sectional = 1:500,000 ≈ 8 miles/inch.	Review Module 2, Chapter 3, pages 38-40, then explain sectional chart in your own words.	Aerospace Dimensions Module 2: Aircraft Systems and Airports	38-40	Module 2, Chapter 3, pages 38-40	high	educational_infographic	optional_after_answer	sectional_chart_basics	sectional_chart_basics	module2_sectional_chart_basics.png	/assets/cap-visuals/module2_sectional_chart_basics.png	approved	true	Latitude, longitude, sectional scale, legend, airport colors, and airport data.	Latitude, longitude, sectional scale, legend, airport colors, and airport data.	Latitude, longitude, sectional scale, legend, airport colors, and airport data.	high	close	true	1.0	original_textbook_grounded	Mitchell_Aerospace_sample_style_analysis	draft	AD-M2-Q086	35
AD-M2-Q086	2	3	Aeronautical Charts	AD2-3-sectional_chart	AD2-3-sectional_chart	AD2-3-sectional_chart	multiple_choice	brief_application	medium_hard	application	Which concept best explains this situation? A VFR pilot uses a chart whose scale is 1:500,000.	World Aeronautical Chart	road atlas	airport diagram	sectional chart	D	The most commonly used aeronautical chart for vfr, at a scale of 1:500,000 or about 8 statute miles per inch.	Sectional chart is correct because it means the most commonly used aeronautical chart for VFR, at a scale of 1:500,000 or about 8 statute miles per inch.	Not this one. World aeronautical chart is a different Module 2 concept; the wording or scenario matches sectional chart.	Not this one. Road atlas is a different Module 2 concept; the wording or scenario matches sectional chart.	Not this one. Airport diagram is a different Module 2 concept; the wording or scenario matches sectional chart.	Correct. The most commonly used aeronautical chart for vfr, at a scale of 1:500,000 or about 8 statute miles per inch.	Sectional = 1:500,000 ≈ 8 miles/inch.	Review Module 2, Chapter 3, pages 38-40, then explain sectional chart in your own words.	Aerospace Dimensions Module 2: Aircraft Systems and Airports	38-40	Module 2, Chapter 3, pages 38-40	high	educational_infographic	optional_after_answer	sectional_chart_basics	sectional_chart_basics	module2_sectional_chart_basics.png	/assets/cap-visuals/module2_sectional_chart_basics.png	approved	true	Latitude, longitude, sectional scale, legend, airport colors, and airport data.	Latitude, longitude, sectional scale, legend, airport colors, and airport data.	Latitude, longitude, sectional scale, legend, airport colors, and airport data.	high	close	true	0.8	original_textbook_grounded	Mitchell_Aerospace_sample_style_analysis	draft	AD-M2-Q085	45
AD-M2-Q087	2	3	Aeronautical Charts	AD2-3-world_aeronautical_chart	AD2-3-world_aeronautical_chart	AD2-3-world_aeronautical_chart	multiple_choice	direct_definition	medium	recall	Which answer best matches this description: a chart covering a larger area than a sectional, with a scale of 1:1,000,000 or about 16 statute miles per inch?	terminal area chart	World Aeronautical Chart	sectional chart	airport diagram	B	A chart covering a larger area than a sectional, with a scale of 1:1,000,000 or about 16 statute miles per inch.	World aeronautical chart is correct because it means a chart covering a larger area than a sectional, with a scale of 1:1,000,000 or about 16 statute miles per inch.	Not this one. Terminal area chart is a different Module 2 concept; the wording or scenario matches World Aeronautical Chart.	Correct. A chart covering a larger area than a sectional, with a scale of 1:1,000,000 or about 16 statute miles per inch.	Not this one. Sectional chart is a different Module 2 concept; the wording or scenario matches World Aeronautical Chart.	Not this one. Airport diagram is a different Module 2 concept; the wording or scenario matches World Aeronautical Chart.	WAC = 1:1,000,000 ≈ 16 miles/inch.	Review Module 2, Chapter 3, pages 38-40, then explain World Aeronautical Chart in your own words.	Aerospace Dimensions Module 2: Aircraft Systems and Airports	38-40	Module 2, Chapter 3, pages 38-40	high	educational_infographic	optional_after_answer	sectional_chart_basics	sectional_chart_basics	module2_sectional_chart_basics.png	/assets/cap-visuals/module2_sectional_chart_basics.png	approved	true	Latitude, longitude, sectional scale, legend, airport colors, and airport data.	Latitude, longitude, sectional scale, legend, airport colors, and airport data.	Latitude, longitude, sectional scale, legend, airport colors, and airport data.	high	close	true	1.0	original_textbook_grounded	Mitchell_Aerospace_sample_style_analysis	draft	AD-M2-Q088	35
AD-M2-Q088	2	3	Aeronautical Charts	AD2-3-world_aeronautical_chart	AD2-3-world_aeronautical_chart	AD2-3-world_aeronautical_chart	multiple_choice	brief_application	medium_hard	application	Which concept best explains this situation? A pilot selects the chart that covers a much larger area at 1:1,000,000.	World Aeronautical Chart	sectional chart	terminal area chart	airport diagram	A	A chart covering a larger area than a sectional, with a scale of 1:1,000,000 or about 16 statute miles per inch.	World aeronautical chart is correct because it means a chart covering a larger area than a sectional, with a scale of 1:1,000,000 or about 16 statute miles per inch.	Correct. A chart covering a larger area than a sectional, with a scale of 1:1,000,000 or about 16 statute miles per inch.	Not this one. Sectional chart is a different Module 2 concept; the wording or scenario matches World Aeronautical Chart.	Not this one. Terminal area chart is a different Module 2 concept; the wording or scenario matches World Aeronautical Chart.	Not this one. Airport diagram is a different Module 2 concept; the wording or scenario matches World Aeronautical Chart.	WAC = 1:1,000,000 ≈ 16 miles/inch.	Review Module 2, Chapter 3, pages 38-40, then explain World Aeronautical Chart in your own words.	Aerospace Dimensions Module 2: Aircraft Systems and Airports	38-40	Module 2, Chapter 3, pages 38-40	high	educational_infographic	optional_after_answer	sectional_chart_basics	sectional_chart_basics	module2_sectional_chart_basics.png	/assets/cap-visuals/module2_sectional_chart_basics.png	approved	true	Latitude, longitude, sectional scale, legend, airport colors, and airport data.	Latitude, longitude, sectional scale, legend, airport colors, and airport data.	Latitude, longitude, sectional scale, legend, airport colors, and airport data.	high	close	false	0.8	original_textbook_grounded	Mitchell_Aerospace_sample_style_analysis	draft	AD-M2-Q087	45
AD-M2-Q089	2	3	Aeronautical Charts	AD2-3-latitude	AD2-3-latitude	AD2-3-latitude	multiple_choice	direct_definition	medium	recall	Which answer best matches this description: lines called parallels that run parallel to the equator?	longitude	latitude	relief	course	B	Lines called parallels that run parallel to the equator.	Latitude is correct because it means lines called parallels that run parallel to the equator.	Not this one. Longitude is a different Module 2 concept; the wording or scenario matches latitude.	Correct. Lines called parallels that run parallel to the equator.	Not this one. Relief is a different Module 2 concept; the wording or scenario matches latitude.	Not this one. Course is a different Module 2 concept; the wording or scenario matches latitude.	Latitude = parallels.	Review Module 2, Chapter 3, pages 38-39, then explain latitude in your own words.	Aerospace Dimensions Module 2: Aircraft Systems and Airports	38-39	Module 2, Chapter 3, pages 38-39	high	educational_infographic	optional_after_answer	sectional_chart_basics	sectional_chart_basics	module2_sectional_chart_basics.png	/assets/cap-visuals/module2_sectional_chart_basics.png	approved	true	Latitude, longitude, sectional scale, legend, airport colors, and airport data.	Latitude, longitude, sectional scale, legend, airport colors, and airport data.	Latitude, longitude, sectional scale, legend, airport colors, and airport data.	high	close	true	1.0	original_textbook_grounded	Mitchell_Aerospace_sample_style_analysis	draft	AD-M2-Q090	35
AD-M2-Q090	2	3	Aeronautical Charts	AD2-3-latitude	AD2-3-latitude	AD2-3-latitude	multiple_choice	brief_application	medium_hard	application	Which concept best explains this situation? The 37° line near the Kansas border runs generally east-west.	latitude	longitude	relief	course	A	Lines called parallels that run parallel to the equator.	Latitude is correct because it means lines called parallels that run parallel to the equator.	Correct. Lines called parallels that run parallel to the equator.	Not this one. Longitude is a different Module 2 concept; the wording or scenario matches latitude.	Not this one. Relief is a different Module 2 concept; the wording or scenario matches latitude.	Not this one. Course is a different Module 2 concept; the wording or scenario matches latitude.	Latitude = parallels.	Review Module 2, Chapter 3, pages 38-39, then explain latitude in your own words.	Aerospace Dimensions Module 2: Aircraft Systems and Airports	38-39	Module 2, Chapter 3, pages 38-39	high	educational_infographic	optional_after_answer	sectional_chart_basics	sectional_chart_basics	module2_sectional_chart_basics.png	/assets/cap-visuals/module2_sectional_chart_basics.png	approved	true	Latitude, longitude, sectional scale, legend, airport colors, and airport data.	Latitude, longitude, sectional scale, legend, airport colors, and airport data.	Latitude, longitude, sectional scale, legend, airport colors, and airport data.	high	close	true	0.8	original_textbook_grounded	Mitchell_Aerospace_sample_style_analysis	draft	AD-M2-Q089	45
AD-M2-Q091	2	3	Aeronautical Charts	AD2-3-longitude	AD2-3-longitude	AD2-3-longitude	multiple_choice	direct_definition	medium	recall	Which answer best matches this description: lines called meridians that run between the north and south poles?	latitude	longitude	heading	relief	B	Lines called meridians that run between the north and south poles.	Longitude is correct because it means lines called meridians that run between the north and south poles.	Not this one. Latitude is a different Module 2 concept; the wording or scenario matches longitude.	Correct. Lines called meridians that run between the north and south poles.	Not this one. Heading is a different Module 2 concept; the wording or scenario matches longitude.	Not this one. Relief is a different Module 2 concept; the wording or scenario matches longitude.	Longitude = meridians.	Review Module 2, Chapter 3, pages 38-39, then explain longitude in your own words.	Aerospace Dimensions Module 2: Aircraft Systems and Airports	38-39	Module 2, Chapter 3, pages 38-39	high	educational_infographic	optional_after_answer	sectional_chart_basics	sectional_chart_basics	module2_sectional_chart_basics.png	/assets/cap-visuals/module2_sectional_chart_basics.png	approved	true	Latitude, longitude, sectional scale, legend, airport colors, and airport data.	Latitude, longitude, sectional scale, legend, airport colors, and airport data.	Latitude, longitude, sectional scale, legend, airport colors, and airport data.	high	close	true	1.0	original_textbook_grounded	Mitchell_Aerospace_sample_style_analysis	draft	AD-M2-Q092	35
AD-M2-Q092	2	3	Aeronautical Charts	AD2-3-longitude	AD2-3-longitude	AD2-3-longitude	multiple_choice	brief_application	medium_hard	application	Which concept best explains this situation? The 98° line west of Enid is one of these north-south reference lines.	relief	heading	latitude	longitude	D	Lines called meridians that run between the north and south poles.	Longitude is correct because it means lines called meridians that run between the north and south poles.	Not this one. Relief is a different Module 2 concept; the wording or scenario matches longitude.	Not this one. Heading is a different Module 2 concept; the wording or scenario matches longitude.	Not this one. Latitude is a different Module 2 concept; the wording or scenario matches longitude.	Correct. Lines called meridians that run between the north and south poles.	Longitude = meridians.	Review Module 2, Chapter 3, pages 38-39, then explain longitude in your own words.	Aerospace Dimensions Module 2: Aircraft Systems and Airports	38-39	Module 2, Chapter 3, pages 38-39	high	educational_infographic	optional_after_answer	sectional_chart_basics	sectional_chart_basics	module2_sectional_chart_basics.png	/assets/cap-visuals/module2_sectional_chart_basics.png	approved	true	Latitude, longitude, sectional scale, legend, airport colors, and airport data.	Latitude, longitude, sectional scale, legend, airport colors, and airport data.	Latitude, longitude, sectional scale, legend, airport colors, and airport data.	high	close	false	0.8	original_textbook_grounded	Mitchell_Aerospace_sample_style_analysis	draft	AD-M2-Q091	45
AD-M2-Q093	2	3	Aeronautical Charts	AD2-3-lambert_conformal_conic_projection	AD2-3-lambert_conformal_conic_projection	AD2-3-lambert_conformal_conic_projection	multiple_choice	direct_definition	medium	recall	Which answer best matches this description: the projection method used for sectional aeronautical charts in the module?	polar stereographic projection	azimuthal equidistant projection	Mercator projection	Lambert Conformal Conic Projection	D	The projection method used for sectional aeronautical charts in the module.	Lambert conformal conic projection is correct because it means the projection method used for sectional aeronautical charts in the module.	Not this one. Polar stereographic projection is a different Module 2 concept; the wording or scenario matches Lambert Conformal Conic Projection.	Not this one. Azimuthal equidistant projection is a different Module 2 concept; the wording or scenario matches Lambert Conformal Conic Projection.	Not this one. Mercator projection is a different Module 2 concept; the wording or scenario matches Lambert Conformal Conic Projection.	Correct. The projection method used for sectional aeronautical charts in the module.	Sectionals use Lambert Conformal Conic.	Review Module 2, Chapter 3, pages 38-40, then explain Lambert Conformal Conic Projection in your own words.	Aerospace Dimensions Module 2: Aircraft Systems and Airports	38-40	Module 2, Chapter 3, pages 38-40	high	educational_infographic	optional_after_answer	sectional_chart_basics	sectional_chart_basics	module2_sectional_chart_basics.png	/assets/cap-visuals/module2_sectional_chart_basics.png	approved	true	Latitude, longitude, sectional scale, legend, airport colors, and airport data.	Latitude, longitude, sectional scale, legend, airport colors, and airport data.	Latitude, longitude, sectional scale, legend, airport colors, and airport data.	high	close	true	1.0	original_textbook_grounded	Mitchell_Aerospace_sample_style_analysis	draft	AD-M2-Q094	35
AD-M2-Q094	2	3	Aeronautical Charts	AD2-3-lambert_conformal_conic_projection	AD2-3-lambert_conformal_conic_projection	AD2-3-lambert_conformal_conic_projection	multiple_choice	brief_application	medium_hard	application	Which concept best explains this situation? A cartographer transfers part of Earth's curved surface to a sectional chart using the standard method named in the module.	azimuthal equidistant projection	Lambert Conformal Conic Projection	polar stereographic projection	Mercator projection	B	The projection method used for sectional aeronautical charts in the module.	Lambert conformal conic projection is correct because it means the projection method used for sectional aeronautical charts in the module.	Not this one. Azimuthal equidistant projection is a different Module 2 concept; the wording or scenario matches Lambert Conformal Conic Projection.	Correct. The projection method used for sectional aeronautical charts in the module.	Not this one. Polar stereographic projection is a different Module 2 concept; the wording or scenario matches Lambert Conformal Conic Projection.	Not this one. Mercator projection is a different Module 2 concept; the wording or scenario matches Lambert Conformal Conic Projection.	Sectionals use Lambert Conformal Conic.	Review Module 2, Chapter 3, pages 38-40, then explain Lambert Conformal Conic Projection in your own words.	Aerospace Dimensions Module 2: Aircraft Systems and Airports	38-40	Module 2, Chapter 3, pages 38-40	high	educational_infographic	optional_after_answer	sectional_chart_basics	sectional_chart_basics	module2_sectional_chart_basics.png	/assets/cap-visuals/module2_sectional_chart_basics.png	approved	true	Latitude, longitude, sectional scale, legend, airport colors, and airport data.	Latitude, longitude, sectional scale, legend, airport colors, and airport data.	Latitude, longitude, sectional scale, legend, airport colors, and airport data.	high	close	true	0.8	original_textbook_grounded	Mitchell_Aerospace_sample_style_analysis	draft	AD-M2-Q093	45
AD-M2-Q095	2	3	Aeronautical Charts	AD2-3-sectional_chart_legend	AD2-3-sectional_chart_legend	AD2-3-sectional_chart_legend	multiple_choice	direct_definition	medium	recall	Which answer best matches this description: the chart key that explains symbols for airports, landmarks, obstructions, navigation aids, and other features?	sectional chart legend	scale	heading	relief	A	The chart key that explains symbols for airports, landmarks, obstructions, navigation aids, and other features.	Sectional chart legend is correct because it means the chart key that explains symbols for airports, landmarks, obstructions, navigation aids, and other features.	Correct. The chart key that explains symbols for airports, landmarks, obstructions, navigation aids, and other features.	Not this one. Scale is a different Module 2 concept; the wording or scenario matches sectional chart legend.	Not this one. Heading is a different Module 2 concept; the wording or scenario matches sectional chart legend.	Not this one. Relief is a different Module 2 concept; the wording or scenario matches sectional chart legend.	Legend = what the symbols mean.	Review Module 2, Chapter 3, pages 41, then explain sectional chart legend in your own words.	Aerospace Dimensions Module 2: Aircraft Systems and Airports	41	Module 2, Chapter 3, pages 41	high	educational_infographic	optional_after_answer	sectional_chart_basics	sectional_chart_basics	module2_sectional_chart_basics.png	/assets/cap-visuals/module2_sectional_chart_basics.png	approved	true	Latitude, longitude, sectional scale, legend, airport colors, and airport data.	Latitude, longitude, sectional scale, legend, airport colors, and airport data.	Latitude, longitude, sectional scale, legend, airport colors, and airport data.	high	close	true	1.0	original_textbook_grounded	Mitchell_Aerospace_sample_style_analysis	draft	AD-M2-Q096	35
AD-M2-Q096	2	3	Aeronautical Charts	AD2-3-sectional_chart_legend	AD2-3-sectional_chart_legend	AD2-3-sectional_chart_legend	multiple_choice	brief_application	medium_hard	application	Which concept best explains this situation? A pilot sees an unfamiliar symbol for an obstruction and checks this part of the chart.	scale	sectional chart legend	relief	heading	B	The chart key that explains symbols for airports, landmarks, obstructions, navigation aids, and other features.	Sectional chart legend is correct because it means the chart key that explains symbols for airports, landmarks, obstructions, navigation aids, and other features.	Not this one. Scale is a different Module 2 concept; the wording or scenario matches sectional chart legend.	Correct. The chart key that explains symbols for airports, landmarks, obstructions, navigation aids, and other features.	Not this one. Relief is a different Module 2 concept; the wording or scenario matches sectional chart legend.	Not this one. Heading is a different Module 2 concept; the wording or scenario matches sectional chart legend.	Legend = what the symbols mean.	Review Module 2, Chapter 3, pages 41, then explain sectional chart legend in your own words.	Aerospace Dimensions Module 2: Aircraft Systems and Airports	41	Module 2, Chapter 3, pages 41	high	educational_infographic	optional_after_answer	sectional_chart_basics	sectional_chart_basics	module2_sectional_chart_basics.png	/assets/cap-visuals/module2_sectional_chart_basics.png	approved	true	Latitude, longitude, sectional scale, legend, airport colors, and airport data.	Latitude, longitude, sectional scale, legend, airport colors, and airport data.	Latitude, longitude, sectional scale, legend, airport colors, and airport data.	high	close	false	0.8	original_textbook_grounded	Mitchell_Aerospace_sample_style_analysis	draft	AD-M2-Q095	45
AD-M2-Q097	2	3	Aeronautical Charts	AD2-3-airport_chart_color	AD2-3-airport_chart_color	AD2-3-airport_chart_color	multiple_choice	direct_definition	medium	recall	Which answer best matches this description: controlled airports are shown in blue and uncontrolled airports in magenta on the sectional examples?	black = controlled; red = uncontrolled	airport chart color	green = controlled; yellow = uncontrolled	blue = uncontrolled; magenta = controlled	B	Controlled airports are shown in blue and uncontrolled airports in magenta on the sectional examples.	Airport chart color is correct because it means controlled airports are shown in blue and uncontrolled airports in magenta on the sectional examples.	Not this one. Black = controlled; red = uncontrolled is a different Module 2 concept; the wording or scenario matches airport chart color.	Correct. Controlled airports are shown in blue and uncontrolled airports in magenta on the sectional examples.	Not this one. Green = controlled; yellow = uncontrolled is a different Module 2 concept; the wording or scenario matches airport chart color.	Not this one. Blue = uncontrolled; magenta = controlled is a different Module 2 concept; the wording or scenario matches airport chart color.	Blue = controlled; magenta = uncontrolled.	Review Module 2, Chapter 3, pages 43-44, then explain airport chart color in your own words.	Aerospace Dimensions Module 2: Aircraft Systems and Airports	43-44	Module 2, Chapter 3, pages 43-44	high	educational_infographic	optional_after_answer	sectional_chart_basics	sectional_chart_basics	module2_sectional_chart_basics.png	/assets/cap-visuals/module2_sectional_chart_basics.png	approved	true	Latitude, longitude, sectional scale, legend, airport colors, and airport data.	Latitude, longitude, sectional scale, legend, airport colors, and airport data.	Latitude, longitude, sectional scale, legend, airport colors, and airport data.	high	close	true	1.0	original_textbook_grounded	Mitchell_Aerospace_sample_style_analysis	draft	AD-M2-Q098	35
AD-M2-Q098	2	3	Aeronautical Charts	AD2-3-airport_chart_color	AD2-3-airport_chart_color	AD2-3-airport_chart_color	multiple_choice	brief_application	medium_hard	application	Which concept best explains this situation? A chart symbol and airport data are printed in magenta, indicating no operating control tower.	blue = uncontrolled; magenta = controlled	airport chart color	green = controlled; yellow = uncontrolled	black = controlled; red = uncontrolled	B	Controlled airports are shown in blue and uncontrolled airports in magenta on the sectional examples.	Airport chart color is correct because it means controlled airports are shown in blue and uncontrolled airports in magenta on the sectional examples.	Not this one. Blue = uncontrolled; magenta = controlled is a different Module 2 concept; the wording or scenario matches airport chart color.	Correct. Controlled airports are shown in blue and uncontrolled airports in magenta on the sectional examples.	Not this one. Green = controlled; yellow = uncontrolled is a different Module 2 concept; the wording or scenario matches airport chart color.	Not this one. Black = controlled; red = uncontrolled is a different Module 2 concept; the wording or scenario matches airport chart color.	Blue = controlled; magenta = uncontrolled.	Review Module 2, Chapter 3, pages 43-44, then explain airport chart color in your own words.	Aerospace Dimensions Module 2: Aircraft Systems and Airports	43-44	Module 2, Chapter 3, pages 43-44	high	educational_infographic	optional_after_answer	sectional_chart_basics	sectional_chart_basics	module2_sectional_chart_basics.png	/assets/cap-visuals/module2_sectional_chart_basics.png	approved	true	Latitude, longitude, sectional scale, legend, airport colors, and airport data.	Latitude, longitude, sectional scale, legend, airport colors, and airport data.	Latitude, longitude, sectional scale, legend, airport colors, and airport data.	high	close	true	0.8	original_textbook_grounded	Mitchell_Aerospace_sample_style_analysis	draft	AD-M2-Q097	45
AD-M2-Q099	2	3	Aeronautical Charts	AD2-3-airport_data_block	AD2-3-airport_data_block	AD2-3-airport_data_block	multiple_choice	direct_definition	medium	recall	Which answer best matches this description: sectional airport data can show items such as elevation, lighting, longest-runway length in hundreds of feet, and UNICOM frequency?	airport data block	only runway direction	only city population and road distance	only aircraft fuel burn	A	Sectional airport data can show items such as elevation, lighting, longest-runway length in hundreds of feet, and unicom frequency.	Airport data block is correct because it means sectional airport data can show items such as elevation, lighting, longest-runway length in hundreds of feet, and UNICOM frequency.	Correct. Sectional airport data can show items such as elevation, lighting, longest-runway length in hundreds of feet, and unicom frequency.	Not this one. Only runway direction is a different Module 2 concept; the wording or scenario matches airport data block.	Not this one. Only city population and road distance is a different Module 2 concept; the wording or scenario matches airport data block.	Not this one. Only aircraft fuel burn is a different Module 2 concept; the wording or scenario matches airport data block.	Airport data = elevation, lights, runway, radio.	Review Module 2, Chapter 3, pages 43-44, then explain airport data block in your own words.	Aerospace Dimensions Module 2: Aircraft Systems and Airports	43-44	Module 2, Chapter 3, pages 43-44	high	educational_infographic	optional_after_answer	sectional_chart_basics	sectional_chart_basics	module2_sectional_chart_basics.png	/assets/cap-visuals/module2_sectional_chart_basics.png	approved	true	Latitude, longitude, sectional scale, legend, airport colors, and airport data.	Latitude, longitude, sectional scale, legend, airport colors, and airport data.	Latitude, longitude, sectional scale, legend, airport colors, and airport data.	high	close	true	1.0	original_textbook_grounded	Mitchell_Aerospace_sample_style_analysis	draft	AD-M2-Q100	35
AD-M2-Q100	2	3	Aeronautical Charts	AD2-3-airport_data_block	AD2-3-airport_data_block	AD2-3-airport_data_block	multiple_choice	brief_application	medium_hard	application	Which concept best explains this situation? The notation 1177 L 38 122.9 is decoded to learn elevation, lighting, runway length, and advisory frequency.	only city population and road distance	airport data block	only runway direction	only aircraft fuel burn	B	Sectional airport data can show items such as elevation, lighting, longest-runway length in hundreds of feet, and unicom frequency.	Airport data block is correct because it means sectional airport data can show items such as elevation, lighting, longest-runway length in hundreds of feet, and UNICOM frequency.	Not this one. Only city population and road distance is a different Module 2 concept; the wording or scenario matches airport data block.	Correct. Sectional airport data can show items such as elevation, lighting, longest-runway length in hundreds of feet, and unicom frequency.	Not this one. Only runway direction is a different Module 2 concept; the wording or scenario matches airport data block.	Not this one. Only aircraft fuel burn is a different Module 2 concept; the wording or scenario matches airport data block.	Airport data = elevation, lights, runway, radio.	Review Module 2, Chapter 3, pages 43-44, then explain airport data block in your own words.	Aerospace Dimensions Module 2: Aircraft Systems and Airports	43-44	Module 2, Chapter 3, pages 43-44	high	educational_infographic	optional_after_answer	sectional_chart_basics	sectional_chart_basics	module2_sectional_chart_basics.png	/assets/cap-visuals/module2_sectional_chart_basics.png	approved	true	Latitude, longitude, sectional scale, legend, airport colors, and airport data.	Latitude, longitude, sectional scale, legend, airport colors, and airport data.	Latitude, longitude, sectional scale, legend, airport colors, and airport data.	high	close	false	0.8	original_textbook_grounded	Mitchell_Aerospace_sample_style_analysis	draft	AD-M2-Q099	45
