external_id	module_number	chapter_number	chapter_title	objective_code	concept_code	question_family_code	question_type	question_style	difficulty	cognitive_level	question_text	choice_a	choice_b	choice_c	choice_d	correct_letter	short_explanation	explanation	choice_a_explanation	choice_b_explanation	choice_c_explanation	choice_d_explanation	memory_aid	remediation_text	source_document	source_pages	source_reference_text	visual_priority	visual_type	visual_display_mode	visual_asset_key	visual_brief	visual_caption	visual_alt_text	visual_group	visual_file_name	visual_storage_path	visual_status	show_visual_button	exam_likeness	distractor_difficulty	eligible_for_final_exam	final_exam_weight	content_origin	style_reference	review_status	reinforcement_question_ids	estimated_time_seconds
AD-M1-Q001	1	1	Flight	AD1-1-aerodynamics	AD1-1-aerodynamics	AD1-1-aerodynamics	multiple_choice	direct_definition	medium	recall	Which term best matches this definition: the study of forces of air in motion?	aeronautics	aerodynamics	aviation	aerospace	B	The study of forces of air in motion.	Aerodynamics is correct because it means the study of forces of air in motion.	Not this one. Aeronautics is a different aerospace concept; the description matches aerodynamics.	Correct. The study of forces of air in motion.	Not this one. Aviation is a different aerospace concept; the description matches aerodynamics.	Not this one. Aerospace is a different aerospace concept; the description matches aerodynamics.	Aerodynamics = air in motion.	Review Module 1, Chapter 1, pages 1-2, and explain aerodynamics without looking.	Aerospace Dimensions Module 1: Introduction to Flight	1-2	Module 1, Chapter 1, pages 1-2	medium	concept_card	optional_after_answer	airfoil_basics	A concise study visual illustrating aerodynamics.	Airflow over a wing helps explain lift, pressure changes, angle of attack, and stall.	Airfoil diagram labeling leading edge, trailing edge, camber, chord line, relative wind, and airflow over the wing.	airfoil_basics	airfoil_basics_wing_and_airflow_diagram.png	/assets/cap-visuals/airfoil_basics_wing_and_airflow_diagram.png	approved	true	high	close	true	1.0	original_textbook_grounded	Mitchell_Aerospace_sample_style_analysis	draft	AD-M1-Q002	35
AD-M1-Q002	1	1	Flight	AD1-1-aerodynamics	AD1-1-aerodynamics	AD1-1-aerodynamics	multiple_choice	brief_application	medium_hard	application	Which concept best explains this situation? An engineer studies how moving air creates forces on a wing.	aviation	aeronautics	aerodynamics	aerospace	C	The study of forces of air in motion.	Aerodynamics is correct because it means the study of forces of air in motion.	Not this one. Aviation is a different aerospace concept; the description matches aerodynamics.	Not this one. Aeronautics is a different aerospace concept; the description matches aerodynamics.	Correct. The study of forces of air in motion.	Not this one. Aerospace is a different aerospace concept; the description matches aerodynamics.	Aerodynamics = air in motion.	Identify the clue in the situation that distinguishes aerodynamics from the other choices.	Aerospace Dimensions Module 1: Introduction to Flight	1-2	Module 1, Chapter 1, pages 1-2	medium	scenario_diagram	optional_after_answer	airfoil_basics	A concise study visual illustrating aerodynamics.	Airflow over a wing helps explain lift, pressure changes, angle of attack, and stall.	Airfoil diagram labeling leading edge, trailing edge, camber, chord line, relative wind, and airflow over the wing.	airfoil_basics	airfoil_basics_wing_and_airflow_diagram.png	/assets/cap-visuals/airfoil_basics_wing_and_airflow_diagram.png	approved	true	high	close	true	0.8	original_textbook_grounded	Mitchell_Aerospace_sample_style_analysis	draft	AD-M1-Q001	45
AD-M1-Q003	1	1	Flight	AD1-1-airplane	AD1-1-airplane	AD1-1-airplane	multiple_choice	direct_definition	medium	recall	Which term best matches this definition: an aircraft kept aloft by aerodynamic forces on its wings and moved by propulsion?	glider	balloon	airfoil	airplane	D	An aircraft kept aloft by aerodynamic forces on its wings and moved by propulsion.	Airplane is correct because it means an aircraft kept aloft by aerodynamic forces on its wings and moved by propulsion.	Not this one. Glider is a different aerospace concept; the description matches airplane.	Not this one. Balloon is a different aerospace concept; the description matches airplane.	Not this one. Airfoil is a different aerospace concept; the description matches airplane.	Correct. An aircraft kept aloft by aerodynamic forces on its wings and moved by propulsion.	Airplane = wings plus propulsion.	Review Module 1, Chapter 1, pages 1-2, and explain airplane without looking.	Aerospace Dimensions Module 1: Introduction to Flight	1-2	Module 1, Chapter 1, pages 1-2	medium	concept_card	optional_after_answer	AD1-1-airplane_direct	A concise study visual illustrating airplane.	Airplane = wings plus propulsion.	Study diagram illustrating airplane.				missing	false	high	close	true	1.0	original_textbook_grounded	Mitchell_Aerospace_sample_style_analysis	draft	AD-M1-Q004	35
AD-M1-Q004	1	1	Flight	AD1-1-airplane	AD1-1-airplane	AD1-1-airplane	multiple_choice	brief_application	medium_hard	application	Which concept best explains this situation? The machine uses wings for lift and an engine to move forward.	balloon	airfoil	glider	airplane	D	An aircraft kept aloft by aerodynamic forces on its wings and moved by propulsion.	Airplane is correct because it means an aircraft kept aloft by aerodynamic forces on its wings and moved by propulsion.	Not this one. Balloon is a different aerospace concept; the description matches airplane.	Not this one. Airfoil is a different aerospace concept; the description matches airplane.	Not this one. Glider is a different aerospace concept; the description matches airplane.	Correct. An aircraft kept aloft by aerodynamic forces on its wings and moved by propulsion.	Airplane = wings plus propulsion.	Identify the clue in the situation that distinguishes airplane from the other choices.	Aerospace Dimensions Module 1: Introduction to Flight	1-2	Module 1, Chapter 1, pages 1-2	medium	scenario_diagram	optional_after_answer	AD1-1-airplane_application	A concise study visual illustrating airplane.	Airplane = wings plus propulsion.	Study diagram illustrating airplane.				missing	false	high	close	false	0.8	original_textbook_grounded	Mitchell_Aerospace_sample_style_analysis	draft	AD-M1-Q003	45
AD-M1-Q005	1	1	Flight	AD1-1-airfoil	AD1-1-airfoil	AD1-1-airfoil	multiple_choice	direct_definition	medium	recall	Which term best matches this definition: a component designed to produce lift, thrust, or directional stability?	fuselage	airport	airfoil	altimeter	C	A component designed to produce lift, thrust, or directional stability.	Airfoil is correct because it means a component designed to produce lift, thrust, or directional stability.	Not this one. Fuselage is a different aerospace concept; the description matches airfoil.	Not this one. Airport is a different aerospace concept; the description matches airfoil.	Correct. A component designed to produce lift, thrust, or directional stability.	Not this one. Altimeter is a different aerospace concept; the description matches airfoil.	Airfoil shapes airflow.	Review Module 1, Chapter 1, pages 1-2, and explain airfoil without looking.	Aerospace Dimensions Module 1: Introduction to Flight	1-2	Module 1, Chapter 1, pages 1-2	medium	concept_card	optional_after_answer	airfoil_basics	A concise study visual illustrating airfoil.	Airflow over a wing helps explain lift, pressure changes, angle of attack, and stall.	Airfoil diagram labeling leading edge, trailing edge, camber, chord line, relative wind, and airflow over the wing.	airfoil_basics	airfoil_basics_wing_and_airflow_diagram.png	/assets/cap-visuals/airfoil_basics_wing_and_airflow_diagram.png	approved	true	high	close	true	1.0	original_textbook_grounded	Mitchell_Aerospace_sample_style_analysis	draft	AD-M1-Q006	35
AD-M1-Q006	1	1	Flight	AD1-1-airfoil	AD1-1-airfoil	AD1-1-airfoil	multiple_choice	brief_application	medium_hard	application	Which concept best explains this situation? A wing cross-section is designed specifically to create an aerodynamic force.	altimeter	fuselage	airport	airfoil	D	A component designed to produce lift, thrust, or directional stability.	Airfoil is correct because it means a component designed to produce lift, thrust, or directional stability.	Not this one. Altimeter is a different aerospace concept; the description matches airfoil.	Not this one. Fuselage is a different aerospace concept; the description matches airfoil.	Not this one. Airport is a different aerospace concept; the description matches airfoil.	Correct. A component designed to produce lift, thrust, or directional stability.	Airfoil shapes airflow.	Identify the clue in the situation that distinguishes airfoil from the other choices.	Aerospace Dimensions Module 1: Introduction to Flight	1-2	Module 1, Chapter 1, pages 1-2	medium	scenario_diagram	optional_after_answer	airfoil_basics	A concise study visual illustrating airfoil.	Airflow over a wing helps explain lift, pressure changes, angle of attack, and stall.	Airfoil diagram labeling leading edge, trailing edge, camber, chord line, relative wind, and airflow over the wing.	airfoil_basics	airfoil_basics_wing_and_airflow_diagram.png	/assets/cap-visuals/airfoil_basics_wing_and_airflow_diagram.png	approved	true	high	close	true	0.8	original_textbook_grounded	Mitchell_Aerospace_sample_style_analysis	draft	AD-M1-Q005	45
AD-M1-Q007	1	1	Flight	AD1-1-camber	AD1-1-camber	AD1-1-camber	multiple_choice	direct_definition	medium	recall	Which term best matches this definition: the curved portion of an airfoil from leading edge to trailing edge?	camber	chord	span	relative wind	A	The curved portion of an airfoil from leading edge to trailing edge.	Camber is correct because it means the curved portion of an airfoil from leading edge to trailing edge.	Correct. The curved portion of an airfoil from leading edge to trailing edge.	Not this one. Chord is a different aerospace concept; the description matches camber.	Not this one. Span is a different aerospace concept; the description matches camber.	Not this one. Relative wind is a different aerospace concept; the description matches camber.	Camber = curve.	Review Module 1, Chapter 1, pages 1-2, and explain camber without looking.	Aerospace Dimensions Module 1: Introduction to Flight	1-2	Module 1, Chapter 1, pages 1-2	medium	concept_card	optional_after_answer	airfoil_basics	A concise study visual illustrating camber.	Airflow over a wing helps explain lift, pressure changes, angle of attack, and stall.	Airfoil diagram labeling leading edge, trailing edge, camber, chord line, relative wind, and airflow over the wing.	airfoil_basics	airfoil_basics_wing_and_airflow_diagram.png	/assets/cap-visuals/airfoil_basics_wing_and_airflow_diagram.png	approved	true	high	close	true	1.0	original_textbook_grounded	Mitchell_Aerospace_sample_style_analysis	draft	AD-M1-Q008	35
AD-M1-Q008	1	1	Flight	AD1-1-camber	AD1-1-camber	AD1-1-camber	multiple_choice	brief_application	medium_hard	application	Which concept best explains this situation? A designer increases the upper curvature of a wing.	chord	relative wind	span	camber	D	The curved portion of an airfoil from leading edge to trailing edge.	Camber is correct because it means the curved portion of an airfoil from leading edge to trailing edge.	Not this one. Chord is a different aerospace concept; the description matches camber.	Not this one. Relative wind is a different aerospace concept; the description matches camber.	Not this one. Span is a different aerospace concept; the description matches camber.	Correct. The curved portion of an airfoil from leading edge to trailing edge.	Camber = curve.	Identify the clue in the situation that distinguishes camber from the other choices.	Aerospace Dimensions Module 1: Introduction to Flight	1-2	Module 1, Chapter 1, pages 1-2	medium	scenario_diagram	optional_after_answer	airfoil_basics	A concise study visual illustrating camber.	Airflow over a wing helps explain lift, pressure changes, angle of attack, and stall.	Airfoil diagram labeling leading edge, trailing edge, camber, chord line, relative wind, and airflow over the wing.	airfoil_basics	airfoil_basics_wing_and_airflow_diagram.png	/assets/cap-visuals/airfoil_basics_wing_and_airflow_diagram.png	approved	true	high	close	false	0.8	original_textbook_grounded	Mitchell_Aerospace_sample_style_analysis	draft	AD-M1-Q007	45
AD-M1-Q009	1	1	Flight	AD1-1-chord	AD1-1-chord	AD1-1-chord	multiple_choice	direct_definition	medium	recall	Which term best matches this definition: an imaginary straight line from an airfoil's leading edge to its trailing edge?	camber	axis	chord	span	C	An imaginary straight line from an airfoil's leading edge to its trailing edge.	Chord is correct because it means an imaginary straight line from an airfoil's leading edge to its trailing edge.	Not this one. Camber is a different aerospace concept; the description matches chord.	Not this one. Axis is a different aerospace concept; the description matches chord.	Correct. An imaginary straight line from an airfoil's leading edge to its trailing edge.	Not this one. Span is a different aerospace concept; the description matches chord.	Chord connects front to back.	Review Module 1, Chapter 1, pages 1-2, and explain chord without looking.	Aerospace Dimensions Module 1: Introduction to Flight	1-2	Module 1, Chapter 1, pages 1-2	medium	concept_card	optional_after_answer	airfoil_basics	A concise study visual illustrating chord.	Airflow over a wing helps explain lift, pressure changes, angle of attack, and stall.	Airfoil diagram labeling leading edge, trailing edge, camber, chord line, relative wind, and airflow over the wing.	airfoil_basics	airfoil_basics_wing_and_airflow_diagram.png	/assets/cap-visuals/airfoil_basics_wing_and_airflow_diagram.png	approved	true	high	close	true	1.0	original_textbook_grounded	Mitchell_Aerospace_sample_style_analysis	draft	AD-M1-Q010	35
AD-M1-Q010	1	1	Flight	AD1-1-chord	AD1-1-chord	AD1-1-chord	multiple_choice	brief_application	medium_hard	application	Which concept best explains this situation? A technician draws a straight reference line through a wing cross-section from front to rear.	camber	span	axis	chord	D	An imaginary straight line from an airfoil's leading edge to its trailing edge.	Chord is correct because it means an imaginary straight line from an airfoil's leading edge to its trailing edge.	Not this one. Camber is a different aerospace concept; the description matches chord.	Not this one. Span is a different aerospace concept; the description matches chord.	Not this one. Axis is a different aerospace concept; the description matches chord.	Correct. An imaginary straight line from an airfoil's leading edge to its trailing edge.	Chord connects front to back.	Identify the clue in the situation that distinguishes chord from the other choices.	Aerospace Dimensions Module 1: Introduction to Flight	1-2	Module 1, Chapter 1, pages 1-2	medium	scenario_diagram	optional_after_answer	airfoil_basics	A concise study visual illustrating chord.	Airflow over a wing helps explain lift, pressure changes, angle of attack, and stall.	Airfoil diagram labeling leading edge, trailing edge, camber, chord line, relative wind, and airflow over the wing.	airfoil_basics	airfoil_basics_wing_and_airflow_diagram.png	/assets/cap-visuals/airfoil_basics_wing_and_airflow_diagram.png	approved	true	high	close	true	0.8	original_textbook_grounded	Mitchell_Aerospace_sample_style_analysis	draft	AD-M1-Q009	45
AD-M1-Q011	1	1	Flight	AD1-1-relative_wind	AD1-1-relative_wind	AD1-1-relative_wind	multiple_choice	direct_definition	medium	recall	Which term best matches this definition: airflow moving opposite the aircraft's flight path?	relative wind	upwash	downwash	jet stream	A	Airflow moving opposite the aircraft's flight path.	Relative wind is correct because it means airflow moving opposite the aircraft's flight path.	Correct. Airflow moving opposite the aircraft's flight path.	Not this one. Upwash is a different aerospace concept; the description matches relative wind.	Not this one. Downwash is a different aerospace concept; the description matches relative wind.	Not this one. Jet stream is a different aerospace concept; the description matches relative wind.	Relative wind opposes the path.	Review Module 1, Chapter 1, pages 1-2, and explain relative wind without looking.	Aerospace Dimensions Module 1: Introduction to Flight	1-2	Module 1, Chapter 1, pages 1-2	medium	concept_card	optional_after_answer	airfoil_basics	A concise study visual illustrating relative wind.	Airflow over a wing helps explain lift, pressure changes, angle of attack, and stall.	Airfoil diagram labeling leading edge, trailing edge, camber, chord line, relative wind, and airflow over the wing.	airfoil_basics	airfoil_basics_wing_and_airflow_diagram.png	/assets/cap-visuals/airfoil_basics_wing_and_airflow_diagram.png	approved	true	high	close	true	1.0	original_textbook_grounded	Mitchell_Aerospace_sample_style_analysis	draft	AD-M1-Q012	35
AD-M1-Q012	1	1	Flight	AD1-1-relative_wind	AD1-1-relative_wind	AD1-1-relative_wind	multiple_choice	brief_application	medium_hard	application	Which concept best explains this situation? An airplane moves forward, so the airflow it experiences comes from the opposite direction.	downwash	upwash	relative wind	jet stream	C	Airflow moving opposite the aircraft's flight path.	Relative wind is correct because it means airflow moving opposite the aircraft's flight path.	Not this one. Downwash is a different aerospace concept; the description matches relative wind.	Not this one. Upwash is a different aerospace concept; the description matches relative wind.	Correct. Airflow moving opposite the aircraft's flight path.	Not this one. Jet stream is a different aerospace concept; the description matches relative wind.	Relative wind opposes the path.	Identify the clue in the situation that distinguishes relative wind from the other choices.	Aerospace Dimensions Module 1: Introduction to Flight	1-2	Module 1, Chapter 1, pages 1-2	medium	scenario_diagram	optional_after_answer	airfoil_basics	A concise study visual illustrating relative wind.	Airflow over a wing helps explain lift, pressure changes, angle of attack, and stall.	Airfoil diagram labeling leading edge, trailing edge, camber, chord line, relative wind, and airflow over the wing.	airfoil_basics	airfoil_basics_wing_and_airflow_diagram.png	/assets/cap-visuals/airfoil_basics_wing_and_airflow_diagram.png	approved	true	high	close	false	0.8	original_textbook_grounded	Mitchell_Aerospace_sample_style_analysis	draft	AD-M1-Q011	45
AD-M1-Q013	1	1	Flight	AD1-1-bernoulli_principle	AD1-1-bernoulli_principle	AD1-1-bernoulli_principle	multiple_choice	direct_definition	medium	recall	Which term best matches this definition: when a moving fluid speeds up, its pressure decreases?	Newton's first law	convection	Bernoulli principle	buoyancy	C	When a moving fluid speeds up, its pressure decreases.	Bernoulli principle is correct because it means when a moving fluid speeds up, its pressure decreases.	Not this one. Newton's first law is a different aerospace concept; the description matches Bernoulli principle.	Not this one. Convection is a different aerospace concept; the description matches Bernoulli principle.	Correct. When a moving fluid speeds up, its pressure decreases.	Not this one. Buoyancy is a different aerospace concept; the description matches Bernoulli principle.	Faster fluid, lower pressure.	Review Module 1, Chapter 1, pages 4-7, and explain Bernoulli principle without looking.	Aerospace Dimensions Module 1: Introduction to Flight	4-7	Module 1, Chapter 1, pages 4-7	medium	concept_card	optional_after_answer	AD1-1-bernoulli_principle_direct	A concise study visual illustrating Bernoulli principle.	Faster fluid, lower pressure.	Study diagram illustrating Bernoulli principle.				missing	false	high	close	true	1.0	original_textbook_grounded	Mitchell_Aerospace_sample_style_analysis	draft	AD-M1-Q014	35
AD-M1-Q014	1	1	Flight	AD1-1-bernoulli_principle	AD1-1-bernoulli_principle	AD1-1-bernoulli_principle	multiple_choice	brief_application	medium_hard	application	Which concept best explains this situation? Air speeds up through a restricted passage and its measured pressure falls.	Newton's first law	buoyancy	Bernoulli principle	convection	C	When a moving fluid speeds up, its pressure decreases.	Bernoulli principle is correct because it means when a moving fluid speeds up, its pressure decreases.	Not this one. Newton's first law is a different aerospace concept; the description matches Bernoulli principle.	Not this one. Buoyancy is a different aerospace concept; the description matches Bernoulli principle.	Correct. When a moving fluid speeds up, its pressure decreases.	Not this one. Convection is a different aerospace concept; the description matches Bernoulli principle.	Faster fluid, lower pressure.	Identify the clue in the situation that distinguishes Bernoulli principle from the other choices.	Aerospace Dimensions Module 1: Introduction to Flight	4-7	Module 1, Chapter 1, pages 4-7	medium	scenario_diagram	optional_after_answer	AD1-1-bernoulli_principle_application	A concise study visual illustrating Bernoulli principle.	Faster fluid, lower pressure.	Study diagram illustrating Bernoulli principle.				missing	false	high	close	true	0.8	original_textbook_grounded	Mitchell_Aerospace_sample_style_analysis	draft	AD-M1-Q013	45
AD-M1-Q015	1	1	Flight	AD1-1-newton_s_third_law	AD1-1-newton_s_third_law	AD1-1-newton_s_third_law	multiple_choice	direct_definition	medium	recall	Which term best matches this definition: for every action there is an equal and opposite reaction?	Newton's first law	law of gravity	Bernoulli principle	Newton's third law	D	For every action there is an equal and opposite reaction.	Newton's third law is correct because it means for every action there is an equal and opposite reaction.	Not this one. Newton's first law is a different aerospace concept; the description matches Newton's third law.	Not this one. Law of gravity is a different aerospace concept; the description matches Newton's third law.	Not this one. Bernoulli principle is a different aerospace concept; the description matches Newton's third law.	Correct. For every action there is an equal and opposite reaction.	Action ↔ reaction.	Review Module 1, Chapter 1, pages 5-9, and explain Newton's third law without looking.	Aerospace Dimensions Module 1: Introduction to Flight	5-9	Module 1, Chapter 1, pages 5-9	medium	concept_card	optional_after_answer	AD1-1-newton_s_third_law_direct	A concise study visual illustrating Newton's third law.	Action ↔ reaction.	Study diagram illustrating Newton's third law.				missing	false	high	close	true	1.0	original_textbook_grounded	Mitchell_Aerospace_sample_style_analysis	draft	AD-M1-Q016	35
AD-M1-Q016	1	1	Flight	AD1-1-newton_s_third_law	AD1-1-newton_s_third_law	AD1-1-newton_s_third_law	multiple_choice	brief_application	medium_hard	application	Which concept best explains this situation? A wing pushes air downward and the reacting air pushes the wing upward.	law of gravity	Newton's third law	Bernoulli principle	Newton's first law	B	For every action there is an equal and opposite reaction.	Newton's third law is correct because it means for every action there is an equal and opposite reaction.	Not this one. Law of gravity is a different aerospace concept; the description matches Newton's third law.	Correct. For every action there is an equal and opposite reaction.	Not this one. Bernoulli principle is a different aerospace concept; the description matches Newton's third law.	Not this one. Newton's first law is a different aerospace concept; the description matches Newton's third law.	Action ↔ reaction.	Identify the clue in the situation that distinguishes Newton's third law from the other choices.	Aerospace Dimensions Module 1: Introduction to Flight	5-9	Module 1, Chapter 1, pages 5-9	medium	scenario_diagram	optional_after_answer	AD1-1-newton_s_third_law_application	A concise study visual illustrating Newton's third law.	Action ↔ reaction.	Study diagram illustrating Newton's third law.				missing	false	high	close	false	0.8	original_textbook_grounded	Mitchell_Aerospace_sample_style_analysis	draft	AD-M1-Q015	45
AD-M1-Q017	1	1	Flight	AD1-1-downwash	AD1-1-downwash	AD1-1-downwash	multiple_choice	direct_definition	medium	recall	Which term best matches this definition: the downward movement of air behind a wing?	relative wind	downwash	upwash	drag	B	The downward movement of air behind a wing.	Downwash is correct because it means the downward movement of air behind a wing.	Not this one. Relative wind is a different aerospace concept; the description matches downwash.	Correct. The downward movement of air behind a wing.	Not this one. Upwash is a different aerospace concept; the description matches downwash.	Not this one. Drag is a different aerospace concept; the description matches downwash.	Downwash goes down behind.	Review Module 1, Chapter 1, pages 8-10, and explain downwash without looking.	Aerospace Dimensions Module 1: Introduction to Flight	8-10	Module 1, Chapter 1, pages 8-10	medium	concept_card	optional_after_answer	airfoil_basics	A concise study visual illustrating downwash.	Airflow over a wing helps explain lift, pressure changes, angle of attack, and stall.	Airfoil diagram labeling leading edge, trailing edge, camber, chord line, relative wind, and airflow over the wing.	airfoil_basics	airfoil_basics_wing_and_airflow_diagram.png	/assets/cap-visuals/airfoil_basics_wing_and_airflow_diagram.png	approved	true	high	close	true	1.0	original_textbook_grounded	Mitchell_Aerospace_sample_style_analysis	draft	AD-M1-Q018	35
AD-M1-Q018	1	1	Flight	AD1-1-downwash	AD1-1-downwash	AD1-1-downwash	multiple_choice	brief_application	medium_hard	application	Which concept best explains this situation? Air leaving the wing's trailing region is deflected toward the ground.	downwash	drag	relative wind	upwash	A	The downward movement of air behind a wing.	Downwash is correct because it means the downward movement of air behind a wing.	Correct. The downward movement of air behind a wing.	Not this one. Drag is a different aerospace concept; the description matches downwash.	Not this one. Relative wind is a different aerospace concept; the description matches downwash.	Not this one. Upwash is a different aerospace concept; the description matches downwash.	Downwash goes down behind.	Identify the clue in the situation that distinguishes downwash from the other choices.	Aerospace Dimensions Module 1: Introduction to Flight	8-10	Module 1, Chapter 1, pages 8-10	medium	scenario_diagram	optional_after_answer	airfoil_basics	A concise study visual illustrating downwash.	Airflow over a wing helps explain lift, pressure changes, angle of attack, and stall.	Airfoil diagram labeling leading edge, trailing edge, camber, chord line, relative wind, and airflow over the wing.	airfoil_basics	airfoil_basics_wing_and_airflow_diagram.png	/assets/cap-visuals/airfoil_basics_wing_and_airflow_diagram.png	approved	true	high	close	true	0.8	original_textbook_grounded	Mitchell_Aerospace_sample_style_analysis	draft	AD-M1-Q017	45
AD-M1-Q019	1	1	Flight	AD1-1-wingtip_vortex	AD1-1-wingtip_vortex	AD1-1-wingtip_vortex	multiple_choice	direct_definition	medium	recall	Which term best matches this definition: a spinning column of air formed as high-pressure air moves around a wingtip toward lower pressure?	downwash	relative wind	wingtip vortex	thermal	C	A spinning column of air formed as high-pressure air moves around a wingtip toward lower pressure.	Wingtip vortex is correct because it means a spinning column of air formed as high-pressure air moves around a wingtip toward lower pressure.	Not this one. Downwash is a different aerospace concept; the description matches wingtip vortex.	Not this one. Relative wind is a different aerospace concept; the description matches wingtip vortex.	Correct. A spinning column of air formed as high-pressure air moves around a wingtip toward lower pressure.	Not this one. Thermal is a different aerospace concept; the description matches wingtip vortex.	Vortex = spinning wingtip air.	Review Module 1, Chapter 1, pages 9-10, and explain wingtip vortex without looking.	Aerospace Dimensions Module 1: Introduction to Flight	9-10	Module 1, Chapter 1, pages 9-10	medium	concept_card	optional_after_answer	airfoil_basics	A concise study visual illustrating wingtip vortex.	Airflow over a wing helps explain lift, pressure changes, angle of attack, and stall.	Airfoil diagram labeling leading edge, trailing edge, camber, chord line, relative wind, and airflow over the wing.	airfoil_basics	airfoil_basics_wing_and_airflow_diagram.png	/assets/cap-visuals/airfoil_basics_wing_and_airflow_diagram.png	approved	true	high	close	true	1.0	original_textbook_grounded	Mitchell_Aerospace_sample_style_analysis	draft	AD-M1-Q020	35
AD-M1-Q020	1	1	Flight	AD1-1-wingtip_vortex	AD1-1-wingtip_vortex	AD1-1-wingtip_vortex	multiple_choice	brief_application	medium_hard	application	Which concept best explains this situation? Swirling trails form behind each wingtip as pressure equalizes.	thermal	wingtip vortex	relative wind	downwash	B	A spinning column of air formed as high-pressure air moves around a wingtip toward lower pressure.	Wingtip vortex is correct because it means a spinning column of air formed as high-pressure air moves around a wingtip toward lower pressure.	Not this one. Thermal is a different aerospace concept; the description matches wingtip vortex.	Correct. A spinning column of air formed as high-pressure air moves around a wingtip toward lower pressure.	Not this one. Relative wind is a different aerospace concept; the description matches wingtip vortex.	Not this one. Downwash is a different aerospace concept; the description matches wingtip vortex.	Vortex = spinning wingtip air.	Identify the clue in the situation that distinguishes wingtip vortex from the other choices.	Aerospace Dimensions Module 1: Introduction to Flight	9-10	Module 1, Chapter 1, pages 9-10	medium	scenario_diagram	optional_after_answer	airfoil_basics	A concise study visual illustrating wingtip vortex.	Airflow over a wing helps explain lift, pressure changes, angle of attack, and stall.	Airfoil diagram labeling leading edge, trailing edge, camber, chord line, relative wind, and airflow over the wing.	airfoil_basics	airfoil_basics_wing_and_airflow_diagram.png	/assets/cap-visuals/airfoil_basics_wing_and_airflow_diagram.png	approved	true	high	close	false	0.8	original_textbook_grounded	Mitchell_Aerospace_sample_style_analysis	draft	AD-M1-Q019	45
AD-M1-Q021	1	1	Flight	AD1-1-lift	AD1-1-lift	AD1-1-lift	multiple_choice	direct_definition	medium	recall	Which term best matches this definition: the upward force opposing gravity and supporting an aircraft's weight?	pitch	lift	drag	thrust	B	The upward force opposing gravity and supporting an aircraft's weight.	Lift is correct because it means the upward force opposing gravity and supporting an aircraft's weight.	Not this one. Pitch is a different aerospace concept; the description matches lift.	Correct. The upward force opposing gravity and supporting an aircraft's weight.	Not this one. Drag is a different aerospace concept; the description matches lift.	Not this one. Thrust is a different aerospace concept; the description matches lift.	Lift lifts against weight.	Review Module 1, Chapter 1, pages 10-11, and explain lift without looking.	Aerospace Dimensions Module 1: Introduction to Flight	10-11	Module 1, Chapter 1, pages 10-11	medium	concept_card	optional_after_answer	four_forces_of_flight	A concise study visual illustrating lift.	Lift up, weight down, thrust forward, drag backward.	Diagram of an airplane showing lift upward, weight downward, thrust forward, and drag backward.	four_forces_of_flight	four_forces_of_flight_infographic.png	/assets/cap-visuals/four_forces_of_flight_infographic.png	approved	true	high	close	true	1.0	original_textbook_grounded	Mitchell_Aerospace_sample_style_analysis	draft	AD-M1-Q022	35
AD-M1-Q022	1	1	Flight	AD1-1-lift	AD1-1-lift	AD1-1-lift	multiple_choice	brief_application	medium_hard	application	Which concept best explains this situation? This force must oppose weight for level flight.	lift	drag	pitch	thrust	A	The upward force opposing gravity and supporting an aircraft's weight.	Lift is correct because it means the upward force opposing gravity and supporting an aircraft's weight.	Correct. The upward force opposing gravity and supporting an aircraft's weight.	Not this one. Drag is a different aerospace concept; the description matches lift.	Not this one. Pitch is a different aerospace concept; the description matches lift.	Not this one. Thrust is a different aerospace concept; the description matches lift.	Lift lifts against weight.	Identify the clue in the situation that distinguishes lift from the other choices.	Aerospace Dimensions Module 1: Introduction to Flight	10-11	Module 1, Chapter 1, pages 10-11	medium	scenario_diagram	optional_after_answer	four_forces_of_flight	A concise study visual illustrating lift.	Lift up, weight down, thrust forward, drag backward.	Diagram of an airplane showing lift upward, weight downward, thrust forward, and drag backward.	four_forces_of_flight	four_forces_of_flight_infographic.png	/assets/cap-visuals/four_forces_of_flight_infographic.png	approved	true	high	close	true	0.8	original_textbook_grounded	Mitchell_Aerospace_sample_style_analysis	draft	AD-M1-Q021	45
AD-M1-Q023	1	1	Flight	AD1-1-gravity	AD1-1-gravity	AD1-1-gravity	multiple_choice	direct_definition	medium	recall	Which term best matches this definition: the natural force pulling objects toward Earth?	lift	gravity	drag	thrust	B	The natural force pulling objects toward earth.	Gravity is correct because it means the natural force pulling objects toward Earth.	Not this one. Lift is a different aerospace concept; the description matches gravity.	Correct. The natural force pulling objects toward earth.	Not this one. Drag is a different aerospace concept; the description matches gravity.	Not this one. Thrust is a different aerospace concept; the description matches gravity.	Gravity pulls down.	Review Module 1, Chapter 1, pages 10-11, and explain gravity without looking.	Aerospace Dimensions Module 1: Introduction to Flight	10-11	Module 1, Chapter 1, pages 10-11	medium	concept_card	optional_after_answer	four_forces_of_flight	A concise study visual illustrating gravity.	Lift up, weight down, thrust forward, drag backward.	Diagram of an airplane showing lift upward, weight downward, thrust forward, and drag backward.	four_forces_of_flight	four_forces_of_flight_infographic.png	/assets/cap-visuals/four_forces_of_flight_infographic.png	approved	true	high	close	true	1.0	original_textbook_grounded	Mitchell_Aerospace_sample_style_analysis	draft	AD-M1-Q024	35
AD-M1-Q024	1	1	Flight	AD1-1-gravity	AD1-1-gravity	AD1-1-gravity	multiple_choice	brief_application	medium_hard	application	Which concept best explains this situation? This force gives an aircraft its weight and acts downward.	thrust	gravity	lift	drag	B	The natural force pulling objects toward earth.	Gravity is correct because it means the natural force pulling objects toward Earth.	Not this one. Thrust is a different aerospace concept; the description matches gravity.	Correct. The natural force pulling objects toward earth.	Not this one. Lift is a different aerospace concept; the description matches gravity.	Not this one. Drag is a different aerospace concept; the description matches gravity.	Gravity pulls down.	Identify the clue in the situation that distinguishes gravity from the other choices.	Aerospace Dimensions Module 1: Introduction to Flight	10-11	Module 1, Chapter 1, pages 10-11	medium	scenario_diagram	optional_after_answer	four_forces_of_flight	A concise study visual illustrating gravity.	Lift up, weight down, thrust forward, drag backward.	Diagram of an airplane showing lift upward, weight downward, thrust forward, and drag backward.	four_forces_of_flight	four_forces_of_flight_infographic.png	/assets/cap-visuals/four_forces_of_flight_infographic.png	approved	true	high	close	false	0.8	original_textbook_grounded	Mitchell_Aerospace_sample_style_analysis	draft	AD-M1-Q023	45
AD-M1-Q025	1	1	Flight	AD1-1-thrust	AD1-1-thrust	AD1-1-thrust	multiple_choice	direct_definition	medium	recall	Which term best matches this definition: the force moving an aircraft forward and opposing drag?	lift	yaw	thrust	gravity	C	The force moving an aircraft forward and opposing drag.	Thrust is correct because it means the force moving an aircraft forward and opposing drag.	Not this one. Lift is a different aerospace concept; the description matches thrust.	Not this one. Yaw is a different aerospace concept; the description matches thrust.	Correct. The force moving an aircraft forward and opposing drag.	Not this one. Gravity is a different aerospace concept; the description matches thrust.	Thrust drives forward.	Review Module 1, Chapter 1, pages 10-11, and explain thrust without looking.	Aerospace Dimensions Module 1: Introduction to Flight	10-11	Module 1, Chapter 1, pages 10-11	medium	concept_card	optional_after_answer	four_forces_of_flight	A concise study visual illustrating thrust.	Lift up, weight down, thrust forward, drag backward.	Diagram of an airplane showing lift upward, weight downward, thrust forward, and drag backward.	four_forces_of_flight	four_forces_of_flight_infographic.png	/assets/cap-visuals/four_forces_of_flight_infographic.png	approved	true	high	close	true	1.0	original_textbook_grounded	Mitchell_Aerospace_sample_style_analysis	draft	AD-M1-Q026	35
AD-M1-Q026	1	1	Flight	AD1-1-thrust	AD1-1-thrust	AD1-1-thrust	multiple_choice	brief_application	medium_hard	application	Which concept best explains this situation? A propeller or jet engine produces this force.	yaw	gravity	lift	thrust	D	The force moving an aircraft forward and opposing drag.	Thrust is correct because it means the force moving an aircraft forward and opposing drag.	Not this one. Yaw is a different aerospace concept; the description matches thrust.	Not this one. Gravity is a different aerospace concept; the description matches thrust.	Not this one. Lift is a different aerospace concept; the description matches thrust.	Correct. The force moving an aircraft forward and opposing drag.	Thrust drives forward.	Identify the clue in the situation that distinguishes thrust from the other choices.	Aerospace Dimensions Module 1: Introduction to Flight	10-11	Module 1, Chapter 1, pages 10-11	medium	scenario_diagram	optional_after_answer	four_forces_of_flight	A concise study visual illustrating thrust.	Lift up, weight down, thrust forward, drag backward.	Diagram of an airplane showing lift upward, weight downward, thrust forward, and drag backward.	four_forces_of_flight	four_forces_of_flight_infographic.png	/assets/cap-visuals/four_forces_of_flight_infographic.png	approved	true	high	close	true	0.8	original_textbook_grounded	Mitchell_Aerospace_sample_style_analysis	draft	AD-M1-Q025	45
AD-M1-Q027	1	1	Flight	AD1-1-drag	AD1-1-drag	AD1-1-drag	multiple_choice	direct_definition	medium	recall	Which term best matches this definition: the resistance that slows an aircraft's forward movement?	gravity	drag	lift	thrust	B	The resistance that slows an aircraft's forward movement.	Drag is correct because it means the resistance that slows an aircraft's forward movement.	Not this one. Gravity is a different aerospace concept; the description matches drag.	Correct. The resistance that slows an aircraft's forward movement.	Not this one. Lift is a different aerospace concept; the description matches drag.	Not this one. Thrust is a different aerospace concept; the description matches drag.	Drag delays forward motion.	Review Module 1, Chapter 1, pages 10-11, and explain drag without looking.	Aerospace Dimensions Module 1: Introduction to Flight	10-11	Module 1, Chapter 1, pages 10-11	medium	concept_card	optional_after_answer	four_forces_of_flight	A concise study visual illustrating drag.	Lift up, weight down, thrust forward, drag backward.	Diagram of an airplane showing lift upward, weight downward, thrust forward, and drag backward.	four_forces_of_flight	four_forces_of_flight_infographic.png	/assets/cap-visuals/four_forces_of_flight_infographic.png	approved	true	high	close	true	1.0	original_textbook_grounded	Mitchell_Aerospace_sample_style_analysis	draft	AD-M1-Q028	35
AD-M1-Q028	1	1	Flight	AD1-1-drag	AD1-1-drag	AD1-1-drag	multiple_choice	brief_application	medium_hard	application	Which concept best explains this situation? Air resistance works directly against the airplane's forward-driving force.	gravity	lift	drag	thrust	C	The resistance that slows an aircraft's forward movement.	Drag is correct because it means the resistance that slows an aircraft's forward movement.	Not this one. Gravity is a different aerospace concept; the description matches drag.	Not this one. Lift is a different aerospace concept; the description matches drag.	Correct. The resistance that slows an aircraft's forward movement.	Not this one. Thrust is a different aerospace concept; the description matches drag.	Drag delays forward motion.	Identify the clue in the situation that distinguishes drag from the other choices.	Aerospace Dimensions Module 1: Introduction to Flight	10-11	Module 1, Chapter 1, pages 10-11	medium	scenario_diagram	optional_after_answer	four_forces_of_flight	A concise study visual illustrating drag.	Lift up, weight down, thrust forward, drag backward.	Diagram of an airplane showing lift upward, weight downward, thrust forward, and drag backward.	four_forces_of_flight	four_forces_of_flight_infographic.png	/assets/cap-visuals/four_forces_of_flight_infographic.png	approved	true	high	close	false	0.8	original_textbook_grounded	Mitchell_Aerospace_sample_style_analysis	draft	AD-M1-Q027	45
AD-M1-Q029	1	1	Flight	AD1-1-balanced_flight_forces	AD1-1-balanced_flight_forces	AD1-1-balanced_flight_forces	multiple_choice	direct_definition	medium	recall	Which term best matches this definition: in unaccelerated level flight, lift equals weight and thrust equals drag?	weight exceeds lift and thrust exceeds drag	lift exceeds weight and drag exceeds thrust	all four forces point forward	balanced flight forces	D	In unaccelerated level flight, lift equals weight and thrust equals drag.	Balanced flight forces is correct because it means in unaccelerated level flight, lift equals weight and thrust equals drag.	Not this one. Weight exceeds lift and thrust exceeds drag is a different aerospace concept; the description matches balanced flight forces.	Not this one. Lift exceeds weight and drag exceeds thrust is a different aerospace concept; the description matches balanced flight forces.	Not this one. All four forces point forward is a different aerospace concept; the description matches balanced flight forces.	Correct. In unaccelerated level flight, lift equals weight and thrust equals drag.	Level and steady: L=W, T=D.	Review Module 1, Chapter 1, pages 11, and explain balanced flight forces without looking.	Aerospace Dimensions Module 1: Introduction to Flight	11	Module 1, Chapter 1, pages 11	medium	concept_card	optional_after_answer	four_forces_of_flight	A concise study visual illustrating balanced flight forces.	Lift up, weight down, thrust forward, drag backward.	Diagram of an airplane showing lift upward, weight downward, thrust forward, and drag backward.	four_forces_of_flight	four_forces_of_flight_infographic.png	/assets/cap-visuals/four_forces_of_flight_infographic.png	approved	true	high	close	true	1.0	original_textbook_grounded	Mitchell_Aerospace_sample_style_analysis	draft	AD-M1-Q030	35
AD-M1-Q030	1	1	Flight	AD1-1-balanced_flight_forces	AD1-1-balanced_flight_forces	AD1-1-balanced_flight_forces	multiple_choice	brief_application	medium_hard	application	Which concept best explains this situation? An airplane maintains constant altitude and constant speed.	balanced flight forces	lift exceeds weight and drag exceeds thrust	all four forces point forward	weight exceeds lift and thrust exceeds drag	A	In unaccelerated level flight, lift equals weight and thrust equals drag.	Balanced flight forces is correct because it means in unaccelerated level flight, lift equals weight and thrust equals drag.	Correct. In unaccelerated level flight, lift equals weight and thrust equals drag.	Not this one. Lift exceeds weight and drag exceeds thrust is a different aerospace concept; the description matches balanced flight forces.	Not this one. All four forces point forward is a different aerospace concept; the description matches balanced flight forces.	Not this one. Weight exceeds lift and thrust exceeds drag is a different aerospace concept; the description matches balanced flight forces.	Level and steady: L=W, T=D.	Identify the clue in the situation that distinguishes balanced flight forces from the other choices.	Aerospace Dimensions Module 1: Introduction to Flight	11	Module 1, Chapter 1, pages 11	medium	scenario_diagram	optional_after_answer	four_forces_of_flight	A concise study visual illustrating balanced flight forces.	Lift up, weight down, thrust forward, drag backward.	Diagram of an airplane showing lift upward, weight downward, thrust forward, and drag backward.	four_forces_of_flight	four_forces_of_flight_infographic.png	/assets/cap-visuals/four_forces_of_flight_infographic.png	approved	true	high	close	true	0.8	original_textbook_grounded	Mitchell_Aerospace_sample_style_analysis	draft	AD-M1-Q029	45
AD-M1-Q031	1	1	Flight	AD1-1-center_of_gravity	AD1-1-center_of_gravity	AD1-1-center_of_gravity	multiple_choice	direct_definition	medium	recall	Which term best matches this definition: the point where the three aircraft axes intersect and the aircraft balances?	leading edge	wing chord	center of pressure	center of gravity	D	The point where the three aircraft axes intersect and the aircraft balances.	Center of gravity is correct because it means the point where the three aircraft axes intersect and the aircraft balances.	Not this one. Leading edge is a different aerospace concept; the description matches center of gravity.	Not this one. Wing chord is a different aerospace concept; the description matches center of gravity.	Not this one. Center of pressure is a different aerospace concept; the description matches center of gravity.	Correct. The point where the three aircraft axes intersect and the aircraft balances.	CG = axes meet and balance.	Review Module 1, Chapter 1, pages 12, and explain center of gravity without looking.	Aerospace Dimensions Module 1: Introduction to Flight	12	Module 1, Chapter 1, pages 12	medium	concept_card	optional_after_answer	three_axes_of_flight	A concise study visual illustrating center of gravity.	Roll happens around the longitudinal axis, pitch around the lateral axis, and yaw around the vertical axis.	Airplane diagram labeling the longitudinal, lateral, and vertical axes with roll, pitch, and yaw.	three_axes_of_flight	three_axes_of_flight_infographic.png	/assets/cap-visuals/three_axes_of_flight_infographic.png	approved	true	high	close	true	1.0	original_textbook_grounded	Mitchell_Aerospace_sample_style_analysis	draft	AD-M1-Q032	35
AD-M1-Q032	1	1	Flight	AD1-1-center_of_gravity	AD1-1-center_of_gravity	AD1-1-center_of_gravity	multiple_choice	brief_application	medium_hard	application	Which concept best explains this situation? An aircraft model hangs level when suspended from this point.	center of pressure	leading edge	wing chord	center of gravity	D	The point where the three aircraft axes intersect and the aircraft balances.	Center of gravity is correct because it means the point where the three aircraft axes intersect and the aircraft balances.	Not this one. Center of pressure is a different aerospace concept; the description matches center of gravity.	Not this one. Leading edge is a different aerospace concept; the description matches center of gravity.	Not this one. Wing chord is a different aerospace concept; the description matches center of gravity.	Correct. The point where the three aircraft axes intersect and the aircraft balances.	CG = axes meet and balance.	Identify the clue in the situation that distinguishes center of gravity from the other choices.	Aerospace Dimensions Module 1: Introduction to Flight	12	Module 1, Chapter 1, pages 12	medium	scenario_diagram	optional_after_answer	three_axes_of_flight	A concise study visual illustrating center of gravity.	Roll happens around the longitudinal axis, pitch around the lateral axis, and yaw around the vertical axis.	Airplane diagram labeling the longitudinal, lateral, and vertical axes with roll, pitch, and yaw.	three_axes_of_flight	three_axes_of_flight_infographic.png	/assets/cap-visuals/three_axes_of_flight_infographic.png	approved	true	high	close	false	0.8	original_textbook_grounded	Mitchell_Aerospace_sample_style_analysis	draft	AD-M1-Q031	45
AD-M1-Q033	1	1	Flight	AD1-1-longitudinal_axis	AD1-1-longitudinal_axis	AD1-1-longitudinal_axis	multiple_choice	direct_definition	medium	recall	Which term best matches this definition: the axis running from nose to tail?	longitudinal axis	lateral axis	chord line	vertical axis	A	The axis running from nose to tail.	Longitudinal axis is correct because it means the axis running from nose to tail.	Correct. The axis running from nose to tail.	Not this one. Lateral axis is a different aerospace concept; the description matches longitudinal axis.	Not this one. Chord line is a different aerospace concept; the description matches longitudinal axis.	Not this one. Vertical axis is a different aerospace concept; the description matches longitudinal axis.	Longitudinal = long, nose to tail.	Review Module 1, Chapter 1, pages 12-14, and explain longitudinal axis without looking.	Aerospace Dimensions Module 1: Introduction to Flight	12-14	Module 1, Chapter 1, pages 12-14	medium	concept_card	optional_after_answer	three_axes_of_flight	A concise study visual illustrating longitudinal axis.	Roll happens around the longitudinal axis, pitch around the lateral axis, and yaw around the vertical axis.	Airplane diagram labeling the longitudinal, lateral, and vertical axes with roll, pitch, and yaw.	three_axes_of_flight	three_axes_of_flight_infographic.png	/assets/cap-visuals/three_axes_of_flight_infographic.png	approved	true	high	close	true	1.0	original_textbook_grounded	Mitchell_Aerospace_sample_style_analysis	draft	AD-M1-Q034	35
AD-M1-Q034	1	1	Flight	AD1-1-longitudinal_axis	AD1-1-longitudinal_axis	AD1-1-longitudinal_axis	multiple_choice	brief_application	medium_hard	application	Which concept best explains this situation? An airplane rolls around this axis.	longitudinal axis	lateral axis	vertical axis	chord line	A	The axis running from nose to tail.	Longitudinal axis is correct because it means the axis running from nose to tail.	Correct. The axis running from nose to tail.	Not this one. Lateral axis is a different aerospace concept; the description matches longitudinal axis.	Not this one. Vertical axis is a different aerospace concept; the description matches longitudinal axis.	Not this one. Chord line is a different aerospace concept; the description matches longitudinal axis.	Longitudinal = long, nose to tail.	Identify the clue in the situation that distinguishes longitudinal axis from the other choices.	Aerospace Dimensions Module 1: Introduction to Flight	12-14	Module 1, Chapter 1, pages 12-14	medium	scenario_diagram	optional_after_answer	three_axes_of_flight	A concise study visual illustrating longitudinal axis.	Roll happens around the longitudinal axis, pitch around the lateral axis, and yaw around the vertical axis.	Airplane diagram labeling the longitudinal, lateral, and vertical axes with roll, pitch, and yaw.	three_axes_of_flight	three_axes_of_flight_infographic.png	/assets/cap-visuals/three_axes_of_flight_infographic.png	approved	true	high	close	true	0.8	original_textbook_grounded	Mitchell_Aerospace_sample_style_analysis	draft	AD-M1-Q033	45
AD-M1-Q035	1	1	Flight	AD1-1-lateral_axis	AD1-1-lateral_axis	AD1-1-lateral_axis	multiple_choice	direct_definition	medium	recall	Which term best matches this definition: the axis running from wingtip to wingtip?	lateral axis	longitudinal axis	vertical axis	relative-wind axis	A	The axis running from wingtip to wingtip.	Lateral axis is correct because it means the axis running from wingtip to wingtip.	Correct. The axis running from wingtip to wingtip.	Not this one. Longitudinal axis is a different aerospace concept; the description matches lateral axis.	Not this one. Vertical axis is a different aerospace concept; the description matches lateral axis.	Not this one. Relative-wind axis is a different aerospace concept; the description matches lateral axis.	Lateral = left to right.	Review Module 1, Chapter 1, pages 12-14, and explain lateral axis without looking.	Aerospace Dimensions Module 1: Introduction to Flight	12-14	Module 1, Chapter 1, pages 12-14	medium	concept_card	optional_after_answer	three_axes_of_flight	A concise study visual illustrating lateral axis.	Roll happens around the longitudinal axis, pitch around the lateral axis, and yaw around the vertical axis.	Airplane diagram labeling the longitudinal, lateral, and vertical axes with roll, pitch, and yaw.	three_axes_of_flight	three_axes_of_flight_infographic.png	/assets/cap-visuals/three_axes_of_flight_infographic.png	approved	true	high	close	true	1.0	original_textbook_grounded	Mitchell_Aerospace_sample_style_analysis	draft	AD-M1-Q036	35
AD-M1-Q036	1	1	Flight	AD1-1-lateral_axis	AD1-1-lateral_axis	AD1-1-lateral_axis	multiple_choice	brief_application	medium_hard	application	Which concept best explains this situation? Pitch occurs around this axis.	lateral axis	vertical axis	relative-wind axis	longitudinal axis	A	The axis running from wingtip to wingtip.	Lateral axis is correct because it means the axis running from wingtip to wingtip.	Correct. The axis running from wingtip to wingtip.	Not this one. Vertical axis is a different aerospace concept; the description matches lateral axis.	Not this one. Relative-wind axis is a different aerospace concept; the description matches lateral axis.	Not this one. Longitudinal axis is a different aerospace concept; the description matches lateral axis.	Lateral = left to right.	Identify the clue in the situation that distinguishes lateral axis from the other choices.	Aerospace Dimensions Module 1: Introduction to Flight	12-14	Module 1, Chapter 1, pages 12-14	medium	scenario_diagram	optional_after_answer	three_axes_of_flight	A concise study visual illustrating lateral axis.	Roll happens around the longitudinal axis, pitch around the lateral axis, and yaw around the vertical axis.	Airplane diagram labeling the longitudinal, lateral, and vertical axes with roll, pitch, and yaw.	three_axes_of_flight	three_axes_of_flight_infographic.png	/assets/cap-visuals/three_axes_of_flight_infographic.png	approved	true	high	close	false	0.8	original_textbook_grounded	Mitchell_Aerospace_sample_style_analysis	draft	AD-M1-Q035	45
AD-M1-Q037	1	1	Flight	AD1-1-vertical_axis	AD1-1-vertical_axis	AD1-1-vertical_axis	multiple_choice	direct_definition	medium	recall	Which term best matches this definition: the axis running from top to bottom through the center of gravity?	vertical axis	lateral axis	longitudinal axis	chord	A	The axis running from top to bottom through the center of gravity.	Vertical axis is correct because it means the axis running from top to bottom through the center of gravity.	Correct. The axis running from top to bottom through the center of gravity.	Not this one. Lateral axis is a different aerospace concept; the description matches vertical axis.	Not this one. Longitudinal axis is a different aerospace concept; the description matches vertical axis.	Not this one. Chord is a different aerospace concept; the description matches vertical axis.	Vertical = up and down.	Review Module 1, Chapter 1, pages 12-14, and explain vertical axis without looking.	Aerospace Dimensions Module 1: Introduction to Flight	12-14	Module 1, Chapter 1, pages 12-14	medium	concept_card	optional_after_answer	three_axes_of_flight	A concise study visual illustrating vertical axis.	Roll happens around the longitudinal axis, pitch around the lateral axis, and yaw around the vertical axis.	Airplane diagram labeling the longitudinal, lateral, and vertical axes with roll, pitch, and yaw.	three_axes_of_flight	three_axes_of_flight_infographic.png	/assets/cap-visuals/three_axes_of_flight_infographic.png	approved	true	high	close	true	1.0	original_textbook_grounded	Mitchell_Aerospace_sample_style_analysis	draft	AD-M1-Q038	35
AD-M1-Q038	1	1	Flight	AD1-1-vertical_axis	AD1-1-vertical_axis	AD1-1-vertical_axis	multiple_choice	brief_application	medium_hard	application	Which concept best explains this situation? Yaw occurs around this axis.	longitudinal axis	chord	vertical axis	lateral axis	C	The axis running from top to bottom through the center of gravity.	Vertical axis is correct because it means the axis running from top to bottom through the center of gravity.	Not this one. Longitudinal axis is a different aerospace concept; the description matches vertical axis.	Not this one. Chord is a different aerospace concept; the description matches vertical axis.	Correct. The axis running from top to bottom through the center of gravity.	Not this one. Lateral axis is a different aerospace concept; the description matches vertical axis.	Vertical = up and down.	Identify the clue in the situation that distinguishes vertical axis from the other choices.	Aerospace Dimensions Module 1: Introduction to Flight	12-14	Module 1, Chapter 1, pages 12-14	medium	scenario_diagram	optional_after_answer	three_axes_of_flight	A concise study visual illustrating vertical axis.	Roll happens around the longitudinal axis, pitch around the lateral axis, and yaw around the vertical axis.	Airplane diagram labeling the longitudinal, lateral, and vertical axes with roll, pitch, and yaw.	three_axes_of_flight	three_axes_of_flight_infographic.png	/assets/cap-visuals/three_axes_of_flight_infographic.png	approved	true	high	close	true	0.8	original_textbook_grounded	Mitchell_Aerospace_sample_style_analysis	draft	AD-M1-Q037	45
AD-M1-Q039	1	1	Flight	AD1-1-roll	AD1-1-roll	AD1-1-roll	multiple_choice	direct_definition	medium	recall	Which term best matches this definition: rotation around the longitudinal axis?	yaw	stall	pitch	roll	D	Rotation around the longitudinal axis.	Roll is correct because it means rotation around the longitudinal axis.	Not this one. Yaw is a different aerospace concept; the description matches roll.	Not this one. Stall is a different aerospace concept; the description matches roll.	Not this one. Pitch is a different aerospace concept; the description matches roll.	Correct. Rotation around the longitudinal axis.	Roll rocks the wings.	Review Module 1, Chapter 1, pages 12-14, and explain roll without looking.	Aerospace Dimensions Module 1: Introduction to Flight	12-14	Module 1, Chapter 1, pages 12-14	high	concept_card	optional_after_answer	three_axes_of_flight	A concise study visual illustrating roll.	Roll happens around the longitudinal axis, pitch around the lateral axis, and yaw around the vertical axis.	Airplane diagram labeling the longitudinal, lateral, and vertical axes with roll, pitch, and yaw.	three_axes_of_flight	three_axes_of_flight_infographic.png	/assets/cap-visuals/three_axes_of_flight_infographic.png	approved	true	high	close	true	1.0	original_textbook_grounded	Mitchell_Aerospace_sample_style_analysis	draft	AD-M1-Q040	35
AD-M1-Q040	1	1	Flight	AD1-1-roll	AD1-1-roll	AD1-1-roll	multiple_choice	brief_application	medium_hard	application	Which concept best explains this situation? One wing rises while the other drops.	yaw	stall	roll	pitch	C	Rotation around the longitudinal axis.	Roll is correct because it means rotation around the longitudinal axis.	Not this one. Yaw is a different aerospace concept; the description matches roll.	Not this one. Stall is a different aerospace concept; the description matches roll.	Correct. Rotation around the longitudinal axis.	Not this one. Pitch is a different aerospace concept; the description matches roll.	Roll rocks the wings.	Identify the clue in the situation that distinguishes roll from the other choices.	Aerospace Dimensions Module 1: Introduction to Flight	12-14	Module 1, Chapter 1, pages 12-14	high	scenario_diagram	optional_after_answer	three_axes_of_flight	A concise study visual illustrating roll.	Roll happens around the longitudinal axis, pitch around the lateral axis, and yaw around the vertical axis.	Airplane diagram labeling the longitudinal, lateral, and vertical axes with roll, pitch, and yaw.	three_axes_of_flight	three_axes_of_flight_infographic.png	/assets/cap-visuals/three_axes_of_flight_infographic.png	approved	true	high	close	false	0.8	original_textbook_grounded	Mitchell_Aerospace_sample_style_analysis	draft	AD-M1-Q039	45
AD-M1-Q041	1	1	Flight	AD1-1-pitch	AD1-1-pitch	AD1-1-pitch	multiple_choice	direct_definition	medium	recall	Which term best matches this definition: rotation around the lateral axis?	yaw	roll	drag	pitch	D	Rotation around the lateral axis.	Pitch is correct because it means rotation around the lateral axis.	Not this one. Yaw is a different aerospace concept; the description matches pitch.	Not this one. Roll is a different aerospace concept; the description matches pitch.	Not this one. Drag is a different aerospace concept; the description matches pitch.	Correct. Rotation around the lateral axis.	Pitch points the nose.	Review Module 1, Chapter 1, pages 12-14, and explain pitch without looking.	Aerospace Dimensions Module 1: Introduction to Flight	12-14	Module 1, Chapter 1, pages 12-14	high	concept_card	optional_after_answer	three_axes_of_flight	A concise study visual illustrating pitch.	Roll happens around the longitudinal axis, pitch around the lateral axis, and yaw around the vertical axis.	Airplane diagram labeling the longitudinal, lateral, and vertical axes with roll, pitch, and yaw.	three_axes_of_flight	three_axes_of_flight_infographic.png	/assets/cap-visuals/three_axes_of_flight_infographic.png	approved	true	high	close	true	1.0	original_textbook_grounded	Mitchell_Aerospace_sample_style_analysis	draft	AD-M1-Q042	35
AD-M1-Q042	1	1	Flight	AD1-1-pitch	AD1-1-pitch	AD1-1-pitch	multiple_choice	brief_application	medium_hard	application	Which concept best explains this situation? The nose moves upward or downward.	pitch	drag	yaw	roll	A	Rotation around the lateral axis.	Pitch is correct because it means rotation around the lateral axis.	Correct. Rotation around the lateral axis.	Not this one. Drag is a different aerospace concept; the description matches pitch.	Not this one. Yaw is a different aerospace concept; the description matches pitch.	Not this one. Roll is a different aerospace concept; the description matches pitch.	Pitch points the nose.	Identify the clue in the situation that distinguishes pitch from the other choices.	Aerospace Dimensions Module 1: Introduction to Flight	12-14	Module 1, Chapter 1, pages 12-14	high	scenario_diagram	optional_after_answer	three_axes_of_flight	A concise study visual illustrating pitch.	Roll happens around the longitudinal axis, pitch around the lateral axis, and yaw around the vertical axis.	Airplane diagram labeling the longitudinal, lateral, and vertical axes with roll, pitch, and yaw.	three_axes_of_flight	three_axes_of_flight_infographic.png	/assets/cap-visuals/three_axes_of_flight_infographic.png	approved	true	high	close	true	0.8	original_textbook_grounded	Mitchell_Aerospace_sample_style_analysis	draft	AD-M1-Q041	45
AD-M1-Q043	1	1	Flight	AD1-1-yaw	AD1-1-yaw	AD1-1-yaw	multiple_choice	direct_definition	medium	recall	Which term best matches this definition: rotation around the vertical axis?	lift	yaw	pitch	roll	B	Rotation around the vertical axis.	Yaw is correct because it means rotation around the vertical axis.	Not this one. Lift is a different aerospace concept; the description matches yaw.	Correct. Rotation around the vertical axis.	Not this one. Pitch is a different aerospace concept; the description matches yaw.	Not this one. Roll is a different aerospace concept; the description matches yaw.	Yaw swings the nose side to side.	Review Module 1, Chapter 1, pages 12-14, and explain yaw without looking.	Aerospace Dimensions Module 1: Introduction to Flight	12-14	Module 1, Chapter 1, pages 12-14	high	concept_card	optional_after_answer	three_axes_of_flight	A concise study visual illustrating yaw.	Roll happens around the longitudinal axis, pitch around the lateral axis, and yaw around the vertical axis.	Airplane diagram labeling the longitudinal, lateral, and vertical axes with roll, pitch, and yaw.	three_axes_of_flight	three_axes_of_flight_infographic.png	/assets/cap-visuals/three_axes_of_flight_infographic.png	approved	true	high	close	true	1.0	original_textbook_grounded	Mitchell_Aerospace_sample_style_analysis	draft	AD-M1-Q044	35
AD-M1-Q044	1	1	Flight	AD1-1-yaw	AD1-1-yaw	AD1-1-yaw	multiple_choice	brief_application	medium_hard	application	Which concept best explains this situation? The airplane's nose turns left or right without describing wing-up or nose-up motion.	yaw	roll	pitch	lift	A	Rotation around the vertical axis.	Yaw is correct because it means rotation around the vertical axis.	Correct. Rotation around the vertical axis.	Not this one. Roll is a different aerospace concept; the description matches yaw.	Not this one. Pitch is a different aerospace concept; the description matches yaw.	Not this one. Lift is a different aerospace concept; the description matches yaw.	Yaw swings the nose side to side.	Identify the clue in the situation that distinguishes yaw from the other choices.	Aerospace Dimensions Module 1: Introduction to Flight	12-14	Module 1, Chapter 1, pages 12-14	high	scenario_diagram	optional_after_answer	three_axes_of_flight	A concise study visual illustrating yaw.	Roll happens around the longitudinal axis, pitch around the lateral axis, and yaw around the vertical axis.	Airplane diagram labeling the longitudinal, lateral, and vertical axes with roll, pitch, and yaw.	three_axes_of_flight	three_axes_of_flight_infographic.png	/assets/cap-visuals/three_axes_of_flight_infographic.png	approved	true	high	close	false	0.8	original_textbook_grounded	Mitchell_Aerospace_sample_style_analysis	draft	AD-M1-Q043	45
AD-M1-Q045	1	1	Flight	AD1-1-aileron	AD1-1-aileron	AD1-1-aileron	multiple_choice	direct_definition	medium	recall	Which term best matches this definition: a wing control surface that produces roll?	aileron	rudder	flap	elevator	A	A wing control surface that produces roll.	Aileron is correct because it means a wing control surface that produces roll.	Correct. A wing control surface that produces roll.	Not this one. Rudder is a different aerospace concept; the description matches aileron.	Not this one. Flap is a different aerospace concept; the description matches aileron.	Not this one. Elevator is a different aerospace concept; the description matches aileron.	Ailerons alter wing lift for roll.	Review Module 1, Chapter 1, pages 13-14, and explain aileron without looking.	Aerospace Dimensions Module 1: Introduction to Flight	13-14	Module 1, Chapter 1, pages 13-14	high	concept_card	optional_after_answer	control_surfaces	A concise study visual illustrating aileron.	Ailerons roll, elevator pitches, rudder yaws, and flaps add lift and drag.	Airplane diagram labeling ailerons, elevator, rudder, and flaps with the motion each control surface produces.	control_surfaces	control_surfaces_flight_memory_aid.png	/assets/cap-visuals/control_surfaces_flight_memory_aid.png	approved	true	high	close	true	1.0	original_textbook_grounded	Mitchell_Aerospace_sample_style_analysis	draft	AD-M1-Q046	35
AD-M1-Q046	1	1	Flight	AD1-1-aileron	AD1-1-aileron	AD1-1-aileron	multiple_choice	brief_application	medium_hard	application	Which concept best explains this situation? One surface moves up as its counterpart on the opposite wing moves down.	aileron	flap	elevator	rudder	A	A wing control surface that produces roll.	Aileron is correct because it means a wing control surface that produces roll.	Correct. A wing control surface that produces roll.	Not this one. Flap is a different aerospace concept; the description matches aileron.	Not this one. Elevator is a different aerospace concept; the description matches aileron.	Not this one. Rudder is a different aerospace concept; the description matches aileron.	Ailerons alter wing lift for roll.	Identify the clue in the situation that distinguishes aileron from the other choices.	Aerospace Dimensions Module 1: Introduction to Flight	13-14	Module 1, Chapter 1, pages 13-14	high	scenario_diagram	optional_after_answer	control_surfaces	A concise study visual illustrating aileron.	Ailerons roll, elevator pitches, rudder yaws, and flaps add lift and drag.	Airplane diagram labeling ailerons, elevator, rudder, and flaps with the motion each control surface produces.	control_surfaces	control_surfaces_flight_memory_aid.png	/assets/cap-visuals/control_surfaces_flight_memory_aid.png	approved	true	high	close	true	0.8	original_textbook_grounded	Mitchell_Aerospace_sample_style_analysis	draft	AD-M1-Q045	45
AD-M1-Q047	1	1	Flight	AD1-1-elevator	AD1-1-elevator	AD1-1-elevator	multiple_choice	direct_definition	medium	recall	Which term best matches this definition: the tail control surface that produces pitch?	elevator	aileron	rudder	flap	A	The tail control surface that produces pitch.	Elevator is correct because it means the tail control surface that produces pitch.	Correct. The tail control surface that produces pitch.	Not this one. Aileron is a different aerospace concept; the description matches elevator.	Not this one. Rudder is a different aerospace concept; the description matches elevator.	Not this one. Flap is a different aerospace concept; the description matches elevator.	Elevator elevates or lowers the nose.	Review Module 1, Chapter 1, pages 12-14, and explain elevator without looking.	Aerospace Dimensions Module 1: Introduction to Flight	12-14	Module 1, Chapter 1, pages 12-14	high	concept_card	optional_after_answer	control_surfaces	A concise study visual illustrating elevator.	Ailerons roll, elevator pitches, rudder yaws, and flaps add lift and drag.	Airplane diagram labeling ailerons, elevator, rudder, and flaps with the motion each control surface produces.	control_surfaces	control_surfaces_flight_memory_aid.png	/assets/cap-visuals/control_surfaces_flight_memory_aid.png	approved	true	high	close	true	1.0	original_textbook_grounded	Mitchell_Aerospace_sample_style_analysis	draft	AD-M1-Q048	35
AD-M1-Q048	1	1	Flight	AD1-1-elevator	AD1-1-elevator	AD1-1-elevator	multiple_choice	brief_application	medium_hard	application	Which concept best explains this situation? Moving this surface changes the nose-up or nose-down attitude.	elevator	aileron	rudder	flap	A	The tail control surface that produces pitch.	Elevator is correct because it means the tail control surface that produces pitch.	Correct. The tail control surface that produces pitch.	Not this one. Aileron is a different aerospace concept; the description matches elevator.	Not this one. Rudder is a different aerospace concept; the description matches elevator.	Not this one. Flap is a different aerospace concept; the description matches elevator.	Elevator elevates or lowers the nose.	Identify the clue in the situation that distinguishes elevator from the other choices.	Aerospace Dimensions Module 1: Introduction to Flight	12-14	Module 1, Chapter 1, pages 12-14	high	scenario_diagram	optional_after_answer	control_surfaces	A concise study visual illustrating elevator.	Ailerons roll, elevator pitches, rudder yaws, and flaps add lift and drag.	Airplane diagram labeling ailerons, elevator, rudder, and flaps with the motion each control surface produces.	control_surfaces	control_surfaces_flight_memory_aid.png	/assets/cap-visuals/control_surfaces_flight_memory_aid.png	approved	true	high	close	false	0.8	original_textbook_grounded	Mitchell_Aerospace_sample_style_analysis	draft	AD-M1-Q047	45
AD-M1-Q049	1	1	Flight	AD1-1-rudder	AD1-1-rudder	AD1-1-rudder	multiple_choice	direct_definition	medium	recall	Which term best matches this definition: the vertical-tail control surface that produces yaw?	flap	aileron	elevator	rudder	D	The vertical-tail control surface that produces yaw.	Rudder is correct because it means the vertical-tail control surface that produces yaw.	Not this one. Flap is a different aerospace concept; the description matches rudder.	Not this one. Aileron is a different aerospace concept; the description matches rudder.	Not this one. Elevator is a different aerospace concept; the description matches rudder.	Correct. The vertical-tail control surface that produces yaw.	Rudder = right/left nose.	Review Module 1, Chapter 1, pages 13-14, and explain rudder without looking.	Aerospace Dimensions Module 1: Introduction to Flight	13-14	Module 1, Chapter 1, pages 13-14	high	concept_card	optional_after_answer	control_surfaces	A concise study visual illustrating rudder.	Ailerons roll, elevator pitches, rudder yaws, and flaps add lift and drag.	Airplane diagram labeling ailerons, elevator, rudder, and flaps with the motion each control surface produces.	control_surfaces	control_surfaces_flight_memory_aid.png	/assets/cap-visuals/control_surfaces_flight_memory_aid.png	approved	true	high	close	true	1.0	original_textbook_grounded	Mitchell_Aerospace_sample_style_analysis	draft	AD-M1-Q050	35
AD-M1-Q050	1	1	Flight	AD1-1-rudder	AD1-1-rudder	AD1-1-rudder	multiple_choice	brief_application	medium_hard	application	Which concept best explains this situation? The pilot uses pedals to move this surface and swing the nose left or right.	aileron	elevator	rudder	flap	C	The vertical-tail control surface that produces yaw.	Rudder is correct because it means the vertical-tail control surface that produces yaw.	Not this one. Aileron is a different aerospace concept; the description matches rudder.	Not this one. Elevator is a different aerospace concept; the description matches rudder.	Correct. The vertical-tail control surface that produces yaw.	Not this one. Flap is a different aerospace concept; the description matches rudder.	Rudder = right/left nose.	Identify the clue in the situation that distinguishes rudder from the other choices.	Aerospace Dimensions Module 1: Introduction to Flight	13-14	Module 1, Chapter 1, pages 13-14	high	scenario_diagram	optional_after_answer	control_surfaces	A concise study visual illustrating rudder.	Ailerons roll, elevator pitches, rudder yaws, and flaps add lift and drag.	Airplane diagram labeling ailerons, elevator, rudder, and flaps with the motion each control surface produces.	control_surfaces	control_surfaces_flight_memory_aid.png	/assets/cap-visuals/control_surfaces_flight_memory_aid.png	approved	true	high	close	true	0.8	original_textbook_grounded	Mitchell_Aerospace_sample_style_analysis	draft	AD-M1-Q049	45
AD-M1-Q051	1	1	Flight	AD1-1-flaps	AD1-1-flaps	AD1-1-flaps	multiple_choice	direct_definition	medium	recall	Which term best matches this definition: wing surfaces that increase camber, wing area, lift, and drag for slower takeoff or landing?	rudder	elevators	flaps	ailerons	C	Wing surfaces that increase camber, wing area, lift, and drag for slower takeoff or landing.	Flaps is correct because it means wing surfaces that increase camber, wing area, lift, and drag for slower takeoff or landing.	Not this one. Rudder is a different aerospace concept; the description matches flaps.	Not this one. Elevators is a different aerospace concept; the description matches flaps.	Correct. Wing surfaces that increase camber, wing area, lift, and drag for slower takeoff or landing.	Not this one. Ailerons is a different aerospace concept; the description matches flaps.	Flaps add lift and drag.	Review Module 1, Chapter 1, pages 14, and explain flaps without looking.	Aerospace Dimensions Module 1: Introduction to Flight	14	Module 1, Chapter 1, pages 14	high	concept_card	optional_after_answer	control_surfaces	A concise study visual illustrating flaps.	Ailerons roll, elevator pitches, rudder yaws, and flaps add lift and drag.	Airplane diagram labeling ailerons, elevator, rudder, and flaps with the motion each control surface produces.	control_surfaces	control_surfaces_flight_memory_aid.png	/assets/cap-visuals/control_surfaces_flight_memory_aid.png	approved	true	high	close	true	1.0	original_textbook_grounded	Mitchell_Aerospace_sample_style_analysis	draft	AD-M1-Q052	35
AD-M1-Q052	1	1	Flight	AD1-1-flaps	AD1-1-flaps	AD1-1-flaps	multiple_choice	brief_application	medium_hard	application	Which concept best explains this situation? The pilot extends these to fly more slowly on approach while increasing drag.	rudder	ailerons	elevators	flaps	D	Wing surfaces that increase camber, wing area, lift, and drag for slower takeoff or landing.	Flaps is correct because it means wing surfaces that increase camber, wing area, lift, and drag for slower takeoff or landing.	Not this one. Rudder is a different aerospace concept; the description matches flaps.	Not this one. Ailerons is a different aerospace concept; the description matches flaps.	Not this one. Elevators is a different aerospace concept; the description matches flaps.	Correct. Wing surfaces that increase camber, wing area, lift, and drag for slower takeoff or landing.	Flaps add lift and drag.	Identify the clue in the situation that distinguishes flaps from the other choices.	Aerospace Dimensions Module 1: Introduction to Flight	14	Module 1, Chapter 1, pages 14	high	scenario_diagram	optional_after_answer	control_surfaces	A concise study visual illustrating flaps.	Ailerons roll, elevator pitches, rudder yaws, and flaps add lift and drag.	Airplane diagram labeling ailerons, elevator, rudder, and flaps with the motion each control surface produces.	control_surfaces	control_surfaces_flight_memory_aid.png	/assets/cap-visuals/control_surfaces_flight_memory_aid.png	approved	true	high	close	false	0.8	original_textbook_grounded	Mitchell_Aerospace_sample_style_analysis	draft	AD-M1-Q051	45
AD-M1-Q053	1	1	Flight	AD1-1-angle_of_attack	AD1-1-angle_of_attack	AD1-1-angle_of_attack	multiple_choice	direct_definition	medium	recall	Which term best matches this definition: the angle between an airfoil's chord line and the relative wind?	glide angle	bank angle	angle of incidence	angle of attack	D	The angle between an airfoil's chord line and the relative wind.	Angle of attack is correct because it means the angle between an airfoil's chord line and the relative wind.	Not this one. Glide angle is a different aerospace concept; the description matches angle of attack.	Not this one. Bank angle is a different aerospace concept; the description matches angle of attack.	Not this one. Angle of incidence is a different aerospace concept; the description matches angle of attack.	Correct. The angle between an airfoil's chord line and the relative wind.	AOA = chord versus wind.	Review Module 1, Chapter 1, pages 15-17, and explain angle of attack without looking.	Aerospace Dimensions Module 1: Introduction to Flight	15-17	Module 1, Chapter 1, pages 15-17	high	concept_card	optional_after_answer	airfoil_basics	A concise study visual illustrating angle of attack.	Airflow over a wing helps explain lift, pressure changes, angle of attack, and stall.	Airfoil diagram labeling leading edge, trailing edge, camber, chord line, relative wind, and airflow over the wing.	airfoil_basics	airfoil_basics_wing_and_airflow_diagram.png	/assets/cap-visuals/airfoil_basics_wing_and_airflow_diagram.png	approved	true	high	close	true	1.0	original_textbook_grounded	Mitchell_Aerospace_sample_style_analysis	draft	AD-M1-Q054	35
AD-M1-Q054	1	1	Flight	AD1-1-angle_of_attack	AD1-1-angle_of_attack	AD1-1-angle_of_attack	multiple_choice	brief_application	medium_hard	application	Which concept best explains this situation? The pilot raises the wing's chord relative to the oncoming airflow.	bank angle	glide angle	angle of incidence	angle of attack	D	The angle between an airfoil's chord line and the relative wind.	Angle of attack is correct because it means the angle between an airfoil's chord line and the relative wind.	Not this one. Bank angle is a different aerospace concept; the description matches angle of attack.	Not this one. Glide angle is a different aerospace concept; the description matches angle of attack.	Not this one. Angle of incidence is a different aerospace concept; the description matches angle of attack.	Correct. The angle between an airfoil's chord line and the relative wind.	AOA = chord versus wind.	Identify the clue in the situation that distinguishes angle of attack from the other choices.	Aerospace Dimensions Module 1: Introduction to Flight	15-17	Module 1, Chapter 1, pages 15-17	high	scenario_diagram	optional_after_answer	airfoil_basics	A concise study visual illustrating angle of attack.	Airflow over a wing helps explain lift, pressure changes, angle of attack, and stall.	Airfoil diagram labeling leading edge, trailing edge, camber, chord line, relative wind, and airflow over the wing.	airfoil_basics	airfoil_basics_wing_and_airflow_diagram.png	/assets/cap-visuals/airfoil_basics_wing_and_airflow_diagram.png	approved	true	high	close	true	0.8	original_textbook_grounded	Mitchell_Aerospace_sample_style_analysis	draft	AD-M1-Q053	45
AD-M1-Q055	1	1	Flight	AD1-1-stall	AD1-1-stall	AD1-1-stall	multiple_choice	direct_definition	medium	recall	Which term best matches this definition: a loss of lift caused when the wing exceeds its critical angle of attack?	spin	glide	yaw	stall	D	A loss of lift caused when the wing exceeds its critical angle of attack.	Stall is correct because it means a loss of lift caused when the wing exceeds its critical angle of attack.	Not this one. Spin is a different aerospace concept; the description matches stall.	Not this one. Glide is a different aerospace concept; the description matches stall.	Not this one. Yaw is a different aerospace concept; the description matches stall.	Correct. A loss of lift caused when the wing exceeds its critical angle of attack.	Stall = too much angle, not too little speed alone.	Review Module 1, Chapter 1, pages 16-18, and explain stall without looking.	Aerospace Dimensions Module 1: Introduction to Flight	16-18	Module 1, Chapter 1, pages 16-18	medium	concept_card	optional_after_answer	airfoil_basics	A concise study visual illustrating stall.	Airflow over a wing helps explain lift, pressure changes, angle of attack, and stall.	Airfoil diagram labeling leading edge, trailing edge, camber, chord line, relative wind, and airflow over the wing.	airfoil_basics	airfoil_basics_wing_and_airflow_diagram.png	/assets/cap-visuals/airfoil_basics_wing_and_airflow_diagram.png	approved	true	high	close	true	1.0	original_textbook_grounded	Mitchell_Aerospace_sample_style_analysis	draft	AD-M1-Q056	35
AD-M1-Q056	1	1	Flight	AD1-1-stall	AD1-1-stall	AD1-1-stall	multiple_choice	brief_application	medium_hard	application	Which concept best explains this situation? Airflow separates after the critical angle of attack is exceeded.	glide	yaw	spin	stall	D	A loss of lift caused when the wing exceeds its critical angle of attack.	Stall is correct because it means a loss of lift caused when the wing exceeds its critical angle of attack.	Not this one. Glide is a different aerospace concept; the description matches stall.	Not this one. Yaw is a different aerospace concept; the description matches stall.	Not this one. Spin is a different aerospace concept; the description matches stall.	Correct. A loss of lift caused when the wing exceeds its critical angle of attack.	Stall = too much angle, not too little speed alone.	Identify the clue in the situation that distinguishes stall from the other choices.	Aerospace Dimensions Module 1: Introduction to Flight	16-18	Module 1, Chapter 1, pages 16-18	medium	scenario_diagram	optional_after_answer	airfoil_basics	A concise study visual illustrating stall.	Airflow over a wing helps explain lift, pressure changes, angle of attack, and stall.	Airfoil diagram labeling leading edge, trailing edge, camber, chord line, relative wind, and airflow over the wing.	airfoil_basics	airfoil_basics_wing_and_airflow_diagram.png	/assets/cap-visuals/airfoil_basics_wing_and_airflow_diagram.png	approved	true	high	close	false	0.8	original_textbook_grounded	Mitchell_Aerospace_sample_style_analysis	draft	AD-M1-Q055	45
AD-M1-Q057	1	1	Flight	AD1-1-increase_angle_of_attack_before_stall	AD1-1-increase_angle_of_attack_before_stall	AD1-1-increase_angle_of_attack_before_stall	multiple_choice	direct_definition	medium	recall	Which term best matches this definition: an increase in angle of attack generally increases lift until the critical angle is reached?	increase angle of attack before stall	it always decreases lift	it never affects lift	it immediately eliminates drag	A	An increase in angle of attack generally increases lift until the critical angle is reached.	Increase angle of attack before stall is correct because it means an increase in angle of attack generally increases lift until the critical angle is reached.	Correct. An increase in angle of attack generally increases lift until the critical angle is reached.	Not this one. It always decreases lift is a different aerospace concept; the description matches increase angle of attack before stall.	Not this one. It never affects lift is a different aerospace concept; the description matches increase angle of attack before stall.	Not this one. It immediately eliminates drag is a different aerospace concept; the description matches increase angle of attack before stall.	More AOA adds lift—until stall.	Review Module 1, Chapter 1, pages 15-17, and explain increase angle of attack before stall without looking.	Aerospace Dimensions Module 1: Introduction to Flight	15-17	Module 1, Chapter 1, pages 15-17	medium	concept_card	optional_after_answer	airfoil_basics	A concise study visual illustrating increase angle of attack before stall.	Airflow over a wing helps explain lift, pressure changes, angle of attack, and stall.	Airfoil diagram labeling leading edge, trailing edge, camber, chord line, relative wind, and airflow over the wing.	airfoil_basics	airfoil_basics_wing_and_airflow_diagram.png	/assets/cap-visuals/airfoil_basics_wing_and_airflow_diagram.png	approved	true	high	close	true	1.0	original_textbook_grounded	Mitchell_Aerospace_sample_style_analysis	draft	AD-M1-Q058	35
AD-M1-Q058	1	1	Flight	AD1-1-increase_angle_of_attack_before_stall	AD1-1-increase_angle_of_attack_before_stall	AD1-1-increase_angle_of_attack_before_stall	multiple_choice	brief_application	medium_hard	application	Which concept best explains this situation? The pilot increases angle of attack slightly while remaining below the critical angle.	it always decreases lift	it immediately eliminates drag	increase angle of attack before stall	it never affects lift	C	An increase in angle of attack generally increases lift until the critical angle is reached.	Increase angle of attack before stall is correct because it means an increase in angle of attack generally increases lift until the critical angle is reached.	Not this one. It always decreases lift is a different aerospace concept; the description matches increase angle of attack before stall.	Not this one. It immediately eliminates drag is a different aerospace concept; the description matches increase angle of attack before stall.	Correct. An increase in angle of attack generally increases lift until the critical angle is reached.	Not this one. It never affects lift is a different aerospace concept; the description matches increase angle of attack before stall.	More AOA adds lift—until stall.	Identify the clue in the situation that distinguishes increase angle of attack before stall from the other choices.	Aerospace Dimensions Module 1: Introduction to Flight	15-17	Module 1, Chapter 1, pages 15-17	medium	scenario_diagram	optional_after_answer	airfoil_basics	A concise study visual illustrating increase angle of attack before stall.	Airflow over a wing helps explain lift, pressure changes, angle of attack, and stall.	Airfoil diagram labeling leading edge, trailing edge, camber, chord line, relative wind, and airflow over the wing.	airfoil_basics	airfoil_basics_wing_and_airflow_diagram.png	/assets/cap-visuals/airfoil_basics_wing_and_airflow_diagram.png	approved	true	high	close	true	0.8	original_textbook_grounded	Mitchell_Aerospace_sample_style_analysis	draft	AD-M1-Q057	45
AD-M1-Q059	1	1	Flight	AD1-1-elevon	AD1-1-elevon	AD1-1-elevon	multiple_choice	direct_definition	medium	recall	Which term best matches this definition: a combined elevator-and-aileron control surface used on some delta-wing aircraft?	flaperon	elevon	spoiler	ruddervator	B	A combined elevator-and-aileron control surface used on some delta-wing aircraft.	Elevon is correct because it means a combined elevator-and-aileron control surface used on some delta-wing aircraft.	Not this one. Flaperon is a different aerospace concept; the description matches elevon.	Correct. A combined elevator-and-aileron control surface used on some delta-wing aircraft.	Not this one. Spoiler is a different aerospace concept; the description matches elevon.	Not this one. Ruddervator is a different aerospace concept; the description matches elevon.	Elevon = elevator + aileron.	Review Module 1, Chapter 1, pages 21-22, and explain elevon without looking.	Aerospace Dimensions Module 1: Introduction to Flight	21-22	Module 1, Chapter 1, pages 21-22	medium	concept_card	optional_after_answer	control_surfaces	A concise study visual illustrating elevon.	Ailerons roll, elevator pitches, rudder yaws, and flaps add lift and drag.	Airplane diagram labeling ailerons, elevator, rudder, and flaps with the motion each control surface produces.	control_surfaces	control_surfaces_flight_memory_aid.png	/assets/cap-visuals/control_surfaces_flight_memory_aid.png	approved	true	high	close	true	1.0	original_textbook_grounded	Mitchell_Aerospace_sample_style_analysis	draft	AD-M1-Q060	35
AD-M1-Q060	1	1	Flight	AD1-1-elevon	AD1-1-elevon	AD1-1-elevon	multiple_choice	brief_application	medium_hard	application	Which concept best explains this situation? A delta-wing model uses the same trailing surfaces for both pitch and roll.	ruddervator	elevon	flaperon	spoiler	B	A combined elevator-and-aileron control surface used on some delta-wing aircraft.	Elevon is correct because it means a combined elevator-and-aileron control surface used on some delta-wing aircraft.	Not this one. Ruddervator is a different aerospace concept; the description matches elevon.	Correct. A combined elevator-and-aileron control surface used on some delta-wing aircraft.	Not this one. Flaperon is a different aerospace concept; the description matches elevon.	Not this one. Spoiler is a different aerospace concept; the description matches elevon.	Elevon = elevator + aileron.	Identify the clue in the situation that distinguishes elevon from the other choices.	Aerospace Dimensions Module 1: Introduction to Flight	21-22	Module 1, Chapter 1, pages 21-22	medium	scenario_diagram	optional_after_answer	control_surfaces	A concise study visual illustrating elevon.	Ailerons roll, elevator pitches, rudder yaws, and flaps add lift and drag.	Airplane diagram labeling ailerons, elevator, rudder, and flaps with the motion each control surface produces.	control_surfaces	control_surfaces_flight_memory_aid.png	/assets/cap-visuals/control_surfaces_flight_memory_aid.png	approved	true	high	close	false	0.8	original_textbook_grounded	Mitchell_Aerospace_sample_style_analysis	draft	AD-M1-Q059	45
AD-M1-Q061	1	2	Rising Air	AD1-2-thermal	AD1-2-thermal	AD1-2-thermal	multiple_choice	direct_definition	medium	recall	Which term best matches this definition: a rising column or bubble of warm air that can provide lift?	vortex	relative wind	wave	thermal	D	A rising column or bubble of warm air that can provide lift.	Thermal is correct because it means a rising column or bubble of warm air that can provide lift.	Not this one. Vortex is a different aerospace concept; the description matches thermal.	Not this one. Relative wind is a different aerospace concept; the description matches thermal.	Not this one. Wave is a different aerospace concept; the description matches thermal.	Correct. A rising column or bubble of warm air that can provide lift.	Thermal = rising warm air.	Review Module 1, Chapter 2, pages 31-33, and explain thermal without looking.	Aerospace Dimensions Module 1: Introduction to Flight	31-33	Module 1, Chapter 2, pages 31-33	high	concept_card	optional_after_answer	gliders_and_thermals	A concise study visual illustrating thermal.	Gliders and sailplanes stay up by using thermals, rising air, and other atmospheric lift.	Infographic showing a glider circling in a thermal with labels for warm rising air and glide concepts.	gliders_and_thermals	gliders_and_thermals_infographic.png	/assets/cap-visuals/gliders_and_thermals_infographic.png	approved	true	high	close	true	1.0	original_textbook_grounded	Mitchell_Aerospace_sample_style_analysis	draft	AD-M1-Q062	35
AD-M1-Q062	1	2	Rising Air	AD1-2-thermal	AD1-2-thermal	AD1-2-thermal	multiple_choice	brief_application	medium_hard	application	Which concept best explains this situation? A sailplane circles in a sun-heated column of rising air.	thermal	relative wind	wave	vortex	A	A rising column or bubble of warm air that can provide lift.	Thermal is correct because it means a rising column or bubble of warm air that can provide lift.	Correct. A rising column or bubble of warm air that can provide lift.	Not this one. Relative wind is a different aerospace concept; the description matches thermal.	Not this one. Wave is a different aerospace concept; the description matches thermal.	Not this one. Vortex is a different aerospace concept; the description matches thermal.	Thermal = rising warm air.	Identify the clue in the situation that distinguishes thermal from the other choices.	Aerospace Dimensions Module 1: Introduction to Flight	31-33	Module 1, Chapter 2, pages 31-33	high	scenario_diagram	optional_after_answer	gliders_and_thermals	A concise study visual illustrating thermal.	Gliders and sailplanes stay up by using thermals, rising air, and other atmospheric lift.	Infographic showing a glider circling in a thermal with labels for warm rising air and glide concepts.	gliders_and_thermals	gliders_and_thermals_infographic.png	/assets/cap-visuals/gliders_and_thermals_infographic.png	approved	true	high	close	true	0.8	original_textbook_grounded	Mitchell_Aerospace_sample_style_analysis	draft	AD-M1-Q061	45
AD-M1-Q063	1	2	Rising Air	AD1-2-convection	AD1-2-convection	AD1-2-convection	multiple_choice	direct_definition	medium	recall	Which term best matches this definition: circulation caused by fluid motion between regions of unequal heating?	compression	condensation	conduction only	convection	D	Circulation caused by fluid motion between regions of unequal heating.	Convection is correct because it means circulation caused by fluid motion between regions of unequal heating.	Not this one. Compression is a different aerospace concept; the description matches convection.	Not this one. Condensation is a different aerospace concept; the description matches convection.	Not this one. Conduction only is a different aerospace concept; the description matches convection.	Correct. Circulation caused by fluid motion between regions of unequal heating.	Convection circulates from uneven heating.	Review Module 1, Chapter 2, pages 31-32, and explain convection without looking.	Aerospace Dimensions Module 1: Introduction to Flight	31-32	Module 1, Chapter 2, pages 31-32	medium	concept_card	optional_after_answer	gliders_and_thermals	A concise study visual illustrating convection.	Gliders and sailplanes stay up by using thermals, rising air, and other atmospheric lift.	Infographic showing a glider circling in a thermal with labels for warm rising air and glide concepts.	gliders_and_thermals	gliders_and_thermals_infographic.png	/assets/cap-visuals/gliders_and_thermals_infographic.png	approved	true	high	close	true	1.0	original_textbook_grounded	Mitchell_Aerospace_sample_style_analysis	draft	AD-M1-Q064	35
AD-M1-Q064	1	2	Rising Air	AD1-2-convection	AD1-2-convection	AD1-2-convection	multiple_choice	brief_application	medium_hard	application	Which concept best explains this situation? Warm air rises, cools, and later sinks, producing an up-and-down circulation.	convection	compression	conduction only	condensation	A	Circulation caused by fluid motion between regions of unequal heating.	Convection is correct because it means circulation caused by fluid motion between regions of unequal heating.	Correct. Circulation caused by fluid motion between regions of unequal heating.	Not this one. Compression is a different aerospace concept; the description matches convection.	Not this one. Conduction only is a different aerospace concept; the description matches convection.	Not this one. Condensation is a different aerospace concept; the description matches convection.	Convection circulates from uneven heating.	Identify the clue in the situation that distinguishes convection from the other choices.	Aerospace Dimensions Module 1: Introduction to Flight	31-32	Module 1, Chapter 2, pages 31-32	medium	scenario_diagram	optional_after_answer	gliders_and_thermals	A concise study visual illustrating convection.	Gliders and sailplanes stay up by using thermals, rising air, and other atmospheric lift.	Infographic showing a glider circling in a thermal with labels for warm rising air and glide concepts.	gliders_and_thermals	gliders_and_thermals_infographic.png	/assets/cap-visuals/gliders_and_thermals_infographic.png	approved	true	high	close	false	0.8	original_textbook_grounded	Mitchell_Aerospace_sample_style_analysis	draft	AD-M1-Q063	45
AD-M1-Q065	1	2	Rising Air	AD1-2-density	AD1-2-density	AD1-2-density	multiple_choice	direct_definition	medium	recall	Which term best matches this definition: mass contained in a given volume?	density	pressure	altitude	temperature	A	Mass contained in a given volume.	Density is correct because it means mass contained in a given volume.	Correct. Mass contained in a given volume.	Not this one. Pressure is a different aerospace concept; the description matches density.	Not this one. Altitude is a different aerospace concept; the description matches density.	Not this one. Temperature is a different aerospace concept; the description matches density.	Density = mass per volume.	Review Module 1, Chapter 2, pages 31-32, and explain density without looking.	Aerospace Dimensions Module 1: Introduction to Flight	31-32	Module 1, Chapter 2, pages 31-32	medium	concept_card	optional_after_answer	gliders_and_thermals	A concise study visual illustrating density.	Gliders and sailplanes stay up by using thermals, rising air, and other atmospheric lift.	Infographic showing a glider circling in a thermal with labels for warm rising air and glide concepts.	gliders_and_thermals	gliders_and_thermals_infographic.png	/assets/cap-visuals/gliders_and_thermals_infographic.png	approved	true	high	close	true	1.0	original_textbook_grounded	Mitchell_Aerospace_sample_style_analysis	draft	AD-M1-Q066	35
AD-M1-Q066	1	2	Rising Air	AD1-2-density	AD1-2-density	AD1-2-density	multiple_choice	brief_application	medium_hard	application	Which concept best explains this situation? Two equal-size parcels contain different numbers of air molecules.	temperature	pressure	altitude	density	D	Mass contained in a given volume.	Density is correct because it means mass contained in a given volume.	Not this one. Temperature is a different aerospace concept; the description matches density.	Not this one. Pressure is a different aerospace concept; the description matches density.	Not this one. Altitude is a different aerospace concept; the description matches density.	Correct. Mass contained in a given volume.	Density = mass per volume.	Identify the clue in the situation that distinguishes density from the other choices.	Aerospace Dimensions Module 1: Introduction to Flight	31-32	Module 1, Chapter 2, pages 31-32	medium	scenario_diagram	optional_after_answer	gliders_and_thermals	A concise study visual illustrating density.	Gliders and sailplanes stay up by using thermals, rising air, and other atmospheric lift.	Infographic showing a glider circling in a thermal with labels for warm rising air and glide concepts.	gliders_and_thermals	gliders_and_thermals_infographic.png	/assets/cap-visuals/gliders_and_thermals_infographic.png	approved	true	high	close	true	0.8	original_textbook_grounded	Mitchell_Aerospace_sample_style_analysis	draft	AD-M1-Q065	45
AD-M1-Q067	1	2	Rising Air	AD1-2-heated_air_behavior	AD1-2-heated_air_behavior	AD1-2-heated_air_behavior	multiple_choice	direct_definition	medium	recall	Which term best matches this definition: heated air expands, becomes less dense, experiences lower pressure, and tends to rise?	heated air behavior	keeps the same density	contracts while pressure rises	becomes denser and sinks	A	Heated air expands, becomes less dense, experiences lower pressure, and tends to rise.	Heated air behavior is correct because it means heated air expands, becomes less dense, experiences lower pressure, and tends to rise.	Correct. Heated air expands, becomes less dense, experiences lower pressure, and tends to rise.	Not this one. Keeps the same density is a different aerospace concept; the description matches heated air behavior.	Not this one. Contracts while pressure rises is a different aerospace concept; the description matches heated air behavior.	Not this one. Becomes denser and sinks is a different aerospace concept; the description matches heated air behavior.	Warm air expands and rises.	Review Module 1, Chapter 2, pages 31-32, and explain heated air behavior without looking.	Aerospace Dimensions Module 1: Introduction to Flight	31-32	Module 1, Chapter 2, pages 31-32	medium	concept_card	optional_after_answer	gliders_and_thermals	A concise study visual illustrating heated air behavior.	Gliders and sailplanes stay up by using thermals, rising air, and other atmospheric lift.	Infographic showing a glider circling in a thermal with labels for warm rising air and glide concepts.	gliders_and_thermals	gliders_and_thermals_infographic.png	/assets/cap-visuals/gliders_and_thermals_infographic.png	approved	true	high	close	true	1.0	original_textbook_grounded	Mitchell_Aerospace_sample_style_analysis	draft	AD-M1-Q068	35
AD-M1-Q068	1	2	Rising Air	AD1-2-heated_air_behavior	AD1-2-heated_air_behavior	AD1-2-heated_air_behavior	multiple_choice	brief_application	medium_hard	application	Which concept best explains this situation? Sunlight warms an air parcel near the ground.	becomes denser and sinks	contracts while pressure rises	heated air behavior	keeps the same density	C	Heated air expands, becomes less dense, experiences lower pressure, and tends to rise.	Heated air behavior is correct because it means heated air expands, becomes less dense, experiences lower pressure, and tends to rise.	Not this one. Becomes denser and sinks is a different aerospace concept; the description matches heated air behavior.	Not this one. Contracts while pressure rises is a different aerospace concept; the description matches heated air behavior.	Correct. Heated air expands, becomes less dense, experiences lower pressure, and tends to rise.	Not this one. Keeps the same density is a different aerospace concept; the description matches heated air behavior.	Warm air expands and rises.	Identify the clue in the situation that distinguishes heated air behavior from the other choices.	Aerospace Dimensions Module 1: Introduction to Flight	31-32	Module 1, Chapter 2, pages 31-32	medium	scenario_diagram	optional_after_answer	gliders_and_thermals	A concise study visual illustrating heated air behavior.	Gliders and sailplanes stay up by using thermals, rising air, and other atmospheric lift.	Infographic showing a glider circling in a thermal with labels for warm rising air and glide concepts.	gliders_and_thermals	gliders_and_thermals_infographic.png	/assets/cap-visuals/gliders_and_thermals_infographic.png	approved	true	high	close	false	0.8	original_textbook_grounded	Mitchell_Aerospace_sample_style_analysis	draft	AD-M1-Q067	45
AD-M1-Q069	1	2	Rising Air	AD1-2-lapse_rate	AD1-2-lapse_rate	AD1-2-lapse_rate	multiple_choice	direct_definition	medium	recall	Which term best matches this definition: the average decrease in temperature as altitude increases?	glide ratio	lift coefficient	convection rate	lapse rate	D	The average decrease in temperature as altitude increases.	Lapse rate is correct because it means the average decrease in temperature as altitude increases.	Not this one. Glide ratio is a different aerospace concept; the description matches lapse rate.	Not this one. Lift coefficient is a different aerospace concept; the description matches lapse rate.	Not this one. Convection rate is a different aerospace concept; the description matches lapse rate.	Correct. The average decrease in temperature as altitude increases.	Higher usually means cooler.	Review Module 1, Chapter 2, pages 31-32, and explain lapse rate without looking.	Aerospace Dimensions Module 1: Introduction to Flight	31-32	Module 1, Chapter 2, pages 31-32	medium	concept_card	optional_after_answer	gliders_and_thermals	A concise study visual illustrating lapse rate.	Gliders and sailplanes stay up by using thermals, rising air, and other atmospheric lift.	Infographic showing a glider circling in a thermal with labels for warm rising air and glide concepts.	gliders_and_thermals	gliders_and_thermals_infographic.png	/assets/cap-visuals/gliders_and_thermals_infographic.png	approved	true	high	close	true	1.0	original_textbook_grounded	Mitchell_Aerospace_sample_style_analysis	draft	AD-M1-Q070	35
AD-M1-Q070	1	2	Rising Air	AD1-2-lapse_rate	AD1-2-lapse_rate	AD1-2-lapse_rate	multiple_choice	brief_application	medium_hard	application	Which concept best explains this situation? Temperature drops about 3.5°F for each 1,000 feet gained.	lift coefficient	convection rate	glide ratio	lapse rate	D	The average decrease in temperature as altitude increases.	Lapse rate is correct because it means the average decrease in temperature as altitude increases.	Not this one. Lift coefficient is a different aerospace concept; the description matches lapse rate.	Not this one. Convection rate is a different aerospace concept; the description matches lapse rate.	Not this one. Glide ratio is a different aerospace concept; the description matches lapse rate.	Correct. The average decrease in temperature as altitude increases.	Higher usually means cooler.	Identify the clue in the situation that distinguishes lapse rate from the other choices.	Aerospace Dimensions Module 1: Introduction to Flight	31-32	Module 1, Chapter 2, pages 31-32	medium	scenario_diagram	optional_after_answer	gliders_and_thermals	A concise study visual illustrating lapse rate.	Gliders and sailplanes stay up by using thermals, rising air, and other atmospheric lift.	Infographic showing a glider circling in a thermal with labels for warm rising air and glide concepts.	gliders_and_thermals	gliders_and_thermals_infographic.png	/assets/cap-visuals/gliders_and_thermals_infographic.png	approved	true	high	close	true	0.8	original_textbook_grounded	Mitchell_Aerospace_sample_style_analysis	draft	AD-M1-Q069	45
AD-M1-Q071	1	2	Rising Air	AD1-2-atmospheric_stability	AD1-2-atmospheric_stability	AD1-2-atmospheric_stability	multiple_choice	direct_definition	medium	recall	Which term best matches this definition: the atmosphere's resistance to vertical motion?	the speed of horizontal wind	the airplane's resistance to roll	atmospheric stability	the strength of gravity	C	The atmosphere's resistance to vertical motion.	Atmospheric stability is correct because it means the atmosphere's resistance to vertical motion.	Not this one. The speed of horizontal wind is a different aerospace concept; the description matches atmospheric stability.	Not this one. The airplane's resistance to roll is a different aerospace concept; the description matches atmospheric stability.	Correct. The atmosphere's resistance to vertical motion.	Not this one. The strength of gravity is a different aerospace concept; the description matches atmospheric stability.	Stable air resists vertical motion.	Review Module 1, Chapter 2, pages 31-32, and explain atmospheric stability without looking.	Aerospace Dimensions Module 1: Introduction to Flight	31-32	Module 1, Chapter 2, pages 31-32	medium	concept_card	optional_after_answer	gliders_and_thermals	A concise study visual illustrating atmospheric stability.	Gliders and sailplanes stay up by using thermals, rising air, and other atmospheric lift.	Infographic showing a glider circling in a thermal with labels for warm rising air and glide concepts.	gliders_and_thermals	gliders_and_thermals_infographic.png	/assets/cap-visuals/gliders_and_thermals_infographic.png	approved	true	high	close	true	1.0	original_textbook_grounded	Mitchell_Aerospace_sample_style_analysis	draft	AD-M1-Q072	35
AD-M1-Q072	1	2	Rising Air	AD1-2-atmospheric_stability	AD1-2-atmospheric_stability	AD1-2-atmospheric_stability	multiple_choice	brief_application	medium_hard	application	Which concept best explains this situation? The atmosphere strongly suppresses convection and rising thermals.	the airplane's resistance to roll	the strength of gravity	atmospheric stability	the speed of horizontal wind	C	The atmosphere's resistance to vertical motion.	Atmospheric stability is correct because it means the atmosphere's resistance to vertical motion.	Not this one. The airplane's resistance to roll is a different aerospace concept; the description matches atmospheric stability.	Not this one. The strength of gravity is a different aerospace concept; the description matches atmospheric stability.	Correct. The atmosphere's resistance to vertical motion.	Not this one. The speed of horizontal wind is a different aerospace concept; the description matches atmospheric stability.	Stable air resists vertical motion.	Identify the clue in the situation that distinguishes atmospheric stability from the other choices.	Aerospace Dimensions Module 1: Introduction to Flight	31-32	Module 1, Chapter 2, pages 31-32	medium	scenario_diagram	optional_after_answer	gliders_and_thermals	A concise study visual illustrating atmospheric stability.	Gliders and sailplanes stay up by using thermals, rising air, and other atmospheric lift.	Infographic showing a glider circling in a thermal with labels for warm rising air and glide concepts.	gliders_and_thermals	gliders_and_thermals_infographic.png	/assets/cap-visuals/gliders_and_thermals_infographic.png	approved	true	high	close	false	0.8	original_textbook_grounded	Mitchell_Aerospace_sample_style_analysis	draft	AD-M1-Q071	45
AD-M1-Q073	1	2	Rising Air	AD1-2-glider	AD1-2-glider	AD1-2-glider	multiple_choice	direct_definition	medium	recall	Which term best matches this definition: an unpowered aircraft towed to altitude that then glides toward Earth?	sailplane	glider	balloon	powered airplane	B	An unpowered aircraft towed to altitude that then glides toward earth.	Glider is correct because it means an unpowered aircraft towed to altitude that then glides toward Earth.	Not this one. Sailplane is a different aerospace concept; the description matches glider.	Correct. An unpowered aircraft towed to altitude that then glides toward earth.	Not this one. Balloon is a different aerospace concept; the description matches glider.	Not this one. Powered airplane is a different aerospace concept; the description matches glider.	Glider glides down after release.	Review Module 1, Chapter 2, pages 32-33, and explain glider without looking.	Aerospace Dimensions Module 1: Introduction to Flight	32-33	Module 1, Chapter 2, pages 32-33	medium	concept_card	optional_after_answer	gliders_and_thermals	A concise study visual illustrating glider.	Gliders and sailplanes stay up by using thermals, rising air, and other atmospheric lift.	Infographic showing a glider circling in a thermal with labels for warm rising air and glide concepts.	gliders_and_thermals	gliders_and_thermals_infographic.png	/assets/cap-visuals/gliders_and_thermals_infographic.png	approved	true	high	close	true	1.0	original_textbook_grounded	Mitchell_Aerospace_sample_style_analysis	draft	AD-M1-Q074	35
AD-M1-Q074	1	2	Rising Air	AD1-2-glider	AD1-2-glider	AD1-2-glider	multiple_choice	brief_application	medium_hard	application	Which concept best explains this situation? After release from a tow plane, the aircraft descends without seeking environmental lift.	powered airplane	sailplane	balloon	glider	D	An unpowered aircraft towed to altitude that then glides toward earth.	Glider is correct because it means an unpowered aircraft towed to altitude that then glides toward Earth.	Not this one. Powered airplane is a different aerospace concept; the description matches glider.	Not this one. Sailplane is a different aerospace concept; the description matches glider.	Not this one. Balloon is a different aerospace concept; the description matches glider.	Correct. An unpowered aircraft towed to altitude that then glides toward earth.	Glider glides down after release.	Identify the clue in the situation that distinguishes glider from the other choices.	Aerospace Dimensions Module 1: Introduction to Flight	32-33	Module 1, Chapter 2, pages 32-33	medium	scenario_diagram	optional_after_answer	gliders_and_thermals	A concise study visual illustrating glider.	Gliders and sailplanes stay up by using thermals, rising air, and other atmospheric lift.	Infographic showing a glider circling in a thermal with labels for warm rising air and glide concepts.	gliders_and_thermals	gliders_and_thermals_infographic.png	/assets/cap-visuals/gliders_and_thermals_infographic.png	approved	true	high	close	true	0.8	original_textbook_grounded	Mitchell_Aerospace_sample_style_analysis	draft	AD-M1-Q073	45
AD-M1-Q075	1	2	Rising Air	AD1-2-sailplane	AD1-2-sailplane	AD1-2-sailplane	multiple_choice	direct_definition	medium	recall	Which term best matches this definition: an aircraft designed to soar by exploiting atmospheric energy?	helicopter	balloon	glider in the narrow technical sense	sailplane	D	An aircraft designed to soar by exploiting atmospheric energy.	Sailplane is correct because it means an aircraft designed to soar by exploiting atmospheric energy.	Not this one. Helicopter is a different aerospace concept; the description matches sailplane.	Not this one. Balloon is a different aerospace concept; the description matches sailplane.	Not this one. Glider in the narrow technical sense is a different aerospace concept; the description matches sailplane.	Correct. An aircraft designed to soar by exploiting atmospheric energy.	Sailplane seeks rising air.	Review Module 1, Chapter 2, pages 32-33, and explain sailplane without looking.	Aerospace Dimensions Module 1: Introduction to Flight	32-33	Module 1, Chapter 2, pages 32-33	medium	concept_card	optional_after_answer	gliders_and_thermals	A concise study visual illustrating sailplane.	Gliders and sailplanes stay up by using thermals, rising air, and other atmospheric lift.	Infographic showing a glider circling in a thermal with labels for warm rising air and glide concepts.	gliders_and_thermals	gliders_and_thermals_infographic.png	/assets/cap-visuals/gliders_and_thermals_infographic.png	approved	true	high	close	true	1.0	original_textbook_grounded	Mitchell_Aerospace_sample_style_analysis	draft	AD-M1-Q076	35
AD-M1-Q076	1	2	Rising Air	AD1-2-sailplane	AD1-2-sailplane	AD1-2-sailplane	multiple_choice	brief_application	medium_hard	application	Which concept best explains this situation? The pilot searches for thermals and waves to remain aloft for hours.	glider in the narrow technical sense	sailplane	helicopter	balloon	B	An aircraft designed to soar by exploiting atmospheric energy.	Sailplane is correct because it means an aircraft designed to soar by exploiting atmospheric energy.	Not this one. Glider in the narrow technical sense is a different aerospace concept; the description matches sailplane.	Correct. An aircraft designed to soar by exploiting atmospheric energy.	Not this one. Helicopter is a different aerospace concept; the description matches sailplane.	Not this one. Balloon is a different aerospace concept; the description matches sailplane.	Sailplane seeks rising air.	Identify the clue in the situation that distinguishes sailplane from the other choices.	Aerospace Dimensions Module 1: Introduction to Flight	32-33	Module 1, Chapter 2, pages 32-33	medium	scenario_diagram	optional_after_answer	gliders_and_thermals	A concise study visual illustrating sailplane.	Gliders and sailplanes stay up by using thermals, rising air, and other atmospheric lift.	Infographic showing a glider circling in a thermal with labels for warm rising air and glide concepts.	gliders_and_thermals	gliders_and_thermals_infographic.png	/assets/cap-visuals/gliders_and_thermals_infographic.png	approved	true	high	close	false	0.8	original_textbook_grounded	Mitchell_Aerospace_sample_style_analysis	draft	AD-M1-Q075	45
AD-M1-Q077	1	2	Rising Air	AD1-2-soaring	AD1-2-soaring	AD1-2-soaring	multiple_choice	direct_definition	medium	recall	Which term best matches this definition: staying aloft by exploiting energy in the atmosphere?	taxiing	gliding	stalling	soaring	D	Staying aloft by exploiting energy in the atmosphere.	Soaring is correct because it means staying aloft by exploiting energy in the atmosphere.	Not this one. Taxiing is a different aerospace concept; the description matches soaring.	Not this one. Gliding is a different aerospace concept; the description matches soaring.	Not this one. Stalling is a different aerospace concept; the description matches soaring.	Correct. Staying aloft by exploiting energy in the atmosphere.	Soaring uses sky energy.	Review Module 1, Chapter 2, pages 31-33, and explain soaring without looking.	Aerospace Dimensions Module 1: Introduction to Flight	31-33	Module 1, Chapter 2, pages 31-33	medium	concept_card	optional_after_answer	gliders_and_thermals	A concise study visual illustrating soaring.	Gliders and sailplanes stay up by using thermals, rising air, and other atmospheric lift.	Infographic showing a glider circling in a thermal with labels for warm rising air and glide concepts.	gliders_and_thermals	gliders_and_thermals_infographic.png	/assets/cap-visuals/gliders_and_thermals_infographic.png	approved	true	high	close	true	1.0	original_textbook_grounded	Mitchell_Aerospace_sample_style_analysis	draft	AD-M1-Q078	35
AD-M1-Q078	1	2	Rising Air	AD1-2-soaring	AD1-2-soaring	AD1-2-soaring	multiple_choice	brief_application	medium_hard	application	Which concept best explains this situation? A pilot repeatedly climbs in thermals rather than simply descending after release.	taxiing	stalling	gliding	soaring	D	Staying aloft by exploiting energy in the atmosphere.	Soaring is correct because it means staying aloft by exploiting energy in the atmosphere.	Not this one. Taxiing is a different aerospace concept; the description matches soaring.	Not this one. Stalling is a different aerospace concept; the description matches soaring.	Not this one. Gliding is a different aerospace concept; the description matches soaring.	Correct. Staying aloft by exploiting energy in the atmosphere.	Soaring uses sky energy.	Identify the clue in the situation that distinguishes soaring from the other choices.	Aerospace Dimensions Module 1: Introduction to Flight	31-33	Module 1, Chapter 2, pages 31-33	medium	scenario_diagram	optional_after_answer	gliders_and_thermals	A concise study visual illustrating soaring.	Gliders and sailplanes stay up by using thermals, rising air, and other atmospheric lift.	Infographic showing a glider circling in a thermal with labels for warm rising air and glide concepts.	gliders_and_thermals	gliders_and_thermals_infographic.png	/assets/cap-visuals/gliders_and_thermals_infographic.png	approved	true	high	close	true	0.8	original_textbook_grounded	Mitchell_Aerospace_sample_style_analysis	draft	AD-M1-Q077	45
AD-M1-Q079	1	2	Rising Air	AD1-2-glide_ratio	AD1-2-glide_ratio	AD1-2-glide_ratio	multiple_choice	direct_definition	medium	recall	Which term best matches this definition: forward distance traveled compared with altitude lost?	temperature lapse rate	airspeed-to-altitude ratio	glide ratio	lift-to-thrust ratio	C	Forward distance traveled compared with altitude lost.	Glide ratio is correct because it means forward distance traveled compared with altitude lost.	Not this one. Temperature lapse rate is a different aerospace concept; the description matches glide ratio.	Not this one. Airspeed-to-altitude ratio is a different aerospace concept; the description matches glide ratio.	Correct. Forward distance traveled compared with altitude lost.	Not this one. Lift-to-thrust ratio is a different aerospace concept; the description matches glide ratio.	Glide ratio = forward : down.	Review Module 1, Chapter 2, pages 31-35, and explain glide ratio without looking.	Aerospace Dimensions Module 1: Introduction to Flight	31-35	Module 1, Chapter 2, pages 31-35	high	concept_card	optional_after_answer	gliders_and_thermals	A concise study visual illustrating glide ratio.	Gliders and sailplanes stay up by using thermals, rising air, and other atmospheric lift.	Infographic showing a glider circling in a thermal with labels for warm rising air and glide concepts.	gliders_and_thermals	gliders_and_thermals_infographic.png	/assets/cap-visuals/gliders_and_thermals_infographic.png	approved	true	high	close	true	1.0	original_textbook_grounded	Mitchell_Aerospace_sample_style_analysis	draft	AD-M1-Q080	35
AD-M1-Q080	1	2	Rising Air	AD1-2-glide_ratio	AD1-2-glide_ratio	AD1-2-glide_ratio	multiple_choice	brief_application	medium_hard	application	Which concept best explains this situation? A 20:1 aircraft can travel about 20 miles forward while losing one mile of altitude.	lift-to-thrust ratio	glide ratio	airspeed-to-altitude ratio	temperature lapse rate	B	Forward distance traveled compared with altitude lost.	Glide ratio is correct because it means forward distance traveled compared with altitude lost.	Not this one. Lift-to-thrust ratio is a different aerospace concept; the description matches glide ratio.	Correct. Forward distance traveled compared with altitude lost.	Not this one. Airspeed-to-altitude ratio is a different aerospace concept; the description matches glide ratio.	Not this one. Temperature lapse rate is a different aerospace concept; the description matches glide ratio.	Glide ratio = forward : down.	Identify the clue in the situation that distinguishes glide ratio from the other choices.	Aerospace Dimensions Module 1: Introduction to Flight	31-35	Module 1, Chapter 2, pages 31-35	high	scenario_diagram	optional_after_answer	gliders_and_thermals	A concise study visual illustrating glide ratio.	Gliders and sailplanes stay up by using thermals, rising air, and other atmospheric lift.	Infographic showing a glider circling in a thermal with labels for warm rising air and glide concepts.	gliders_and_thermals	gliders_and_thermals_infographic.png	/assets/cap-visuals/gliders_and_thermals_infographic.png	approved	true	high	close	false	0.8	original_textbook_grounded	Mitchell_Aerospace_sample_style_analysis	draft	AD-M1-Q079	45
AD-M1-Q081	1	2	Rising Air	AD1-2-tow_plane	AD1-2-tow_plane	AD1-2-tow_plane	multiple_choice	direct_definition	medium	recall	Which term best matches this definition: a powered airplane that pulls a glider to release altitude?	sailplane	wave generator	tow plane	balloon chase vehicle	C	A powered airplane that pulls a glider to release altitude.	Tow plane is correct because it means a powered airplane that pulls a glider to release altitude.	Not this one. Sailplane is a different aerospace concept; the description matches tow plane.	Not this one. Wave generator is a different aerospace concept; the description matches tow plane.	Correct. A powered airplane that pulls a glider to release altitude.	Not this one. Balloon chase vehicle is a different aerospace concept; the description matches tow plane.	Tow plane takes glider up.	Review Module 1, Chapter 2, pages 31-34, and explain tow plane without looking.	Aerospace Dimensions Module 1: Introduction to Flight	31-34	Module 1, Chapter 2, pages 31-34	medium	concept_card	optional_after_answer	gliders_and_thermals	A concise study visual illustrating tow plane.	Gliders and sailplanes stay up by using thermals, rising air, and other atmospheric lift.	Infographic showing a glider circling in a thermal with labels for warm rising air and glide concepts.	gliders_and_thermals	gliders_and_thermals_infographic.png	/assets/cap-visuals/gliders_and_thermals_infographic.png	approved	true	high	close	true	1.0	original_textbook_grounded	Mitchell_Aerospace_sample_style_analysis	draft	AD-M1-Q082	35
AD-M1-Q082	1	2	Rising Air	AD1-2-tow_plane	AD1-2-tow_plane	AD1-2-tow_plane	multiple_choice	brief_application	medium_hard	application	Which concept best explains this situation? A single-engine aircraft pulls an unpowered craft into the air before release.	tow plane	sailplane	balloon chase vehicle	wave generator	A	A powered airplane that pulls a glider to release altitude.	Tow plane is correct because it means a powered airplane that pulls a glider to release altitude.	Correct. A powered airplane that pulls a glider to release altitude.	Not this one. Sailplane is a different aerospace concept; the description matches tow plane.	Not this one. Balloon chase vehicle is a different aerospace concept; the description matches tow plane.	Not this one. Wave generator is a different aerospace concept; the description matches tow plane.	Tow plane takes glider up.	Identify the clue in the situation that distinguishes tow plane from the other choices.	Aerospace Dimensions Module 1: Introduction to Flight	31-34	Module 1, Chapter 2, pages 31-34	medium	scenario_diagram	optional_after_answer	gliders_and_thermals	A concise study visual illustrating tow plane.	Gliders and sailplanes stay up by using thermals, rising air, and other atmospheric lift.	Infographic showing a glider circling in a thermal with labels for warm rising air and glide concepts.	gliders_and_thermals	gliders_and_thermals_infographic.png	/assets/cap-visuals/gliders_and_thermals_infographic.png	approved	true	high	close	true	0.8	original_textbook_grounded	Mitchell_Aerospace_sample_style_analysis	draft	AD-M1-Q081	45
AD-M1-Q083	1	2	Rising Air	AD1-2-mountain_wave	AD1-2-mountain_wave	AD1-2-mountain_wave	multiple_choice	direct_definition	medium	recall	Which term best matches this definition: strong rising and sinking wave motion created as air moves across mountain ranges?	wingtip vortex	thermal	mountain wave	sea breeze	C	Strong rising and sinking wave motion created as air moves across mountain ranges.	Mountain wave is correct because it means strong rising and sinking wave motion created as air moves across mountain ranges.	Not this one. Wingtip vortex is a different aerospace concept; the description matches mountain wave.	Not this one. Thermal is a different aerospace concept; the description matches mountain wave.	Correct. Strong rising and sinking wave motion created as air moves across mountain ranges.	Not this one. Sea breeze is a different aerospace concept; the description matches mountain wave.	Mountain air makes waves.	Review Module 1, Chapter 2, pages 31-35, and explain mountain wave without looking.	Aerospace Dimensions Module 1: Introduction to Flight	31-35	Module 1, Chapter 2, pages 31-35	medium	concept_card	optional_after_answer	gliders_and_thermals	A concise study visual illustrating mountain wave.	Gliders and sailplanes stay up by using thermals, rising air, and other atmospheric lift.	Infographic showing a glider circling in a thermal with labels for warm rising air and glide concepts.	gliders_and_thermals	gliders_and_thermals_infographic.png	/assets/cap-visuals/gliders_and_thermals_infographic.png	approved	true	high	close	true	1.0	original_textbook_grounded	Mitchell_Aerospace_sample_style_analysis	draft	AD-M1-Q084	35
AD-M1-Q084	1	2	Rising Air	AD1-2-mountain_wave	AD1-2-mountain_wave	AD1-2-mountain_wave	multiple_choice	brief_application	medium_hard	application	Which concept best explains this situation? A sailplane climbs in smooth rising air downwind of a mountain range.	sea breeze	wingtip vortex	thermal	mountain wave	D	Strong rising and sinking wave motion created as air moves across mountain ranges.	Mountain wave is correct because it means strong rising and sinking wave motion created as air moves across mountain ranges.	Not this one. Sea breeze is a different aerospace concept; the description matches mountain wave.	Not this one. Wingtip vortex is a different aerospace concept; the description matches mountain wave.	Not this one. Thermal is a different aerospace concept; the description matches mountain wave.	Correct. Strong rising and sinking wave motion created as air moves across mountain ranges.	Mountain air makes waves.	Identify the clue in the situation that distinguishes mountain wave from the other choices.	Aerospace Dimensions Module 1: Introduction to Flight	31-35	Module 1, Chapter 2, pages 31-35	medium	scenario_diagram	optional_after_answer	gliders_and_thermals	A concise study visual illustrating mountain wave.	Gliders and sailplanes stay up by using thermals, rising air, and other atmospheric lift.	Infographic showing a glider circling in a thermal with labels for warm rising air and glide concepts.	gliders_and_thermals	gliders_and_thermals_infographic.png	/assets/cap-visuals/gliders_and_thermals_infographic.png	approved	true	high	close	false	0.8	original_textbook_grounded	Mitchell_Aerospace_sample_style_analysis	draft	AD-M1-Q083	45
AD-M1-Q085	1	3	Balloons	AD1-3-buoyancy	AD1-3-buoyancy	AD1-3-buoyancy	multiple_choice	direct_definition	medium	recall	Which term best matches this definition: the tendency to rise or float within a fluid such as the atmosphere?	drag	convection	buoyancy	thrust	C	The tendency to rise or float within a fluid such as the atmosphere.	Buoyancy is correct because it means the tendency to rise or float within a fluid such as the atmosphere.	Not this one. Drag is a different aerospace concept; the description matches buoyancy.	Not this one. Convection is a different aerospace concept; the description matches buoyancy.	Correct. The tendency to rise or float within a fluid such as the atmosphere.	Not this one. Thrust is a different aerospace concept; the description matches buoyancy.	Buoyancy makes lighter material rise.	Review Module 1, Chapter 3, pages 38-40, and explain buoyancy without looking.	Aerospace Dimensions Module 1: Introduction to Flight	38-40	Module 1, Chapter 3, pages 38-40	medium	concept_card	optional_after_answer	hot_air_balloon_parts	A concise study visual illustrating buoyancy.	A hot-air balloon includes an envelope, burner, gondola, and venting system.	Labeled hot-air balloon diagram showing envelope, burner, gondola, parachute panel, and instruments.	hot_air_balloon_parts	hot_air_balloon_parts_infographic.png	/assets/cap-visuals/hot_air_balloon_parts_infographic.png	approved	true	high	close	true	1.0	original_textbook_grounded	Mitchell_Aerospace_sample_style_analysis	draft	AD-M1-Q086	35
AD-M1-Q086	1	3	Balloons	AD1-3-buoyancy	AD1-3-buoyancy	AD1-3-buoyancy	multiple_choice	brief_application	medium_hard	application	Which concept best explains this situation? A parcel of low-density hot air rises in cooler, denser surrounding air.	thrust	buoyancy	convection	drag	B	The tendency to rise or float within a fluid such as the atmosphere.	Buoyancy is correct because it means the tendency to rise or float within a fluid such as the atmosphere.	Not this one. Thrust is a different aerospace concept; the description matches buoyancy.	Correct. The tendency to rise or float within a fluid such as the atmosphere.	Not this one. Convection is a different aerospace concept; the description matches buoyancy.	Not this one. Drag is a different aerospace concept; the description matches buoyancy.	Buoyancy makes lighter material rise.	Identify the clue in the situation that distinguishes buoyancy from the other choices.	Aerospace Dimensions Module 1: Introduction to Flight	38-40	Module 1, Chapter 3, pages 38-40	medium	scenario_diagram	optional_after_answer	hot_air_balloon_parts	A concise study visual illustrating buoyancy.	A hot-air balloon includes an envelope, burner, gondola, and venting system.	Labeled hot-air balloon diagram showing envelope, burner, gondola, parachute panel, and instruments.	hot_air_balloon_parts	hot_air_balloon_parts_infographic.png	/assets/cap-visuals/hot_air_balloon_parts_infographic.png	approved	true	high	close	true	0.8	original_textbook_grounded	Mitchell_Aerospace_sample_style_analysis	draft	AD-M1-Q085	45
AD-M1-Q087	1	3	Balloons	AD1-3-envelope	AD1-3-envelope	AD1-3-envelope	multiple_choice	direct_definition	medium	recall	Which term best matches this definition: the main fabric body containing the balloon's hot or lighter-than-air gas?	envelope	gore	gondola	burner	A	The main fabric body containing the balloon's hot or lighter-than-air gas.	Envelope is correct because it means the main fabric body containing the balloon's hot or lighter-than-air gas.	Correct. The main fabric body containing the balloon's hot or lighter-than-air gas.	Not this one. Gore is a different aerospace concept; the description matches envelope.	Not this one. Gondola is a different aerospace concept; the description matches envelope.	Not this one. Burner is a different aerospace concept; the description matches envelope.	Envelope holds the lifting air.	Review Module 1, Chapter 3, pages 38-41, and explain envelope without looking.	Aerospace Dimensions Module 1: Introduction to Flight	38-41	Module 1, Chapter 3, pages 38-41	medium	concept_card	optional_after_answer	hot_air_balloon_parts	A concise study visual illustrating envelope.	A hot-air balloon includes an envelope, burner, gondola, and venting system.	Labeled hot-air balloon diagram showing envelope, burner, gondola, parachute panel, and instruments.	hot_air_balloon_parts	hot_air_balloon_parts_infographic.png	/assets/cap-visuals/hot_air_balloon_parts_infographic.png	approved	true	high	close	true	1.0	original_textbook_grounded	Mitchell_Aerospace_sample_style_analysis	draft	AD-M1-Q088	35
AD-M1-Q088	1	3	Balloons	AD1-3-envelope	AD1-3-envelope	AD1-3-envelope	multiple_choice	brief_application	medium_hard	application	Which concept best explains this situation? This large nylon body expands above the basket.	gondola	envelope	burner	gore	B	The main fabric body containing the balloon's hot or lighter-than-air gas.	Envelope is correct because it means the main fabric body containing the balloon's hot or lighter-than-air gas.	Not this one. Gondola is a different aerospace concept; the description matches envelope.	Correct. The main fabric body containing the balloon's hot or lighter-than-air gas.	Not this one. Burner is a different aerospace concept; the description matches envelope.	Not this one. Gore is a different aerospace concept; the description matches envelope.	Envelope holds the lifting air.	Identify the clue in the situation that distinguishes envelope from the other choices.	Aerospace Dimensions Module 1: Introduction to Flight	38-41	Module 1, Chapter 3, pages 38-41	medium	scenario_diagram	optional_after_answer	hot_air_balloon_parts	A concise study visual illustrating envelope.	A hot-air balloon includes an envelope, burner, gondola, and venting system.	Labeled hot-air balloon diagram showing envelope, burner, gondola, parachute panel, and instruments.	hot_air_balloon_parts	hot_air_balloon_parts_infographic.png	/assets/cap-visuals/hot_air_balloon_parts_infographic.png	approved	true	high	close	false	0.8	original_textbook_grounded	Mitchell_Aerospace_sample_style_analysis	draft	AD-M1-Q087	45
AD-M1-Q089	1	3	Balloons	AD1-3-gondola	AD1-3-gondola	AD1-3-gondola	multiple_choice	direct_definition	medium	recall	Which term best matches this definition: the basket carrying passengers, pilot, and propane tanks?	gondola	crown	parachute panel	envelope	A	The basket carrying passengers, pilot, and propane tanks.	Gondola is correct because it means the basket carrying passengers, pilot, and propane tanks.	Correct. The basket carrying passengers, pilot, and propane tanks.	Not this one. Crown is a different aerospace concept; the description matches gondola.	Not this one. Parachute panel is a different aerospace concept; the description matches gondola.	Not this one. Envelope is a different aerospace concept; the description matches gondola.	Gondola = balloon basket.	Review Module 1, Chapter 3, pages 38-41, and explain gondola without looking.	Aerospace Dimensions Module 1: Introduction to Flight	38-41	Module 1, Chapter 3, pages 38-41	medium	concept_card	optional_after_answer	hot_air_balloon_parts	A concise study visual illustrating gondola.	A hot-air balloon includes an envelope, burner, gondola, and venting system.	Labeled hot-air balloon diagram showing envelope, burner, gondola, parachute panel, and instruments.	hot_air_balloon_parts	hot_air_balloon_parts_infographic.png	/assets/cap-visuals/hot_air_balloon_parts_infographic.png	approved	true	high	close	true	1.0	original_textbook_grounded	Mitchell_Aerospace_sample_style_analysis	draft	AD-M1-Q090	35
AD-M1-Q090	1	3	Balloons	AD1-3-gondola	AD1-3-gondola	AD1-3-gondola	multiple_choice	brief_application	medium_hard	application	Which concept best explains this situation? The crew stands in this structure below the envelope.	parachute panel	envelope	crown	gondola	D	The basket carrying passengers, pilot, and propane tanks.	Gondola is correct because it means the basket carrying passengers, pilot, and propane tanks.	Not this one. Parachute panel is a different aerospace concept; the description matches gondola.	Not this one. Envelope is a different aerospace concept; the description matches gondola.	Not this one. Crown is a different aerospace concept; the description matches gondola.	Correct. The basket carrying passengers, pilot, and propane tanks.	Gondola = balloon basket.	Identify the clue in the situation that distinguishes gondola from the other choices.	Aerospace Dimensions Module 1: Introduction to Flight	38-41	Module 1, Chapter 3, pages 38-41	medium	scenario_diagram	optional_after_answer	hot_air_balloon_parts	A concise study visual illustrating gondola.	A hot-air balloon includes an envelope, burner, gondola, and venting system.	Labeled hot-air balloon diagram showing envelope, burner, gondola, parachute panel, and instruments.	hot_air_balloon_parts	hot_air_balloon_parts_infographic.png	/assets/cap-visuals/hot_air_balloon_parts_infographic.png	approved	true	high	close	true	0.8	original_textbook_grounded	Mitchell_Aerospace_sample_style_analysis	draft	AD-M1-Q089	45
AD-M1-Q091	1	3	Balloons	AD1-3-burner	AD1-3-burner	AD1-3-burner	multiple_choice	direct_definition	medium	recall	Which term best matches this definition: the heat source that warms air inside a hot-air balloon?	altimeter	thermistor	variometer	burner	D	The heat source that warms air inside a hot-air balloon.	Burner is correct because it means the heat source that warms air inside a hot-air balloon.	Not this one. Altimeter is a different aerospace concept; the description matches burner.	Not this one. Thermistor is a different aerospace concept; the description matches burner.	Not this one. Variometer is a different aerospace concept; the description matches burner.	Correct. The heat source that warms air inside a hot-air balloon.	Burner builds buoyancy.	Review Module 1, Chapter 3, pages 38-41, and explain burner without looking.	Aerospace Dimensions Module 1: Introduction to Flight	38-41	Module 1, Chapter 3, pages 38-41	medium	concept_card	optional_after_answer	hot_air_balloon_parts	A concise study visual illustrating burner.	A hot-air balloon includes an envelope, burner, gondola, and venting system.	Labeled hot-air balloon diagram showing envelope, burner, gondola, parachute panel, and instruments.	hot_air_balloon_parts	hot_air_balloon_parts_infographic.png	/assets/cap-visuals/hot_air_balloon_parts_infographic.png	approved	true	high	close	true	1.0	original_textbook_grounded	Mitchell_Aerospace_sample_style_analysis	draft	AD-M1-Q092	35
AD-M1-Q092	1	3	Balloons	AD1-3-burner	AD1-3-burner	AD1-3-burner	multiple_choice	brief_application	medium_hard	application	Which concept best explains this situation? Propane is vaporized and ignited here to make the balloon climb.	variometer	burner	altimeter	thermistor	B	The heat source that warms air inside a hot-air balloon.	Burner is correct because it means the heat source that warms air inside a hot-air balloon.	Not this one. Variometer is a different aerospace concept; the description matches burner.	Correct. The heat source that warms air inside a hot-air balloon.	Not this one. Altimeter is a different aerospace concept; the description matches burner.	Not this one. Thermistor is a different aerospace concept; the description matches burner.	Burner builds buoyancy.	Identify the clue in the situation that distinguishes burner from the other choices.	Aerospace Dimensions Module 1: Introduction to Flight	38-41	Module 1, Chapter 3, pages 38-41	medium	scenario_diagram	optional_after_answer	hot_air_balloon_parts	A concise study visual illustrating burner.	A hot-air balloon includes an envelope, burner, gondola, and venting system.	Labeled hot-air balloon diagram showing envelope, burner, gondola, parachute panel, and instruments.	hot_air_balloon_parts	hot_air_balloon_parts_infographic.png	/assets/cap-visuals/hot_air_balloon_parts_infographic.png	approved	true	high	close	false	0.8	original_textbook_grounded	Mitchell_Aerospace_sample_style_analysis	draft	AD-M1-Q091	45
AD-M1-Q093	1	3	Balloons	AD1-3-parachute_panel	AD1-3-parachute_panel	AD1-3-parachute_panel	multiple_choice	direct_definition	medium	recall	Which term best matches this definition: the panel at the top of the envelope opened to vent hot air for descent or deflation?	parachute panel	gore	skirt	load tape	A	The panel at the top of the envelope opened to vent hot air for descent or deflation.	Parachute panel is correct because it means the panel at the top of the envelope opened to vent hot air for descent or deflation.	Correct. The panel at the top of the envelope opened to vent hot air for descent or deflation.	Not this one. Gore is a different aerospace concept; the description matches parachute panel.	Not this one. Skirt is a different aerospace concept; the description matches parachute panel.	Not this one. Load tape is a different aerospace concept; the description matches parachute panel.	Parachute panel lets heat out.	Review Module 1, Chapter 3, pages 38-41, and explain parachute panel without looking.	Aerospace Dimensions Module 1: Introduction to Flight	38-41	Module 1, Chapter 3, pages 38-41	high	concept_card	optional_after_answer	hot_air_balloon_parts	A concise study visual illustrating parachute panel.	A hot-air balloon includes an envelope, burner, gondola, and venting system.	Labeled hot-air balloon diagram showing envelope, burner, gondola, parachute panel, and instruments.	hot_air_balloon_parts	hot_air_balloon_parts_infographic.png	/assets/cap-visuals/hot_air_balloon_parts_infographic.png	approved	true	high	close	true	1.0	original_textbook_grounded	Mitchell_Aerospace_sample_style_analysis	draft	AD-M1-Q094	35
AD-M1-Q094	1	3	Balloons	AD1-3-parachute_panel	AD1-3-parachute_panel	AD1-3-parachute_panel	multiple_choice	brief_application	medium_hard	application	Which concept best explains this situation? The pilot pulls a cord, opening the crown vent so hot air escapes.	parachute panel	gore	skirt	load tape	A	The panel at the top of the envelope opened to vent hot air for descent or deflation.	Parachute panel is correct because it means the panel at the top of the envelope opened to vent hot air for descent or deflation.	Correct. The panel at the top of the envelope opened to vent hot air for descent or deflation.	Not this one. Gore is a different aerospace concept; the description matches parachute panel.	Not this one. Skirt is a different aerospace concept; the description matches parachute panel.	Not this one. Load tape is a different aerospace concept; the description matches parachute panel.	Parachute panel lets heat out.	Identify the clue in the situation that distinguishes parachute panel from the other choices.	Aerospace Dimensions Module 1: Introduction to Flight	38-41	Module 1, Chapter 3, pages 38-41	high	scenario_diagram	optional_after_answer	hot_air_balloon_parts	A concise study visual illustrating parachute panel.	A hot-air balloon includes an envelope, burner, gondola, and venting system.	Labeled hot-air balloon diagram showing envelope, burner, gondola, parachute panel, and instruments.	hot_air_balloon_parts	hot_air_balloon_parts_infographic.png	/assets/cap-visuals/hot_air_balloon_parts_infographic.png	approved	true	high	close	true	0.8	original_textbook_grounded	Mitchell_Aerospace_sample_style_analysis	draft	AD-M1-Q093	45
AD-M1-Q095	1	3	Balloons	AD1-3-balloon_instruments	AD1-3-balloon_instruments	AD1-3-balloon_instruments	multiple_choice	direct_definition	medium	recall	Which term best matches this definition: the variometer shows climb/descent, the thermistor shows envelope temperature, and the altimeter shows height above sea level?	fuel gauge, turn coordinator, and manifold pressure	radar, transponder, and GPS only	airspeed indicator, tachometer, and compass	balloon instruments	D	The variometer shows climb/descent, the thermistor shows envelope temperature, and the altimeter shows height above sea level.	Balloon instruments is correct because it means the variometer shows climb/descent, the thermistor shows envelope temperature, and the altimeter shows height above sea level.	Not this one. Fuel gauge, turn coordinator, and manifold pressure is a different aerospace concept; the description matches balloon instruments.	Not this one. Radar, transponder, and gps only is a different aerospace concept; the description matches balloon instruments.	Not this one. Airspeed indicator, tachometer, and compass is a different aerospace concept; the description matches balloon instruments.	Correct. The variometer shows climb/descent, the thermistor shows envelope temperature, and the altimeter shows height above sea level.	V-T-A: vertical rate, temperature, altitude.	Review Module 1, Chapter 3, pages 42, and explain balloon instruments without looking.	Aerospace Dimensions Module 1: Introduction to Flight	42	Module 1, Chapter 3, pages 42	high	concept_card	optional_after_answer	hot_air_balloon_parts	A concise study visual illustrating balloon instruments.	A hot-air balloon includes an envelope, burner, gondola, and venting system.	Labeled hot-air balloon diagram showing envelope, burner, gondola, parachute panel, and instruments.	hot_air_balloon_parts	hot_air_balloon_parts_infographic.png	/assets/cap-visuals/hot_air_balloon_parts_infographic.png	approved	true	high	close	true	1.0	original_textbook_grounded	Mitchell_Aerospace_sample_style_analysis	draft	AD-M1-Q096	35
AD-M1-Q096	1	3	Balloons	AD1-3-balloon_instruments	AD1-3-balloon_instruments	AD1-3-balloon_instruments	multiple_choice	brief_application	medium_hard	application	Which concept best explains this situation? A balloon pilot needs rate-of-climb, crown-temperature, and altitude information.	radar, transponder, and GPS only	balloon instruments	fuel gauge, turn coordinator, and manifold pressure	airspeed indicator, tachometer, and compass	B	The variometer shows climb/descent, the thermistor shows envelope temperature, and the altimeter shows height above sea level.	Balloon instruments is correct because it means the variometer shows climb/descent, the thermistor shows envelope temperature, and the altimeter shows height above sea level.	Not this one. Radar, transponder, and gps only is a different aerospace concept; the description matches balloon instruments.	Correct. The variometer shows climb/descent, the thermistor shows envelope temperature, and the altimeter shows height above sea level.	Not this one. Fuel gauge, turn coordinator, and manifold pressure is a different aerospace concept; the description matches balloon instruments.	Not this one. Airspeed indicator, tachometer, and compass is a different aerospace concept; the description matches balloon instruments.	V-T-A: vertical rate, temperature, altitude.	Identify the clue in the situation that distinguishes balloon instruments from the other choices.	Aerospace Dimensions Module 1: Introduction to Flight	42	Module 1, Chapter 3, pages 42	high	scenario_diagram	optional_after_answer	hot_air_balloon_parts	A concise study visual illustrating balloon instruments.	A hot-air balloon includes an envelope, burner, gondola, and venting system.	Labeled hot-air balloon diagram showing envelope, burner, gondola, parachute panel, and instruments.	hot_air_balloon_parts	hot_air_balloon_parts_infographic.png	/assets/cap-visuals/hot_air_balloon_parts_infographic.png	approved	true	high	close	false	0.8	original_textbook_grounded	Mitchell_Aerospace_sample_style_analysis	draft	AD-M1-Q095	45
AD-M1-Q097	1	3	Balloons	AD1-3-montgolfier_flight	AD1-3-montgolfier_flight	AD1-3-montgolfier_flight	multiple_choice	direct_definition	medium	recall	Which term best matches this definition: Joseph and Etienne Montgolfier developed the balloon used for the first successful manned powered flight in 1783?	Leonardo da Vinci in 1505	Montgolfier flight	Wright brothers in 1903	Lilienthal in 1896	B	Joseph and etienne montgolfier developed the balloon used for the first successful manned powered flight in 1783.	Montgolfier flight is correct because it means Joseph and Etienne Montgolfier developed the balloon used for the first successful manned powered flight in 1783.	Not this one. Leonardo da vinci in 1505 is a different aerospace concept; the description matches Montgolfier flight.	Correct. Joseph and etienne montgolfier developed the balloon used for the first successful manned powered flight in 1783.	Not this one. Wright brothers in 1903 is a different aerospace concept; the description matches Montgolfier flight.	Not this one. Lilienthal in 1896 is a different aerospace concept; the description matches Montgolfier flight.	Montgolfier = 1783 balloon.	Review Module 1, Chapter 3, pages 3,38-39, and explain Montgolfier flight without looking.	Aerospace Dimensions Module 1: Introduction to Flight	3,38-39	Module 1, Chapter 3, pages 3,38-39	medium	concept_card	optional_after_answer	hot_air_balloon_parts	A concise study visual illustrating Montgolfier flight.	A hot-air balloon includes an envelope, burner, gondola, and venting system.	Labeled hot-air balloon diagram showing envelope, burner, gondola, parachute panel, and instruments.	hot_air_balloon_parts	hot_air_balloon_parts_infographic.png	/assets/cap-visuals/hot_air_balloon_parts_infographic.png	approved	true	high	close	true	1.0	original_textbook_grounded	Mitchell_Aerospace_sample_style_analysis	draft	AD-M1-Q098	35
AD-M1-Q098	1	3	Balloons	AD1-3-montgolfier_flight	AD1-3-montgolfier_flight	AD1-3-montgolfier_flight	multiple_choice	brief_application	medium_hard	application	Which concept best explains this situation? Pilatre d'Rozier and Francois d'Arlandes flew about 25 minutes over Paris.	Montgolfier flight	Leonardo da Vinci in 1505	Wright brothers in 1903	Lilienthal in 1896	A	Joseph and etienne montgolfier developed the balloon used for the first successful manned powered flight in 1783.	Montgolfier flight is correct because it means Joseph and Etienne Montgolfier developed the balloon used for the first successful manned powered flight in 1783.	Correct. Joseph and etienne montgolfier developed the balloon used for the first successful manned powered flight in 1783.	Not this one. Leonardo da vinci in 1505 is a different aerospace concept; the description matches Montgolfier flight.	Not this one. Wright brothers in 1903 is a different aerospace concept; the description matches Montgolfier flight.	Not this one. Lilienthal in 1896 is a different aerospace concept; the description matches Montgolfier flight.	Montgolfier = 1783 balloon.	Identify the clue in the situation that distinguishes Montgolfier flight from the other choices.	Aerospace Dimensions Module 1: Introduction to Flight	3,38-39	Module 1, Chapter 3, pages 3,38-39	medium	scenario_diagram	optional_after_answer	hot_air_balloon_parts	A concise study visual illustrating Montgolfier flight.	A hot-air balloon includes an envelope, burner, gondola, and venting system.	Labeled hot-air balloon diagram showing envelope, burner, gondola, parachute panel, and instruments.	hot_air_balloon_parts	hot_air_balloon_parts_infographic.png	/assets/cap-visuals/hot_air_balloon_parts_infographic.png	approved	true	high	close	true	0.8	original_textbook_grounded	Mitchell_Aerospace_sample_style_analysis	draft	AD-M1-Q097	45
AD-M1-Q099	1	3	Balloons	AD1-3-balloon_directional_control	AD1-3-balloon_directional_control	AD1-3-balloon_directional_control	multiple_choice	direct_definition	medium	recall	Which term best matches this definition: balloons have minimal direct horizontal control; pilots change altitude to find winds moving in different directions?	the rudder steers the balloon	ailerons bank the envelope	balloon directional control	the burner points the balloon horizontally	C	Balloons have minimal direct horizontal control; pilots change altitude to find winds moving in different directions.	Balloon directional control is correct because it means balloons have minimal direct horizontal control; pilots change altitude to find winds moving in different directions.	Not this one. The rudder steers the balloon is a different aerospace concept; the description matches balloon directional control.	Not this one. Ailerons bank the envelope is a different aerospace concept; the description matches balloon directional control.	Correct. Balloons have minimal direct horizontal control; pilots change altitude to find winds moving in different directions.	Not this one. The burner points the balloon horizontally is a different aerospace concept; the description matches balloon directional control.	Change altitude to change wind.	Review Module 1, Chapter 3, pages 40-42, and explain balloon directional control without looking.	Aerospace Dimensions Module 1: Introduction to Flight	40-42	Module 1, Chapter 3, pages 40-42	medium	concept_card	optional_after_answer	hot_air_balloon_parts	A concise study visual illustrating balloon directional control.	A hot-air balloon includes an envelope, burner, gondola, and venting system.	Labeled hot-air balloon diagram showing envelope, burner, gondola, parachute panel, and instruments.	hot_air_balloon_parts	hot_air_balloon_parts_infographic.png	/assets/cap-visuals/hot_air_balloon_parts_infographic.png	approved	true	high	close	true	1.0	original_textbook_grounded	Mitchell_Aerospace_sample_style_analysis	draft	AD-M1-Q100	35
AD-M1-Q100	1	3	Balloons	AD1-3-balloon_directional_control	AD1-3-balloon_directional_control	AD1-3-balloon_directional_control	multiple_choice	brief_application	medium_hard	application	Which concept best explains this situation? A pilot climbs or descends to enter a wind layer that carries the balloon toward a desired area.	the burner points the balloon horizontally	the rudder steers the balloon	balloon directional control	ailerons bank the envelope	C	Balloons have minimal direct horizontal control; pilots change altitude to find winds moving in different directions.	Balloon directional control is correct because it means balloons have minimal direct horizontal control; pilots change altitude to find winds moving in different directions.	Not this one. The burner points the balloon horizontally is a different aerospace concept; the description matches balloon directional control.	Not this one. The rudder steers the balloon is a different aerospace concept; the description matches balloon directional control.	Correct. Balloons have minimal direct horizontal control; pilots change altitude to find winds moving in different directions.	Not this one. Ailerons bank the envelope is a different aerospace concept; the description matches balloon directional control.	Change altitude to change wind.	Identify the clue in the situation that distinguishes balloon directional control from the other choices.	Aerospace Dimensions Module 1: Introduction to Flight	40-42	Module 1, Chapter 3, pages 40-42	medium	scenario_diagram	optional_after_answer	hot_air_balloon_parts	A concise study visual illustrating balloon directional control.	A hot-air balloon includes an envelope, burner, gondola, and venting system.	Labeled hot-air balloon diagram showing envelope, burner, gondola, parachute panel, and instruments.	hot_air_balloon_parts	hot_air_balloon_parts_infographic.png	/assets/cap-visuals/hot_air_balloon_parts_infographic.png	approved	true	high	close	false	0.8	original_textbook_grounded	Mitchell_Aerospace_sample_style_analysis	draft	AD-M1-Q099	45
